gene:novel_gene_1125_5bd9a17a	cds.novel_model_2034_5bd9a17a	MIZ1_ARATH	44.330	194	75	5	80	255	118	296	4.20e-44	153	61.34	MIZ1_ARATH Protein MIZU-KUSSEI 1
gene:evm.TU.08.1636	cds.evm.model.08.1636	FKB12_VICFA	82.143	112	20	0	1	112	1	112	1.56e-65	196	88.39	FKB12_VICFA Peptidyl-prolyl cis-trans isomerase FKBP12
gene:novel_gene_594_5bd9a17a	cds.novel_model_1049_5bd9a17a	IF2AH_ARATH	85.621	153	22	0	1	153	76	228	7.14e-97	286	96.73	IF2AH_ARATH Eukaryotic translation initiation factor 2 subunit alpha homolog {ECO:0000305}
gene:novel_gene_2628_5bd9a17a	cds.novel_model_5047_5bd9a17a.1.5bd9b13a	PGL1A_ARATH	72.277	303	78	3	1	299	1	301	3.90e-157	444	85.15	PGL1A_ARATH PGR5-like protein 1A, chloroplastic
gene:novel_gene_2628_5bd9a17a	cds.novel_model_5046_5bd9a17a	PGL1A_ARATH	73.006	326	82	3	1	322	1	324	3.16e-172	483	84.97	PGL1A_ARATH PGR5-like protein 1A, chloroplastic
gene:evm.TU.02.983	cds.evm.model.02.983	GEML5_ARATH	73.333	255	61	3	15	267	15	264	3.10e-140	398	85.49	GEML5_ARATH GEM-like protein 5
gene:evm.TU.01.253	cds.evm.model.01.253	MCCB_ARATH	75.671	596	114	6	1	574	1	587	0.0	899	86.58	MCCB_ARATH Methylcrotonoyl-CoA carboxylase beta chain, mitochondrial
gene:evm.TU.01.2537	cds.evm.model.01.262	CAMT_POPTM	91.093	247	22	0	1	247	1	247	2.23e-174	482	96.76	CAMT_POPTM Caffeoyl-CoA O-methyltransferase
gene:evm.TU.01.2532	cds.evm.model.02.2001	TBL36_ARATH	70.031	327	91	3	12	334	51	374	0.0	508	86.24	TBL36_ARATH Protein trichome birefringence-like 36
gene:evm.TU.01.2531	cds.evm.model.02.2001.1.5bdae6e2	TBL36_ARATH	76.744	172	40	0	12	183	51	222	3.86e-102	301	90.70	TBL36_ARATH Protein trichome birefringence-like 36
gene:evm.TU.01.2538	cds.evm.model.05.1191	Y5133_ARATH	65.939	458	148	5	10	464	4	456	0.0	618	82.97	Y5133_ARATH BTB/POZ domain-containing protein At5g41330
gene:evm.TU.01.2533	cds.novel_model_7212_5bd9a17a	HIP46_ARATH	39.326	89	53	1	1	88	1	89	5.17e-13	65.9	66.29	HIP46_ARATH Heavy metal-associated isoprenylated plant protein 46 {ECO:0000303|PubMed:21072340, ECO:0000303|PubMed:23368984}
gene:evm.TU.01.2530	cds.evm.model.10.1668	BZP43_ARATH	67.890	109	31	2	79	185	49	155	1.35e-43	147	86.24	BZP43_ARATH Basic leucine zipper 43 {ECO:0000303|PubMed:11906833}
gene:evm.TU.01.2530	cds.evm.model.06.1951	MPK3_ARATH	85.559	367	53	0	19	385	4	370	0.0	681	94.55	MPK3_ARATH Mitogen-activated protein kinase 3 {ECO:0000303|PubMed:8282107}
gene:evm.TU.01.2530	cds.evm.model.06.119.1.5bd9b139	AROD3_PETHY	81.499	427	42	4	31	439	25	432	0.0	702	87.12	AROD3_PETHY Arogenate dehydratase 3 {ECO:0000303|PubMed:20215586}
gene:evm.TU.01.2530	cds.evm.model.06.119	AROD3_PETHY	81.499	427	42	4	31	439	25	432	0.0	702	87.12	AROD3_PETHY Arogenate dehydratase 3 {ECO:0000303|PubMed:20215586}
gene:evm.TU.01.2530	cds.evm.model.05.103.2.5bdae6d8	CNGC1_ARATH	40.306	392	214	5	28	409	83	464	1.61e-90	295	57.91	CNGC1_ARATH Cyclic nucleotide-gated ion channel 1
gene:evm.TU.01.2530	cds.evm.model.05.103	CNGC1_ARATH	34.268	642	319	10	28	653	83	637	2.77e-113	359	50.16	CNGC1_ARATH Cyclic nucleotide-gated ion channel 1
gene:evm.TU.01.2534	cds.evm.model.05.103.1.5bd9b139	CNGC6_ARATH	31.967	122	77	2	2	117	551	672	4.80e-10	58.9	54.92	CNGC6_ARATH Probable cyclic nucleotide-gated ion channel 6
gene:evm.TU.01.2539	cds.evm.model.05.103.3.5bdae6d8	CNGC1_ARATH	42.553	329	173	4	28	346	83	405	5.95e-82	266	58.66	CNGC1_ARATH Cyclic nucleotide-gated ion channel 1
gene:evm.TU.01.2535	cds.evm.model.05.103.1.5bdae6d8	CNGC1_ARATH	42.378	328	173	4	28	345	83	404	1.82e-81	265	58.54	CNGC1_ARATH Cyclic nucleotide-gated ion channel 1
gene:evm.TU.01.2536	cds.evm.model.01.540.1.5bdae6db	PLIP2_ARATH	55.789	760	280	14	1	753	1	711	0.0	725	68.42	PLIP2_ARATH Phospholipase A1 PLIP2, chloroplastic {ECO:0000305}
gene:evm.TU.01.262	cds.evm.model.01.540	PLIP2_ARATH	67.308	416	121	5	1	412	307	711	0.0	540	80.05	PLIP2_ARATH Phospholipase A1 PLIP2, chloroplastic {ECO:0000305}
gene:evm.TU.01.2629	cds.evm.model.01.276	RD21A_ARATH	72.000	450	116	6	13	458	8	451	0.0	649	84.00	RD21A_ARATH Cysteine proteinase RD21A {ECO:0000305}
gene:evm.TU.01.2620	cds.evm.model.01.276.1.5bd9b134	RD21A_ARATH	71.556	450	117	7	13	457	8	451	0.0	637	83.56	RD21A_ARATH Cysteine proteinase RD21A {ECO:0000305}
gene:evm.TU.01.2624	cds.evm.model.04.180	ML423_ARATH	40.940	149	74	3	8	145	5	150	3.48e-32	114	61.74	ML423_ARATH MLP-like protein 423
gene:evm.TU.01.2627	cds.evm.model.02.2416	MCTP7_ARATH	65.005	1023	328	7	1	1007	3	1011	0.0	1407	81.13	MCTP7_ARATH Multiple C2 domain and transmembrane region protein 7 {ECO:0000305}
gene:evm.TU.01.2625	cds.evm.model.07.48	ACCH1_ARATH	48.611	360	129	5	44	353	12	365	3.16e-116	344	65.00	ACCH1_ARATH 1-aminocyclopropane-1-carboxylate oxidase homolog 1
gene:evm.TU.01.2626	cds.evm.model.04.339	CYSEP_VIGMU	69.477	344	99	4	20	358	20	362	1.32e-179	505	81.69	CYSEP_VIGMU Vignain
gene:evm.TU.01.2623	cds.evm.model.02.2558	ENDO4_ARATH	61.754	285	106	2	10	291	11	295	4.03e-126	364	72.28	ENDO4_ARATH Endonuclease 4 {ECO:0000303|PubMed:17651368}
gene:evm.TU.01.2622	cds.evm.model.08.1856	RL34_TOBAC	95.798	119	5	0	1	119	1	119	1.58e-79	232	99.16	RL34_TOBAC Large ribosomal subunit protein eL34 {ECO:0000305}
gene:evm.TU.01.2621	cds.evm.model.02.1323.1.5bd9b135	BGAL_MALDO	75.942	690	162	3	13	699	1	689	0.0	1106	87.54	BGAL_MALDO Beta-galactosidase
gene:evm.TU.01.2628	cds.evm.model.02.1323.2.5bd9b135	BGAL_MALDO	75.192	520	127	2	1	519	204	722	0.0	827	86.73	BGAL_MALDO Beta-galactosidase
gene:evm.TU.02.2001	cds.evm.model.02.1323	BGAL_MALDO	76.487	723	166	3	13	732	1	722	0.0	1165	87.69	BGAL_MALDO Beta-galactosidase
gene:evm.TU.02.2001	cds.evm.model.03.666	ROC1_NICSY	63.899	277	89	5	1	273	1	270	1.35e-98	293	73.65	ROC1_NICSY 29 kDa ribonucleoprotein A, chloroplastic
gene:evm.TU.02.2001	cds.evm.model.03.666.1.5bd9b137	ROC1_NICSY	63.899	277	89	5	1	273	1	270	1.35e-98	293	73.65	ROC1_NICSY 29 kDa ribonucleoprotein A, chloroplastic
gene:evm.TU.05.1191	cds.evm.model.03.666.3.5bd9b137	ROC1_NICSY	63.899	277	89	5	1	273	1	270	1.35e-98	293	73.65	ROC1_NICSY 29 kDa ribonucleoprotein A, chloroplastic
gene:novel_gene_3793_5bd9a17a	cds.evm.model.03.666.2.5bd9b137	ROC1_NICSY	63.899	277	89	5	1	273	1	270	1.35e-98	293	73.65	ROC1_NICSY 29 kDa ribonucleoprotein A, chloroplastic
gene:evm.TU.10.1668	cds.evm.model.07.1326	GLGL1_ARATH	78.389	509	107	2	1	509	1	506	0.0	840	88.80	GLGL1_ARATH Glucose-1-phosphate adenylyltransferase large subunit 1, chloroplastic
gene:evm.TU.06.1951	cds.evm.model.03.396	HAT5_ARATH	36.620	284	137	7	33	313	16	259	1.96e-41	149	52.46	HAT5_ARATH Homeobox-leucine zipper protein HAT5
gene:evm.TU.06.119	cds.evm.model.03.396.1.5bdae6db	HAT5_ARATH	39.732	224	102	5	39	259	66	259	1.63e-40	144	56.70	HAT5_ARATH Homeobox-leucine zipper protein HAT5
gene:evm.TU.06.119	cds.evm.model.04.2441	ICI_LINUS	53.030	66	30	1	4	69	4	68	1.21e-19	77.4	74.24	ICI_LINUS Proteinase inhibitor
gene:evm.TU.06.119	cds.evm.model.ctgX1.8	E132_ARATH	73.840	474	119	3	18	487	26	498	0.0	741	87.13	E132_ARATH Glucan endo-1,3-beta-glucosidase 2
gene:evm.TU.06.1195	cds.evm.model.01.623.1.5bd9b134	METK1_ELAUM	96.183	393	15	0	1	393	1	393	0.0	791	98.73	METK1_ELAUM S-adenosylmethionine synthase 1
gene:evm.TU.06.1194	cds.evm.model.01.623	METK1_ELAUM	96.183	393	15	0	1	393	1	393	0.0	791	98.73	METK1_ELAUM S-adenosylmethionine synthase 1
gene:evm.TU.06.1193	cds.evm.model.10.1958	RTNLH_ARATH	63.333	240	83	3	7	246	13	247	8.14e-114	329	82.50	RTNLH_ARATH Reticulon-like protein B8
gene:evm.TU.06.1190	cds.evm.model.10.1927	VIPP1_PEA	74.251	334	70	6	1	329	1	323	9.99e-166	467	85.33	VIPP1_PEA Membrane-associated protein VIPP1, chloroplastic {ECO:0000250|UniProtKB:O80796}
gene:evm.TU.06.1196	cds.evm.model.07.1710	XCP2_ARATH	48.903	319	158	3	20	336	30	345	1.15e-101	311	65.52	XCP2_ARATH Cysteine protease XCP2 {ECO:0000305}
gene:evm.TU.06.1198	cds.evm.model.09.1553	BH144_ARATH	47.860	257	111	9	37	279	2	249	5.28e-46	157	61.09	BH144_ARATH Transcription factor bHLH144
gene:evm.TU.06.1192	cds.evm.model.01.2629	DNJ11_ARATH	51.538	130	46	4	34	150	36	161	4.42e-34	120	66.92	DNJ11_ARATH Chaperone protein dnaJ 11, chloroplastic
gene:evm.TU.06.1191	cds.evm.model.09.698.1.5bd9b13c	PSBW_ARATH	70.526	95	26	2	3	95	39	133	2.56e-37	125	77.89	PSBW_ARATH Photosystem II reaction center W protein, chloroplastic
gene:evm.TU.06.1199	cds.evm.model.09.698	PSBW_SPIOL	65.693	137	41	1	1	131	1	137	1.55e-50	160	75.91	PSBW_SPIOL Photosystem II reaction center W protein, chloroplastic
gene:evm.TU.06.1197	cds.novel_model_4855_5bd9a17a	SD11_ARATH	48.221	562	260	10	6	559	277	815	8.88e-164	489	63.52	SD11_ARATH G-type lectin S-receptor-like serine/threonine-protein kinase SD1-1
gene:evm.TU.05.103	cds.novel_model_4856_5bd9a17a.1.5bd9b13a	SRK_ARATH	54.795	73	31	2	24	94	773	845	2.26e-16	75.9	65.75	SRK_ARATH G-type lectin S-receptor-like serine/threonine-protein kinase SRK
gene:evm.TU.05.103	cds.evm.model.04.1155	ASO_CUCSA	51.573	572	269	6	6	573	14	581	0.0	618	68.01	ASO_CUCSA L-ascorbate oxidase
gene:evm.TU.05.103	cds.evm.model.01.2828	O3L2_ARATH	40.741	81	40	3	69	149	32	104	6.51e-09	56.6	61.73	O3L2_ARATH Protein OXIDATIVE STRESS 3 LIKE 2 {ECO:0000303|PubMed:18980652}
gene:evm.TU.05.103	cds.evm.model.09.209	MIFH_TRISP	40.870	115	67	1	1	115	1	114	6.30e-26	96.3	59.13	MIFH_TRISP Macrophage migration inhibitory factor homolog
gene:evm.TU.05.103	cds.evm.model.09.209.1.5bd9b13c	MIFH_TRITR	33.043	115	76	1	1	115	1	114	1.21e-19	80.5	53.91	MIFH_TRITR Macrophage migration inhibitory factor homolog
gene:evm.TU.05.103	cds.evm.model.06.822.1.5bd9b13a	U603_ARATH	65.297	219	56	4	1	215	1	203	2.18e-80	244	76.26	U603_ARATH UPF0603 protein At1g54780, chloroplastic
gene:evm.TU.05.1038	cds.evm.model.06.822	U603_ARATH	72.391	297	70	3	1	297	1	285	3.15e-138	394	83.16	U603_ARATH UPF0603 protein At1g54780, chloroplastic
gene:evm.TU.05.1039	cds.evm.model.09.90	MDHM1_ARATH	84.956	339	51	0	10	348	3	341	0.0	593	92.63	MDHM1_ARATH Malate dehydrogenase 1, mitochondrial {ECO:0000305}
gene:evm.TU.05.1033	cds.novel_model_900_5bda875f	LYK5_ARATH	50.449	668	298	16	8	660	12	661	0.0	587	68.56	LYK5_ARATH Protein LYK5
gene:evm.TU.05.1036	cds.evm.model.09.1425	TYDC2_PAPSO	69.305	518	155	3	6	520	13	529	0.0	780	83.01	TYDC2_PAPSO Tyrosine/DOPA decarboxylase 2
gene:evm.TU.05.1034	cds.evm.model.06.1879	CALR_PRUAR	81.934	393	65	2	28	417	32	421	0.0	608	90.84	CALR_PRUAR Calreticulin
gene:evm.TU.05.1037	cds.evm.model.10.1176	E134_ARATH	52.273	88	41	1	188	274	359	446	1.44e-24	105	70.45	E134_ARATH Glucan endo-1,3-beta-glucosidase 4
gene:evm.TU.05.1031	cds.novel_model_5542_5bd9a17a.2.5bd9b13b	ISPF_CATRO	67.755	245	63	5	1	238	1	236	4.90e-105	306	76.33	ISPF_CATRO 2-C-methyl-D-erythritol 2,4-cyclodiphosphate synthase, chloroplastic {ECO:0000305}
gene:evm.TU.05.1035	cds.novel_model_5543_5bd9a17a.1.5bd9b13b	ISPF_CATRO	60.116	173	60	4	1	173	1	164	1.21e-58	186	71.10	ISPF_CATRO 2-C-methyl-D-erythritol 2,4-cyclodiphosphate synthase, chloroplastic {ECO:0000305}
gene:evm.TU.05.1032	cds.novel_model_5544_5bd9a17a.4.5bd9b13b	ISPF_CATRO	90.541	74	7	0	1	74	163	236	7.67e-42	138	94.59	ISPF_CATRO 2-C-methyl-D-erythritol 2,4-cyclodiphosphate synthase, chloroplastic {ECO:0000305}
gene:evm.TU.05.1030	cds.novel_model_5541_5bd9a17a.3.5bd9b13b	ISPF_CATRO	70.204	245	64	4	1	245	1	236	4.55e-112	324	78.78	ISPF_CATRO 2-C-methyl-D-erythritol 2,4-cyclodiphosphate synthase, chloroplastic {ECO:0000305}
gene:evm.TU.05.103	cds.novel_model_5540_5bd9a17a	ISPF_CATRO	90.541	74	7	0	1	74	163	236	7.67e-42	138	94.59	ISPF_CATRO 2-C-methyl-D-erythritol 2,4-cyclodiphosphate synthase, chloroplastic {ECO:0000305}
gene:evm.TU.05.103	cds.evm.model.10.2004	ALDH1_TANCI	65.079	126	44	0	10	135	374	499	7.30e-61	197	86.51	ALDH1_TANCI Aldehyde dehydrogenase 1 {ECO:0000303|PubMed:29122986}
gene:evm.TU.05.103	cds.novel_model_3512_5bd9a17a	TGA1_ARATH	72.283	368	93	5	1	360	1	367	0.0	535	82.34	TGA1_ARATH Transcription factor TGA1
gene:evm.TU.01.540	cds.novel_model_6827_5bd9a17a	HAT14_ARATH	53.672	354	106	11	1	334	1	316	1.22e-97	296	63.84	HAT14_ARATH Homeobox-leucine zipper protein HAT14
gene:evm.TU.01.540	cds.evm.model.06.1969	EF1A_ORYSJ	94.545	440	17	1	1	433	1	440	0.0	864	96.82	EF1A_ORYSJ Elongation factor 1-alpha
gene:evm.TU.01.540	cds.evm.model.02.3218	HST_TOBAC	41.886	456	227	12	9	450	1	432	3.88e-114	345	59.87	HST_TOBAC Shikimate O-hydroxycinnamoyltransferase
gene:evm.TU.01.276	cds.evm.model.01.945.2.5bd9b135	RS18_ARATH	97.647	85	2	0	1	85	68	152	3.91e-57	175	100.00	RS18_ARATH Small ribosomal subunit protein uS13z/uS13y/uS13x {ECO:0000303|PubMed:36423343}
gene:evm.TU.01.276	cds.evm.model.01.945	RS18_ARATH	96.053	152	6	0	1	152	1	152	5.72e-107	304	98.68	RS18_ARATH Small ribosomal subunit protein uS13z/uS13y/uS13x {ECO:0000303|PubMed:36423343}
gene:evm.TU.01.2763	cds.evm.model.01.945.1.5bd9b135	RS18_ARATH	97.647	85	2	0	1	85	68	152	3.91e-57	175	100.00	RS18_ARATH Small ribosomal subunit protein uS13z/uS13y/uS13x {ECO:0000303|PubMed:36423343}
gene:evm.TU.01.2761	cds.evm.model.03.1972	RS7_AVIMR	76.842	190	41	1	1	187	1	190	9.79e-107	306	91.05	RS7_AVIMR Small ribosomal subunit protein eS7 {ECO:0000305}
gene:evm.TU.01.2762	cds.evm.model.03.1952	GAST1_SOLLC	67.857	56	18	0	43	98	41	96	3.16e-23	89.7	83.93	GAST1_SOLLC Protein GAST1
gene:evm.TU.01.2760	cds.evm.model.05.2144	Y1332_ARATH	44.551	312	105	9	11	260	33	338	7.20e-78	242	60.26	Y1332_ARATH Probable receptor-like protein kinase At1g33260 {ECO:0000305}
gene:evm.TU.01.2765	cds.evm.model.05.797_evm.model.05.796.1.5bdae6de	PILR2_LINUS	71.569	204	58	0	33	236	127	330	1.57e-108	318	85.29	PILR2_LINUS Bifunctional pinoresinol-lariciresinol reductase 2
gene:evm.TU.01.2768	cds.evm.model.05.797_evm.model.05.796	PILR2_LINUS	75.161	310	75	1	3	310	21	330	1.49e-175	491	87.42	PILR2_LINUS Bifunctional pinoresinol-lariciresinol reductase 2
gene:evm.TU.01.2766	cds.evm.model.05.797_evm.model.05.796.4.5bdae6de	PILR1_LINAL	77.895	190	42	0	2	191	17	206	2.83e-105	308	89.47	PILR1_LINAL Bifunctional pinoresinol-lariciresinol reductase
gene:evm.TU.01.2764	cds.evm.model.05.797_evm.model.05.796.2.5bdae6de	PILR2_LINUS	72.277	202	56	0	34	235	129	330	5.47e-108	317	85.15	PILR2_LINUS Bifunctional pinoresinol-lariciresinol reductase 2
gene:evm.TU.01.2764	cds.evm.model.05.797_evm.model.05.796.3.5bdae6de	PILR2_LINUS	75.161	310	77	0	3	312	21	330	4.02e-177	495	87.74	PILR2_LINUS Bifunctional pinoresinol-lariciresinol reductase 2
gene:evm.TU.01.2769	cds.novel_model_2458_5bd9a17a	H2A5_ARATH	79.333	150	31	0	1	150	1	150	2.58e-82	241	89.33	H2A5_ARATH Probable histone H2A.5
gene:evm.TU.01.2769	cds.evm.model.05.1870	PP420_ARATH	66.294	715	224	5	5	711	4	709	0.0	1011	82.52	PP420_ARATH Pentatricopeptide repeat-containing protein At5g46580, chloroplastic
gene:evm.TU.01.2767	cds.evm.model.01.1831	RAN3_ARATH	96.380	221	8	0	1	221	1	221	1.91e-162	450	98.19	RAN3_ARATH GTP-binding nuclear protein Ran-3
gene:evm.TU.01.276	cds.evm.model.05.897.3.5bd9b13a	CFI2_FRAAN	71.622	222	58	1	9	230	6	222	2.07e-110	321	82.43	CFI2_FRAAN Chalcone--flavanone isomerase 2
gene:evm.TU.04.180	cds.evm.model.05.897.4.5bd9b13a	CFI2_FRAAN	71.622	222	58	1	9	230	6	222	2.07e-110	321	82.43	CFI2_FRAAN Chalcone--flavanone isomerase 2
gene:evm.TU.04.1805	cds.evm.model.05.897.2.5bd9b13a	CFI2_FRAAN	71.622	222	58	1	9	230	6	222	2.07e-110	321	82.43	CFI2_FRAAN Chalcone--flavanone isomerase 2
gene:evm.TU.04.1802	cds.evm.model.05.897.1.5bd9b13a	CFI2_FRAAN	71.622	222	58	1	9	230	6	222	2.07e-110	321	82.43	CFI2_FRAAN Chalcone--flavanone isomerase 2
gene:evm.TU.04.1807	cds.evm.model.05.897.5.5bd9b13a	CFI2_FRAAN	71.622	222	58	1	9	230	6	222	2.07e-110	321	82.43	CFI2_FRAAN Chalcone--flavanone isomerase 2
gene:evm.TU.04.1806	cds.evm.model.05.897	CFI2_FRAAN	71.622	222	58	1	9	230	6	222	2.07e-110	321	82.43	CFI2_FRAAN Chalcone--flavanone isomerase 2
gene:evm.TU.04.1809	cds.novel_model_6262_5bd9a17a	HSP7S_PEA	90.026	381	30	2	1	379	332	706	0.0	669	93.18	HSP7S_PEA Stromal 70 kDa heat shock-related protein, chloroplastic
gene:evm.TU.04.1809	cds.evm.model.04.333	SEOB_ARATH	36.596	705	410	17	26	711	37	723	5.61e-135	421	57.30	SEOB_ARATH Protein SIEVE ELEMENT OCCLUSION B {ECO:0000303|PubMed:20932300}
gene:evm.TU.04.1803	cds.evm.model.10.1605	RRP3_SPIOL	58.421	190	67	5	1	190	1	178	4.60e-64	198	71.05	RRP3_SPIOL Small ribosomal subunit protein cS23 {ECO:0000303|PubMed:28007896}
gene:evm.TU.04.1800	cds.evm.model.01.2954	JAL3_ARATH	53.778	675	226	16	1	671	9	601	0.0	617	69.19	JAL3_ARATH Jacalin-related lectin 3
gene:evm.TU.04.1804	cds.evm.model.08.1979	F7ODM_OCIBA	55.621	169	74	1	1	169	203	370	7.12e-65	206	75.74	F7ODM_OCIBA Oxoglutarate-dependent flavonoid 7-O-demethylase 1 {ECO:0000303|PubMed:25378691}
gene:evm.TU.04.1808	cds.novel_model_3770_5bd9a17a.2.5bd9b139	RL132_BRANA	85.922	206	29	0	2	207	1	206	2.94e-132	372	93.69	RL132_BRANA Large ribosomal subunit protein eL13y {ECO:0000305}
gene:evm.TU.04.1808	cds.novel_model_3769_5bd9a17a.3.5bd9b139	RL132_BRANA	85.922	206	29	0	2	207	1	206	2.94e-132	372	93.69	RL132_BRANA Large ribosomal subunit protein eL13y {ECO:0000305}
gene:evm.TU.04.1801	cds.novel_model_3771_5bd9a17a.1.5bd9b139	RL132_BRANA	86.408	206	28	0	2	207	1	206	8.71e-133	374	93.69	RL132_BRANA Large ribosomal subunit protein eL13y {ECO:0000305}
gene:evm.TU.02.2416	cds.novel_model_3768_5bd9a17a	RL132_BRANA	86.408	206	28	0	2	207	1	206	8.71e-133	374	93.69	RL132_BRANA Large ribosomal subunit protein eL13y {ECO:0000305}
gene:evm.TU.07.48	cds.novel_model_3772_5bd9a17a.4.5bd9b139	RL132_BRANA	80.851	141	27	0	1	141	66	206	6.92e-79	234	90.78	RL132_BRANA Large ribosomal subunit protein eL13y {ECO:0000305}
gene:evm.TU.07.482	cds.evm.model.03.1166	SRO5_ARATH	45.714	280	127	6	54	321	36	302	7.18e-71	230	63.21	SRO5_ARATH Probable inactive poly [ADP-ribose] polymerase SRO5
gene:evm.TU.07.481	cds.evm.model.09.457	F16P1_PEA	81.643	414	61	6	11	421	6	407	0.0	673	87.92	F16P1_PEA Fructose-1,6-bisphosphatase, chloroplastic
gene:evm.TU.07.480	cds.evm.model.09.457.1.5bd9b13c	F16P1_PEA	80.612	392	61	6	11	399	6	385	0.0	628	87.24	F16P1_PEA Fructose-1,6-bisphosphatase, chloroplastic
gene:evm.TU.07.484	cds.evm.model.07.1706	ICI_LINUS	53.968	63	29	0	5	67	6	68	1.19e-17	72.0	68.25	ICI_LINUS Proteinase inhibitor
gene:evm.TU.07.489	cds.evm.model.10.1380	ERF4_NICSY	42.276	246	99	4	1	223	1	226	1.96e-47	159	50.81	ERF4_NICSY Ethylene-responsive transcription factor 4
gene:evm.TU.07.485	cds.evm.model.10.1305	RING1_GOSHI	52.273	44	21	0	184	227	222	265	1.76e-12	70.1	75.00	RING1_GOSHI E3 ubiquitin-protein ligase RING1
gene:evm.TU.07.483	cds.evm.model.05.1283.1.5bd9b13a	R18A2_ARATH	94.776	134	7	0	3	136	45	178	1.02e-92	268	99.25	R18A2_ARATH Large ribosomal subunit protein eL20y {ECO:0000303|PubMed:36423343}
gene:evm.TU.07.486	cds.evm.model.05.1283.2.5bd9b13a	R18A2_ARATH	93.258	178	12	0	1	178	1	178	2.98e-124	350	96.63	R18A2_ARATH Large ribosomal subunit protein eL20y {ECO:0000303|PubMed:36423343}
gene:evm.TU.07.488	cds.evm.model.05.1283	R18A2_ARATH	93.258	178	12	0	1	178	1	178	2.98e-124	350	96.63	R18A2_ARATH Large ribosomal subunit protein eL20y {ECO:0000303|PubMed:36423343}
gene:evm.TU.07.487	cds.evm.model.04.2003	STR15_ARATH	65.116	129	42	1	50	175	53	181	1.83e-58	183	79.07	STR15_ARATH Rhodanese-like domain-containing protein 15, chloroplastic
gene:evm.TU.04.339	cds.evm.model.07.1562	WDL3_ARATH	47.075	359	145	8	7	361	2	319	6.23e-82	257	59.05	WDL3_ARATH Protein WVD2-like 3 {ECO:0000305}
gene:evm.TU.02.2558	cds.evm.model.07.1562.1.5bd9b13c	WDL3_ARATH	47.075	359	145	8	7	361	2	319	6.23e-82	257	59.05	WDL3_ARATH Protein WVD2-like 3 {ECO:0000305}
gene:evm.TU.08.1856	cds.evm.model.07.1562.2.5bd9b13c	WDL3_ARATH	47.075	359	145	8	7	361	2	319	6.23e-82	257	59.05	WDL3_ARATH Protein WVD2-like 3 {ECO:0000305}
gene:evm.TU.02.1323	cds.evm.model.01.981.3.5bd9b135	MDHG_CITLA	91.729	266	20	2	6	271	8	271	6.46e-176	492	95.49	MDHG_CITLA Malate dehydrogenase, glyoxysomal
gene:evm.TU.02.1323	cds.evm.model.01.981.1.5bd9b135	MDHG_CITLA	90.854	328	28	2	6	333	8	333	0.0	608	95.43	MDHG_CITLA Malate dehydrogenase, glyoxysomal
gene:evm.TU.02.1323	cds.evm.model.01.981	MDHG_CITLA	90.571	350	31	2	6	355	8	355	0.0	644	95.43	MDHG_CITLA Malate dehydrogenase, glyoxysomal
gene:evm.TU.02.1323	cds.evm.model.01.981.2.5bd9b135	MDHG_CITLA	90.286	350	31	3	6	354	8	355	0.0	637	95.14	MDHG_CITLA Malate dehydrogenase, glyoxysomal
gene:evm.TU.02.1323	cds.novel_model_1479_5bd9a17a	BBR_ARATH	43.443	122	56	3	87	208	232	340	1.05e-24	102	63.11	BBR_ARATH E3 ubiquitin ligase BIG BROTHER-related
gene:evm.TU.03.666	cds.evm.model.02.398	HSPR2_ARATH	53.664	464	177	6	1	462	1	428	2.82e-177	507	70.91	HSPR2_ARATH Nematode resistance protein-like HSPRO2
gene:evm.TU.03.666	cds.evm.model.01.3035	CEPR2_ARATH	56.797	949	394	9	19	956	22	965	0.0	1049	73.97	CEPR2_ARATH Receptor protein-tyrosine kinase CEPR2 {ECO:0000303|PubMed:25324386}
gene:evm.TU.03.666	cds.evm.model.01.3035	CEPR2_ARATH	35.738	305	175	8	1414	1715	683	969	3.37e-37	156	53.11	CEPR2_ARATH Receptor protein-tyrosine kinase CEPR2 {ECO:0000303|PubMed:25324386}
gene:evm.TU.03.666	cds.evm.model.02.639	PNSL1_ARATH	56.838	234	96	2	58	286	5	238	1.51e-92	276	73.50	PNSL1_ARATH Photosynthetic NDH subunit of lumenal location 1, chloroplastic {ECO:0000303|PubMed:21785130}
gene:evm.TU.03.666	cds.evm.model.01.289	RD21A_ARATH	72.000	450	116	6	13	458	8	451	0.0	649	84.00	RD21A_ARATH Cysteine proteinase RD21A {ECO:0000305}
gene:evm.TU.03.666	cds.evm.model.01.3066	APT5_ARATH	76.190	189	45	0	1	189	1	189	2.67e-106	305	88.36	APT5_ARATH Adenine phosphoribosyltransferase 5
gene:evm.TU.03.666	cds.evm.model.03.547.1.5bd9b137	CHLP_TOBAC	80.603	232	44	1	1	232	1	231	1.36e-119	352	87.50	CHLP_TOBAC Geranylgeranyl diphosphate reductase, chloroplastic
gene:evm.TU.07.1326	cds.evm.model.03.547	CHLP_TOBAC	87.097	465	59	1	1	465	1	464	0.0	806	91.18	CHLP_TOBAC Geranylgeranyl diphosphate reductase, chloroplastic
gene:evm.TU.03.396	cds.evm.model.02.2573	NDB2_ARATH	75.342	584	141	3	1	583	1	582	0.0	911	85.96	NDB2_ARATH External alternative NAD(P)H-ubiquinone oxidoreductase B2, mitochondrial
gene:evm.TU.03.396	cds.evm.model.10.1657	DCAM_CATRO	70.360	361	101	1	1	361	1	355	0.0	516	80.33	DCAM_CATRO S-adenosylmethionine decarboxylase proenzyme
gene:evm.TU.03.396	cds.evm.model.10.2043	SWT6B_ORYSJ	68.142	226	72	0	1	226	1	226	4.84e-107	312	79.65	SWT6B_ORYSJ Bidirectional sugar transporter SWEET6b
gene:evm.TU.04.2441	cds.evm.model.04.1733	ACA2_ARATH	83.350	1015	167	2	1	1014	1	1014	0.0	1747	92.22	ACA2_ARATH Calcium-transporting ATPase 2, plasma membrane-type
gene:evm.TU.ctgX1.8	cds.evm.model.03.1219	MIZ1_ARATH	46.277	188	71	4	49	215	119	297	3.65e-49	165	60.11	MIZ1_ARATH Protein MIZU-KUSSEI 1
gene:evm.TU.ctgX118.1	cds.evm.model.03.2019	PEAM1_ARATH	81.633	490	90	0	7	496	2	491	0.0	862	92.45	PEAM1_ARATH Phosphoethanolamine N-methyltransferase 1 {ECO:0000303|PubMed:11115895}
gene:evm.TU.ctgX148.1	cds.evm.model.03.2019.1.5bd9b139	PEAM1_ARATH	82.105	475	85	0	1	475	17	491	0.0	840	92.84	PEAM1_ARATH Phosphoethanolamine N-methyltransferase 1 {ECO:0000303|PubMed:11115895}
gene:evm.TU.ctgX148.2	cds.evm.model.04.642	ACA8_ARATH	74.318	623	153	3	1	621	454	1071	0.0	968	85.39	ACA8_ARATH Calcium-transporting ATPase 8, plasma membrane-type
gene:evm.TU.ctgX118.2	cds.evm.model.02.3191	NRMP1_POPTR	81.818	539	94	3	3	540	1	536	0.0	898	89.42	NRMP1_POPTR Metal transporter Nramp1 {ECO:0000303|PubMed:20623158, ECO:0000303|PubMed:35700212}
gene:evm.TU.01.623	cds.novel_model_1178_5bd9a17a	O3L1_ARATH	54.615	130	48	5	37	156	44	172	8.73e-29	111	70.77	O3L1_ARATH Protein OXIDATIVE STRESS 3 LIKE 1 {ECO:0000303|PubMed:18980652}
gene:evm.TU.01.623	cds.evm.model.10.2046	PSA3C_ARATH	63.636	286	91	2	1	286	1	273	2.70e-125	361	76.57	PSA3C_ARATH Photosystem I assembly factor PSA3, chloroplastic {ECO:0000305}
gene:evm.TU.01.623	cds.evm.model.02.2418	Y3126_ARATH	63.314	169	58	1	25	193	48	212	5.84e-66	204	75.74	Y3126_ARATH Uncharacterized protein At3g61260
gene:evm.TU.10.1958	cds.evm.model.06.1371.2.5bd9b13b	RL182_ARATH	88.770	187	18	1	1	184	1	187	1.16e-119	339	94.65	RL182_ARATH Large ribosomal subunit protein eL18y {ECO:0000303|PubMed:36423343}
gene:evm.TU.10.1927	cds.evm.model.06.1371.1.5bd9b13b.1.5bdae6df	RL183_ARATH	89.051	137	15	0	1	137	1	137	5.79e-86	253	95.62	RL183_ARATH Large ribosomal subunit protein eL18x {ECO:0000303|PubMed:36423343}
gene:evm.TU.07.1710	cds.evm.model.06.1371	RL182_ARATH	89.305	187	20	0	1	187	1	187	8.97e-123	347	95.72	RL182_ARATH Large ribosomal subunit protein eL18y {ECO:0000303|PubMed:36423343}
gene:evm.TU.09.1553	cds.evm.model.06.1371.1.5bd9b13b	RL183_ARATH	88.889	135	15	0	1	135	1	135	3.05e-85	250	95.56	RL183_ARATH Large ribosomal subunit protein eL18x {ECO:0000303|PubMed:36423343}
gene:evm.TU.01.2629	cds.evm.model.10.524.2.5bd9b13d	FTIP3_ARATH	90.568	774	72	1	1	774	1	773	0.0	1489	96.38	FTIP3_ARATH FT-interacting protein 3 {ECO:0000303|PubMed:29742441}
gene:evm.TU.09.698	cds.evm.model.10.524.1.5bd9b13d	FTIP3_ARATH	90.568	774	72	1	1	774	1	773	0.0	1489	96.38	FTIP3_ARATH FT-interacting protein 3 {ECO:0000303|PubMed:29742441}
gene:evm.TU.09.698	cds.evm.model.10.524	FTIP3_ARATH	90.568	774	72	1	1	774	1	773	0.0	1489	96.38	FTIP3_ARATH FT-interacting protein 3 {ECO:0000303|PubMed:29742441}
gene:evm.TU.09.698	cds.evm.model.04.266	R27A3_ARATH	87.671	146	18	0	1	146	1	146	2.61e-92	266	95.21	R27A3_ARATH Large ribosomal subunit protein uL15x {ECO:0000303|PubMed:36423343}
gene:novel_gene_2536_5bd9a17a	cds.evm.model.08.907	UCRIA_PEA	76.957	230	50	2	1	227	1	230	5.76e-125	356	88.26	UCRIA_PEA Cytochrome b6-f complex iron-sulfur subunit, chloroplastic
gene:novel_gene_2536_5bd9a17a	cds.evm.model.01.1373	H2A5_ARATH	84.615	143	19	1	4	143	8	150	4.73e-81	238	91.61	H2A5_ARATH Probable histone H2A.5
gene:evm.TU.04.1155	cds.evm.model.05.12	STR14_ARATH	79.470	151	31	0	80	230	74	224	8.17e-88	261	90.07	STR14_ARATH Rhodanese-like domain-containing protein 14, chloroplastic
gene:evm.TU.01.2828	cds.evm.model.07.790	RS7_AVIMR	77.895	190	42	0	1	190	1	190	9.17e-111	317	92.63	RS7_AVIMR Small ribosomal subunit protein eS7 {ECO:0000305}
gene:evm.TU.09.209	cds.evm.model.09.191	WRK24_ORYSI	50.425	353	144	9	3	329	83	430	1.58e-97	307	61.47	WRK24_ORYSI WRKY transcription factor WRKY24 {ECO:0000303|PubMed:16919842}
gene:evm.TU.09.209	cds.evm.model.02.3221	HSP70_SOYBN	90.184	652	56	3	1	651	1	645	0.0	1212	95.55	HSP70_SOYBN Heat shock 70 kDa protein
gene:evm.TU.09.209	cds.evm.model.04.370	MAD2_ARATH	87.923	207	24	1	1	206	1	207	9.67e-135	379	93.24	MAD2_ARATH Mitotic spindle checkpoint protein MAD2 {ECO:0000303|PubMed:19710914}
gene:evm.TU.06.822	cds.evm.model.08.1483	ANX1_GOSHI	66.454	313	104	1	2	314	1	312	6.10e-153	434	79.87	ANX1_GOSHI Annexin Gh1 {ECO:0000303|PubMed:12787021, ECO:0000303|PubMed:16331990, ECO:0000303|PubMed:18441010}
gene:evm.TU.06.822	cds.evm.model.10.1333	HIP28_ARATH	58.065	155	52	2	1	147	10	159	2.89e-59	183	71.61	HIP28_ARATH Heavy metal-associated isoprenylated plant protein 28 {ECO:0000303|PubMed:21072340, ECO:0000303|PubMed:23368984}
gene:evm.TU.06.822	cds.evm.model.01.2848	ARAK_ARATH	82.222	990	172	4	1	988	51	1038	0.0	1686	91.01	ARAK_ARATH L-arabinokinase
gene:evm.TU.09.90	cds.evm.model.04.2208	FKB62_ARATH	76.727	550	112	4	4	538	2	550	0.0	829	86.36	FKB62_ARATH Peptidyl-prolyl cis-trans isomerase FKBP62
gene:evm.TU.09.909	cds.evm.model.09.897	RBL1_ARATH	63.010	392	140	2	1	391	1	388	9.47e-178	503	76.28	RBL1_ARATH RHOMBOID-like protein 1 {ECO:0000303|PubMed:16223493, ECO:0000303|PubMed:17181860}
gene:evm.TU.09.903	cds.evm.model.06.743	UNE12_ARATH	74.332	187	44	3	31	213	123	309	9.12e-80	243	84.49	UNE12_ARATH Transcription factor UNE12
gene:evm.TU.09.902	cds.evm.model.06.743.3.5bd9b13a	UNE12_ARATH	78.571	168	34	2	1	166	142	309	1.04e-78	239	88.10	UNE12_ARATH Transcription factor UNE12
gene:evm.TU.09.907	cds.evm.model.06.743.1.5bd9b13a	UNE12_ARATH	78.571	168	34	2	1	166	142	309	1.04e-78	239	88.10	UNE12_ARATH Transcription factor UNE12
gene:evm.TU.09.906	cds.evm.model.06.743.1.5bdae6dc	UNE12_ARATH	53.090	356	89	12	2	328	3	309	4.45e-80	249	60.96	UNE12_ARATH Transcription factor UNE12
gene:evm.TU.09.904	cds.evm.model.06.743.2.5bd9b13a	UNE12_ARATH	78.571	168	34	2	1	166	142	309	1.04e-78	239	88.10	UNE12_ARATH Transcription factor UNE12
gene:evm.TU.09.908	cds.evm.model.07.66	75L17_MALDO	54.484	446	179	10	1	442	1	426	4.05e-152	443	68.16	75L17_MALDO Phloretin 4'-O-glucosyltransferase {ECO:0000303|PubMed:27316677}
gene:evm.TU.09.901	cds.evm.model.10.796	IST1L_DICDI	29.697	165	106	3	18	178	12	170	3.12e-14	77.0	53.33	IST1L_DICDI IST1-like protein
gene:evm.TU.09.900	cds.novel_model_393_5bd9a17a	RS29_ARATH	91.071	56	5	0	1	56	1	56	5.85e-32	108	91.07	RS29_ARATH Small ribosomal subunit protein uS14z/uS14y/uS14x {ECO:0000303|PubMed:36423343}
gene:evm.TU.09.905	cds.evm.model.08.166	CCA11_ARATH	71.098	346	93	2	40	378	101	446	0.0	523	85.55	CCA11_ARATH Cyclin-A1-1
gene:novel_gene_603_5bda875f	cds.evm.model.07.908.1.5bd9b13c	YCN8_SCHPO	40.230	87	52	0	16	102	345	431	5.99e-16	77.4	63.22	YCN8_SCHPO Uncharacterized solute carrier family 35 member C320.08
gene:evm.TU.09.1425	cds.evm.model.07.908.1.5bd9b13c.1.5bdae6da	YCN8_SCHPO	45.902	61	33	0	1	61	371	431	1.94e-11	63.2	67.21	YCN8_SCHPO Uncharacterized solute carrier family 35 member C320.08
gene:evm.TU.06.1879	cds.evm.model.07.908	S35F1_HUMAN	46.087	230	123	1	8	236	125	354	6.88e-70	225	69.13	S35F1_HUMAN Solute carrier family 35 member F1
gene:evm.TU.10.1176	cds.evm.model.06.1770	H2B6_ARATH	69.492	118	10	2	1	93	1	117	2.05e-44	144	72.03	H2B6_ARATH Histone H2B.6
gene:novel_gene_2862_5bd9a17a	cds.evm.model.03.882	TLP1_PRUPE	67.532	231	72	3	13	241	17	246	3.85e-110	319	77.92	TLP1_PRUPE Thaumatin-like protein 1
gene:novel_gene_2862_5bd9a17a	cds.evm.model.02.2237	AB32G_ARATH	79.170	1421	295	1	1	1421	1	1420	0.0	2395	90.92	AB32G_ARATH ABC transporter G family member 32 {ECO:0000303|PubMed:18299247}
gene:novel_gene_2862_5bd9a17a	cds.evm.model.01.107	CYQ32_CATRO	57.624	505	194	7	14	515	9	496	0.0	600	74.46	CYQ32_CATRO Cytochrome P450 81Q32 {ECO:0000303|PubMed:24710322}
gene:novel_gene_2862_5bd9a17a	cds.evm.model.04.779.1.5bd9b137	GUN25_ARATH	82.043	607	102	6	1	602	1	605	0.0	977	88.63	GUN25_ARATH Endoglucanase 25
gene:novel_gene_2862_5bd9a17a	cds.evm.model.04.779	GUN25_ARATH	82.208	607	102	5	1	603	1	605	0.0	984	88.80	GUN25_ARATH Endoglucanase 25
gene:evm.TU.10.2004	cds.evm.model.02.2522	RHM1_ARATH	86.885	671	83	2	1	668	1	669	0.0	1230	93.59	RHM1_ARATH Trifunctional UDP-glucose 4,6-dehydratase/UDP-4-keto-6-deoxy-D-glucose 3,5-epimerase/UDP-4-keto-L-rhamnose-reductase RHM1 {ECO:0000305|PubMed:17190829}
gene:novel_gene_1868_5bd9a17a	cds.novel_model_6266_5bd9a17a	RS15_ORYSJ	90.000	150	15	0	3	152	5	154	6.30e-98	281	96.00	RS15_ORYSJ Small ribosomal subunit protein uS19 {ECO:0000305}
gene:novel_gene_3602_5bd9a17a	cds.novel_model_6268_5bd9a17a.1.5bd9b13c	RS15_ORYSJ	82.090	67	12	0	3	69	5	71	9.39e-33	113	91.04	RS15_ORYSJ Small ribosomal subunit protein uS19 {ECO:0000305}
gene:evm.TU.06.1969	cds.novel_model_6267_5bd9a17a.2.5bd9b13c	RS15_ORYSJ	82.353	68	12	0	3	70	5	72	2.14e-33	114	91.18	RS15_ORYSJ Small ribosomal subunit protein uS19 {ECO:0000305}
gene:evm.TU.02.3218	cds.evm.model.01.2763	GDL29_ARATH	67.867	361	112	3	20	377	24	383	1.14e-180	509	79.50	GDL29_ARATH GDSL esterase/lipase At1g71691
gene:evm.TU.01.945	cds.evm.model.10.1416	RAC2_LOTJA	93.865	163	10	0	124	286	34	196	8.09e-102	298	98.77	RAC2_LOTJA Rac-like GTP-binding protein RAC2
gene:evm.TU.01.945	cds.novel_model_5403_5bd9a17a	LONP2_SPIOL	82.028	434	77	1	1	434	455	887	0.0	738	91.47	LONP2_SPIOL Lon protease homolog 2, peroxisomal {ECO:0000255|HAMAP-Rule:MF_03121}
gene:evm.TU.01.945	cds.novel_model_2686_5bd9a17a	SWT12_ARATH	55.197	279	116	4	1	272	1	277	4.02e-101	301	73.48	SWT12_ARATH Bidirectional sugar transporter SWEET12 {ECO:0000303|PubMed:21107422}
gene:evm.TU.01.945	cds.novel_model_2687_5bd9a17a.1.5bd9b137	SWT12_ARATH	54.839	279	116	5	1	271	1	277	1.25e-98	295	73.12	SWT12_ARATH Bidirectional sugar transporter SWEET12 {ECO:0000303|PubMed:21107422}
gene:evm.TU.01.945	cds.evm.model.03.1729	MSP1_ORYSJ	32.416	327	175	7	10	306	9	319	1.69e-40	154	48.32	MSP1_ORYSJ Leucine-rich repeat receptor protein kinase MSP1 {ECO:0000305}
gene:evm.TU.03.1972	cds.evm.model.03.1729	MSP1_ORYSJ	31.907	257	164	3	55	311	174	419	2.93e-30	124	47.86	MSP1_ORYSJ Leucine-rich repeat receptor protein kinase MSP1 {ECO:0000305}
gene:evm.TU.03.1952	cds.evm.model.03.1729	MSP1_ORYSJ	30.483	269	147	6	71	302	516	781	2.09e-25	110	46.84	MSP1_ORYSJ Leucine-rich repeat receptor protein kinase MSP1 {ECO:0000305}
gene:evm.TU.05.2144	cds.evm.model.03.1729	MSP1_ORYSJ	31.102	254	148	3	78	308	238	487	6.13e-23	103	44.88	MSP1_ORYSJ Leucine-rich repeat receptor protein kinase MSP1 {ECO:0000305}
gene:evm.TU.05.797_evm.TU.05.796	cds.evm.model.03.1729	MSP1_ORYSJ	33.824	204	131	3	85	285	662	864	1.08e-22	102	50.98	MSP1_ORYSJ Leucine-rich repeat receptor protein kinase MSP1 {ECO:0000305}
gene:evm.TU.05.797_evm.TU.05.796	cds.evm.model.03.1729	MSP1_ORYSJ	32.895	228	144	4	102	324	655	878	1.20e-22	102	50.88	MSP1_ORYSJ Leucine-rich repeat receptor protein kinase MSP1 {ECO:0000305}
gene:evm.TU.05.797_evm.TU.05.796	cds.evm.model.03.1729	MSP1_ORYSJ	33.333	222	142	3	87	308	415	630	2.93e-22	101	46.40	MSP1_ORYSJ Leucine-rich repeat receptor protein kinase MSP1 {ECO:0000305}
gene:evm.TU.05.797_evm.TU.05.796	cds.evm.model.03.1729	MSP1_ORYSJ	33.645	214	133	2	78	282	499	712	9.16e-22	99.8	49.53	MSP1_ORYSJ Leucine-rich repeat receptor protein kinase MSP1 {ECO:0000305}
gene:evm.TU.05.797_evm.TU.05.796	cds.evm.model.03.1729	MSP1_ORYSJ	30.153	262	142	5	75	324	473	705	4.99e-18	88.6	46.18	MSP1_ORYSJ Leucine-rich repeat receptor protein kinase MSP1 {ECO:0000305}
gene:evm.TU.05.797_evm.TU.05.796	cds.evm.model.03.1729	MSP1_ORYSJ	25.589	297	149	5	60	290	298	588	1.29e-17	87.4	41.75	MSP1_ORYSJ Leucine-rich repeat receptor protein kinase MSP1 {ECO:0000305}
gene:evm.TU.05.797_evm.TU.05.796	cds.evm.model.03.1729	MSP1_ORYSJ	28.994	169	91	3	70	209	695	863	5.61e-10	64.3	45.56	MSP1_ORYSJ Leucine-rich repeat receptor protein kinase MSP1 {ECO:0000305}
gene:evm.TU.05.797_evm.TU.05.796	cds.evm.model.03.1729	MSP1_ORYSJ	34.906	106	68	1	217	321	86	191	1.11e-07	57.0	52.83	MSP1_ORYSJ Leucine-rich repeat receptor protein kinase MSP1 {ECO:0000305}
gene:evm.TU.05.797_evm.TU.05.796	cds.evm.model.07.1259	PER47_ARATH	70.625	320	90	2	8	327	10	325	5.48e-165	465	82.81	PER47_ARATH Peroxidase 47
gene:novel_gene_1313_5bd9a17a	cds.novel_model_5694_5bd9a17a.4.5bd9b13b	THI42_VITVI	85.714	182	18	1	1	174	174	355	2.05e-108	316	91.21	THI42_VITVI Thiamine thiazole synthase 2, chloroplastic {ECO:0000255|HAMAP-Rule:MF_03158}
gene:evm.TU.05.1870	cds.novel_model_5696_5bd9a17a.5.5bd9b13b	THI42_VITVI	94.488	127	7	0	1	127	174	300	4.60e-82	247	96.85	THI42_VITVI Thiamine thiazole synthase 2, chloroplastic {ECO:0000255|HAMAP-Rule:MF_03158}
gene:evm.TU.01.1831	cds.novel_model_5691_5bd9a17a.1.5bd9b13b	THI42_VITVI	78.630	365	58	5	1	355	1	355	0.0	574	86.30	THI42_VITVI Thiamine thiazole synthase 2, chloroplastic {ECO:0000255|HAMAP-Rule:MF_03158}
gene:evm.TU.05.897	cds.novel_model_5695_5bd9a17a.6.5bd9b13b	THI4_CITSI	67.568	148	41	4	1	147	1	142	1.25e-61	197	81.76	THI4_CITSI Thiamine thiazole synthase, chloroplastic {ECO:0000255|HAMAP-Rule:MF_03158}
gene:evm.TU.05.897	cds.novel_model_5693_5bd9a17a.2.5bd9b13b	THI4_CITSI	61.765	170	49	5	1	169	1	155	1.68e-61	197	74.12	THI4_CITSI Thiamine thiazole synthase, chloroplastic {ECO:0000255|HAMAP-Rule:MF_03158}
gene:evm.TU.05.897	cds.novel_model_5693_5bd9a17a.2.5bd9b13b	THI4_CITSI	77.778	54	6	1	145	192	303	356	3.42e-17	81.3	85.19	THI4_CITSI Thiamine thiazole synthase, chloroplastic {ECO:0000255|HAMAP-Rule:MF_03158}
gene:evm.TU.05.897	cds.novel_model_5692_5bd9a17a.3.5bd9b13b	THI42_VITVI	80.968	310	47	4	1	308	1	300	2.07e-180	504	87.74	THI42_VITVI Thiamine thiazole synthase 2, chloroplastic {ECO:0000255|HAMAP-Rule:MF_03158}
gene:evm.TU.05.897	cds.novel_model_5690_5bd9a17a	THI4_ARATH	85.714	217	25	1	1	211	133	349	1.22e-135	387	92.17	THI4_ARATH Thiamine thiazole synthase, chloroplastic {ECO:0000255|HAMAP-Rule:MF_03158}
gene:evm.TU.05.897	cds.evm.model.08.1924	ICMTB_ARATH	63.636	198	71	1	1	198	1	197	3.59e-94	275	80.81	ICMTB_ARATH Protein-S-isoprenylcysteine O-methyltransferase B {ECO:0000303|PubMed:12472689}
gene:evm.TU.05.897	cds.evm.model.10.1171	U71K2_PYRCO	48.025	481	227	14	1	465	1	474	5.25e-139	411	65.07	U71K2_PYRCO UDP-glycosyltransferase 71K2 {ECO:0000303|Ref.1}
gene:evm.TU.05.897	cds.novel_model_5807_5bd9a17a	RS30_ARATH	96.774	62	2	0	1	62	1	62	1.23e-36	119	100.00	RS30_ARATH Small ribosomal subunit protein eS30z/eS30y/eS30x {ECO:0000303|PubMed:36423343}
gene:evm.TU.05.897	cds.novel_model_5810_5bd9a17a.1.5bd9b13b	RS30_ARATH	96.774	62	2	0	1	62	1	62	1.23e-36	119	100.00	RS30_ARATH Small ribosomal subunit protein eS30z/eS30y/eS30x {ECO:0000303|PubMed:36423343}
gene:evm.TU.05.897	cds.novel_model_5811_5bd9a17a.4.5bd9b13b	RS30_ARATH	96.774	62	2	0	1	62	1	62	1.23e-36	119	100.00	RS30_ARATH Small ribosomal subunit protein eS30z/eS30y/eS30x {ECO:0000303|PubMed:36423343}
gene:evm.TU.05.897	cds.novel_model_5809_5bd9a17a.2.5bd9b13b	RS30_ARATH	96.774	62	2	0	1	62	1	62	1.23e-36	119	100.00	RS30_ARATH Small ribosomal subunit protein eS30z/eS30y/eS30x {ECO:0000303|PubMed:36423343}
gene:novel_gene_3260_5bd9a17a	cds.novel_model_5812_5bd9a17a.5.5bd9b13b	RS30_ARATH	95.745	47	2	0	1	47	1	47	1.19e-17	71.6	100.00	RS30_ARATH Small ribosomal subunit protein eS30z/eS30y/eS30x {ECO:0000303|PubMed:36423343}
gene:evm.TU.04.333	cds.novel_model_5808_5bd9a17a.3.5bd9b13b	RS30_ARATH	96.774	62	2	0	1	62	1	62	1.23e-36	119	100.00	RS30_ARATH Small ribosomal subunit protein eS30z/eS30y/eS30x {ECO:0000303|PubMed:36423343}
gene:evm.TU.10.1605	cds.evm.model.07.416	MFPA_CUCSA	77.961	726	159	1	1	726	1	725	0.0	1197	88.84	MFPA_CUCSA Glyoxysomal fatty acid beta-oxidation multifunctional protein MFP-a
gene:evm.TU.01.2954	cds.evm.model.04.104	HMT1_BRAOT	77.064	327	73	2	1	326	1	326	0.0	532	89.30	HMT1_BRAOT Homocysteine S-methyltransferase 1
gene:evm.TU.08.1979	cds.evm.model.01.1443	NAC2_ARATH	74.161	298	57	7	1	287	1	289	5.88e-153	431	82.55	NAC2_ARATH NAC domain-containing protein 2
gene:novel_gene_2011_5bd9a17a	cds.evm.model.09.1492	TIF5A_ARATH	35.443	158	66	7	1	154	3	128	2.75e-18	79.0	53.16	TIF5A_ARATH Protein TIFY 5A {ECO:0000303|PubMed:17499004}
gene:novel_gene_2011_5bd9a17a	cds.evm.model.05.1602	EFGC2_SOYBN	86.541	795	90	5	2	796	3	780	0.0	1371	91.57	EFGC2_SOYBN Elongation factor G-2, chloroplastic
gene:novel_gene_2011_5bd9a17a	cds.evm.model.03.1819	CHLH_ARATH	84.263	1112	123	3	177	1236	270	1381	0.0	1974	91.10	CHLH_ARATH Magnesium-chelatase subunit ChlH, chloroplastic
gene:novel_gene_2011_5bd9a17a	cds.evm.model.03.1819	CHLH_ARATH	70.349	172	46	3	1	170	1	169	1.70e-60	231	83.72	CHLH_ARATH Magnesium-chelatase subunit ChlH, chloroplastic
gene:novel_gene_2011_5bd9a17a	cds.evm.model.04.2316	GST23_MAIZE	45.833	216	114	2	4	218	6	219	1.83e-64	206	64.35	GST23_MAIZE Glutathione transferase GST 23
gene:evm.TU.03.1166	cds.evm.model.04.2316	GST23_MAIZE	39.241	79	46	2	240	317	70	147	5.25e-09	58.9	55.70	GST23_MAIZE Glutathione transferase GST 23
gene:evm.TU.09.457	cds.evm.model.02.319	RL7A2_ARATH	87.209	258	31	1	1	258	1	256	3.45e-167	465	95.35	RL7A2_ARATH Large ribosomal subunit protein eL8y {ECO:0000303|PubMed:36423343}
gene:evm.TU.09.457	cds.evm.model.04.1285.1.5bd9b138	CADH9_ARATH	81.106	217	41	0	2	218	142	358	8.95e-119	345	92.63	CADH9_ARATH Probable cinnamyl alcohol dehydrogenase 9 {ECO:0000303|PubMed:14745009}
gene:evm.TU.09.457	cds.evm.model.04.1285	CADH9_ARATH	77.654	358	80	0	1	358	1	358	0.0	574	88.83	CADH9_ARATH Probable cinnamyl alcohol dehydrogenase 9 {ECO:0000303|PubMed:14745009}
gene:evm.TU.07.1706	cds.evm.model.02.3247	CHI5_ARATH	75.904	249	57	1	8	256	28	273	2.20e-142	403	85.14	CHI5_ARATH Endochitinase EP3 {ECO:0000303|PubMed:11525512}
gene:evm.TU.10.1380	cds.evm.model.04.895	GUX1_ARATH	66.357	645	189	6	14	642	21	653	0.0	883	79.53	GUX1_ARATH UDP-glucuronate:xylan alpha-glucuronosyltransferase 1
gene:evm.TU.10.1305	cds.evm.model.06.1626	C86A1_ARATH	79.412	510	101	2	1	508	1	508	0.0	848	89.22	C86A1_ARATH Cytochrome P450 86A1
gene:evm.TU.05.1283	cds.novel_model_1263_5bd9a17a	GCSP_SOLTU	86.372	1042	135	1	1	1042	1	1035	0.0	1883	93.67	GCSP_SOLTU Glycine dehydrogenase (decarboxylating), mitochondrial
gene:evm.TU.05.1283	cds.evm.model.04.1125.1.5bd9b138	C78A7_ARATH	69.759	539	152	5	1	536	1	531	0.0	758	80.33	C78A7_ARATH Cytochrome P450 78A7
gene:evm.TU.05.1283	cds.evm.model.04.1125	C78A7_ARATH	69.759	539	152	5	1	536	1	531	0.0	758	80.33	C78A7_ARATH Cytochrome P450 78A7
gene:evm.TU.05.1283	cds.evm.model.04.1125.2.5bd9b138	C78A7_ARATH	69.759	539	152	5	1	536	1	531	0.0	758	80.33	C78A7_ARATH Cytochrome P450 78A7
gene:evm.TU.05.1283	cds.evm.model.10.1245.2.5bd9b13d	ARF1_ORYSJ	99.448	181	1	0	1	181	1	181	8.75e-134	374	100.00	ARF1_ORYSJ ADP-ribosylation factor 1
gene:evm.TU.04.2003	cds.evm.model.10.1245.5.5bd9b13d	ARF_MAIZE	100.000	113	0	0	1	113	1	113	1.29e-79	234	100.00	ARF_MAIZE ADP-ribosylation factor
gene:evm.TU.07.1562	cds.evm.model.10.1245.4.5bd9b13d	ARF1_ORYSJ	99.448	181	1	0	1	181	1	181	8.75e-134	374	100.00	ARF1_ORYSJ ADP-ribosylation factor 1
gene:evm.TU.07.1562	cds.evm.model.10.1245.1.5bd9b13d	ARF1_ORYSJ	98.895	181	2	0	1	181	1	181	3.26e-133	372	99.45	ARF1_ORYSJ ADP-ribosylation factor 1
gene:evm.TU.07.1562	cds.evm.model.10.1245	ARF1_ORYSJ	99.448	181	1	0	1	181	1	181	4.31e-133	374	100.00	ARF1_ORYSJ ADP-ribosylation factor 1
gene:evm.TU.07.1562	cds.evm.model.10.1245.6.5bd9b13d	ARF1_ORYSJ	99.448	181	1	0	1	181	1	181	8.75e-134	374	100.00	ARF1_ORYSJ ADP-ribosylation factor 1
gene:evm.TU.07.1562	cds.evm.model.10.1245.3.5bd9b13d	ARF1_ORYSJ	99.448	181	1	0	1	181	1	181	8.75e-134	374	100.00	ARF1_ORYSJ ADP-ribosylation factor 1
gene:evm.TU.01.981	cds.evm.model.04.1763.1.5bd9b139	GLD27_ARATH	77.232	224	51	0	38	261	52	275	6.65e-124	358	87.05	GLD27_ARATH Protein CONSERVED IN THE GREEN LINEAGE AND DIATOMS 27, chloroplastic {ECO:0000303|PubMed:23043051}
gene:evm.TU.01.981	cds.evm.model.04.1763	GLD27_ARATH	79.710	276	56	0	38	313	52	327	1.49e-152	433	88.77	GLD27_ARATH Protein CONSERVED IN THE GREEN LINEAGE AND DIATOMS 27, chloroplastic {ECO:0000303|PubMed:23043051}
gene:evm.TU.01.981	cds.evm.model.01.2561	LA1_ARATH	52.899	414	160	2	1	405	3	390	2.96e-144	422	68.84	LA1_ARATH La protein 1
gene:evm.TU.01.981	cds.evm.model.10.416	MYB16_ARATH	48.357	426	120	10	1	426	1	326	4.28e-113	337	55.40	MYB16_ARATH Transcription factor MYB16 {ECO:0000305}
gene:evm.TU.01.981	cds.evm.model.10.1422	ATL41_ARATH	45.455	121	51	4	15	135	12	117	7.73e-22	91.7	57.85	ATL41_ARATH E3 ubiquitin-protein ligase ATL41
gene:evm.TU.01.981	cds.evm.model.01.278	CCD31_ARATH	52.027	296	109	5	1	277	1	282	6.60e-91	280	65.88	CCD31_ARATH Cyclin-D3-1
gene:evm.TU.01.981	cds.evm.model.02.146	RS272_ARATH	95.349	86	4	0	1	86	1	86	4.42e-58	175	100.00	RS272_ARATH Small ribosomal subunit protein eS27y {ECO:0000303|PubMed:36423343}
gene:novel_gene_821_5bd9a17a	cds.evm.model.01.746	NEC2_NESMA	59.615	312	116	3	1	304	1	310	7.00e-124	360	71.47	NEC2_NESMA Ferritin-like catalase Nec2 {ECO:0000303|PubMed:35074876}
gene:evm.TU.02.398	cds.novel_model_2091_5bd9a17a.1.5bd9b136	APA2_ARATH	73.010	515	135	2	1	514	1	512	0.0	807	86.02	APA2_ARATH Aspartic proteinase A2
gene:evm.TU.01.3035	cds.novel_model_2090_5bd9a17a	APA2_ARATH	73.010	515	135	2	1	514	1	512	0.0	807	86.02	APA2_ARATH Aspartic proteinase A2
gene:evm.TU.01.3035	cds.novel_model_2092_5bd9a17a.2.5bd9b136	ASPR_CUCPE	77.561	205	46	0	1	205	309	513	1.75e-116	343	87.32	ASPR_CUCPE Aspartic proteinase
gene:evm.TU.02.639	cds.evm.model.07.958	Y4445_ARATH	46.847	111	41	5	8	113	28	125	1.07e-17	75.5	55.86	Y4445_ARATH Uncharacterized protein At4g14450, chloroplastic
gene:evm.TU.01.2897	cds.evm.model.04.1759.1.5bd9b138	Y2309_ARATH	84.615	78	9	1	1	75	1	78	1.44e-41	133	89.74	Y2309_ARATH Uncharacterized protein At2g23090
gene:evm.TU.01.2890	cds.evm.model.04.1759	Y2309_ARATH	85.897	78	11	0	1	78	1	78	3.57e-44	139	91.03	Y2309_ARATH Uncharacterized protein At2g23090
gene:evm.TU.01.289	cds.evm.model.08.1309	RT16_ARATH	70.930	86	22	1	104	186	43	128	6.68e-37	128	83.72	RT16_ARATH Small ribosomal subunit protein bS16m/bS16c {ECO:0000303|PubMed:36423343, ECO:0000305}
gene:evm.TU.01.2893	cds.evm.model.02.2327	PSB1_PETHY	88.789	223	25	0	1	223	1	223	2.33e-151	422	93.72	PSB1_PETHY Proteasome subunit beta type-1
gene:evm.TU.01.2896	cds.evm.model.02.729.3.5bd9b134	MLO12_ARATH	59.691	583	180	10	6	543	4	576	0.0	691	72.21	MLO12_ARATH MLO-like protein 12
gene:evm.TU.01.2895	cds.evm.model.02.729	MLO12_ARATH	61.578	583	181	9	6	555	4	576	0.0	723	74.10	MLO12_ARATH MLO-like protein 12
gene:evm.TU.01.2891	cds.evm.model.02.729.2.5bd9b134	MLO12_ARATH	61.578	583	181	9	6	555	4	576	0.0	723	74.10	MLO12_ARATH MLO-like protein 12
gene:evm.TU.01.2894	cds.evm.model.02.729.1.5bd9b134	MLO12_ARATH	60.377	583	180	10	6	547	4	576	0.0	701	72.73	MLO12_ARATH MLO-like protein 12
gene:evm.TU.01.2899	cds.evm.model.02.729.4.5bd9b134	MLO12_ARATH	64.968	314	90	2	6	299	4	317	5.87e-146	425	77.07	MLO12_ARATH MLO-like protein 12
gene:evm.TU.01.2898	cds.evm.model.02.729.4.5bd9b134.1.5bdae6db	MLO12_ARATH	58.163	196	62	2	6	181	4	199	1.86e-70	226	70.41	MLO12_ARATH MLO-like protein 12
gene:evm.TU.01.2892	cds.evm.model.09.272	TBL3_ARATH	70.380	368	109	0	2	369	67	434	0.0	582	86.68	TBL3_ARATH Protein trichome birefringence-like 3
gene:evm.TU.01.3066	cds.novel_model_2260_5bd9a17a.2.5bd9b136	EXL3_ARATH	57.764	161	65	2	1	160	206	364	5.07e-63	200	73.91	EXL3_ARATH GDSL esterase/lipase EXL3
gene:evm.TU.03.547	cds.novel_model_2259_5bd9a17a.1.5bd9b136	EXL3_ARATH	53.582	349	147	6	22	359	20	364	4.64e-124	364	68.48	EXL3_ARATH GDSL esterase/lipase EXL3
gene:evm.TU.03.547	cds.novel_model_2258_5bd9a17a	EXL3_ARATH	55.301	349	149	5	22	367	20	364	7.18e-132	384	70.77	EXL3_ARATH GDSL esterase/lipase EXL3
gene:evm.TU.03.547	cds.novel_model_2261_5bd9a17a.3.5bd9b136	EXL1_ARATH	50.711	211	102	2	8	217	17	226	2.32e-64	206	68.25	EXL1_ARATH GDSL esterase/lipase EXL1
gene:evm.TU.02.2573	cds.evm.model.08.330	CESA7_ARATH	83.828	1045	149	6	1	1044	1	1026	0.0	1815	91.10	CESA7_ARATH Cellulose synthase A catalytic subunit 7 [UDP-forming] {ECO:0000303|PubMed:11178255, ECO:0000303|PubMed:12805608}
gene:evm.TU.10.1657	cds.evm.model.01.1076	CCD8B_ORYSJ	77.899	457	100	1	3	459	108	563	0.0	782	90.59	CCD8B_ORYSJ Carotenoid cleavage dioxygenase 8 homolog B, chloroplastic
gene:evm.TU.10.2043	cds.evm.model.06.2001	FK132_ARATH	73.259	359	94	2	32	389	36	393	0.0	557	84.96	FK132_ARATH F-box/kelch-repeat protein At5g60570
gene:evm.TU.04.1733	cds.evm.model.01.373.1.5bd9b134	CLPR1_ARATH	72.207	367	90	6	1	360	1	362	0.0	520	82.56	CLPR1_ARATH ATP-dependent Clp protease proteolytic subunit-related protein 1, chloroplastic {ECO:0000303|PubMed:11299370}
gene:evm.TU.03.1219	cds.evm.model.01.373	CLPR1_ARATH	71.717	396	96	9	1	389	1	387	0.0	544	81.82	CLPR1_ARATH ATP-dependent Clp protease proteolytic subunit-related protein 1, chloroplastic {ECO:0000303|PubMed:11299370}
gene:evm.TU.03.2019	cds.evm.model.03.1213	AB1B_ARATH	89.387	1272	129	3	121	1389	17	1285	0.0	2323	96.07	AB1B_ARATH ABC transporter B family member 1
gene:evm.TU.03.2019	cds.evm.model.03.599	CDPKU_ARATH	79.792	480	90	2	116	588	62	541	0.0	796	89.38	CDPKU_ARATH Calcium-dependent protein kinase 30
gene:evm.TU.03.2019	cds.evm.model.09.1185	ERF4_TOBAC	48.031	254	89	8	1	243	1	222	7.52e-50	166	55.91	ERF4_TOBAC Ethylene-responsive transcription factor 4
gene:evm.TU.04.642	cds.evm.model.10.1892	LHT1_ARATH	74.222	450	110	2	372	821	3	446	0.0	699	85.33	LHT1_ARATH Lysine histidine transporter 1
gene:evm.TU.02.3191	cds.evm.model.10.1892	LHT1_ARATH	85.789	380	52	1	2	379	12	391	0.0	679	91.58	LHT1_ARATH Lysine histidine transporter 1
gene:novel_gene_664_5bd9a17a	cds.evm.model.05.1861	PTR14_ARATH	73.836	451	113	3	1	446	155	605	0.0	703	86.25	PTR14_ARATH Protein NRT1/ PTR FAMILY 7.3
gene:evm.TU.10.2046	cds.evm.model.10.1937	GDL76_ARATH	60.734	354	138	1	4	357	37	389	5.05e-169	479	76.55	GDL76_ARATH GDSL esterase/lipase At5g14450
gene:evm.TU.02.2418	cds.evm.model.09.316	PSI1_ARATH	26.933	401	219	12	23	378	145	516	8.37e-23	103	45.14	PSI1_ARATH Protein PSK SIMULATOR 1 {ECO:0000303|PubMed:25062973}
gene:evm.TU.06.1371	cds.evm.model.07.755	GDL80_ARATH	77.143	175	40	0	55	229	165	339	3.15e-101	301	87.43	GDL80_ARATH GDSL esterase/lipase At5g37690
gene:evm.TU.06.1371	cds.evm.model.07.755	GDL80_ARATH	65.957	47	16	0	9	55	21	67	6.90e-14	73.6	89.36	GDL80_ARATH GDSL esterase/lipase At5g37690
gene:evm.TU.06.1371	cds.evm.model.09.381	PIP12_MUSAM	89.860	286	28	1	1	286	1	285	0.0	528	94.76	PIP12_MUSAM Aquaporin PIP1-2 {ECO:0000303|PubMed:26307965}
gene:evm.TU.06.1371	cds.evm.model.02.1534	MIOX2_ARATH	73.148	324	77	3	1	321	1	317	1.92e-177	496	85.19	MIOX2_ARATH Inositol oxygenase 2 {ECO:0000303|PubMed:15660207}
gene:evm.TU.06.1371	cds.evm.model.02.1534.1.5bd9b135	MIOX1_ARATH	82.969	229	39	0	1	229	83	311	3.83e-144	407	89.96	MIOX1_ARATH Inositol oxygenase 1 {ECO:0000303|PubMed:15660207}
gene:evm.TU.06.1371	cds.evm.model.07.1816	SY111_ARATH	67.296	318	94	4	1	316	1	310	5.74e-136	390	84.28	SY111_ARATH Syntaxin-related protein KNOLLE
gene:evm.TU.06.1371	cds.evm.model.04.1362	MLP31_ARATH	33.562	146	95	2	5	148	22	167	1.44e-24	95.9	58.22	MLP31_ARATH MLP-like protein 31
gene:evm.TU.06.1371	cds.evm.model.02.1722	ATPD_ARATH	31.373	153	102	1	84	236	51	200	2.01e-20	89.4	57.52	ATPD_ARATH ATP synthase subunit delta, chloroplastic {ECO:0000255|HAMAP-Rule:MF_01416}
gene:evm.TU.10.524	cds.evm.model.02.1722.1.5bd9b135	ATPD_ARATH	31.373	153	102	1	84	236	51	200	2.01e-20	89.4	57.52	ATPD_ARATH ATP synthase subunit delta, chloroplastic {ECO:0000255|HAMAP-Rule:MF_01416}
gene:evm.TU.10.524	cds.evm.model.05.1690	STAR7_MOUSE	29.534	193	119	5	64	252	108	287	5.48e-14	76.3	45.08	STAR7_MOUSE StAR-related lipid transfer protein 7, mitochondrial
gene:evm.TU.10.524	cds.evm.model.10.339	RBL_CICIN	74.380	121	30	1	1	120	320	440	1.42e-50	170	76.03	RBL_CICIN Ribulose bisphosphate carboxylase large chain {ECO:0000255|HAMAP-Rule:MF_01338}
gene:evm.TU.10.524	cds.evm.model.07.216	VEP1_ARATH	75.064	389	96	1	1	389	1	388	0.0	632	85.86	VEP1_ARATH 3-oxo-Delta(4,5)-steroid 5-beta-reductase
gene:evm.TU.10.524	cds.evm.model.06.138	BGH3B_BACO1	30.250	400	236	11	2	364	265	658	3.47e-44	166	51.50	BGH3B_BACO1 Beta-glucosidase BoGH3B
gene:evm.TU.04.266	cds.evm.model.06.138.1.5bd9b139	BGH3B_BACO1	29.609	358	209	11	7	327	307	658	1.65e-35	140	50.28	BGH3B_BACO1 Beta-glucosidase BoGH3B
gene:evm.TU.08.907	cds.evm.model.05.1544	PLDB1_ARATH	70.747	817	232	4	30	844	263	1074	0.0	1241	83.60	PLDB1_ARATH Phospholipase D beta 1 {ECO:0000303|PubMed:11891260}
gene:evm.TU.01.1373	cds.evm.model.07.1757	SINE1_ARATH	62.903	496	156	14	1	485	1	479	0.0	559	75.40	SINE1_ARATH Protein SINE1 {ECO:0000303|PubMed:24891605}
gene:evm.TU.05.1261	cds.evm.model.01.2950	BLH11_ARATH	57.092	282	110	7	632	907	4	280	6.17e-103	325	77.66	BLH11_ARATH BEL1-like homeodomain protein 11
gene:evm.TU.05.1288	cds.evm.model.01.2950	BLH11_ARATH	37.603	242	128	6	212	441	18	248	7.75e-40	152	58.26	BLH11_ARATH BEL1-like homeodomain protein 11
gene:evm.TU.05.1263	cds.evm.model.07.511	CSPL5_VITVI	59.358	187	75	1	2	188	9	194	1.20e-69	213	74.33	CSPL5_VITVI CASP-like protein 1E2
gene:evm.TU.05.1294	cds.evm.model.08.1910	CV_ARATH	50.769	65	27	3	44	107	92	152	9.82e-12	60.8	61.54	CV_ARATH Protein CHLOROPLAST VESICULATION {ECO:0000303|PubMed:25538186}
gene:evm.TU.05.1283	cds.evm.model.02.3185	NIP61_ARATH	66.071	280	83	6	21	297	35	305	4.78e-116	339	76.43	NIP61_ARATH Aquaporin NIP6-1
gene:evm.TU.05.1283	cds.evm.model.09.101	HGD_ARATH	82.071	396	71	0	6	401	13	408	0.0	688	88.13	HGD_ARATH Homogentisate 1,2-dioxygenase
gene:evm.TU.05.1283	cds.evm.model.10.144	ATCA1_ARATH	49.597	248	125	0	23	270	20	267	2.01e-91	275	70.56	ATCA1_ARATH Alpha carbonic anhydrase 1, chloroplastic
gene:evm.TU.05.1289	cds.evm.model.10.144.1.5bd9b13c	ATCA1_ARATH	42.735	117	67	0	23	139	20	136	4.49e-30	112	63.25	ATCA1_ARATH Alpha carbonic anhydrase 1, chloroplastic
gene:evm.TU.05.1210	cds.evm.model.02.2791	CYT1_ACTCC	53.535	99	43	2	18	115	20	116	4.93e-32	112	72.73	CYT1_ACTCC Cysteine proteinase inhibitor 1 {ECO:0000303|PubMed:14697268}
gene:evm.TU.05.12	cds.novel_model_5325_5bd9a17a.1.5bd9b13a	GUX4_ARATH	52.469	162	73	2	1	162	398	555	1.38e-57	191	73.46	GUX4_ARATH Putative UDP-glucuronate:xylan alpha-glucuronosyltransferase 4
gene:evm.TU.05.1246	cds.novel_model_5324_5bd9a17a	GUX4_ARATH	52.469	162	73	2	1	162	398	555	1.38e-57	191	73.46	GUX4_ARATH Putative UDP-glucuronate:xylan alpha-glucuronosyltransferase 4
gene:evm.TU.05.1202	cds.novel_model_5758_5bd9a17a	RS27A_SOLTU	98.077	156	3	0	1	156	1	156	7.03e-111	314	99.36	RS27A_SOLTU Ubiquitin-ribosomal protein eS31 fusion protein {ECO:0000305}
gene:evm.TU.05.1238	cds.evm.model.04.361	Y2168_ARATH	30.137	146	87	3	9	154	162	292	1.80e-09	63.2	49.32	Y2168_ARATH Ankyrin repeat-containing protein At2g01680
gene:evm.TU.05.1223	cds.evm.model.02.2447	PX11C_ARATH	83.772	228	37	0	1	228	1	228	4.89e-146	409	95.61	PX11C_ARATH Peroxisomal membrane protein 11C
gene:evm.TU.05.1232	cds.evm.model.07.527	LFG5_ARATH	70.120	251	66	2	2	243	5	255	3.22e-123	353	82.07	LFG5_ARATH BI1-like protein
gene:evm.TU.05.1280	cds.evm.model.02.3065	BAC2_ARATH	72.425	301	68	2	34	334	1	286	6.45e-151	429	85.05	BAC2_ARATH Mitochondrial arginine transporter BAC2
gene:evm.TU.05.1285	cds.novel_model_2352_5bd9a17a	9DC3_SOLPI	41.538	260	134	6	2	257	602	847	8.54e-48	172	59.62	9DC3_SOLPI Receptor-like protein 9DC3 {ECO:0000312|EMBL:AAT77550.1}
gene:evm.TU.05.1253	cds.novel_model_2352_5bd9a17a	9DC3_SOLPI	31.250	192	96	6	2	167	314	495	1.62e-08	58.5	45.31	9DC3_SOLPI Receptor-like protein 9DC3 {ECO:0000312|EMBL:AAT77550.1}
gene:evm.TU.05.1214	cds.novel_model_2352_5bd9a17a	9DC3_SOLPI	39.560	91	53	1	79	167	528	618	3.04e-07	54.7	52.75	9DC3_SOLPI Receptor-like protein 9DC3 {ECO:0000312|EMBL:AAT77550.1}
gene:evm.TU.05.1295	cds.novel_model_2352_5bd9a17a	9DC3_SOLPI	26.147	218	114	5	5	187	145	350	2.27e-06	52.0	40.83	9DC3_SOLPI Receptor-like protein 9DC3 {ECO:0000312|EMBL:AAT77550.1}
gene:evm.TU.05.1251	cds.evm.model.09.1544	YCF23_PORPU	36.910	233	147	0	62	294	10	242	1.49e-57	189	65.24	YCF23_PORPU Uncharacterized protein ycf23
gene:evm.TU.05.1287	cds.evm.model.06.109	AMYA_VIGMU	76.000	350	81	2	1	349	74	421	0.0	561	86.86	AMYA_VIGMU Alpha-amylase
gene:evm.TU.05.1226	cds.evm.model.06.1995	SRG1_ARATH	31.835	267	142	4	4	230	13	279	3.30e-40	149	53.56	SRG1_ARATH Protein SRG1
gene:evm.TU.05.1299	cds.evm.model.02.138	RL15_PETHY	87.745	204	25	0	1	204	1	204	1.51e-132	373	95.10	RL15_PETHY Large ribosomal subunit protein eL15 {ECO:0000305}
gene:evm.TU.05.1256	cds.evm.model.02.138.1.5bd9b133	RL15_PETHY	88.172	186	22	0	1	186	19	204	6.18e-120	340	95.16	RL15_PETHY Large ribosomal subunit protein eL15 {ECO:0000305}
gene:evm.TU.05.1291	cds.evm.model.02.1772	RH26_ARATH	57.621	866	241	16	10	774	10	850	0.0	881	67.67	RH26_ARATH DEAD-box ATP-dependent RNA helicase 26
gene:evm.TU.05.120	cds.evm.model.01.263	RS16_GOSHI	94.286	140	8	0	7	146	6	145	5.49e-93	268	97.14	RS16_GOSHI Small ribosomal subunit protein uS9 {ECO:0000305}
gene:evm.TU.05.1252	cds.novel_model_3227_5bd9a17a	73C25_BARVU	58.282	489	201	3	4	490	8	495	0.0	603	76.28	73C25_BARVU UDP-glycosyltransferase 73C25 {ECO:0000303|PubMed:29603041}
gene:evm.TU.05.1203	cds.evm.model.01.2249.3.5bdae6e4	BCA5_ARATH	61.947	226	83	2	20	242	76	301	1.03e-104	308	76.99	BCA5_ARATH Beta carbonic anhydrase 5, chloroplastic
gene:evm.TU.05.127	cds.evm.model.01.2249.9.5bdae6e4	BCA5_ARATH	59.627	161	62	2	2	159	141	301	7.65e-66	205	74.53	BCA5_ARATH Beta carbonic anhydrase 5, chloroplastic
gene:evm.TU.05.1200	cds.evm.model.01.2249.8.5bdae6e4	BCA5_ARATH	61.947	226	83	2	20	242	76	301	1.03e-104	308	76.99	BCA5_ARATH Beta carbonic anhydrase 5, chloroplastic
gene:evm.TU.05.128	cds.evm.model.01.2249.2.5bdae6e4	BCA5_ARATH	59.627	161	62	2	2	159	141	301	7.65e-66	205	74.53	BCA5_ARATH Beta carbonic anhydrase 5, chloroplastic
gene:evm.TU.05.1269	cds.evm.model.01.2249.7.5bdae6e4	BCA5_ARATH	62.366	186	67	2	1	183	116	301	1.83e-83	251	76.88	BCA5_ARATH Beta carbonic anhydrase 5, chloroplastic
gene:evm.TU.05.1227	cds.evm.model.01.2249	BCA5_ARATH	61.947	226	82	3	20	241	76	301	4.96e-103	303	76.99	BCA5_ARATH Beta carbonic anhydrase 5, chloroplastic
gene:evm.TU.05.1284	cds.evm.model.01.2249.4.5bdae6e4	BCA5_ARATH	59.627	161	62	2	2	159	141	301	7.65e-66	205	74.53	BCA5_ARATH Beta carbonic anhydrase 5, chloroplastic
gene:evm.TU.05.1290	cds.evm.model.01.2249.6.5bdae6e4	BCA5_ARATH	59.627	161	61	3	2	158	141	301	3.85e-64	201	74.53	BCA5_ARATH Beta carbonic anhydrase 5, chloroplastic
gene:evm.TU.05.1237	cds.evm.model.01.2249.1.5bdae6e4	BCA5_ARATH	59.627	161	61	3	2	158	141	301	3.85e-64	201	74.53	BCA5_ARATH Beta carbonic anhydrase 5, chloroplastic
gene:evm.TU.05.1245	cds.evm.model.01.2249.5.5bdae6e4	BCA5_ARATH	54.064	283	115	4	29	308	31	301	2.93e-105	312	68.90	BCA5_ARATH Beta carbonic anhydrase 5, chloroplastic
gene:evm.TU.05.1292	cds.evm.model.01.517	XTH10_ARATH	75.000	272	68	0	133	404	28	299	5.99e-160	454	87.87	XTH10_ARATH Probable xyloglucan endotransglucosylase/hydrolase protein 10
gene:evm.TU.05.129	cds.evm.model.01.2790	NAT3_ARATH	72.590	529	144	1	36	563	23	551	0.0	783	85.63	NAT3_ARATH Nucleobase-ascorbate transporter 3
gene:evm.TU.05.1278	cds.evm.model.07.853	Y1063_ARATH	60.095	629	178	6	1	562	30	652	0.0	736	72.81	Y1063_ARATH Inactive leucine-rich repeat receptor-like serine/threonine-protein kinase At1g60630
gene:evm.TU.05.1217	cds.evm.model.06.1938	PBL5_ARATH	71.463	417	99	3	1	403	1	411	0.0	595	79.62	PBL5_ARATH Probable serine/threonine-protein kinase PBL5 {ECO:0000305}
gene:evm.TU.05.121	cds.evm.model.10.1011	B561G_ARATH	69.845	388	113	4	18	403	19	404	0.0	561	84.54	B561G_ARATH Cytochrome b561 and DOMON domain-containing protein At2g04850
gene:evm.TU.05.1219	cds.evm.model.02.1330	ERF17_ARATH	54.082	196	60	7	20	206	11	185	1.11e-59	188	67.35	ERF17_ARATH Ethylene-responsive transcription factor ERF017
gene:evm.TU.05.1273	cds.evm.model.06.28	RD22_ARATH	49.550	222	105	6	115	334	175	391	6.81e-66	215	63.96	RD22_ARATH BURP domain protein RD22 {ECO:0000303|PubMed:9790599}
gene:evm.TU.05.1209	cds.evm.model.10.522.3.5bd9b13d	STR9_ARATH	65.888	214	73	0	1	214	1	214	1.70e-100	293	83.18	STR9_ARATH Rhodanese-like domain-containing protein 9, chloroplastic
gene:evm.TU.05.122	cds.evm.model.10.522	STR9_ARATH	67.949	234	75	0	1	234	1	234	7.04e-116	333	84.19	STR9_ARATH Rhodanese-like domain-containing protein 9, chloroplastic
gene:evm.TU.05.122	cds.evm.model.10.522.2.5bd9b13d	STR9_ARATH	76.500	200	47	0	33	232	35	234	1.24e-115	332	92.50	STR9_ARATH Rhodanese-like domain-containing protein 9, chloroplastic
gene:evm.TU.05.122	cds.evm.model.10.522.1.5bd9b13d	STR9_ARATH	64.977	217	76	0	1	217	1	217	1.47e-99	291	82.49	STR9_ARATH Rhodanese-like domain-containing protein 9, chloroplastic
gene:evm.TU.05.1275	cds.evm.model.02.2078.1.5bd9b136	CUT1A_ARATH	70.833	168	43	4	1	166	1	164	6.82e-74	221	82.14	CUT1A_ARATH Protein CURVATURE THYLAKOID 1A, chloroplastic
gene:evm.TU.05.1218	cds.evm.model.02.2078.2.5bd9b136	CUT1A_ARATH	87.156	109	12	2	14	122	58	164	1.05e-60	186	93.58	CUT1A_ARATH Protein CURVATURE THYLAKOID 1A, chloroplastic
gene:evm.TU.05.1271	cds.evm.model.02.2078.1.5bd9b136.1.5bdae6e2	CUT1A_ARATH	67.333	150	43	4	1	148	1	146	6.56e-61	188	79.33	CUT1A_ARATH Protein CURVATURE THYLAKOID 1A, chloroplastic
gene:evm.TU.05.1271	cds.evm.model.02.2078	CUT1A_ARATH	87.156	109	12	2	26	134	58	164	1.85e-60	186	93.58	CUT1A_ARATH Protein CURVATURE THYLAKOID 1A, chloroplastic
gene:evm.TU.05.1271	cds.evm.model.09.1540	R18A2_ARATH	93.642	173	11	0	139	311	6	178	1.95e-115	340	97.11	R18A2_ARATH Large ribosomal subunit protein eL20y {ECO:0000303|PubMed:36423343}
gene:evm.TU.05.1207	cds.evm.model.05.1033	LSI3_ORYSJ	53.407	543	187	9	1	540	1	480	0.0	531	69.43	LSI3_ORYSJ Silicon efflux transporter LSI3 {ECO:0000303|PubMed:26283388}
gene:evm.TU.05.123	cds.evm.model.02.3137	PIFI_ARATH	63.701	281	83	4	2	280	4	267	1.18e-127	366	77.22	PIFI_ARATH Protein POST-ILLUMINATION CHLOROPHYLL FLUORESCENCE INCREASE, chloroplastic {ECO:0000303|PubMed:17573537}
gene:evm.TU.05.124	cds.evm.model.10.1404	GRXC9_ARATH	60.952	105	36	1	56	160	38	137	1.70e-38	130	73.33	GRXC9_ARATH Glutaredoxin-C9
gene:evm.TU.05.1243	cds.novel_model_5928_5bd9a17a	H32_WHEAT	100.000	136	0	0	1	136	1	136	5.00e-95	272	100.00	H32_WHEAT Histone H3.2
gene:evm.TU.05.1247	cds.evm.model.01.2508	SELH_MOUSE	40.426	47	28	0	70	116	29	75	4.36e-07	49.3	57.45	SELH_MOUSE Selenoprotein H {ECO:0000250|UniProtKB:Q8IZQ5}
gene:evm.TU.05.1279	cds.evm.model.01.961	MCCA_SOYBN	77.171	714	161	2	22	734	17	729	0.0	1135	88.38	MCCA_SOYBN Methylcrotonoyl-CoA carboxylase subunit alpha, mitochondrial
gene:evm.TU.05.1279	cds.evm.model.07.1756	PNSB2_ARATH	57.059	340	120	7	37	374	33	348	4.56e-131	382	72.06	PNSB2_ARATH Photosynthetic NDH subunit of subcomplex B 2, chloroplastic {ECO:0000303|PubMed:21785130}
gene:evm.TU.05.1222	cds.novel_model_6301_5bd9a17a.1.5bd9b13c	KCS2_ARATH	81.387	274	45	2	6	273	252	525	9.48e-168	478	90.15	KCS2_ARATH 3-ketoacyl-CoA synthase 2 {ECO:0000303|PubMed:18465198}
gene:evm.TU.05.1244	cds.novel_model_6300_5bd9a17a	KCS2_ARATH	77.866	506	104	4	38	536	21	525	0.0	834	88.54	KCS2_ARATH 3-ketoacyl-CoA synthase 2 {ECO:0000303|PubMed:18465198}
gene:evm.TU.05.125	cds.evm.model.02.1470	SSG1_ANTMA	74.959	611	150	1	1	611	1	608	0.0	942	83.47	SSG1_ANTMA Granule-bound starch synthase 1, chloroplastic/amyloplastic
gene:evm.TU.05.1249	cds.evm.model.04.312	C71BX_ARATH	52.766	470	217	4	31	499	32	497	1.14e-175	506	69.57	C71BX_ARATH Cytochrome P450 71B36
gene:evm.TU.05.1249	cds.evm.model.10.702	PDCB3_ARATH	55.556	144	60	3	1	143	1	141	2.21e-41	141	69.44	PDCB3_ARATH PLASMODESMATA CALLOSE-BINDING PROTEIN 3
gene:evm.TU.05.1298	cds.evm.model.ctgX15.1.1.5bdae6de	TS6FN_CANSA	80.235	425	72	4	1	419	174	592	0.0	705	88.24	TS6FN_CANSA (E)-beta-ocimene synthase TPS6FN {ECO:0000303|PubMed:28355238}
gene:evm.TU.05.1296	cds.evm.model.ctgX15.1.1.5bd9b13d	TS6FN_CANSA	80.814	344	54	4	5	342	24	361	0.0	561	87.50	TS6FN_CANSA (E)-beta-ocimene synthase TPS6FN {ECO:0000303|PubMed:28355238}
gene:evm.TU.05.1228	cds.evm.model.ctgX15.1	TS6FN_CANSA	78.584	579	102	7	5	571	24	592	0.0	923	86.53	TS6FN_CANSA (E)-beta-ocimene synthase TPS6FN {ECO:0000303|PubMed:28355238}
gene:evm.TU.05.1267	cds.novel_model_7258_5bd9a17a	U71K2_PYRCO	47.423	485	238	9	1	478	1	475	2.36e-147	433	65.15	U71K2_PYRCO UDP-glycosyltransferase 71K2 {ECO:0000303|Ref.1}
gene:evm.TU.05.1211	cds.evm.model.07.56	CYT10_ORYSJ	54.701	117	46	4	1	116	38	148	6.41e-30	107	69.23	CYT10_ORYSJ Cysteine proteinase inhibitor 10
gene:evm.TU.05.1250	cds.evm.model.09.1256	BBE13_ARATH	64.047	509	177	3	8	516	28	530	0.0	675	80.35	BBE13_ARATH Monolignol oxidoreductase AtBBE-like 13 {ECO:0000303|PubMed:26037923}
gene:evm.TU.05.1216	cds.evm.model.10.871	PXL2A_HUMAN	37.634	186	108	4	215	399	42	220	1.91e-27	112	52.15	PXL2A_HUMAN Peroxiredoxin-like 2A {ECO:0000305}
gene:evm.TU.05.1234	cds.evm.model.04.1694	RK29_ARATH	56.250	160	56	3	4	153	3	158	3.68e-51	164	73.75	RK29_ARATH Large ribosomal subunit protein uL29c {ECO:0000303|PubMed:36423343}
gene:evm.TU.05.1235	cds.evm.model.10.664.2.5bd9b13d	SUT33_ARATH	75.232	323	79	1	1	323	301	622	1.45e-173	499	89.16	SUT33_ARATH Probable sulfate transporter 3.3
gene:evm.TU.05.126	cds.evm.model.10.664.1.5bd9b13d.1.5bdae6de	SUT33_ARATH	73.551	276	72	1	1	276	348	622	1.49e-142	418	89.13	SUT33_ARATH Probable sulfate transporter 3.3
gene:evm.TU.05.126	cds.evm.model.10.664.1.5bd9b13d	SUT33_ARATH	74.874	398	99	1	2	399	226	622	0.0	620	88.69	SUT33_ARATH Probable sulfate transporter 3.3
gene:evm.TU.05.1259	cds.evm.model.10.664	SUT33_ARATH	76.565	623	145	1	39	661	1	622	0.0	978	87.64	SUT33_ARATH Probable sulfate transporter 3.3
gene:evm.TU.05.1297	cds.novel_model_2865_5bd9a17a	SWT15_ARATH	64.368	261	89	2	1	260	1	258	2.47e-116	339	77.01	SWT15_ARATH Bidirectional sugar transporter SWEET15 {ECO:0000303|PubMed:21107422}
gene:evm.TU.05.1277	cds.novel_model_2866_5bd9a17a.1.5bd9b137	SWT15_ARATH	63.985	261	89	3	1	259	1	258	6.97e-114	333	76.63	SWT15_ARATH Bidirectional sugar transporter SWEET15 {ECO:0000303|PubMed:21107422}
gene:evm.TU.05.1239	cds.novel_model_2505_5bd9a17a	PALY_POPTR	85.190	709	97	2	1	709	14	714	0.0	1262	91.54	PALY_POPTR Phenylalanine ammonia-lyase
gene:evm.TU.05.1225	cds.evm.model.09.182	WUN1_SOLTU	38.182	110	62	4	67	175	1	105	2.82e-16	73.6	62.73	WUN1_SOLTU Wound-induced protein 1
gene:evm.TU.05.1282	cds.evm.model.03.658	PAL1_PRUAV	84.225	729	102	4	1	728	1	717	0.0	1281	91.50	PAL1_PRUAV Phenylalanine ammonia-lyase 1
gene:evm.TU.05.1212	cds.evm.model.05.43.1.5bd9b139	PRSP1_SPIOL	79.688	128	26	0	1	128	66	193	4.91e-73	224	94.53	PRSP1_SPIOL Ribosome-binding factor PSRP1, chloroplastic {ECO:0000303|PubMed:10874039}
gene:evm.TU.05.1254	cds.evm.model.05.43	PRSP1_SPIOL	62.774	274	91	3	38	302	31	302	6.17e-121	352	77.01	PRSP1_SPIOL Ribosome-binding factor PSRP1, chloroplastic {ECO:0000303|PubMed:10874039}
gene:evm.TU.05.1265	cds.evm.model.01.1387	VITH4_ARATH	69.903	206	42	3	20	221	9	198	4.49e-97	284	82.04	VITH4_ARATH Vacuolar iron transporter homolog 4 {ECO:0000305}
gene:evm.TU.05.1213	cds.evm.model.10.481	FAD2_VERFO	83.202	381	63	1	1	380	1	381	0.0	662	92.39	FAD2_VERFO Delta(12)-fatty-acid desaturase FAD2 {ECO:0000303|PubMed:12481086}
gene:evm.TU.05.1229	cds.evm.model.07.1043.2.5bdae6da	SEOB_ARATH	35.821	134	81	2	1	134	132	260	3.72e-19	87.0	55.22	SEOB_ARATH Protein SIEVE ELEMENT OCCLUSION B {ECO:0000303|PubMed:20932300}
gene:evm.TU.05.1242	cds.evm.model.07.1043.1.5bdae6da	SEOB_ARATH	35.821	134	81	2	1	134	132	260	3.72e-19	87.0	55.22	SEOB_ARATH Protein SIEVE ELEMENT OCCLUSION B {ECO:0000303|PubMed:20932300}
gene:evm.TU.05.1240	cds.evm.model.07.1043.1.5bd9b13c	SEOB_ARATH	34.667	150	93	2	102	251	116	260	3.58e-21	96.7	56.00	SEOB_ARATH Protein SIEVE ELEMENT OCCLUSION B {ECO:0000303|PubMed:20932300}
gene:evm.TU.05.1236	cds.evm.model.07.1043.3.5bdae6da	SEOB_ARATH	35.821	134	81	2	1	134	132	260	3.72e-19	87.0	55.22	SEOB_ARATH Protein SIEVE ELEMENT OCCLUSION B {ECO:0000303|PubMed:20932300}
gene:evm.TU.05.1270	cds.evm.model.07.1043	SEOB_ARATH	34.667	150	93	2	102	251	116	260	1.56e-20	95.9	56.00	SEOB_ARATH Protein SIEVE ELEMENT OCCLUSION B {ECO:0000303|PubMed:20932300}
gene:evm.TU.05.1293	cds.evm.model.05.937.1.5bd9b13a	PRR2_TOBAC	58.850	226	85	6	9	232	7	226	4.30e-88	263	72.57	PRR2_TOBAC Pathogenesis-related protein R minor form
gene:evm.TU.05.1248	cds.evm.model.05.937	TLP_ACTCC	64.500	200	65	3	243	437	27	225	2.10e-84	261	76.50	TLP_ACTCC Thaumatin-like protein
gene:evm.TU.05.1264	cds.evm.model.05.937	TLP_ACTCC	59.914	232	82	7	5	232	1	225	1.41e-83	258	72.84	TLP_ACTCC Thaumatin-like protein
gene:evm.TU.05.1281	cds.novel_model_6123_5bd9a17a	H4_SOYBN	100.000	103	0	0	1	103	1	103	2.97e-67	199	100.00	H4_SOYBN Histone H4
gene:evm.TU.05.1206	cds.evm.model.01.1336	PER12_ARATH	59.605	354	138	3	1	353	1	350	1.68e-152	436	75.14	PER12_ARATH Peroxidase 12
gene:evm.TU.05.1224	cds.evm.model.09.1227	DBR_TOBAC	77.778	216	48	0	130	345	128	343	3.38e-116	343	86.11	DBR_TOBAC 2-alkenal reductase (NADP(+)-dependent)
gene:evm.TU.05.1224	cds.evm.model.04.5	RS3A_CICAR	90.800	250	23	0	124	373	5	254	6.56e-162	459	96.40	RS3A_CICAR Small ribosomal subunit protein eS1 {ECO:0000255|HAMAP-Rule:MF_03122}
gene:evm.TU.05.1224	cds.evm.model.02.3204	LPA3_ARATH	78.488	344	69	1	50	388	15	358	0.0	540	87.79	LPA3_ARATH Protein LPA3 {ECO:0000305}
gene:evm.TU.05.1205	cds.evm.model.04.606	LAZY1_ARATH	39.056	233	115	8	1	222	7	223	1.23e-30	121	55.36	LAZY1_ARATH Protein LAZY 1 {ECO:0000305}
gene:evm.TU.05.1221	cds.novel_model_3986_5bd9a17a	LSU4_ARATH	51.351	74	29	1	18	91	18	84	5.91e-17	72.4	71.62	LSU4_ARATH Protein RESPONSE TO LOW SULFUR 4 {ECO:0000303|PubMed:25628631}
gene:evm.TU.05.1255	cds.evm.model.10.1934	CDSP_ARATH	67.647	306	93	4	1	304	1	302	1.57e-143	409	79.41	CDSP_ARATH Thioredoxin-like protein CDSP32, chloroplastic
gene:evm.TU.05.1215	cds.evm.model.02.2541	Y5344_ARATH	63.778	1027	344	17	1	1012	1	1014	0.0	1280	76.73	Y5344_ARATH Probable LRR receptor-like serine/threonine-protein kinase At1g53440
gene:evm.TU.05.1230	cds.evm.model.08.124	C71DA_SOYBN	53.061	490	220	5	1	486	22	505	0.0	535	73.88	C71DA_SOYBN Cytochrome P450 71D10
gene:evm.TU.05.1233	cds.evm.model.10.515	SPL9_ARATH	41.514	383	148	14	30	375	32	375	1.29e-61	205	51.96	SPL9_ARATH Squamosa promoter-binding-like protein 9
gene:evm.TU.05.1260	cds.novel_model_4319_5bd9a17a	RBS_FAGCR	77.348	181	40	1	1	181	1	180	5.52e-107	306	88.95	RBS_FAGCR Ribulose bisphosphate carboxylase small subunit, chloroplastic {ECO:0000255|HAMAP-Rule:MF_00860}
gene:evm.TU.05.1260	cds.evm.model.05.1113.2.5bd9b13a	TBB1_MAIZE	90.498	221	21	0	1	221	1	221	9.69e-149	424	94.12	TBB1_MAIZE Tubulin beta-1 chain
gene:evm.TU.05.1260	cds.evm.model.05.1113	TBB1_MAIZE	92.558	430	32	0	1	430	1	430	0.0	849	95.81	TBB1_MAIZE Tubulin beta-1 chain
gene:evm.TU.05.1260	cds.evm.model.05.1113.1.5bd9b13a	TBB1_MAIZE	92.558	430	32	0	1	430	1	430	0.0	849	95.81	TBB1_MAIZE Tubulin beta-1 chain
gene:evm.TU.05.1260	cds.evm.model.01.46	APSR1_ARATH	68.670	466	115	9	1	454	193	639	0.0	629	81.55	APSR1_ARATH Protein ALTERED PHOSPHATE STARVATION RESPONSE 1 {ECO:0000303|PubMed:23498857}
gene:evm.TU.05.1260	cds.evm.model.05.2069	Y1015_ARATH	27.719	285	157	10	19	256	43	325	1.23e-06	52.4	38.95	Y1015_ARATH Uncharacterized protein At1g01500
gene:evm.TU.05.1266	cds.evm.model.06.416	SUC4_ARATH	71.944	499	129	5	1	498	19	507	0.0	709	84.17	SUC4_ARATH Sucrose transport protein SUC4 {ECO:0000303|PubMed:12529515, ECO:0000303|PubMed:21668536}
gene:evm.TU.05.1266	cds.evm.model.06.1880	AVP1_ARATH	80.784	765	121	2	3	741	6	770	0.0	1261	89.93	AVP1_ARATH Pyrophosphate-energized vacuolar membrane proton pump 1
gene:evm.TU.05.1208	cds.novel_model_7296_5bd9a17a.3.5bd9b13d	CAHC_PEA	77.308	260	55	3	1	257	70	328	5.93e-142	404	85.00	CAHC_PEA Carbonic anhydrase, chloroplastic
gene:evm.TU.05.1286	cds.novel_model_7294_5bd9a17a.4.5bd9b13d	CAHC_PEA	70.030	337	88	8	1	333	1	328	9.70e-153	434	80.42	CAHC_PEA Carbonic anhydrase, chloroplastic
gene:evm.TU.05.1268	cds.novel_model_7291_5bd9a17a.1.5bd9b13d	CAHC_PEA	70.238	336	88	7	1	333	1	327	1.50e-154	439	80.65	CAHC_PEA Carbonic anhydrase, chloroplastic
gene:evm.TU.05.1201	cds.novel_model_7292_5bd9a17a.2.5bd9b13d	CAHC_PEA	70.326	337	88	7	1	334	1	328	2.35e-155	441	80.71	CAHC_PEA Carbonic anhydrase, chloroplastic
gene:evm.TU.05.1241	cds.novel_model_7293_5bd9a17a.6.5bd9b13d	CAHC_PEA	70.326	337	88	7	1	334	1	328	2.35e-155	441	80.71	CAHC_PEA Carbonic anhydrase, chloroplastic
gene:evm.TU.05.1231	cds.novel_model_7295_5bd9a17a.5.5bd9b13d	CAHC_PEA	77.692	260	55	2	1	258	70	328	1.99e-144	410	85.38	CAHC_PEA Carbonic anhydrase, chloroplastic
gene:evm.TU.05.1257	cds.novel_model_7290_5bd9a17a	BCA1_ARATH	72.542	295	79	2	52	345	54	347	1.82e-156	445	83.39	BCA1_ARATH Beta carbonic anhydrase 1, chloroplastic {ECO:0000303|PubMed:17407539}
gene:evm.TU.05.1257	cds.novel_model_7297_5bd9a17a.7.5bd9b13d	CAHC_PEA	77.692	260	55	2	1	258	70	328	1.99e-144	410	85.38	CAHC_PEA Carbonic anhydrase, chloroplastic
gene:evm.TU.05.1257	cds.evm.model.01.925.1.5bdae6de	CP41A_ARATH	81.443	194	35	1	59	251	60	253	1.26e-111	330	88.14	CP41A_ARATH Chloroplast stem-loop binding protein of 41 kDa a, chloroplastic
gene:evm.TU.05.1272	cds.evm.model.01.925	CP41A_ARATH	82.370	346	60	1	59	403	60	405	0.0	599	89.88	CP41A_ARATH Chloroplast stem-loop binding protein of 41 kDa a, chloroplastic
gene:evm.TU.05.1204	cds.novel_model_2657_5bd9a17a.1.5bd9b137	R27A3_ARATH	89.726	146	15	0	1	146	1	146	2.71e-95	274	97.26	R27A3_ARATH Large ribosomal subunit protein uL15x {ECO:0000303|PubMed:36423343}
gene:evm.TU.05.1274	cds.novel_model_2656_5bd9a17a	R27A3_ARATH	89.726	146	15	0	1	146	1	146	2.71e-95	274	97.26	R27A3_ARATH Large ribosomal subunit protein uL15x {ECO:0000303|PubMed:36423343}
gene:evm.TU.05.1258	cds.evm.model.04.1140.1.5bdae6db	AB1K8_ARATH	66.488	373	102	8	9	378	14	366	4.59e-154	456	78.02	AB1K8_ARATH Protein ACTIVITY OF BC1 COMPLEX KINASE 8, chloroplastic {ECO:0000303|PubMed:22694836}
gene:evm.TU.05.1276	cds.evm.model.04.1140	AB1K8_ARATH	77.865	768	145	9	9	771	14	761	0.0	1146	85.94	AB1K8_ARATH Protein ACTIVITY OF BC1 COMPLEX KINASE 8, chloroplastic {ECO:0000303|PubMed:22694836}
gene:evm.TU.05.1262	cds.evm.model.04.1140.1.5bd9b138	AB1K8_ARATH	71.522	460	108	8	9	465	14	453	0.0	627	81.96	AB1K8_ARATH Protein ACTIVITY OF BC1 COMPLEX KINASE 8, chloroplastic {ECO:0000303|PubMed:22694836}
gene:evm.TU.05.1220	cds.evm.model.02.1712	AATP4_ARATH	65.914	487	145	6	7	476	8	490	0.0	624	77.21	AATP4_ARATH AAA-ATPase At2g46620
gene:evm.TU.05.1220	cds.evm.model.03.1750	DTX42_ARATH	63.457	457	153	4	3	453	13	461	1.09e-178	523	76.81	DTX42_ARATH Protein DETOXIFICATION 42 {ECO:0000303|PubMed:11739388}
gene:evm.TU.07.790	cds.evm.model.10.2259	CKS1_ARATH	96.296	81	3	0	1	81	1	81	1.29e-54	166	98.77	CKS1_ARATH Cyclin-dependent kinases regulatory subunit 1
gene:evm.TU.09.191	cds.novel_model_3092_5bd9a17a	MIF1_ARATH	65.306	98	26	1	1	90	2	99	6.71e-37	122	74.49	MIF1_ARATH Mini zinc finger protein 1
gene:evm.TU.02.3221	cds.evm.model.05.1253	HS701_ARATH	92.780	651	43	1	1	647	1	651	0.0	1241	96.93	HS701_ARATH Heat shock 70 kDa protein 1 {ECO:0000303|PubMed:11599561}
gene:evm.TU.04.370	cds.evm.model.02.727	TET6_ARATH	70.318	283	82	2	1	282	1	282	5.79e-133	380	81.98	TET6_ARATH Tetraspanin-6
gene:evm.TU.08.1483	cds.evm.model.06.1699.3.5bd9b13b	UBC4_SOLLC	98.319	119	2	0	1	119	30	148	2.24e-85	248	98.32	UBC4_SOLLC Ubiquitin-conjugating enzyme E2-17 kDa
gene:evm.TU.10.1333	cds.evm.model.06.1699.2.5bd9b13b	UBC4_SOLLC	98.649	148	2	0	1	148	1	148	1.12e-107	305	98.65	UBC4_SOLLC Ubiquitin-conjugating enzyme E2-17 kDa
gene:evm.TU.01.2848	cds.evm.model.06.1699.1.5bd9b13b	UBC4_SOLLC	98.649	148	2	0	1	148	1	148	1.12e-107	305	98.65	UBC4_SOLLC Ubiquitin-conjugating enzyme E2-17 kDa
gene:evm.TU.04.2208	cds.evm.model.06.1699	UBC4_SOLLC	98.649	148	2	0	1	148	1	148	1.12e-107	305	98.65	UBC4_SOLLC Ubiquitin-conjugating enzyme E2-17 kDa
gene:evm.TU.09.897	cds.evm.model.06.1699.5.5bd9b13b	UBC4_SOLLC	98.319	119	2	0	1	119	30	148	2.24e-85	248	98.32	UBC4_SOLLC Ubiquitin-conjugating enzyme E2-17 kDa
gene:evm.TU.06.743	cds.evm.model.06.1699.4.5bd9b13b	UBC4_SOLLC	98.649	148	2	0	1	148	1	148	1.12e-107	305	98.65	UBC4_SOLLC Ubiquitin-conjugating enzyme E2-17 kDa
gene:evm.TU.06.743	cds.evm.model.09.6	AGP30_ARATH	37.395	238	116	6	11	229	12	235	5.58e-30	114	48.32	AGP30_ARATH Non-classical arabinogalactan protein 30 {ECO:0000303|PubMed:14535889}
gene:evm.TU.06.743	cds.evm.model.10.451	PHO13_ARATH	64.763	823	262	9	1	806	1	812	0.0	1079	79.47	PHO13_ARATH Phosphate transporter PHO1 homolog 3
gene:evm.TU.06.743	cds.evm.model.02.1406	ALPL_ARATH	30.556	324	192	10	121	420	50	364	7.10e-41	154	51.54	ALPL_ARATH Protein ALP1-like {ECO:0000305}
gene:evm.TU.06.743	cds.evm.model.08.120	C71DB_LOTJA	44.820	444	176	6	1	389	55	484	7.91e-128	379	62.84	C71DB_LOTJA Cytochrome P450 71D11
gene:evm.TU.06.743	cds.evm.model.08.1145	FER2_ARATH	75.342	146	34	2	41	185	3	147	1.27e-74	223	83.56	FER2_ARATH Ferredoxin-2, chloroplastic
gene:evm.TU.06.743	cds.evm.model.02.1033	MTP10_ARATH	76.596	376	83	2	38	413	56	426	0.0	568	85.37	MTP10_ARATH Metal tolerance protein 10
gene:evm.TU.06.743	cds.evm.model.09.283	MGST3_MOUSE	45.385	130	68	2	7	136	4	130	2.33e-32	115	62.31	MGST3_MOUSE Glutathione S-transferase 3, mitochondrial {ECO:0000250|UniProtKB:O14880}
gene:evm.TU.06.743	cds.evm.model.10.1303	POLC2_JUNOX	32.609	92	54	3	4	95	3	86	1.61e-06	47.4	54.35	POLC2_JUNOX Polcalcin Jun o 2
gene:evm.TU.07.66	cds.evm.model.01.2327	PHI1_TOBAC	71.254	327	77	4	6	331	3	313	2.28e-170	478	83.18	PHI1_TOBAC Protein PHOSPHATE-INDUCED 1 {ECO:0000303|PubMed:10189698}
gene:evm.TU.07.667	cds.evm.model.04.2371	RL23_ARATH	98.571	140	2	0	1	140	1	140	1.65e-97	279	100.00	RL23_ARATH Large ribosomal subunit protein uL14x/uL14z/uL14y {ECO:0000303|PubMed:36423343}
gene:evm.TU.07.666	cds.evm.model.03.481	DFRA_MALDO	79.817	327	66	0	1	327	1	327	0.0	556	91.13	DFRA_MALDO Bifunctional dihydroflavonol 4-reductase/flavanone 4-reductase
gene:evm.TU.07.668	cds.novel_model_6184_5bd9a17a	PER25_ARATH	66.154	130	43	1	1	129	199	328	2.57e-57	183	80.00	PER25_ARATH Peroxidase 25
gene:evm.TU.07.668	cds.novel_model_6299_5bd9a17a	PAP4_ARATH	58.442	231	87	1	26	247	12	242	4.11e-89	266	72.29	PAP4_ARATH Probable plastid-lipid-associated protein 4, chloroplastic
gene:evm.TU.07.668	cds.evm.model.04.1912	HHO5_ARATH	38.369	331	120	10	3	322	10	267	1.50e-51	177	50.76	HHO5_ARATH Transcription factor HHO5 {ECO:0000305}
gene:evm.TU.07.668	cds.evm.model.07.424	PRL1_ARATH	77.618	487	100	4	1	479	1	486	0.0	767	87.68	PRL1_ARATH Protein pleiotropic regulatory locus 1
gene:evm.TU.07.668	cds.evm.model.10.1538	GH36_ARATH	73.453	614	156	4	8	617	1	611	0.0	937	85.67	GH36_ARATH Indole-3-acetic acid-amido synthetase GH3.6
gene:evm.TU.07.660	cds.novel_model_5530_5bd9a17a	AB2B_ARATH	80.870	230	36	1	15	244	45	266	2.29e-125	388	90.00	AB2B_ARATH ABC transporter B family member 2
gene:evm.TU.07.669	cds.novel_model_5530_5bd9a17a	AB2B_ARATH	24.000	225	164	4	22	243	676	896	1.38e-09	62.0	45.33	AB2B_ARATH ABC transporter B family member 2
gene:evm.TU.07.664	cds.evm.model.04.803	STA10_MOUSE	24.339	189	130	6	59	244	42	220	1.48e-09	60.5	47.62	STA10_MOUSE START domain-containing protein 10
gene:evm.TU.07.663	cds.evm.model.04.803.1.5bd9b137	STA10_MOUSE	25.000	188	129	6	59	243	42	220	1.59e-09	60.5	47.34	STA10_MOUSE START domain-containing protein 10
gene:evm.TU.07.662	cds.novel_model_7340_5bd9a17a	PMAT1_ARATH	45.223	471	240	12	2	463	8	469	6.17e-115	348	60.72	PMAT1_ARATH Phenolic glucoside malonyltransferase 1
gene:evm.TU.07.665	cds.novel_model_4913_5bd9a17a	GL116_ARATH	66.509	212	70	1	13	224	11	221	4.68e-103	300	79.72	GL116_ARATH Germin-like protein subfamily 1 member 16
gene:evm.TU.07.661	cds.novel_model_4854_5bd9a17a.1.5bd9b13a	RIC4_ARATH	47.799	159	54	6	1	153	1	136	2.43e-30	111	60.38	RIC4_ARATH CRIB domain-containing protein RIC4
gene:evm.TU.10.796	cds.novel_model_4853_5bd9a17a	RIC4_ARATH	44.910	167	50	7	1	156	1	136	7.75e-30	110	56.89	RIC4_ARATH CRIB domain-containing protein RIC4
gene:evm.TU.10.796	cds.evm.model.03.362	MSRA_FRAAN	77.487	191	43	0	1	191	1	191	8.14e-113	322	86.39	MSRA_FRAAN Peptide methionine sulfoxide reductase
gene:evm.TU.10.796	cds.evm.model.03.362.1.5bd9b137	MSRA_FRAAN	74.346	191	42	1	1	184	1	191	1.28e-105	303	83.25	MSRA_FRAAN Peptide methionine sulfoxide reductase
gene:novel_gene_229_5bd9a17a	cds.evm.model.02.3039	NTF2B_ARATH	56.693	127	54	1	34	160	1	126	1.16e-46	151	73.23	NTF2B_ARATH Nuclear transport factor 2B {ECO:0000303|PubMed:16428596}
gene:evm.TU.08.166	cds.evm.model.01.3014	TGA7_ARATH	55.585	376	144	8	1	364	1	365	1.12e-135	394	73.14	TGA7_ARATH Transcription factor TGA7
gene:evm.TU.08.1667	cds.novel_model_31_5bd9a17a	SERB2_ARATH	68.722	227	57	3	3	224	1	218	3.48e-106	315	78.85	SERB2_ARATH Phosphoserine aminotransferase 2, chloroplastic
gene:evm.TU.08.1662	cds.evm.model.01.69	L21AT_MELAZ	33.667	300	172	12	17	311	134	411	1.47e-37	142	52.67	L21AT_MELAZ Limonoid 21-O-acetyltransferse {ECO:0000303|PubMed:36701471}
gene:evm.TU.08.1665	cds.evm.model.01.177	XCP1_ARATH	70.506	356	97	4	1	349	1	355	0.0	534	83.99	XCP1_ARATH Cysteine protease XCP1 {ECO:0000305}
gene:evm.TU.08.1668	cds.evm.model.02.3187	RS12_HORVU	74.468	141	35	1	3	142	2	142	4.34e-73	218	86.52	RS12_HORVU Small ribosomal subunit protein eS12 {ECO:0000305}
gene:evm.TU.08.1661	cds.evm.model.08.53	ALFC5_ARATH	85.387	349	51	0	3	351	10	358	0.0	620	91.40	ALFC5_ARATH Fructose-bisphosphate aldolase 5, cytosolic {ECO:0000305}
gene:evm.TU.08.1664	cds.novel_model_3228_5bd9a17a	73C25_BARVU	58.691	489	199	3	4	490	8	495	0.0	607	76.69	73C25_BARVU UDP-glycosyltransferase 73C25 {ECO:0000303|PubMed:29603041}
gene:evm.TU.08.1660	cds.novel_model_945_5bd9a17a.1.5bd9b135	CTOMT_SOLLC	54.615	130	54	2	18	142	12	141	4.45e-36	131	68.46	CTOMT_SOLLC Cathecol O-methyltransferase 1 {ECO:0000303|PubMed:22103597}
gene:evm.TU.08.1669	cds.novel_model_944_5bd9a17a	CTOMT_SOLLC	64.088	362	116	3	18	365	12	373	3.92e-166	471	76.24	CTOMT_SOLLC Cathecol O-methyltransferase 1 {ECO:0000303|PubMed:22103597}
gene:evm.TU.08.1666	cds.evm.model.07.160	CHS_CANSA	100.000	389	0	0	1	389	1	389	0.0	805	100.00	CHS_CANSA Naringenin-chalcone synthase
gene:evm.TU.08.1663	cds.evm.model.10.2153	AB19B_ARATH	87.256	1279	134	3	1	1277	1	1252	0.0	2259	92.89	AB19B_ARATH ABC transporter B family member 19
gene:evm.TU.07.908	cds.evm.model.02.2340	AHL22_ARATH	68.116	276	66	8	1	260	48	317	1.51e-87	265	77.54	AHL22_ARATH AT-hook motif nuclear-localized protein 22 {ECO:0000312|EMBL:FAA00293.1}
gene:evm.TU.07.908	cds.evm.model.01.2313	EBF1_ARATH	61.815	639	232	5	1	638	1	628	0.0	784	78.25	EBF1_ARATH EIN3-binding F-box protein 1
gene:evm.TU.07.908	cds.evm.model.07.44	ETFB_ARATH	79.283	251	52	0	1	251	1	251	5.65e-149	418	90.44	ETFB_ARATH Electron transfer flavoprotein subunit beta, mitochondrial
gene:evm.TU.07.908	cds.evm.model.09.891	EXPA3_ARATH	83.673	98	16	0	64	161	165	262	4.21e-53	172	92.86	EXPA3_ARATH Expansin-A3
gene:evm.TU.07.908	cds.evm.model.09.891	EXPA3_ARATH	73.770	61	16	0	3	63	6	66	2.64e-23	95.5	81.97	EXPA3_ARATH Expansin-A3
gene:evm.TU.07.908	cds.novel_model_2854_5bd9a17a	KIP1L_ARATH	33.582	268	133	6	31	294	7	233	2.27e-30	121	52.61	KIP1L_ARATH Kinase-interacting family protein {ECO:0000305|PubMed:22840520}
gene:evm.TU.06.1770	cds.novel_model_5931_5bd9a17a.1.5bd9b13b	Y2766_ARATH	70.724	304	79	4	12	308	25	325	1.27e-153	436	83.88	Y2766_ARATH Uncharacterized protein At2g37660, chloroplastic
gene:evm.TU.03.882	cds.novel_model_5931_5bd9a17a.1.5bd9b13b.1.5bdae6e2	Y2766_ARATH	78.906	256	53	1	2	256	70	325	2.46e-151	427	91.02	Y2766_ARATH Uncharacterized protein At2g37660, chloroplastic
gene:evm.TU.02.2237	cds.evm.model.02.2896	AB29G_ARATH	69.204	1432	415	6	1393	2817	4	1416	0.0	2072	83.24	AB29G_ARATH ABC transporter G family member 29
gene:evm.TU.01.107	cds.evm.model.02.2896	AB29G_ARATH	70.456	1337	316	7	9	1342	3	1263	0.0	1923	82.57	AB29G_ARATH ABC transporter G family member 29
gene:evm.TU.01.1076	cds.evm.model.02.2896	AB29G_ARATH	24.804	637	406	17	175	795	833	1412	1.69e-41	172	44.58	AB29G_ARATH ABC transporter G family member 29
gene:evm.TU.01.1079	cds.evm.model.02.2896	AB29G_ARATH	23.890	473	307	10	917	1344	159	623	3.03e-27	125	45.67	AB29G_ARATH ABC transporter G family member 29
gene:evm.TU.01.1078	cds.evm.model.02.2896	AB29G_ARATH	72.131	61	16	1	1333	1393	1344	1403	4.56e-17	92.8	77.05	AB29G_ARATH ABC transporter G family member 29
gene:evm.TU.01.1075	cds.evm.model.02.1863	PMEI9_ARATH	39.216	204	112	5	15	213	8	204	6.74e-39	136	57.84	PMEI9_ARATH Pectinesterase inhibitor 9 {ECO:0000305}
gene:evm.TU.01.1072	cds.novel_model_551_5bd9a17a.1.5bd9b134	PIP26_ARATH	81.333	75	14	0	1	75	213	287	1.53e-39	134	89.33	PIP26_ARATH Probable aquaporin PIP2-6
gene:evm.TU.01.1071	cds.novel_model_550_5bd9a17a	PIP22_ARATH	82.394	284	48	1	1	282	1	284	6.10e-169	471	87.32	PIP22_ARATH Aquaporin PIP2-2
gene:evm.TU.01.1073	cds.novel_model_1489_5bd9a17a	WRK12_ARATH	74.306	144	31	3	122	259	75	218	6.68e-72	222	81.94	WRK12_ARATH Probable WRKY transcription factor 12
gene:evm.TU.01.1070	cds.evm.model.02.1197	PER4_VITVI	68.571	315	98	1	1	315	8	321	7.41e-163	459	83.49	PER4_VITVI Peroxidase 4 {ECO:0000250|UniProtKB:Q42578}
gene:evm.TU.01.1077	cds.evm.model.08.1667	CM2_ARATH	69.200	250	74	2	1	248	17	265	6.21e-126	360	82.00	CM2_ARATH Chorismate mutase 2 {ECO:0000303|Ref.2}
gene:evm.TU.01.1074	cds.evm.model.02.2510	SRG1_ARATH	59.722	360	129	5	5	359	10	358	1.51e-159	454	77.50	SRG1_ARATH Protein SRG1
gene:evm.TU.04.779	cds.evm.model.04.713	ZHD3_ARATH	81.818	66	12	0	79	144	219	284	1.41e-32	120	93.94	ZHD3_ARATH Zinc-finger homeodomain protein 3
gene:evm.TU.04.779	cds.evm.model.01.2925	EGS2_CLABR	78.387	310	38	3	1	282	1	309	9.50e-173	482	84.19	EGS2_CLABR Eugenol synthase 2 {ECO:0000303|PubMed:18208524}
gene:evm.TU.04.779	cds.evm.model.04.1858	CRL5_ORYSJ	61.538	377	117	8	303	664	275	638	1.98e-146	442	72.41	CRL5_ORYSJ AP2-like ethylene-responsive transcription factor CRL5 {ECO:0000305}
gene:evm.TU.02.2522	cds.evm.model.04.1858	CRL5_ORYSJ	47.619	84	28	2	39	122	75	142	6.53e-10	65.9	53.57	CRL5_ORYSJ AP2-like ethylene-responsive transcription factor CRL5 {ECO:0000305}
gene:novel_gene_3264_5bd9a17a	cds.evm.model.10.2174	MIF2_ARATH	60.360	111	24	3	1	102	1	100	8.80e-35	117	65.77	MIF2_ARATH Mini zinc finger protein 2
gene:novel_gene_3264_5bd9a17a	cds.novel_model_861_5bd9a17a.1.5bd9b134	CHI2_PEA	82.677	127	22	0	1	127	182	308	2.30e-76	232	93.70	CHI2_PEA Endochitinase A2
gene:novel_gene_3264_5bd9a17a	cds.novel_model_862_5bd9a17a.2.5bd9b134	CHIT_PHAVU	71.739	138	37	2	1	137	8	144	7.92e-65	203	81.16	CHIT_PHAVU Endochitinase
gene:evm.TU.01.2763	cds.novel_model_860_5bd9a17a	CHIT_PHAVU	73.438	320	82	3	1	319	8	325	1.19e-175	492	83.44	CHIT_PHAVU Endochitinase
gene:evm.TU.10.1416	cds.evm.model.05.1663	RL15_PETHY	90.686	204	19	0	1	204	1	204	7.66e-135	379	95.59	RL15_PETHY Large ribosomal subunit protein eL15 {ECO:0000305}
gene:novel_gene_2798_5bd9a17a	cds.evm.model.05.1663.1.5bd9b13a	RL15_PETHY	90.323	186	18	0	1	186	19	204	2.00e-121	344	95.70	RL15_PETHY Large ribosomal subunit protein eL15 {ECO:0000305}
gene:novel_gene_1443_5bd9a17a	cds.novel_model_3679_5bd9a17a.1.5bd9b138	UGTK5_MANES	57.097	310	129	3	1	309	175	481	1.06e-132	388	75.81	UGTK5_MANES Linamarin synthase 2 {ECO:0000305}
gene:novel_gene_1443_5bd9a17a	cds.novel_model_3678_5bd9a17a	UGTK5_MANES	59.875	481	189	3	5	484	4	481	0.0	635	77.34	UGTK5_MANES Linamarin synthase 2 {ECO:0000305}
gene:evm.TU.03.1729	cds.evm.model.02.2301	PSBR_SOLTU	64.748	139	13	2	1	104	1	138	3.27e-52	163	71.22	PSBR_SOLTU Photosystem II 10 kDa polypeptide, chloroplastic
gene:evm.TU.03.1729	cds.evm.model.08.1377	Y2058_DICDI	25.287	261	155	11	67	302	61	306	6.10e-06	52.8	45.59	Y2058_DICDI Transmembrane protein DDB_G0292058
gene:evm.TU.03.1729	cds.evm.model.04.949	DCE_SOLLC	73.777	511	113	2	1	499	1	502	0.0	798	85.13	DCE_SOLLC Glutamate decarboxylase
gene:evm.TU.03.1729	cds.evm.model.04.949.2.5bd9b137.1.5bdae6d9	DCE_SOLLC	86.179	246	34	0	1	246	104	349	4.55e-159	453	93.90	DCE_SOLLC Glutamate decarboxylase
gene:evm.TU.03.1729	cds.evm.model.04.949.2.5bd9b137	DCE_SOLLC	74.937	399	88	1	1	387	104	502	0.0	634	85.46	DCE_SOLLC Glutamate decarboxylase
gene:evm.TU.03.1729	cds.evm.model.04.949.1.5bd9b137	DCE_SOLLC	81.006	358	59	1	1	358	1	349	0.0	618	90.78	DCE_SOLLC Glutamate decarboxylase
gene:evm.TU.03.1729	cds.evm.model.04.949.2.5bd9b137.2.5bdae6d9	DCE_SOLLC	89.498	219	23	0	1	219	104	322	1.60e-146	420	96.35	DCE_SOLLC Glutamate decarboxylase
gene:evm.TU.03.1729	cds.novel_model_367_5bd9a17a	BSP_BOSSE	53.333	60	12	1	168	227	17	60	3.77e-12	62.8	60.00	BSP_BOSSE Basic secretory protease {ECO:0000303|PubMed:22773449}
gene:evm.TU.03.1729	cds.evm.model.05.89	CCL4_HUMLU	83.993	556	86	1	1	553	1	556	0.0	988	92.09	CCL4_HUMLU 2-methylpropanoate--CoA ligase CCL4 {ECO:0000305|PubMed:23300257}
gene:evm.TU.03.1729	cds.evm.model.01.2627	TBB1_ARATH	96.411	418	14	1	1	418	1	417	0.0	855	98.09	TBB1_ARATH Tubulin beta-1 chain
gene:evm.TU.03.1729	cds.evm.model.01.2364	SKP1B_ARATH	78.363	171	23	1	1	157	1	171	3.29e-86	252	85.38	SKP1B_ARATH SKP1-like protein 1B
gene:evm.TU.03.1729	cds.evm.model.01.2364.1.5bd9b136	SKP1B_ARATH	65.546	119	27	1	1	105	1	119	6.53e-49	156	76.47	SKP1B_ARATH SKP1-like protein 1B
gene:evm.TU.07.1259	cds.evm.model.10.1017	NSP5_ARATH	54.375	320	144	2	1	320	1	318	4.46e-126	367	71.88	NSP5_ARATH Thiohydroximate-O-sulfate sulfur/sulfate-lyase (nitrile-forming) NSP5 {ECO:0000305}
gene:novel_gene_2924_5bd9a17a	cds.evm.model.10.1017.1.5bd9b13d	NSP5_ARATH	54.487	312	140	2	6	317	9	318	1.18e-122	358	72.12	NSP5_ARATH Thiohydroximate-O-sulfate sulfur/sulfate-lyase (nitrile-forming) NSP5 {ECO:0000305}
gene:novel_gene_2924_5bd9a17a	cds.evm.model.10.1017.1.5bd9b13d	NSP5_ARATH	30.147	136	92	2	105	237	5	140	5.36e-07	53.9	44.85	NSP5_ARATH Thiohydroximate-O-sulfate sulfur/sulfate-lyase (nitrile-forming) NSP5 {ECO:0000305}
gene:novel_gene_2924_5bd9a17a	cds.evm.model.10.2041	HAT5_ARATH	66.667	207	65	3	1	207	1	203	1.58e-79	242	77.78	HAT5_ARATH Homeobox-leucine zipper protein HAT5
gene:novel_gene_2924_5bd9a17a	cds.evm.model.09.861	TC32B_BRANA	69.497	318	97	0	1	318	1	318	8.12e-162	456	80.50	TC32B_BRANA Short-chain dehydrogenase TIC 32 B, chloroplastic {ECO:0000305}
gene:novel_gene_2924_5bd9a17a	cds.evm.model.03.157	C7A15_VITVI	70.303	330	98	0	1	330	1	330	6.95e-174	496	86.36	C7A15_VITVI Beta-amyrin 28-monooxygenase {ECO:0000305}
gene:novel_gene_2924_5bd9a17a	cds.evm.model.03.157	C7A15_VITVI	80.263	76	15	0	319	394	400	475	2.84e-37	144	96.05	C7A15_VITVI Beta-amyrin 28-monooxygenase {ECO:0000305}
gene:novel_gene_2924_5bd9a17a	cds.evm.model.08.1662	PLPK1_ARATH	52.924	342	123	8	1	309	30	366	7.74e-69	221	66.96	PLPK1_ARATH Protein PELPK1 {ECO:0000305}
gene:novel_gene_2924_5bd9a17a	cds.evm.model.08.1197	CYQ32_CATRO	48.571	140	68	3	25	163	31	167	1.26e-33	129	62.14	CYQ32_CATRO Cytochrome P450 81Q32 {ECO:0000303|PubMed:24710322}
gene:evm.TU.08.1924	cds.evm.model.05.1942	SNL6_ORYSJ	32.588	313	184	9	5	301	61	362	2.59e-47	166	53.35	SNL6_ORYSJ Cinnamoyl-CoA reductase-like SNL6 {ECO:0000305}
gene:evm.TU.10.1171	cds.evm.model.05.1942.1.5bd9b13b	SNL6_ORYSJ	34.164	281	160	8	5	271	61	330	2.73e-46	162	54.80	SNL6_ORYSJ Cinnamoyl-CoA reductase-like SNL6 {ECO:0000305}
gene:novel_gene_2996_5bd9a17a	cds.evm.model.05.950	RBL2_ARATH	71.692	325	83	3	1	324	1	317	6.57e-157	444	82.15	RBL2_ARATH RHOMBOID-like protein 2 {ECO:0000303|PubMed:16223493, ECO:0000303|PubMed:17181860}
gene:novel_gene_2996_5bd9a17a	cds.evm.model.01.185.2.5bd9b134	CDPK4_SOLTU	83.042	572	78	4	1	571	1	554	0.0	978	89.34	CDPK4_SOLTU Calcium-dependent protein kinase 4
gene:novel_gene_2996_5bd9a17a	cds.evm.model.01.185.1.5bd9b134	CDPK4_SOLTU	82.867	572	78	5	1	570	1	554	0.0	971	89.16	CDPK4_SOLTU Calcium-dependent protein kinase 4
gene:novel_gene_2996_5bd9a17a	cds.evm.model.01.185	CDPK4_SOLTU	83.042	572	78	4	1	571	1	554	0.0	978	89.34	CDPK4_SOLTU Calcium-dependent protein kinase 4
gene:novel_gene_2996_5bd9a17a	cds.evm.model.10.1726	AFP2_ARATH	38.583	381	162	13	18	382	21	345	2.03e-57	194	51.18	AFP2_ARATH Ninja-family protein AFP2
gene:novel_gene_2996_5bd9a17a	cds.novel_model_1688_5bd9a17a.1.5bd9b136	PPD3_ARATH	65.318	173	60	0	14	186	75	247	5.59e-85	253	83.24	PPD3_ARATH PsbP domain-containing protein 3, chloroplastic
gene:evm.TU.07.416	cds.novel_model_1687_5bd9a17a	PPD3_ARATH	51.575	254	108	4	1	246	1	247	1.06e-85	258	68.11	PPD3_ARATH PsbP domain-containing protein 3, chloroplastic
gene:evm.TU.04.104	cds.evm.model.03.2004	BGL44_ARATH	78.340	494	103	2	480	972	20	510	0.0	822	87.04	BGL44_ARATH Beta-glucosidase 44 {ECO:0000303|PubMed:15604686}
gene:evm.TU.04.1043	cds.evm.model.03.2004	BGL44_ARATH	72.349	481	116	4	12	480	20	495	0.0	730	82.33	BGL44_ARATH Beta-glucosidase 44 {ECO:0000303|PubMed:15604686}
gene:evm.TU.04.1040	cds.evm.model.08.1706	ENT8_ARATH	48.201	278	85	4	1	226	1	271	6.60e-85	260	64.39	ENT8_ARATH Equilibrative nucleotide transporter 8
gene:evm.TU.04.1040	cds.novel_model_2459_5bd9a17a	H2A5_ARATH	79.048	105	22	0	17	121	46	150	1.16e-54	170	88.57	H2A5_ARATH Probable histone H2A.5
gene:evm.TU.04.1040	cds.novel_model_2460_5bd9a17a.1.5bd9b136	H2A5_ARATH	78.667	150	32	0	1	150	1	150	1.34e-81	239	89.33	H2A5_ARATH Probable histone H2A.5
gene:evm.TU.04.1040	cds.evm.model.01.652.1.5bd9b134	CP20C_ARATH	72.589	197	50	2	59	251	64	260	3.26e-104	305	83.25	CP20C_ARATH Peptidyl-prolyl cis-trans isomerase CYP20-3, chloroplastic
gene:evm.TU.04.1041	cds.evm.model.01.652	CP20C_ARATH	73.096	197	50	1	59	252	64	260	9.35e-107	312	83.76	CP20C_ARATH Peptidyl-prolyl cis-trans isomerase CYP20-3, chloroplastic
gene:evm.TU.04.1046	cds.evm.model.01.2733.1.5bd9b136	AAP3_ARATH	80.211	475	92	1	13	487	4	476	0.0	792	90.74	AAP3_ARATH Amino acid permease 3
gene:evm.TU.04.1046	cds.evm.model.01.2733	AAP3_ARATH	80.211	475	92	1	13	487	4	476	0.0	792	90.74	AAP3_ARATH Amino acid permease 3
gene:evm.TU.04.1046	cds.novel_model_1096_5bd9a17a	UBC10_ARATH	95.270	148	7	0	1	148	1	148	1.59e-103	295	98.65	UBC10_ARATH Ubiquitin-conjugating enzyme E2 10 {ECO:0000303|PubMed:16339806, ECO:0000303|PubMed:8220461}
gene:evm.TU.04.1046	cds.novel_model_1098_5bd9a17a.2.5bd9b135	UBC5B_ORYSJ	94.030	67	4	0	1	67	1	67	1.48e-42	139	100.00	UBC5B_ORYSJ Ubiquitin-conjugating enzyme E2 5B
gene:evm.TU.04.1044	cds.novel_model_1097_5bd9a17a.1.5bd9b135	UBC5B_ORYSJ	93.939	66	4	0	1	66	1	66	1.07e-41	135	100.00	UBC5B_ORYSJ Ubiquitin-conjugating enzyme E2 5B
gene:evm.TU.04.1045	cds.evm.model.10.176	LWD1_ARATH	55.689	334	142	3	4	335	16	345	1.34e-132	384	72.16	LWD1_ARATH WD repeat-containing protein LWD1
gene:evm.TU.04.1047	cds.evm.model.01.2358	PER64_ARATH	73.567	314	83	0	5	318	3	316	7.22e-178	497	84.71	PER64_ARATH Peroxidase 64
gene:evm.TU.04.1042	cds.evm.model.10.1282	PER52_ARATH	60.870	115	43	1	6	118	26	140	4.77e-46	154	80.87	PER52_ARATH Peroxidase 52
gene:evm.TU.04.1049	cds.evm.model.01.2819	PMA4_NICPL	88.632	950	108	0	5	954	3	952	0.0	1729	96.63	PMA4_NICPL Plasma membrane ATPase 4
gene:evm.TU.04.1048	cds.evm.model.07.50	ACCH3_ARATH	56.389	360	151	3	12	365	10	369	8.33e-150	430	74.44	ACCH3_ARATH 1-aminocyclopropane-1-carboxylate oxidase homolog 3
gene:evm.TU.01.1443	cds.evm.model.04.676	AL3I1_ARATH	63.177	277	102	0	7	283	274	550	6.94e-131	385	82.67	AL3I1_ARATH Aldehyde dehydrogenase family 3 member I1, chloroplastic
gene:evm.TU.09.1492	cds.evm.model.04.676.2.5bdae6d8	AL3I1_ARATH	66.533	499	167	0	17	515	51	549	0.0	693	83.37	AL3I1_ARATH Aldehyde dehydrogenase family 3 member I1, chloroplastic
gene:evm.TU.05.1602	cds.evm.model.04.676.1.5bdae6d8	AL3I1_ARATH	66.533	499	167	0	54	552	51	549	0.0	693	83.37	AL3I1_ARATH Aldehyde dehydrogenase family 3 member I1, chloroplastic
gene:evm.TU.03.1819	cds.novel_model_437_5bd9a17a	WLIM1_ARATH	78.723	188	37	1	5	189	3	190	3.86e-107	308	86.17	WLIM1_ARATH LIM domain-containing protein WLIM1 {ECO:0000305}
gene:evm.TU.03.1819	cds.novel_model_437_5bd9a17a	WLIM1_ARATH	43.421	76	43	0	1	76	99	174	3.64e-16	76.3	68.42	WLIM1_ARATH LIM domain-containing protein WLIM1 {ECO:0000305}
gene:evm.TU.04.2316	cds.novel_model_5137_5bd9a17a.3.5bd9b13a	Y3550_ARATH	67.227	238	73	2	1	234	1	237	3.41e-108	315	84.03	Y3550_ARATH REF/SRPP-like protein At3g05500
gene:evm.TU.04.2316	cds.novel_model_5135_5bd9a17a	Y3550_ARATH	67.089	237	77	1	1	236	1	237	1.24e-109	318	84.81	Y3550_ARATH REF/SRPP-like protein At3g05500
gene:evm.TU.02.3191	cds.novel_model_5141_5bd9a17a.6.5bd9b13a	Y3550_ARATH	72.483	149	41	0	2	150	89	237	1.01e-70	216	89.93	Y3550_ARATH REF/SRPP-like protein At3g05500
gene:evm.TU.02.319	cds.novel_model_5139_5bd9a17a.4.5bd9b13a	Y3550_ARATH	72.483	149	41	0	2	150	89	237	1.01e-70	216	89.93	Y3550_ARATH REF/SRPP-like protein At3g05500
gene:evm.TU.02.3192	cds.novel_model_5138_5bd9a17a.1.5bd9b13a	Y3550_ARATH	72.973	148	40	0	13	160	90	237	1.67e-70	216	89.86	Y3550_ARATH REF/SRPP-like protein At3g05500
gene:evm.TU.02.3197	cds.novel_model_5140_5bd9a17a.5.5bd9b13a	Y3550_ARATH	71.552	116	33	0	1	116	122	237	1.08e-57	181	89.66	Y3550_ARATH REF/SRPP-like protein At3g05500
gene:evm.TU.02.3193	cds.novel_model_5136_5bd9a17a.2.5bd9b13a	Y3550_ARATH	67.089	237	76	1	1	235	1	237	4.78e-109	317	84.39	Y3550_ARATH REF/SRPP-like protein At3g05500
gene:evm.TU.02.3198	cds.evm.model.04.564.2.5bd9b137	RK18_ARATH	73.457	162	40	1	2	160	9	170	6.03e-80	237	83.33	RK18_ARATH Large ribosomal subunit protein uL18c {ECO:0000303|PubMed:36423343}
gene:evm.TU.02.3196	cds.evm.model.04.564	RK18_ARATH	73.457	162	40	1	2	160	9	170	6.03e-80	237	83.33	RK18_ARATH Large ribosomal subunit protein uL18c {ECO:0000303|PubMed:36423343}
gene:evm.TU.02.3190	cds.evm.model.04.564.1.5bd9b137	RK18_ARATH	68.142	113	33	1	2	111	9	121	6.30e-45	146	76.99	RK18_ARATH Large ribosomal subunit protein uL18c {ECO:0000303|PubMed:36423343}
gene:evm.TU.02.3194	cds.evm.model.02.3062	RL373_ARATH	93.976	83	5	0	1	83	1	83	1.83e-53	165	98.80	RL373_ARATH Large ribosomal subunit protein eL37x {ECO:0000303|PubMed:36423343}
gene:evm.TU.02.3195	cds.evm.model.07.1039	SEOB_ARATH	31.831	710	413	20	30	680	36	733	3.87e-104	336	50.42	SEOB_ARATH Protein SIEVE ELEMENT OCCLUSION B {ECO:0000303|PubMed:20932300}
gene:evm.TU.02.3199	cds.evm.model.07.1039.1.5bd9b13c	SEOB_ARATH	32.064	499	300	14	30	495	36	528	1.31e-64	226	51.70	SEOB_ARATH Protein SIEVE ELEMENT OCCLUSION B {ECO:0000303|PubMed:20932300}
gene:evm.TU.04.1285	cds.evm.model.07.1039.2.5bd9b13c	SEOB_ARATH	32.438	447	247	12	3	400	293	733	1.56e-71	241	51.23	SEOB_ARATH Protein SIEVE ELEMENT OCCLUSION B {ECO:0000303|PubMed:20932300}
gene:evm.TU.04.1285	cds.evm.model.04.1962	CSPLN_ARALL	57.895	152	62	1	31	180	1	152	3.47e-54	172	71.05	CSPLN_ARALL CASP-like protein ARALYDRAFT_485429
gene:evm.TU.04.1285	cds.novel_model_3091_5bd9a17a	PITC_DICDI	33.333	210	123	6	71	268	73	277	9.02e-25	104	51.43	PITC_DICDI Phosphatidylinositol transfer protein 3
gene:evm.TU.02.3247	cds.novel_model_6198_5bd9a17a	CSPLC_POPTR	69.231	169	52	0	20	188	2	170	1.33e-88	260	88.76	CSPLC_POPTR CASP-like protein 2D1
gene:evm.TU.04.895	cds.evm.model.09.1338	BBE15_ARATH	66.221	524	169	4	15	536	11	528	0.0	712	80.53	BBE15_ARATH Monolignol oxidoreductase AtBBE-like 15 {ECO:0000303|PubMed:26037923}
gene:evm.TU.06.1626	cds.evm.model.06.1433	TC753_ARATH	85.942	690	96	1	129	817	129	818	0.0	1264	93.48	TC753_ARATH Protein TOC75-3, chloroplastic {ECO:0000305}
gene:novel_gene_699_5bd9a17a	cds.evm.model.01.1496	CASP1_RICCO	65.829	199	65	2	6	201	2	200	3.29e-79	238	78.89	CASP1_RICCO Casparian strip membrane protein 1
gene:evm.TU.04.1125	cds.evm.model.02.2878.2.5bd9b136	PNSB3_ARATH	51.240	121	46	4	1	112	1	117	2.28e-29	107	66.12	PNSB3_ARATH Photosynthetic NDH subunit of subcomplex B 3, chloroplastic {ECO:0000303|PubMed:21785130}
gene:evm.TU.04.1125	cds.evm.model.02.2878.1.5bd9b136	PNSB3_ARATH	61.881	202	63	5	1	193	1	197	6.22e-79	237	73.27	PNSB3_ARATH Photosynthetic NDH subunit of subcomplex B 3, chloroplastic {ECO:0000303|PubMed:21785130}
gene:evm.TU.04.1125	cds.evm.model.02.2878	PNSB3_ARATH	62.189	201	63	4	1	192	1	197	1.01e-80	241	73.63	PNSB3_ARATH Photosynthetic NDH subunit of subcomplex B 3, chloroplastic {ECO:0000303|PubMed:21785130}
gene:evm.TU.04.1125	cds.evm.model.01.2114	CKB22_ARATH	81.230	309	58	0	1	309	1	309	0.0	537	91.26	CKB22_ARATH Cyclin-dependent kinase B2-2
gene:evm.TU.04.1125	cds.evm.model.06.1499	OEP16_PEA	73.288	146	39	0	1	146	1	146	2.62e-66	201	87.67	OEP16_PEA Outer envelope pore protein 16, chloroplastic
gene:evm.TU.10.1245	cds.evm.model.09.852	CHX20_ARATH	54.057	838	307	15	2	791	8	815	0.0	744	67.30	CHX20_ARATH Cation/H(+) antiporter 20
gene:evm.TU.10.1245	cds.evm.model.05.332	Y5248_ARATH	64.699	881	272	15	10	863	4	872	0.0	1127	78.09	Y5248_ARATH G-type lectin S-receptor-like serine/threonine-protein kinase At5g24080
gene:evm.TU.10.1245	cds.evm.model.04.202	AOR_ARATH	82.857	315	54	0	73	387	72	386	0.0	535	92.06	AOR_ARATH NADPH-dependent alkenal/one oxidoreductase, chloroplastic {ECO:0000303|PubMed:21169366}
gene:evm.TU.10.1245	cds.evm.model.02.2922.1.5bd9b136	ILL4_ARATH	73.089	327	87	1	14	340	115	440	4.61e-173	491	84.10	ILL4_ARATH IAA-amino acid hydrolase ILR1-like 4 {ECO:0000303|PubMed:10072397}
gene:evm.TU.10.1245	cds.evm.model.02.2922	ILL4_ARATH	70.562	445	126	2	1	445	1	440	0.0	651	82.92	ILL4_ARATH IAA-amino acid hydrolase ILR1-like 4 {ECO:0000303|PubMed:10072397}
gene:evm.TU.10.1245	cds.novel_model_5075_5bd9a17a	GIF1_ARATH	62.447	237	46	8	1	221	1	210	9.64e-59	187	69.20	GIF1_ARATH GRF1-interacting factor 1 {ECO:0000303|PubMed:15326298}
gene:evm.TU.10.1245	cds.novel_model_5077_5bd9a17a.2.5bd9b13a	GIF1_ARATH	51.429	175	42	8	1	159	63	210	7.07e-13	66.6	59.43	GIF1_ARATH GRF1-interacting factor 1 {ECO:0000303|PubMed:15326298}
gene:evm.TU.10.1245	cds.novel_model_5076_5bd9a17a.1.5bd9b13a	GIF1_ARATH	62.447	237	46	8	1	221	1	210	9.64e-59	187	69.20	GIF1_ARATH GRF1-interacting factor 1 {ECO:0000303|PubMed:15326298}
gene:evm.TU.10.1245	cds.evm.model.05.1251	C80B3_PAPSO	45.909	440	230	7	3	440	47	480	8.25e-137	404	66.59	C80B3_PAPSO (S)-N-methylcoclaurine 3'-hydroxylase isozyme 1 {ECO:0000305}
gene:evm.TU.10.1245	cds.novel_model_6495_5bd9a17a	SYHC_ARATH	56.716	134	53	2	1	129	750	883	7.42e-41	147	73.13	SYHC_ARATH Histidine--tRNA ligase, cytoplasmic {ECO:0000305}
gene:evm.TU.10.1245	cds.novel_model_5904_5bd9a17a.12.5bd9b13b	RS261_ARATH	80.435	46	7	2	2	46	72	116	5.59e-16	69.3	84.78	RS261_ARATH Small ribosomal subunit protein eS26y {ECO:0000303|PubMed:36423343}
gene:evm.TU.10.1245	cds.novel_model_5893_5bd9a17a.5.5bd9b13b	RS263_ARATH	85.470	117	15	2	1	116	1	116	3.06e-66	199	89.74	RS263_ARATH Small ribosomal subunit protein eS26x {ECO:0000303|PubMed:36423343}
gene:evm.TU.10.1245	cds.novel_model_5900_5bd9a17a.6.5bd9b13b	RS26_ORYSJ	91.803	61	5	0	1	61	1	61	2.34e-35	118	96.72	RS26_ORYSJ Small ribosomal subunit protein eS26 {ECO:0000305}
gene:evm.TU.04.1763	cds.novel_model_5897_5bd9a17a.2.5bd9b13b	RS263_ARATH	83.761	117	15	3	1	114	1	116	1.19e-62	190	88.03	RS263_ARATH Small ribosomal subunit protein eS26x {ECO:0000303|PubMed:36423343}
gene:evm.TU.04.1763	cds.novel_model_5896_5bd9a17a.1.5bd9b13b	RS261_ARATH	83.051	118	18	1	1	118	1	116	7.45e-65	196	85.59	RS261_ARATH Small ribosomal subunit protein eS26y {ECO:0000303|PubMed:36423343}
gene:evm.TU.04.1763	cds.novel_model_5899_5bd9a17a.8.5bd9b13b	RS263_ARATH	89.423	104	11	0	1	104	1	104	2.30e-63	191	92.31	RS263_ARATH Small ribosomal subunit protein eS26x {ECO:0000303|PubMed:36423343}
gene:evm.TU.01.2561	cds.novel_model_5901_5bd9a17a.10.5bd9b13b	RS261_ARATH	78.723	47	8	2	1	46	71	116	4.75e-16	69.3	82.98	RS261_ARATH Small ribosomal subunit protein eS26y {ECO:0000303|PubMed:36423343}
gene:evm.TU.10.416	cds.novel_model_5895_5bd9a17a.4.5bd9b13b	RS261_ARATH	83.051	118	18	1	1	118	1	116	6.98e-65	196	85.59	RS261_ARATH Small ribosomal subunit protein eS26y {ECO:0000303|PubMed:36423343}
gene:evm.TU.10.1422	cds.novel_model_5903_5bd9a17a.11.5bd9b13b	RS26_ORYSJ	91.803	61	5	0	1	61	1	61	3.22e-36	121	96.72	RS26_ORYSJ Small ribosomal subunit protein eS26 {ECO:0000305}
gene:evm.TU.01.278	cds.novel_model_5892_5bd9a17a	RS261_ARATH	85.470	117	15	2	1	116	1	116	2.80e-66	199	89.74	RS261_ARATH Small ribosomal subunit protein eS26y {ECO:0000303|PubMed:36423343}
gene:evm.TU.01.2784	cds.novel_model_5894_5bd9a17a.3.5bd9b13b	RS261_ARATH	85.470	117	15	2	1	116	1	116	2.80e-66	199	89.74	RS261_ARATH Small ribosomal subunit protein eS26y {ECO:0000303|PubMed:36423343}
gene:evm.TU.01.2785	cds.novel_model_5902_5bd9a17a.7.5bd9b13b	RS261_ARATH	80.435	46	7	2	2	46	72	116	5.59e-16	69.3	84.78	RS261_ARATH Small ribosomal subunit protein eS26y {ECO:0000303|PubMed:36423343}
gene:evm.TU.01.2786	cds.novel_model_5898_5bd9a17a.9.5bd9b13b	RS263_ARATH	89.423	104	11	0	1	104	1	104	2.30e-63	191	92.31	RS263_ARATH Small ribosomal subunit protein eS26x {ECO:0000303|PubMed:36423343}
gene:evm.TU.01.2782	cds.evm.model.10.46	CCNB1_SOYBN	64.811	449	141	7	1	435	1	446	0.0	527	75.95	CCNB1_SOYBN G2/mitotic-specific cyclin S13-6
gene:evm.TU.01.2783	cds.evm.model.07.1035	SEOB_ARATH	31.303	706	413	19	27	673	36	728	2.93e-103	334	51.42	SEOB_ARATH Protein SIEVE ELEMENT OCCLUSION B {ECO:0000303|PubMed:20932300}
gene:evm.TU.01.2781	cds.evm.model.07.1035.1.5bd9b13c	SEOB_ARATH	31.801	522	293	17	9	474	214	728	5.66e-76	256	51.92	SEOB_ARATH Protein SIEVE ELEMENT OCCLUSION B {ECO:0000303|PubMed:20932300}
gene:evm.TU.01.2789	cds.evm.model.07.1035.1.5bd9b13c.1.5bdae6da	SEOB_ARATH	32.573	307	169	9	1	276	429	728	4.98e-46	167	50.49	SEOB_ARATH Protein SIEVE ELEMENT OCCLUSION B {ECO:0000303|PubMed:20932300}
gene:evm.TU.01.2780	cds.evm.model.04.2443	ITH5_CUCMA	59.649	57	21	1	6	62	3	57	9.58e-16	68.2	70.18	ITH5_CUCMA Inhibitor of trypsin and hageman factor
gene:evm.TU.01.2787	cds.evm.model.08.1881	DODA_BETVU	64.773	264	89	3	3	265	7	267	1.95e-123	355	78.79	DODA_BETVU 4,5-DOPA dioxygenase extradiol
gene:evm.TU.01.2788	cds.evm.model.02.1178	PCKA1_ARATH	80.060	672	119	5	10	681	15	671	0.0	1126	88.54	PCKA1_ARATH Phosphoenolpyruvate carboxykinase (ATP) 1 {ECO:0000303|PubMed:17283014}
gene:evm.TU.02.146	cds.evm.model.10.817	MLP31_ARATH	41.722	151	87	1	5	154	17	167	8.38e-37	127	59.60	MLP31_ARATH MLP-like protein 31
gene:evm.TU.02.1462	cds.evm.model.06.1420.3.5bd9b13b	P2C03_ARATH	47.735	287	112	6	1	264	1	272	1.85e-76	243	61.32	P2C03_ARATH Protein phosphatase 2C 3 {ECO:0000303|PubMed:19021904}
gene:evm.TU.02.1468	cds.evm.model.06.1420	P2C24_ARATH	68.224	321	86	4	92	411	57	362	3.92e-153	440	78.50	P2C24_ARATH Probable protein phosphatase 2C 24
gene:evm.TU.02.1466	cds.evm.model.06.1420.4.5bd9b13b	P2C03_ARATH	47.735	287	112	6	1	264	1	272	1.85e-76	243	61.32	P2C03_ARATH Protein phosphatase 2C 3 {ECO:0000303|PubMed:19021904}
gene:evm.TU.02.1469	cds.evm.model.06.1420.1.5bd9b13b	P2C24_ARATH	67.913	321	86	5	92	410	57	362	2.37e-150	433	78.19	P2C24_ARATH Probable protein phosphatase 2C 24
gene:evm.TU.02.1460	cds.evm.model.06.1420.2.5bd9b13b	P2C03_ARATH	52.336	321	115	6	1	298	1	306	1.69e-101	307	64.49	P2C03_ARATH Protein phosphatase 2C 3 {ECO:0000303|PubMed:19021904}
gene:evm.TU.02.1465	cds.evm.model.07.536	PPDK_MESCR	87.542	891	110	1	76	966	59	948	0.0	1649	94.84	PPDK_MESCR Pyruvate, phosphate dikinase, chloroplastic
gene:evm.TU.02.1464	cds.novel_model_5096_5bd9a17a	ENL15_ARATH	50.276	181	79	4	9	184	2	176	5.78e-55	174	64.64	ENL15_ARATH Early nodulin-like protein 15 {ECO:0000303|PubMed:19897921}
gene:evm.TU.02.1463	cds.evm.model.07.1339	RAGP2_ARATH	69.853	544	157	2	3	539	2	545	0.0	697	84.38	RAGP2_ARATH RAN GTPase-activating protein 2
gene:evm.TU.02.1461	cds.evm.model.07.1840	MYB60_VITVI	86.301	146	16	1	1	146	1	142	4.36e-92	273	93.84	MYB60_VITVI Transcription factor MYB60 {ECO:0000303|PubMed:18647406}
gene:evm.TU.02.1467	cds.evm.model.07.1651	CAP13_ARATH	51.370	292	133	4	1	291	1	284	3.51e-106	317	71.92	CAP13_ARATH Putative clathrin assembly protein At1g25240
gene:evm.TU.01.746	cds.evm.model.02.2085.1.5bd9b136	UBC4_SOLLC	95.270	148	2	1	1	143	1	148	6.52e-101	288	95.95	UBC4_SOLLC Ubiquitin-conjugating enzyme E2-17 kDa
gene:novel_gene_1140_5bd9a17a	cds.evm.model.02.2085.2.5bd9b136	UBC9_ARATH	96.190	105	4	0	1	105	1	105	6.13e-72	213	99.05	UBC9_ARATH SUMO-conjugating enzyme UBC9
gene:novel_gene_1140_5bd9a17a	cds.evm.model.02.2085	UBC4_SOLLC	98.649	148	2	0	1	148	1	148	2.70e-107	304	99.32	UBC4_SOLLC Ubiquitin-conjugating enzyme E2-17 kDa
gene:novel_gene_1140_5bd9a17a	cds.evm.model.06.1617	PTR31_ARATH	68.939	132	37	2	149	276	416	547	2.58e-54	187	83.33	PTR31_ARATH Protein NRT1/ PTR FAMILY 5.9
gene:evm.TU.07.958	cds.evm.model.06.1617	PTR31_ARATH	39.779	181	98	4	9	178	194	374	2.14e-28	117	56.35	PTR31_ARATH Protein NRT1/ PTR FAMILY 5.9
gene:evm.TU.04.1759	cds.evm.model.02.475	CB4C_ARATH	81.696	224	39	2	34	257	55	276	1.06e-136	389	92.41	CB4C_ARATH Chlorophyll a-b binding protein CP29.3, chloroplastic
gene:evm.TU.04.1759	cds.evm.model.08.1808	CS2_COFCA	41.243	354	172	4	1	320	28	379	2.45e-86	267	57.63	CS2_COFCA Probable caffeine synthase MTL2 {ECO:0000305}
gene:evm.TU.04.1759	cds.evm.model.07.1148	MTND1_VITVI	76.316	190	42	2	1	189	1	188	2.14e-107	308	90.00	MTND1_VITVI Acireductone dioxygenase 1 {ECO:0000255|HAMAP-Rule:MF_03154}
gene:evm.TU.08.1309	cds.evm.model.07.1148.1.5bdae6db	MTND1_VITVI	81.600	125	21	1	1	125	66	188	1.83e-74	222	92.80	MTND1_VITVI Acireductone dioxygenase 1 {ECO:0000255|HAMAP-Rule:MF_03154}
gene:evm.TU.02.2327	cds.novel_model_5841_5bd9a17a.1.5bd9b13b	CSP4_ARATH	57.360	197	66	3	4	196	13	195	1.60e-37	132	67.01	CSP4_ARATH Cold shock domain-containing protein 4
gene:evm.TU.02.729	cds.evm.model.07.1636	DCE4_ARATH	81.614	446	81	1	1	446	45	489	0.0	775	91.03	DCE4_ARATH Glutamate decarboxylase 4
gene:evm.TU.02.729	cds.evm.model.06.2158	PATL3_ARATH	67.638	343	106	1	235	572	146	488	3.91e-175	507	81.05	PATL3_ARATH Patellin-3
gene:evm.TU.02.729	cds.evm.model.07.45	GGR2_CANSA	100.000	278	0	0	1	278	10	287	0.0	579	100.00	GGR2_CANSA Heterodimeric geranylgeranyl pyrophosphate synthase small subunit 2, chloroplastic {ECO:0000303|PubMed:28355238}
gene:evm.TU.02.729	cds.novel_model_5656_5bd9a17a	WRK41_ARATH	40.341	352	143	8	7	351	6	297	1.70e-69	223	52.84	WRK41_ARATH Probable WRKY transcription factor 41
gene:evm.TU.02.729	cds.evm.model.02.3008	AB8I_ARATH	79.749	558	112	1	1	558	1	557	0.0	944	90.86	AB8I_ARATH Iron-sulfur cluster assembly SufBD family protein ABCI8, chloroplastic
gene:evm.TU.02.729	cds.evm.model.06.335.3.5bd9b13a	RL30_LUPLU	92.857	112	6	1	1	110	1	112	9.78e-72	211	96.43	RL30_LUPLU Large ribosomal subunit protein eL30 {ECO:0000305}
gene:evm.TU.02.729	cds.evm.model.06.335.1.5bd9b13a	RL30_LUPLU	98.571	70	1	0	1	70	1	70	5.64e-43	137	100.00	RL30_LUPLU Large ribosomal subunit protein eL30 {ECO:0000305}
gene:evm.TU.02.729	cds.evm.model.06.335.5.5bd9b13a	RL30_LUPLU	97.403	77	2	0	1	77	1	77	1.54e-48	152	100.00	RL30_LUPLU Large ribosomal subunit protein eL30 {ECO:0000305}
gene:evm.TU.02.729	cds.evm.model.06.335.2.5bd9b13a	RL30_LUPLU	93.396	106	7	0	3	108	7	112	4.06e-70	207	97.17	RL30_LUPLU Large ribosomal subunit protein eL30 {ECO:0000305}
gene:evm.TU.02.729	cds.evm.model.06.335.4.5bd9b13a	RL30_LUPLU	93.750	112	6	1	1	111	1	112	1.58e-72	214	97.32	RL30_LUPLU Large ribosomal subunit protein eL30 {ECO:0000305}
gene:evm.TU.02.729	cds.evm.model.06.335.6.5bd9b13a	RL30_LUPLU	97.403	77	2	0	1	77	1	77	1.54e-48	152	100.00	RL30_LUPLU Large ribosomal subunit protein eL30 {ECO:0000305}
gene:evm.TU.02.729	cds.evm.model.06.335	RL30_LUPLU	94.643	112	6	0	1	112	1	112	6.36e-75	220	98.21	RL30_LUPLU Large ribosomal subunit protein eL30 {ECO:0000305}
gene:evm.TU.09.272	cds.evm.model.07.850	TS5FN_CANSA	71.857	533	142	6	8	535	44	573	0.0	780	82.55	TS5FN_CANSA Myrcene synthase TPS5FN {ECO:0000303|PubMed:28355238}
gene:novel_gene_1198_5bd9a17a	cds.evm.model.07.412	ODB2_ARATH	58.683	501	181	6	1	493	1	483	0.0	565	73.85	ODB2_ARATH Lipoamide acyltransferase component of branched-chain alpha-keto acid dehydrogenase complex, mitochondrial
gene:novel_gene_1198_5bd9a17a	cds.evm.model.03.88	RSSA_CICAR	66.667	174	43	8	483	650	136	300	1.24e-63	215	72.41	RSSA_CICAR Small ribosomal subunit protein uS2 {ECO:0000255|HAMAP-Rule:MF_03015}
gene:novel_gene_1198_5bd9a17a	cds.evm.model.09.1661	RK10_TOBAC	72.727	209	44	2	31	227	17	224	8.20e-107	310	83.25	RK10_TOBAC Large ribosomal subunit protein uL10c {ECO:0000305}
gene:novel_gene_1198_5bd9a17a	cds.novel_model_5081_5bd9a17a	SIB2_ARATH	34.091	132	60	6	1	109	1	128	8.37e-10	58.2	49.24	SIB2_ARATH Sigma factor binding protein 2, chloroplastic
gene:evm.TU.08.330	cds.evm.model.07.1593	Y3028_ARATH	35.955	445	269	9	10	446	4	440	3.09e-85	271	57.08	Y3028_ARATH Uncharacterized acetyltransferase At3g50280
gene:evm.TU.01.1076	cds.evm.model.02.1929	CLCC_ARATH	76.471	357	82	2	1	355	215	571	2.43e-179	520	87.39	CLCC_ARATH Chloride channel protein CLC-c
gene:evm.TU.06.2001	cds.evm.model.02.1929.1.5bd9b135	CLCC_ARATH	76.471	357	82	2	1	355	215	571	2.43e-179	520	87.39	CLCC_ARATH Chloride channel protein CLC-c
gene:evm.TU.01.373	cds.evm.model.02.1462	RLA1_MAIZE	67.188	64	21	0	1	64	1	64	2.59e-24	92.4	84.38	RLA1_MAIZE Large ribosomal subunit protein P1 {ECO:0000305}
gene:evm.TU.01.373	cds.evm.model.09.205	GCSH2_ARATH	78.846	156	32	1	1	155	1	156	2.43e-88	257	90.38	GCSH2_ARATH Glycine cleavage system H protein 2, mitochondrial
gene:evm.TU.01.373	cds.evm.model.06.672.4.5bd9b13a.7.5bdae6db	THA1_ARATH	80.137	146	29	0	1	146	1	146	2.44e-82	249	88.36	THA1_ARATH Low-specificity L-threonine aldolase 1 {ECO:0000303|PubMed:15255874, ECO:0000303|PubMed:17172352}
gene:evm.TU.03.1213	cds.evm.model.06.672.8.5bd9b13a	THA1_ARATH	72.881	354	96	0	1	354	1	354	0.0	551	88.14	THA1_ARATH Low-specificity L-threonine aldolase 1 {ECO:0000303|PubMed:15255874, ECO:0000303|PubMed:17172352}
gene:evm.TU.03.599	cds.evm.model.06.672.9.5bd9b13a	THA1_ARATH	73.699	346	91	0	1	346	1	346	0.0	547	88.73	THA1_ARATH Low-specificity L-threonine aldolase 1 {ECO:0000303|PubMed:15255874, ECO:0000303|PubMed:17172352}
gene:evm.TU.09.1185	cds.evm.model.06.672.4.5bd9b13a.5.5bdae6db	THA1_ARATH	80.137	146	29	0	1	146	1	146	2.44e-82	249	88.36	THA1_ARATH Low-specificity L-threonine aldolase 1 {ECO:0000303|PubMed:15255874, ECO:0000303|PubMed:17172352}
gene:evm.TU.10.1892	cds.evm.model.06.672.2.5bd9b13a	THA1_ARATH	72.881	354	96	0	1	354	1	354	0.0	551	88.14	THA1_ARATH Low-specificity L-threonine aldolase 1 {ECO:0000303|PubMed:15255874, ECO:0000303|PubMed:17172352}
gene:evm.TU.10.1892	cds.evm.model.06.672.10.5bd9b13a	THA1_ARATH	73.639	349	92	0	12	360	1	349	0.0	551	88.83	THA1_ARATH Low-specificity L-threonine aldolase 1 {ECO:0000303|PubMed:15255874, ECO:0000303|PubMed:17172352}
gene:evm.TU.05.1861	cds.evm.model.06.672.4.5bd9b13a.4.5bdae6db	THA1_ARATH	80.137	146	29	0	1	146	1	146	2.44e-82	249	88.36	THA1_ARATH Low-specificity L-threonine aldolase 1 {ECO:0000303|PubMed:15255874, ECO:0000303|PubMed:17172352}
gene:evm.TU.10.1937	cds.evm.model.06.672.6.5bd9b13a	THA1_ARATH	72.881	354	96	0	1	354	1	354	0.0	551	88.14	THA1_ARATH Low-specificity L-threonine aldolase 1 {ECO:0000303|PubMed:15255874, ECO:0000303|PubMed:17172352}
gene:evm.TU.09.316	cds.evm.model.06.672.1.5bd9b13a	THA1_ARATH	72.881	354	96	0	1	354	1	354	0.0	551	88.14	THA1_ARATH Low-specificity L-threonine aldolase 1 {ECO:0000303|PubMed:15255874, ECO:0000303|PubMed:17172352}
gene:evm.TU.07.755	cds.evm.model.06.672.4.5bd9b13a	THA1_ARATH	77.941	272	60	0	1	272	1	272	1.05e-159	451	89.71	THA1_ARATH Low-specificity L-threonine aldolase 1 {ECO:0000303|PubMed:15255874, ECO:0000303|PubMed:17172352}
gene:evm.TU.07.755	cds.evm.model.06.672.4.5bd9b13a.1.5bdae6db	THA1_ARATH	80.137	146	29	0	12	157	1	146	3.08e-82	249	88.36	THA1_ARATH Low-specificity L-threonine aldolase 1 {ECO:0000303|PubMed:15255874, ECO:0000303|PubMed:17172352}
gene:evm.TU.09.381	cds.evm.model.06.672.5.5bd9b13a	THA1_ARATH	72.881	354	96	0	1	354	1	354	0.0	551	88.14	THA1_ARATH Low-specificity L-threonine aldolase 1 {ECO:0000303|PubMed:15255874, ECO:0000303|PubMed:17172352}
gene:evm.TU.02.1534	cds.evm.model.06.672.4.5bd9b13a.3.5bdae6db	THA1_ARATH	80.137	146	29	0	1	146	1	146	2.44e-82	249	88.36	THA1_ARATH Low-specificity L-threonine aldolase 1 {ECO:0000303|PubMed:15255874, ECO:0000303|PubMed:17172352}
gene:evm.TU.02.1534	cds.evm.model.06.672.4.5bd9b13a.6.5bdae6db	THA1_ARATH	80.137	146	29	0	1	146	1	146	2.44e-82	249	88.36	THA1_ARATH Low-specificity L-threonine aldolase 1 {ECO:0000303|PubMed:15255874, ECO:0000303|PubMed:17172352}
gene:evm.TU.02.1534	cds.evm.model.06.672.4.5bd9b13a.2.5bdae6db	THA1_ARATH	80.137	146	29	0	1	146	1	146	2.44e-82	249	88.36	THA1_ARATH Low-specificity L-threonine aldolase 1 {ECO:0000303|PubMed:15255874, ECO:0000303|PubMed:17172352}
gene:evm.TU.07.1816	cds.evm.model.06.672.7.5bd9b13a	THA1_ARATH	72.881	354	96	0	1	354	1	354	0.0	551	88.14	THA1_ARATH Low-specificity L-threonine aldolase 1 {ECO:0000303|PubMed:15255874, ECO:0000303|PubMed:17172352}
gene:evm.TU.04.1362	cds.evm.model.06.672	THA1_ARATH	72.881	354	96	0	1	354	1	354	0.0	551	88.14	THA1_ARATH Low-specificity L-threonine aldolase 1 {ECO:0000303|PubMed:15255874, ECO:0000303|PubMed:17172352}
gene:evm.TU.02.1722	cds.evm.model.06.672.3.5bd9b13a	THA1_ARATH	71.745	361	99	1	1	361	1	358	0.0	549	86.43	THA1_ARATH Low-specificity L-threonine aldolase 1 {ECO:0000303|PubMed:15255874, ECO:0000303|PubMed:17172352}
gene:evm.TU.02.1722	cds.evm.model.05.1611	14KD_DAUCA	47.794	136	43	1	1	108	1	136	1.56e-36	123	64.71	14KD_DAUCA 14 kDa proline-rich protein DC2.15
gene:evm.TU.02.1722	cds.evm.model.07.1705	ICI_LINUS	53.968	63	29	0	6	68	6	68	8.92e-18	72.4	69.84	ICI_LINUS Proteinase inhibitor
gene:evm.TU.05.1690	cds.evm.model.04.1168.3.5bd9b138	MLX56_MORAL	57.616	151	56	2	26	173	122	267	2.70e-54	180	73.51	MLX56_MORAL Mulatexin {ECO:0000303|PubMed:19476960}
gene:evm.TU.10.339	cds.evm.model.04.1168.1.5bd9b138	MLX56_MORAL	62.222	135	43	2	26	157	122	251	2.22e-54	179	78.52	MLX56_MORAL Mulatexin {ECO:0000303|PubMed:19476960}
gene:evm.TU.07.216	cds.evm.model.04.1168.2.5bd9b138	MLX56_MORAL	57.616	151	56	2	26	173	122	267	2.70e-54	180	73.51	MLX56_MORAL Mulatexin {ECO:0000303|PubMed:19476960}
gene:evm.TU.06.138	cds.evm.model.04.1168.1.5bdae6db	MLX56_MORAL	60.068	293	95	7	26	313	122	397	6.74e-117	346	72.35	MLX56_MORAL Mulatexin {ECO:0000303|PubMed:19476960}
gene:evm.TU.06.138	cds.evm.model.04.1168	MLX56_MORAL	62.222	135	43	2	26	157	122	251	2.22e-54	179	78.52	MLX56_MORAL Mulatexin {ECO:0000303|PubMed:19476960}
gene:evm.TU.06.1382	cds.novel_model_6562_5bd9a17a	PSAF_ARATH	74.892	231	46	4	1	229	1	221	6.54e-119	340	83.98	PSAF_ARATH Photosystem I reaction center subunit III, chloroplastic
gene:evm.TU.06.1384	cds.evm.model.02.3089	IAA17_ARATH	51.364	220	64	6	14	190	4	223	2.46e-63	198	63.18	IAA17_ARATH Auxin-responsive protein IAA17
gene:evm.TU.06.1383	cds.evm.model.07.6	FAO1_LOTJA	62.712	590	208	6	2	587	167	748	0.0	744	78.64	FAO1_LOTJA Long-chain-alcohol oxidase FAO1
gene:evm.TU.06.1389	cds.evm.model.10.1469	HATB_ARATH	57.235	463	194	2	1	463	1	459	0.0	554	76.24	HATB_ARATH Histone acetyltransferase type B catalytic subunit
gene:evm.TU.06.1389	cds.evm.model.01.1024.1.5bd9b135	NFD4_ARATH	26.835	436	300	10	3	423	140	571	3.04e-35	140	47.94	NFD4_ARATH Protein NUCLEAR FUSION DEFECTIVE 4 {ECO:0000303|PubMed:16698901}
gene:evm.TU.06.1389	cds.evm.model.01.1024	NFD4_ARATH	29.740	538	358	11	14	537	40	571	1.93e-62	218	50.19	NFD4_ARATH Protein NUCLEAR FUSION DEFECTIVE 4 {ECO:0000303|PubMed:16698901}
gene:evm.TU.06.1389	cds.evm.model.06.1365	SWT16_ORYSJ	50.859	291	123	5	6	286	5	285	1.25e-84	260	67.01	SWT16_ORYSJ Bidirectional sugar transporter SWEET16
gene:evm.TU.06.1389	cds.novel_model_4498_5bd9a17a	H32_WHEAT	100.000	136	0	0	1	136	1	136	5.00e-95	272	100.00	H32_WHEAT Histone H3.2
gene:evm.TU.06.1386	cds.evm.model.ctgX8.7	ECH2_ARATH	72.695	282	76	1	11	291	28	309	1.41e-150	440	86.17	ECH2_ARATH Enoyl-CoA hydratase 2, peroxisomal
gene:evm.TU.06.1381	cds.novel_model_2129_5bd9a17a	ATL23_ARATH	54.015	137	58	3	1	133	28	163	8.83e-47	151	72.26	ATL23_ARATH E3 ubiquitin-protein ligase ATL23
gene:evm.TU.06.1380	cds.evm.model.05.1960	1A1C_SOYBN	70.408	490	137	4	1	490	1	482	0.0	751	86.33	1A1C_SOYBN 1-aminocyclopropane-1-carboxylate synthase
gene:evm.TU.06.1385	cds.evm.model.01.3001	ACC1_ARATH	82.051	2262	388	8	10	2261	1	2254	0.0	3875	90.23	ACC1_ARATH Acetyl-CoA carboxylase 1
gene:evm.TU.06.1385	cds.novel_model_7516_5bd9a17a	BEBT_TOBAC	75.347	288	70	1	1	288	169	455	5.87e-159	453	85.07	BEBT_TOBAC Benzyl alcohol O-benzoyltransferase
gene:evm.TU.06.1385	cds.novel_model_7517_5bd9a17a.1.5bd9b13e	BEBT1_PETHY	75.223	448	108	2	3	450	9	453	0.0	707	85.94	BEBT1_PETHY Benzyl alcohol O-benzoyltransferase {ECO:0000303|PubMed:15286288}
gene:evm.TU.06.1387	cds.novel_model_7169_5bd9a17a	KITHA_ARATH	72.277	202	56	0	18	219	30	231	4.45e-111	322	86.63	KITHA_ARATH Thymidine kinase a {ECO:0000303|PubMed:22897443}
gene:evm.TU.06.1388	cds.evm.model.02.1187	RIPK_ARATH	69.231	455	124	9	1	441	1	453	0.0	607	78.90	RIPK_ARATH Serine/threonine-protein kinase RIPK {ECO:0000305}
gene:evm.TU.06.1388	cds.evm.model.04.704	GXM1_ARATH	71.134	291	70	4	1	286	1	282	7.16e-149	421	83.85	GXM1_ARATH Glucuronoxylan 4-O-methyltransferase 1
gene:evm.TU.06.1388	cds.evm.model.04.1600	AGL21_ARATH	74.038	104	18	2	1	104	1	95	4.30e-47	154	85.58	AGL21_ARATH Agamous-like MADS-box protein AGL21
gene:evm.TU.06.138	cds.evm.model.10.1838	PER55_ARATH	65.015	323	111	2	4	326	10	330	4.58e-149	425	76.16	PER55_ARATH Peroxidase 55
gene:evm.TU.05.1544	cds.evm.model.07.626.1.5bd9b13b	PME35_ARATH	45.485	299	133	7	41	335	36	308	1.95e-66	222	61.54	PME35_ARATH Probable pectinesterase/pectinesterase inhibitor 35
gene:evm.TU.07.1757	cds.evm.model.07.626	PME35_ARATH	56.685	531	187	10	41	565	36	529	0.0	564	70.43	PME35_ARATH Probable pectinesterase/pectinesterase inhibitor 35
gene:evm.TU.01.2950	cds.novel_model_7172_5bd9a17a	GPDL4_ARATH	54.545	319	143	2	1	318	448	765	2.24e-115	353	71.16	GPDL4_ARATH Glycerophosphodiester phosphodiesterase GDPDL4 {ECO:0000305}
gene:evm.TU.01.2950	cds.evm.model.08.829	SUMO1_ORYSJ	48.958	96	49	0	7	102	2	97	1.40e-25	94.7	65.62	SUMO1_ORYSJ Small ubiquitin-related modifier 1
gene:evm.TU.07.511	cds.evm.model.07.1302	GIP2_NICBE	66.817	443	125	8	6	437	8	439	0.0	570	77.43	GIP2_NICBE Probable aspartic proteinase GIP2 {ECO:0000305}
gene:evm.TU.08.1910	cds.evm.model.07.392	PRU1_PRUAV	63.975	161	57	1	1	161	1	160	7.83e-72	216	83.23	PRU1_PRUAV Major allergen Pru av 1
gene:evm.TU.02.3185	cds.evm.model.01.453	HBL_TRETO	88.889	153	16	1	11	163	9	160	1.17e-96	279	95.42	HBL_TRETO Anaerobic nitrite reductase GLB1 {ECO:0000250|UniProtKB:O04986}
gene:evm.TU.09.101	cds.evm.model.05.294.1.5bd9b139.1.5bdae6db	BCAT1_HUMLU	84.513	226	35	0	1	226	61	286	1.12e-145	415	90.71	BCAT1_HUMLU Branched-chain amino acid aminotransferase 1, mitochondrial {ECO:0000303|PubMed:23347725}
gene:evm.TU.09.1015	cds.evm.model.05.294.1.5bd9b139	BCAT1_HUMLU	84.797	296	45	0	1	296	61	356	0.0	538	91.22	BCAT1_HUMLU Branched-chain amino acid aminotransferase 1, mitochondrial {ECO:0000303|PubMed:23347725}
gene:evm.TU.09.1012	cds.evm.model.05.294.1.5bd9b139.2.5bdae6db	BCAT1_HUMLU	85.484	186	27	0	1	186	61	246	2.86e-119	346	90.32	BCAT1_HUMLU Branched-chain amino acid aminotransferase 1, mitochondrial {ECO:0000303|PubMed:23347725}
gene:evm.TU.09.1017	cds.evm.model.05.294	BCAT1_HUMLU	82.188	393	70	0	1	393	1	393	0.0	673	88.80	BCAT1_HUMLU Branched-chain amino acid aminotransferase 1, mitochondrial {ECO:0000303|PubMed:23347725}
gene:evm.TU.09.1019	cds.evm.model.05.294.2.5bd9b139	BCAT1_HUMLU	84.685	333	51	0	1	333	61	393	0.0	603	90.99	BCAT1_HUMLU Branched-chain amino acid aminotransferase 1, mitochondrial {ECO:0000303|PubMed:23347725}
gene:evm.TU.09.1014	cds.novel_model_5927_5bd9a17a	H32_WHEAT	99.265	136	1	0	1	136	1	136	9.87e-95	271	100.00	H32_WHEAT Histone H3.2
gene:evm.TU.09.1011	cds.evm.model.01.2739	BCP_PEA	71.605	81	21	2	1	80	18	97	1.64e-30	111	82.72	BCP_PEA Blue copper protein
gene:evm.TU.09.1018	cds.evm.model.02.2352	LEA14_SOYBN	69.799	149	44	1	3	151	4	151	9.53e-72	215	84.56	LEA14_SOYBN Desiccation protectant protein Lea14 homolog
gene:evm.TU.09.1016	cds.evm.model.04.2291	MCT10_ARATH	65.698	1032	296	15	6	1007	9	1012	0.0	1338	79.94	MCT10_ARATH Multiple C2 domain and transmembrane region protein 10 {ECO:0000303|PubMed:29259105}
gene:evm.TU.09.1013	cds.evm.model.09.1673	VPS2B_ARATH	84.434	212	23	1	1	212	21	222	3.23e-118	338	89.15	VPS2B_ARATH Vacuolar protein sorting-associated protein 2 homolog 2
gene:evm.TU.09.1010	cds.evm.model.08.1961	MASY_RICCO	85.057	522	76	2	289	809	47	567	0.0	951	92.15	MASY_RICCO Malate synthase, glyoxysomal
gene:evm.TU.10.144	cds.evm.model.07.1004	HMGB7_ARATH	52.907	172	74	3	8	176	12	179	5.15e-45	152	68.02	HMGB7_ARATH High mobility group B protein 7
gene:evm.TU.10.144	cds.novel_model_2884_5bd9a17a	PNSL5_ARATH	83.333	108	18	0	1	108	150	257	1.15e-66	204	96.30	PNSL5_ARATH Photosynthetic NDH subunit of lumenal location 5, chloroplastic {ECO:0000303|PubMed:21785130}
gene:evm.TU.10.1445	cds.novel_model_2886_5bd9a17a.1.5bd9b137	PNSL5_ARATH	91.379	58	5	0	1	58	150	207	2.79e-33	117	100.00	PNSL5_ARATH Photosynthetic NDH subunit of lumenal location 5, chloroplastic {ECO:0000303|PubMed:21785130}
gene:evm.TU.10.1441	cds.novel_model_2885_5bd9a17a.2.5bd9b137	PNSL5_ARATH	81.622	185	33	1	76	259	73	257	7.26e-116	335	93.51	PNSL5_ARATH Photosynthetic NDH subunit of lumenal location 5, chloroplastic {ECO:0000303|PubMed:21785130}
gene:evm.TU.10.1449	cds.evm.model.02.3052	RR17_ARATH	63.694	157	46	4	3	159	2	147	2.64e-59	184	77.71	RR17_ARATH Small ribosomal subunit protein uS17c {ECO:0000303|PubMed:36423343}
gene:evm.TU.10.1443	cds.evm.model.09.1506	FBK17_ARATH	71.605	405	107	2	1	404	1	398	0.0	615	84.20	FBK17_ARATH F-box/kelch-repeat protein At1g30090
gene:evm.TU.10.1446	cds.novel_model_6534_5bd9a17a	LAC7_ARATH	57.831	83	34	1	5	86	1	83	6.01e-23	94.4	74.70	LAC7_ARATH Laccase-7
gene:evm.TU.10.1447	cds.evm.model.10.1213	RFS5_ARATH	68.608	790	228	7	2	780	3	783	0.0	1140	81.27	RFS5_ARATH Probable galactinol--sucrose galactosyltransferase 5
gene:evm.TU.10.1444	cds.evm.model.01.234	PTGR3_MOUSE	45.070	355	173	7	280	621	22	367	7.74e-88	281	63.38	PTGR3_MOUSE Prostaglandin reductase-3 {ECO:0000303|PubMed:23821743}
gene:evm.TU.10.1442	cds.evm.model.06.1627	ANTR1_ARATH	85.681	433	61	1	97	529	81	512	0.0	764	90.53	ANTR1_ARATH Sodium-dependent phosphate transport protein 1, chloroplastic
gene:evm.TU.10.1440	cds.evm.model.06.1627.1.5bd9b13b	ANTR1_ARATH	84.330	351	54	1	97	447	81	430	0.0	610	89.17	ANTR1_ARATH Sodium-dependent phosphate transport protein 1, chloroplastic
gene:evm.TU.10.1448	cds.evm.model.02.2169	PHYK1_SOYBN	74.528	106	27	0	93	198	120	225	5.75e-51	170	85.85	PHYK1_SOYBN Probable phytol kinase 1, chloroplastic
gene:evm.TU.10.144	cds.evm.model.10.280	RHIE_DICD3	29.851	201	90	9	12	202	414	573	5.00e-07	53.1	37.81	RHIE_DICD3 Rhamnogalacturonate lyase
gene:evm.TU.02.2791	cds.evm.model.10.1267	PLGG1_ARATH	90.968	155	14	0	24	178	358	512	6.31e-93	282	96.77	PLGG1_ARATH Plastidal glycolate/glycerate translocator 1, chloroplastic
gene:novel_gene_2763_5bd9a17a	cds.evm.model.10.1013	FLA2_ARATH	60.051	393	145	2	8	388	11	403	1.19e-164	470	75.57	FLA2_ARATH Fasciclin-like arabinogalactan protein 2
gene:novel_gene_2763_5bd9a17a	cds.evm.model.07.1179	FLZ8_ARATH	45.367	313	119	13	1	307	1	267	2.26e-67	214	59.42	FLZ8_ARATH FCS-Like Zinc finger 8 {ECO:0000303|PubMed:24901469}
gene:novel_gene_2965_5bd9a17a	cds.evm.model.07.1179.1.5bd9b13c	FLZ8_ARATH	47.794	272	101	11	25	290	31	267	5.36e-64	205	61.76	FLZ8_ARATH FCS-Like Zinc finger 8 {ECO:0000303|PubMed:24901469}
gene:evm.TU.04.361	cds.evm.model.08.1342	ENL09_ARATH	53.684	95	38	1	3	97	95	183	1.34e-15	72.4	62.11	ENL09_ARATH Early nodulin-like protein 9 {ECO:0000303|PubMed:19897921}
gene:evm.TU.02.2447	cds.evm.model.02.1071	NFYA8_ARATH	59.000	100	40	1	36	134	120	219	1.00e-33	127	75.00	NFYA8_ARATH Nuclear transcription factor Y subunit A-8
gene:evm.TU.07.527	cds.evm.model.02.36	Y5830_ARATH	53.911	473	182	7	68	514	183	645	2.87e-157	466	70.19	Y5830_ARATH Probable inactive receptor kinase At5g58300
gene:evm.TU.02.3065	cds.evm.model.02.36	Y5830_ARATH	59.016	122	47	2	11	129	28	149	1.44e-37	150	77.87	Y5830_ARATH Probable inactive receptor kinase At5g58300
gene:novel_gene_1255_5bd9a17a	cds.evm.model.01.796	ASMT_ARATH	50.138	363	169	5	17	373	24	380	6.32e-116	345	68.87	ASMT_ARATH Acetylserotonin O-methyltransferase {ECO:0000305}
gene:novel_gene_1255_5bd9a17a	cds.evm.model.07.391	PRS2_SOLTU	51.553	161	72	3	1	161	1	155	1.03e-53	170	72.67	PRS2_SOLTU Pathogenesis-related protein STH-2
gene:novel_gene_1255_5bd9a17a	cds.evm.model.07.1558.6.5bd9b13c	RS174_ARATH	84.507	142	19	2	1	141	1	140	1.00e-81	239	90.85	RS174_ARATH Small ribosomal subunit protein eS17w {ECO:0000303|PubMed:36423343}
gene:novel_gene_1255_5bd9a17a	cds.evm.model.07.1558	RS174_ARATH	84.507	142	19	2	1	141	1	140	1.00e-81	239	90.85	RS174_ARATH Small ribosomal subunit protein eS17w {ECO:0000303|PubMed:36423343}
gene:evm.TU.09.1544	cds.evm.model.07.1558.1.5bd9b13c	RS174_ARATH	84.507	142	19	2	1	141	1	140	1.00e-81	239	90.85	RS174_ARATH Small ribosomal subunit protein eS17w {ECO:0000303|PubMed:36423343}
gene:evm.TU.06.109	cds.evm.model.07.1558.4.5bd9b13c	RS174_ARATH	84.507	142	19	2	1	141	1	140	1.00e-81	239	90.85	RS174_ARATH Small ribosomal subunit protein eS17w {ECO:0000303|PubMed:36423343}
gene:evm.TU.06.1090	cds.evm.model.07.1558.5.5bd9b13c	RS174_ARATH	84.507	142	19	2	1	141	1	140	1.00e-81	239	90.85	RS174_ARATH Small ribosomal subunit protein eS17w {ECO:0000303|PubMed:36423343}
gene:evm.TU.06.1095	cds.evm.model.07.1558.3.5bd9b13c	RS174_ARATH	84.507	142	19	2	1	141	1	140	1.00e-81	239	90.85	RS174_ARATH Small ribosomal subunit protein eS17w {ECO:0000303|PubMed:36423343}
gene:evm.TU.06.1093	cds.evm.model.07.1558.2.5bd9b13c	RS174_ARATH	84.507	142	19	2	1	141	1	140	1.00e-81	239	90.85	RS174_ARATH Small ribosomal subunit protein eS17w {ECO:0000303|PubMed:36423343}
gene:evm.TU.06.1092	cds.evm.model.02.875	MCA4_ARATH	66.047	430	126	8	1	422	1	418	0.0	562	79.30	MCA4_ARATH Metacaspase-4
gene:evm.TU.06.1096	cds.evm.model.04.2459	UNE12_ARATH	68.471	314	76	10	2	299	3	309	1.49e-121	353	76.11	UNE12_ARATH Transcription factor UNE12
gene:evm.TU.06.1097	cds.evm.model.02.2927.1.5bd9b136	CHM1A_ARATH	87.192	203	26	0	1	203	1	203	7.85e-132	371	96.06	CHM1A_ARATH ESCRT-related protein CHMP1A {ECO:0000305}
gene:evm.TU.06.1097	cds.evm.model.02.2927	CHM1A_ARATH	87.192	203	26	0	1	203	1	203	7.85e-132	371	96.06	CHM1A_ARATH ESCRT-related protein CHMP1A {ECO:0000305}
gene:evm.TU.06.1094	cds.novel_model_3194_5bd9a17a	VPEG_ARATH	42.478	226	107	4	1	225	276	479	9.61e-52	177	57.96	VPEG_ARATH Vacuolar-processing enzyme gamma-isozyme
gene:evm.TU.06.1099	cds.evm.model.10.2054	HFA4B_ORYSJ	41.458	439	226	12	13	434	12	436	6.75e-88	277	56.72	HFA4B_ORYSJ Heat stress transcription factor A-4b
gene:evm.TU.06.1098	cds.evm.model.05.42	SBT33_ARATH	55.645	620	267	5	1	614	37	654	0.0	711	72.74	SBT33_ARATH Subtilisin-like protease SBT3.3 {ECO:0000303|PubMed:16193095}
gene:evm.TU.06.1091	cds.evm.model.07.322	NEC2_NESMA	66.790	271	90	0	30	300	40	310	1.12e-129	374	80.07	NEC2_NESMA Ferritin-like catalase Nec2 {ECO:0000303|PubMed:35074876}
gene:evm.TU.06.1995	cds.evm.model.04.1	WRK40_ARATH	44.706	170	70	4	22	187	33	182	1.51e-36	131	59.41	WRK40_ARATH Probable WRKY transcription factor 40 {ECO:0000303|Ref.1}
gene:evm.TU.02.138	cds.evm.model.10.164	INV1_DAUCA	70.690	580	157	9	7	579	19	592	0.0	838	81.72	INV1_DAUCA Beta-fructofuranosidase, insoluble isoenzyme 1
gene:evm.TU.02.138	cds.evm.model.01.469	TM45B_HUMAN	26.667	210	139	4	1	203	1	202	1.63e-09	61.2	44.29	TM45B_HUMAN Transmembrane protein 45B
gene:evm.TU.02.1380	cds.evm.model.07.1742	WAV3_ARATH	29.191	346	190	15	22	347	337	647	4.41e-19	94.0	47.40	WAV3_ARATH E3 ubiquitin-protein ligase WAV3 {ECO:0000305}
gene:evm.TU.02.1389	cds.evm.model.01.1641.1.5bd9b135	PAM68_ARATH	67.598	179	48	2	112	284	40	214	1.13e-69	217	75.98	PAM68_ARATH Protein PAM68, chloroplastic
gene:evm.TU.02.1389	cds.evm.model.01.1641	PAM68_ARATH	67.598	179	48	2	45	217	40	214	2.32e-70	216	75.98	PAM68_ARATH Protein PAM68, chloroplastic
gene:evm.TU.02.1383	cds.evm.model.07.1506.6.5bd9b13c.1.5bdae6dc	SCRK3_ARATH	81.690	142	26	0	13	154	8	149	1.12e-79	242	91.55	SCRK3_ARATH Probable fructokinase-3
gene:evm.TU.02.1382	cds.evm.model.07.1506.1.5bd9b13c	SCRK2_SOLLC	84.709	327	48	1	6	332	4	328	0.0	570	91.74	SCRK2_SOLLC Fructokinase-2
gene:evm.TU.02.1385	cds.evm.model.07.1506.6.5bd9b13c	SCRK2_ARATH	84.800	250	34	1	1	250	1	246	6.60e-156	439	91.20	SCRK2_ARATH Probable fructokinase-2
gene:evm.TU.02.1387	cds.evm.model.07.1506	SCRK2_SOLLC	84.923	325	47	1	6	330	4	326	0.0	569	92.00	SCRK2_SOLLC Fructokinase-2
gene:evm.TU.02.1384	cds.evm.model.07.1506.3.5bd9b13c	SCRK2_SOLLC	84.923	325	47	1	6	330	4	326	0.0	569	92.00	SCRK2_SOLLC Fructokinase-2
gene:evm.TU.02.1381	cds.evm.model.07.1506.2.5bd9b13c	SCRK2_SOLLC	86.170	282	37	1	6	287	4	283	4.08e-180	502	92.20	SCRK2_SOLLC Fructokinase-2
gene:evm.TU.02.1388	cds.evm.model.07.1506.5.5bd9b13c	SCRK2_SOLLC	81.395	172	32	0	1	172	156	327	8.23e-100	293	89.53	SCRK2_SOLLC Fructokinase-2
gene:evm.TU.02.1386	cds.evm.model.07.1506.4.5bd9b13c	SCRK2_ARATH	84.800	250	34	1	1	250	1	246	6.60e-156	439	91.20	SCRK2_ARATH Probable fructokinase-2
gene:evm.TU.02.138	cds.evm.model.08.855	RK24_TOBAC	77.707	157	35	0	36	192	30	186	3.29e-85	252	88.54	RK24_TOBAC Large ribosomal subunit protein uL24c {ECO:0000305}
gene:evm.TU.02.1772	cds.evm.model.09.126	EFP_SYNP6	60.326	184	72	1	3	186	2	184	3.28e-75	226	76.63	EFP_SYNP6 Elongation factor P {ECO:0000255|HAMAP-Rule:MF_00141}
gene:evm.TU.01.263	cds.evm.model.01.1797	SRO2_ARATH	31.481	270	171	6	117	375	47	313	9.12e-37	139	52.22	SRO2_ARATH Probable inactive poly [ADP-ribose] polymerase SRO2
gene:evm.TU.01.2634	cds.evm.model.02.1331	CH20_ARATH	72.043	186	47	2	1	184	1	183	1.18e-88	263	84.41	CH20_ARATH 20 kDa chaperonin, chloroplastic
gene:evm.TU.01.2637	cds.evm.model.02.1331	CH20_ARATH	44.086	93	50	2	63	153	160	252	3.44e-15	74.3	64.52	CH20_ARATH 20 kDa chaperonin, chloroplastic
gene:evm.TU.01.2637	cds.evm.model.02.1331.1.5bd9b135	CH20_ARATH	72.043	186	47	2	1	184	1	183	1.18e-88	263	84.41	CH20_ARATH 20 kDa chaperonin, chloroplastic
gene:evm.TU.01.2637	cds.evm.model.02.1331.1.5bd9b135	CH20_ARATH	44.086	93	50	2	63	153	160	252	3.44e-15	74.3	64.52	CH20_ARATH 20 kDa chaperonin, chloroplastic
gene:evm.TU.01.2637	cds.evm.model.02.1331.2.5bd9b135	CH20_ARATH	72.043	186	47	2	1	184	1	183	1.18e-88	263	84.41	CH20_ARATH 20 kDa chaperonin, chloroplastic
gene:evm.TU.01.2637	cds.evm.model.02.1331.2.5bd9b135	CH20_ARATH	44.086	93	50	2	63	153	160	252	3.44e-15	74.3	64.52	CH20_ARATH 20 kDa chaperonin, chloroplastic
gene:evm.TU.01.2636	cds.evm.model.01.1577	ADH1_TRIRP	88.158	380	45	0	1	380	1	380	0.0	709	95.26	ADH1_TRIRP Alcohol dehydrogenase 1
gene:evm.TU.01.2639	cds.novel_model_5713_5bd9a17a	SWET4_ORYSJ	59.836	244	95	1	1	241	1	244	4.19e-100	295	78.69	SWET4_ORYSJ Bidirectional sugar transporter SWEET4
gene:evm.TU.01.2639	cds.evm.model.01.621	PER5_VITVI	56.536	306	128	1	37	342	28	328	1.89e-115	340	70.26	PER5_VITVI Peroxidase 5 {ECO:0000250|UniProtKB:P22195}
gene:evm.TU.01.2639	cds.evm.model.09.400	DCR_ARATH	33.196	485	262	11	6	467	3	448	3.04e-74	244	49.69	DCR_ARATH BAHD acyltransferase DCR
gene:evm.TU.01.2639	cds.evm.model.03.233	PPA27_ARATH	70.049	611	177	4	20	629	6	611	0.0	910	82.49	PPA27_ARATH Probable inactive purple acid phosphatase 27
gene:evm.TU.01.2639	cds.evm.model.03.233.1.5bd9b137	PPA27_ARATH	76.266	316	74	1	14	328	296	611	0.0	525	88.61	PPA27_ARATH Probable inactive purple acid phosphatase 27
gene:evm.TU.01.2639	cds.evm.model.07.1819	94D18_PARPY	46.154	182	93	1	1	182	47	223	4.67e-51	174	64.29	94D18_PARPY Cytochrome P450 CYP94D108 {ECO:0000303|PubMed:31324795}
gene:evm.TU.01.2639	cds.evm.model.07.1482	MYB20_ARATH	67.143	210	50	4	1	208	1	193	4.05e-92	276	76.19	MYB20_ARATH Transcription factor MYB20 {ECO:0000305}
gene:evm.TU.01.2639	cds.evm.model.05.697	DRE1C_ARATH	54.867	226	77	6	21	232	2	216	2.20e-68	212	67.26	DRE1C_ARATH Dehydration-responsive element-binding protein 1C
gene:evm.TU.01.2639	cds.evm.model.02.1184.1.5bdae6de	AED3_ARATH	58.846	260	105	1	4	261	189	448	5.06e-106	317	73.85	AED3_ARATH Aspartyl protease AED3 {ECO:0000303|PubMed:24755512}
gene:evm.TU.01.2630	cds.evm.model.02.1184	AED3_ARATH	52.482	423	185	8	31	438	28	449	2.60e-145	424	67.38	AED3_ARATH Aspartyl protease AED3 {ECO:0000303|PubMed:24755512}
gene:evm.TU.01.2630	cds.evm.model.10.1893	MIB1_XENLA	28.261	322	177	13	76	377	416	703	2.08e-14	80.9	46.58	MIB1_XENLA E3 ubiquitin-protein ligase mib1
gene:evm.TU.01.2638	cds.evm.model.10.1893	MIB1_XENLA	24.716	352	198	13	96	394	350	687	2.45e-08	61.2	42.90	MIB1_XENLA E3 ubiquitin-protein ligase mib1
gene:evm.TU.01.2631	cds.novel_model_3428_5bd9a17a.1.5bd9b138	RL24_PRUAV	86.792	106	10	3	1	103	56	160	1.82e-43	142	91.51	RL24_PRUAV Large ribosomal subunit protein eL24 {ECO:0000305}
gene:evm.TU.01.2631	cds.novel_model_3427_5bd9a17a.2.5bd9b138	RL24_PRUAV	94.872	117	6	0	1	117	1	117	5.39e-77	228	96.58	RL24_PRUAV Large ribosomal subunit protein eL24 {ECO:0000305}
gene:evm.TU.01.2632	cds.novel_model_3426_5bd9a17a	RL24_PRUAV	91.250	160	10	3	1	157	1	159	2.94e-88	258	95.00	RL24_PRUAV Large ribosomal subunit protein eL24 {ECO:0000305}
gene:evm.TU.01.2635	cds.novel_model_3429_5bd9a17a.3.5bd9b138	RL24_PRUAV	96.460	113	4	0	1	113	1	113	2.78e-76	226	98.23	RL24_PRUAV Large ribosomal subunit protein eL24 {ECO:0000305}
gene:evm.TU.01.2633	cds.evm.model.09.135	NLTP1_PRUDU	54.255	94	43	0	2	95	8	101	4.39e-31	108	72.34	NLTP1_PRUDU Non-specific lipid-transfer protein 1
gene:novel_gene_1722_5bd9a17a	cds.evm.model.02.2758	PSBQ2_ARATH	70.259	232	67	2	1	232	1	230	7.98e-113	325	83.62	PSBQ2_ARATH Oxygen-evolving enhancer protein 3-2, chloroplastic
gene:evm.TU.01.2249	cds.evm.model.09.131.1.5bd9b13c	NLTP1_PRUDU	56.140	114	49	1	1	114	1	113	8.71e-39	129	72.81	NLTP1_PRUDU Non-specific lipid-transfer protein 1
gene:evm.TU.01.2249	cds.evm.model.09.131	NLTP1_PRUDU	55.085	118	52	1	1	118	1	117	9.34e-40	131	72.88	NLTP1_PRUDU Non-specific lipid-transfer protein 1
gene:evm.TU.01.2249	cds.novel_model_497_5bd9a17a	PTR37_ARATH	45.341	558	276	5	31	579	19	556	1.26e-173	506	65.23	PTR37_ARATH Protein NRT1/ PTR FAMILY 2.7
gene:evm.TU.01.2249	cds.evm.model.01.2034	BH091_ARATH	45.930	344	138	8	74	389	101	424	8.35e-81	257	59.30	BH091_ARATH Transcription factor bHLH91
gene:evm.TU.01.2249	cds.novel_model_6004_5bd9a17a	GSDA_ARATH	76.503	183	37	2	10	189	6	185	1.44e-96	280	85.79	GSDA_ARATH Guanosine deaminase {ECO:0000303|PubMed:24130159}
gene:evm.TU.01.2249	cds.novel_model_7240_5bd9a17a	TIF5A_ARATH	39.286	84	50	1	35	117	44	127	3.49e-12	62.0	59.52	TIF5A_ARATH Protein TIFY 5A {ECO:0000303|PubMed:17499004}
gene:evm.TU.01.2249	cds.evm.model.10.1617	RBL9_ARATH	44.836	397	173	8	48	439	67	422	4.23e-104	319	61.46	RBL9_ARATH RHOMBOID-like protein 9, chloroplastic {ECO:0000303|PubMed:17181860}
gene:evm.TU.01.2249	cds.novel_model_1846_5bd9a17a.1.5bd9b136	BSPA_POPDE	34.404	218	132	5	1	216	93	301	4.08e-34	127	55.96	BSPA_POPDE Bark storage protein A
gene:evm.TU.01.2249	cds.novel_model_1845_5bd9a17a	BSPA_POPDE	34.752	282	173	5	55	334	29	301	2.96e-48	167	55.67	BSPA_POPDE Bark storage protein A
gene:evm.TU.01.2249	cds.novel_model_1847_5bd9a17a.2.5bd9b136	BSPA_POPDE	34.404	218	132	5	1	216	93	301	4.08e-34	127	55.96	BSPA_POPDE Bark storage protein A
gene:evm.TU.01.2249	cds.evm.model.06.922.2.5bdae6dd	UBC13_ARATH	89.908	109	11	0	1	109	58	166	1.80e-70	210	97.25	UBC13_ARATH Ubiquitin-conjugating enzyme E2 13
gene:evm.TU.01.2249	cds.evm.model.06.922.2.5bd9b13a.1.5bdae6dd	UBC7_ARATH	84.553	123	19	0	1	123	1	123	1.27e-68	207	92.68	UBC7_ARATH Ubiquitin-conjugating enzyme E2 7
gene:evm.TU.01.2249	cds.evm.model.06.922.1.5bd9b13a	UBC7_ARATH	89.759	166	17	0	1	166	1	166	4.52e-104	298	96.39	UBC7_ARATH Ubiquitin-conjugating enzyme E2 7
gene:evm.TU.01.2249	cds.evm.model.06.922	UBC7_ARATH	89.759	166	17	0	1	166	1	166	4.52e-104	298	96.39	UBC7_ARATH Ubiquitin-conjugating enzyme E2 7
gene:evm.TU.01.2249	cds.evm.model.06.922.2.5bd9b13a	UBC7_ARATH	85.366	123	18	0	1	123	1	123	8.12e-69	207	93.50	UBC7_ARATH Ubiquitin-conjugating enzyme E2 7
gene:evm.TU.01.2249	cds.evm.model.07.1233	PP449_ARATH	41.455	591	343	3	39	627	31	620	1.49e-171	505	61.93	PP449_ARATH Pentatricopeptide repeat-containing protein At5g66520
gene:evm.TU.01.2249	cds.evm.model.02.458	ACCR3_ARATH	62.044	822	268	17	8	804	6	808	0.0	902	74.21	ACCR3_ARATH Putative serine/threonine-protein kinase-like protein CCR3
gene:evm.TU.01.2249	cds.evm.model.07.353	NAS_SOLLC	60.700	257	95	1	1	251	61	317	4.17e-114	333	78.99	NAS_SOLLC Nicotianamine synthase
gene:evm.TU.01.2249	cds.evm.model.09.912	YQJG_ECOLI	50.467	321	142	4	7	321	15	324	1.23e-106	323	64.17	YQJG_ECOLI Glutathionyl-hydroquinone reductase YqjG
gene:evm.TU.01.517	cds.evm.model.06.983	SDT1_YEAST	28.444	225	120	8	18	235	58	248	1.66e-13	72.4	46.22	SDT1_YEAST Suppressor of disruption of TFIIS
gene:evm.TU.01.2790	cds.evm.model.06.983.1.5bd9b13a	SDT1_YEAST	28.444	225	120	8	18	235	58	248	1.66e-13	72.4	46.22	SDT1_YEAST Suppressor of disruption of TFIIS
gene:evm.TU.07.853	cds.evm.model.01.478	JOX1_ARATH	35.913	323	182	7	8	320	71	378	4.22e-62	206	53.87	JOX1_ARATH Jasmonate-induced oxygenase 1 {ECO:0000303|PubMed:28559313}
gene:evm.TU.06.1938	cds.evm.model.01.478.1.5bd9b134	LBO1_ARATH	43.671	158	87	2	1	157	189	345	1.54e-39	140	61.39	LBO1_ARATH Protein LATERAL BRANCHING OXIDOREDUCTASE 1 {ECO:0000303|PubMed:27194725}
gene:evm.TU.10.1011	cds.evm.model.01.478.2.5bd9b134.1.5bdae6db	DIOX2_PAPSO	44.444	117	58	4	2	114	171	284	3.11e-26	103	66.67	DIOX2_PAPSO Protopine O-dealkylase {ECO:0000303|PubMed:23928311}
gene:evm.TU.02.1330	cds.evm.model.01.478.2.5bd9b134	JOX2_ARATH	43.678	174	94	3	2	173	178	349	2.32e-44	154	63.79	JOX2_ARATH Jasmonate-induced oxygenase 2 {ECO:0000303|PubMed:28559313}
gene:evm.TU.06.28	cds.novel_model_7309_5bd9a17a	H4_SOYBN	100.000	103	0	0	1	103	1	103	2.97e-67	199	100.00	H4_SOYBN Histone H4
gene:evm.TU.06.282	cds.evm.model.06.766	CYSK_CITLA	72.119	269	75	0	1	269	56	324	9.10e-125	360	84.76	CYSK_CITLA Cysteine synthase {ECO:0000303|PubMed:8280125}
gene:evm.TU.06.284	cds.evm.model.10.751	CHUP1_ARATH	67.164	670	177	11	1	651	1	646	0.0	785	78.81	CHUP1_ARATH Protein CHUP1, chloroplastic
gene:evm.TU.06.281	cds.evm.model.10.751.1.5bdae6df	CHUP1_ARATH	72.932	665	138	9	1	639	339	987	0.0	830	82.71	CHUP1_ARATH Protein CHUP1, chloroplastic
gene:evm.TU.06.286	cds.evm.model.02.2925	PPO_MALDO	63.699	584	196	7	20	598	21	593	0.0	740	76.54	PPO_MALDO Polyphenol oxidase, chloroplastic
gene:evm.TU.06.287	cds.evm.model.01.168	HMGR2_CANSA	99.829	585	1	0	1	585	1	585	0.0	1202	100.00	HMGR2_CANSA 3-hydroxy-3-methylglutaryl coenzyme A reductase {ECO:0000303|PubMed:28355238}
gene:evm.TU.06.285	cds.evm.model.01.460	CRPM2_ARATH	64.179	201	71	1	459	658	3	203	1.23e-84	267	80.10	CRPM2_ARATH Cold-regulated 413 plasma membrane protein 2
gene:evm.TU.06.289	cds.evm.model.07.1590	TYDC_PAPSO	70.818	538	127	6	1	534	1	512	0.0	781	80.67	TYDC_PAPSO Tyrosine decarboxylase {ECO:0000303|PubMed:23204519}
gene:evm.TU.06.280	cds.evm.model.01.2756	ERF20_ARATH	66.990	103	32	2	9	110	2	103	4.22e-43	144	76.70	ERF20_ARATH Ethylene-responsive transcription factor ERF020
gene:evm.TU.06.280	cds.evm.model.04.1924	MJE1_VITVI	53.077	260	119	3	24	281	2	260	1.85e-98	292	70.38	MJE1_VITVI Methyl jasmonate esterase 1 {ECO:0000303|PubMed:26934101}
gene:evm.TU.06.283	cds.evm.model.07.744.3.5bd9b13c	CAR4_ARATH	68.675	83	26	0	1	83	95	177	5.29e-40	132	89.16	CAR4_ARATH Protein C2-DOMAIN ABA-RELATED 4 {ECO:0000303|PubMed:25465408}
gene:evm.TU.06.288	cds.evm.model.07.744.1.5bd9b13c	CAR4_ARATH	68.675	83	26	0	1	83	95	177	5.29e-40	132	89.16	CAR4_ARATH Protein C2-DOMAIN ABA-RELATED 4 {ECO:0000303|PubMed:25465408}
gene:evm.TU.10.522	cds.evm.model.07.744	CAR4_ARATH	67.879	165	53	0	1	165	13	177	3.40e-81	240	84.24	CAR4_ARATH Protein C2-DOMAIN ABA-RELATED 4 {ECO:0000303|PubMed:25465408}
gene:evm.TU.10.522	cds.evm.model.07.744.2.5bd9b13c	CAR4_ARATH	67.273	165	53	1	1	164	13	177	1.08e-78	234	83.64	CAR4_ARATH Protein C2-DOMAIN ABA-RELATED 4 {ECO:0000303|PubMed:25465408}
gene:evm.TU.10.522	cds.evm.model.09.1608	PM19L_ORYSJ	42.982	114	52	2	3	116	2	102	2.12e-14	68.9	60.53	PM19L_ORYSJ Membrane protein PM19L {ECO:0000305}
gene:evm.TU.10.522	cds.evm.model.02.3264	RL5_CUCSA	85.911	291	41	0	1	291	1	291	0.0	525	93.81	RL5_CUCSA Large ribosomal subunit protein uL18 {ECO:0000305}
gene:evm.TU.10.522	cds.evm.model.04.314	C71BV_ARATH	49.703	505	226	5	1	485	4	500	2.27e-167	484	65.15	C71BV_ARATH Cytochrome P450 71B34
gene:evm.TU.10.522	cds.evm.model.08.948	WTR32_ARATH	61.582	354	122	2	1	340	9	362	4.45e-152	436	74.86	WTR32_ARATH WAT1-related protein At4g08300
gene:evm.TU.10.522	cds.evm.model.09.69	DCUP1_ARATH	80.332	361	63	2	35	389	59	417	0.0	613	89.20	DCUP1_ARATH Uroporphyrinogen decarboxylase 1, chloroplastic
gene:evm.TU.02.2078	cds.evm.model.01.738	GSTF_HYOMU	63.033	211	77	1	4	214	3	212	2.71e-97	285	77.25	GSTF_HYOMU Glutathione S-transferase {ECO:0000303|PubMed:8108497}
gene:evm.TU.02.2078	cds.evm.model.01.738.1.5bd9b134	GSTF_HYOMU	56.129	155	64	2	3	157	62	212	2.77e-57	181	70.97	GSTF_HYOMU Glutathione S-transferase {ECO:0000303|PubMed:8108497}
gene:evm.TU.02.2078	cds.evm.model.02.1966	SCD2_ARATH	67.177	588	157	15	1	563	1	577	0.0	692	78.23	SCD2_ARATH Coiled-coil domain-containing protein SCD2 {ECO:0000305}
gene:evm.TU.02.2078	cds.evm.model.02.1966.2.5bd9b135	SCD2_ARATH	73.020	404	100	7	1	401	180	577	0.0	559	83.66	SCD2_ARATH Coiled-coil domain-containing protein SCD2 {ECO:0000305}
gene:evm.TU.02.2078	cds.evm.model.02.1966.3.5bd9b135	SCD2_ARATH	67.177	588	157	15	1	563	1	577	0.0	692	78.23	SCD2_ARATH Coiled-coil domain-containing protein SCD2 {ECO:0000305}
gene:evm.TU.02.2078	cds.evm.model.02.1966.1.5bd9b135	SCD2_ARATH	67.177	588	157	15	1	563	1	577	0.0	692	78.23	SCD2_ARATH Coiled-coil domain-containing protein SCD2 {ECO:0000305}
gene:evm.TU.02.2078	cds.novel_model_366_5bd9a17a	BSP_BOSSE	51.667	60	13	1	170	229	17	60	1.94e-11	60.8	60.00	BSP_BOSSE Basic secretory protease {ECO:0000303|PubMed:22773449}
gene:evm.TU.02.2078	cds.evm.model.04.174	GSTUH_ARATH	49.554	224	111	1	1	224	1	222	4.52e-74	227	66.07	GSTUH_ARATH Glutathione S-transferase U17
gene:evm.TU.09.1540	cds.evm.model.04.425	OTU4_ARATH	69.595	148	42	2	10	157	159	303	1.82e-70	218	82.43	OTU4_ARATH OVARIAN TUMOR DOMAIN-containing deubiquitinating enzyme 4 {ECO:0000303|PubMed:24659992}
gene:evm.TU.05.1033	cds.novel_model_3776_5bd9a17a	CDPK8_ARATH	77.228	101	23	0	3	103	431	531	6.34e-50	168	92.08	CDPK8_ARATH Calcium-dependent protein kinase 8
gene:evm.TU.02.3137	cds.evm.model.05.2034	LACS4_ARATH	74.543	656	167	0	3	658	4	659	0.0	1058	87.96	LACS4_ARATH Long chain acyl-CoA synthetase 4
gene:evm.TU.10.1404	cds.novel_model_3629_5bd9a17a	PLPK2_ARATH	36.066	122	63	4	7	119	15	130	8.13e-08	51.6	48.36	PLPK2_ARATH Protein PELPK2 {ECO:0000305}
gene:novel_gene_3035_5bd9a17a	cds.evm.model.01.1151.2.5bd9b135	NDHU_ARATH	62.914	151	55	1	80	229	68	218	1.43e-60	192	81.46	NDHU_ARATH NAD(P)H-quinone oxidoreductase subunit U, chloroplastic {ECO:0000305}
gene:evm.TU.01.2508	cds.evm.model.01.1151.7.5bd9b135	NDHU_ARATH	75.000	44	11	0	75	118	68	111	2.45e-16	75.1	90.91	NDHU_ARATH NAD(P)H-quinone oxidoreductase subunit U, chloroplastic {ECO:0000305}
gene:evm.TU.01.961	cds.evm.model.01.1151.6.5bd9b135	NDHU_ARATH	75.000	44	11	0	80	123	68	111	2.32e-16	75.5	90.91	NDHU_ARATH NAD(P)H-quinone oxidoreductase subunit U, chloroplastic {ECO:0000305}
gene:evm.TU.07.1756	cds.evm.model.01.1151	NDHU_ARATH	64.901	151	53	0	80	230	68	218	4.90e-62	196	83.44	NDHU_ARATH NAD(P)H-quinone oxidoreductase subunit U, chloroplastic {ECO:0000305}
gene:novel_gene_3284_5bd9a17a	cds.evm.model.01.1151.1.5bd9b135	NDHU_ARATH	68.519	108	34	0	80	187	68	175	3.36e-49	162	87.04	NDHU_ARATH NAD(P)H-quinone oxidoreductase subunit U, chloroplastic {ECO:0000305}
gene:novel_gene_3284_5bd9a17a	cds.evm.model.01.1151.4.5bd9b135	NDHU_ARATH	68.519	108	34	0	80	187	68	175	1.31e-49	163	87.04	NDHU_ARATH NAD(P)H-quinone oxidoreductase subunit U, chloroplastic {ECO:0000305}
gene:evm.TU.02.1470	cds.evm.model.01.1151.5.5bd9b135	NDHU_ARATH	60.274	73	29	0	80	152	68	140	8.64e-25	98.2	82.19	NDHU_ARATH NAD(P)H-quinone oxidoreductase subunit U, chloroplastic {ECO:0000305}
gene:evm.TU.04.312	cds.evm.model.01.1151.3.5bd9b135	NDHU_ARATH	60.274	73	29	0	80	152	68	140	1.64e-24	97.8	82.19	NDHU_ARATH NAD(P)H-quinone oxidoreductase subunit U, chloroplastic {ECO:0000305}
gene:evm.TU.10.702	cds.evm.model.01.224	RB47B_ARATH	67.460	378	102	9	46	409	40	410	2.41e-173	495	79.63	RB47B_ARATH Polyadenylate-binding protein RBP47B
gene:evm.TU.ctgX15.1	cds.evm.model.01.2423	BCP1A_MEDTR	28.030	132	79	6	6	137	3	118	2.04e-07	50.8	46.21	BCP1A_MEDTR Blue copper protein 1a {ECO:0000303|PubMed:20687807}
gene:evm.TU.ctgX15.1	cds.evm.model.01.1593	CH101_ARATH	78.652	89	18	1	252	339	50	138	2.06e-41	144	93.26	CH101_ARATH 10 kDa chaperonin 1, chloroplastic {ECO:0000305}
gene:evm.TU.ctgX15.13	cds.novel_model_972_5bd9a17a.1.5bd9b135	ANX4_FRAAN	65.854	164	53	1	9	172	53	213	6.32e-70	217	80.49	ANX4_FRAAN Annexin-like protein RJ4
gene:evm.TU.ctgX15.1	cds.novel_model_971_5bd9a17a	ANX4_FRAAN	71.362	213	61	0	1	213	1	213	1.27e-106	312	84.98	ANX4_FRAAN Annexin-like protein RJ4
gene:evm.TU.ctgX15.1	cds.evm.model.02.2440	RING4_ARATH	55.586	367	148	7	1	362	33	389	1.55e-132	387	69.75	RING4_ARATH E3 ubiquitin-protein ligase At4g11680
gene:evm.TU.ctgX15.1	cds.evm.model.08.184	NCPR1_ARTAN	76.836	708	155	6	6	710	3	704	0.0	1126	87.15	NCPR1_ARTAN NADPH--cytochrome P450 reductase 1 {ECO:0000255|HAMAP-Rule:MF_03212, ECO:0000303|PubMed:30851440}
gene:evm.TU.ctgX15.11	cds.novel_model_3876_5bd9a17a	EIF3E_ARATH	85.417	432	63	0	4	435	8	439	0.0	792	94.21	EIF3E_ARATH Eukaryotic translation initiation factor 3 subunit E {ECO:0000255|HAMAP-Rule:MF_03004, ECO:0000303|PubMed:11029466}
gene:evm.TU.ctgX15.10	cds.novel_model_3877_5bd9a17a.1.5bd9b139	EIF3E_ARATH	85.955	356	50	0	4	359	8	363	0.0	661	94.66	EIF3E_ARATH Eukaryotic translation initiation factor 3 subunit E {ECO:0000255|HAMAP-Rule:MF_03004, ECO:0000303|PubMed:11029466}
gene:evm.TU.ctgX15.14	cds.evm.model.07.1064	CIPK4_ARATH	54.167	432	184	7	21	447	4	426	3.27e-144	421	70.14	CIPK4_ARATH CBL-interacting serine/threonine-protein kinase 4
gene:evm.TU.ctgX15.12	cds.evm.model.05.102	CNGC1_ARATH	41.892	296	158	4	7	299	177	461	4.81e-66	232	57.43	CNGC1_ARATH Cyclic nucleotide-gated ion channel 1
gene:evm.TU.ctgX15.15	cds.evm.model.05.102	CNGC1_ARATH	37.766	188	111	3	333	515	416	602	2.25e-30	130	58.51	CNGC1_ARATH Cyclic nucleotide-gated ion channel 1
gene:novel_gene_3827_5bd9a17a	cds.evm.model.10.1248	RK123_ARATH	66.321	193	55	4	2	193	3	186	2.38e-70	214	79.27	RK123_ARATH Large ribosomal subunit protein bL12cx {ECO:0000303|PubMed:36423343}
gene:evm.TU.07.566	cds.evm.model.10.2286	RK9_ARATH	65.000	120	36	3	1	116	1	118	1.96e-46	151	83.33	RK9_ARATH Large ribosomal subunit protein bL9c {ECO:0000303|PubMed:36423343}
gene:evm.TU.07.560	cds.evm.model.02.522	RLA01_ARATH	82.965	317	49	2	3	318	4	316	0.0	515	92.74	RLA01_ARATH Large ribosomal subunit protein uL10z {ECO:0000303|PubMed:36423343}
gene:evm.TU.07.564	cds.novel_model_1905_5bd9a17a	PAP_CITUN	73.375	323	82	3	1	319	1	323	1.95e-164	463	82.97	PAP_CITUN Plastid-lipid-associated protein, chloroplastic
gene:evm.TU.07.564	cds.evm.model.06.1990	FLA11_ARATH	58.333	144	56	2	83	222	34	177	1.04e-51	172	79.86	FLA11_ARATH Fasciclin-like arabinogalactan protein 11
gene:evm.TU.07.564	cds.evm.model.08.1877	AGGL_ABRPR	34.314	204	122	6	6	202	36	234	6.39e-30	119	57.35	AGGL_ABRPR Agglutinin-1
gene:evm.TU.07.564	cds.evm.model.04.2318	PSAEA_NICSY	76.289	97	23	0	13	109	45	141	6.51e-40	132	80.41	PSAEA_NICSY Photosystem I reaction center subunit IV A, chloroplastic
gene:evm.TU.07.564	cds.evm.model.10.117.1.5bd9b13c	PMT2_ARATH	79.902	612	118	2	3	609	4	615	0.0	1063	90.03	PMT2_ARATH Probable methyltransferase PMT2
gene:evm.TU.07.56	cds.evm.model.10.117	PMT2_ARATH	79.902	612	118	2	3	609	4	615	0.0	1063	90.03	PMT2_ARATH Probable methyltransferase PMT2
gene:evm.TU.07.562	cds.evm.model.10.1653	PROD2_ARATH	56.659	443	188	4	55	493	33	475	0.0	539	77.65	PROD2_ARATH Proline dehydrogenase 2, mitochondrial {ECO:0000303|PubMed:20403182}
gene:evm.TU.07.568	cds.evm.model.10.1984	CB2A_SPIOL	89.513	267	28	0	1	267	1	267	1.49e-179	497	94.01	CB2A_SPIOL Chlorophyll a-b binding protein, chloroplastic
gene:evm.TU.07.561	cds.evm.model.01.1448	Y5720_ARATH	54.348	644	265	11	44	662	28	667	0.0	679	72.05	Y5720_ARATH Probable inactive receptor kinase At5g67200
gene:evm.TU.07.561	cds.evm.model.04.2117	FL3H_PETHY	69.377	369	103	3	6	367	4	369	0.0	531	81.84	FL3H_PETHY Naringenin,2-oxoglutarate 3-dioxygenase
gene:evm.TU.07.563	cds.novel_model_4028_5bd9a17a.3.5bd9b139	TPS1_CANSA	99.324	444	3	0	1	444	1	444	0.0	914	99.77	TPS1_CANSA (-)-limonene synthase TPS1, chloroplastic {ECO:0000303|Ref.1}
gene:evm.TU.07.569	cds.novel_model_4029_5bd9a17a.4.5bd9b139	TPS1_CANSA	99.774	442	1	0	1	442	1	442	0.0	914	100.00	TPS1_CANSA (-)-limonene synthase TPS1, chloroplastic {ECO:0000303|Ref.1}
gene:evm.TU.07.565	cds.novel_model_4030_5bd9a17a.5.5bd9b139	TPS1_CANSA	100.000	322	0	0	1	322	1	322	0.0	662	100.00	TPS1_CANSA (-)-limonene synthase TPS1, chloroplastic {ECO:0000303|Ref.1}
gene:evm.TU.07.567	cds.novel_model_4031_5bd9a17a.6.5bd9b139	TS1FN_CANSA	98.352	182	3	0	1	182	443	624	4.62e-132	386	100.00	TS1FN_CANSA (-)-limonene synthase TPS1FN, chloroplastic {ECO:0000303|PubMed:28355238}
gene:evm.TU.09.1256	cds.novel_model_4027_5bd9a17a.1.5bd9b139	TPS1_CANSA	96.950	623	4	1	1	608	1	623	0.0	1248	97.27	TPS1_CANSA (-)-limonene synthase TPS1, chloroplastic {ECO:0000303|Ref.1}
gene:evm.TU.10.871	cds.novel_model_4026_5bd9a17a.2.5bd9b139	TPS1_CANSA	99.358	623	4	0	1	623	1	623	0.0	1290	99.68	TPS1_CANSA (-)-limonene synthase TPS1, chloroplastic {ECO:0000303|Ref.1}
gene:evm.TU.04.1694	cds.novel_model_4025_5bd9a17a	TPS1_CANSA	93.740	623	4	1	1	588	1	623	0.0	1201	94.06	TPS1_CANSA (-)-limonene synthase TPS1, chloroplastic {ECO:0000303|Ref.1}
gene:evm.TU.10.664	cds.evm.model.01.141	FENR1_PEA	81.215	362	61	4	1	358	1	359	0.0	586	90.06	FENR1_PEA Ferredoxin--NADP reductase, leaf isozyme, chloroplastic
gene:evm.TU.10.664	cds.novel_model_6645_5bd9a17a	RH28_ARATH	65.740	791	220	6	1	742	1	789	0.0	965	76.74	RH28_ARATH DEAD-box ATP-dependent RNA helicase 28
gene:evm.TU.10.664	cds.evm.model.10.1672	AVT6A_ARATH	70.087	458	135	1	3	460	4	459	0.0	667	83.84	AVT6A_ARATH Amino acid transporter AVT6A {ECO:0000305}
gene:evm.TU.10.664	cds.evm.model.09.659	LHWL1_ARATH	48.684	152	64	2	532	677	551	694	4.48e-36	149	68.42	LHWL1_ARATH Transcription factor EMB1444 {ECO:0000303|PubMed:12586866}
gene:evm.TU.10.664	cds.evm.model.09.659	LHWL1_ARATH	41.209	182	76	6	6	182	4	159	3.76e-25	115	53.85	LHWL1_ARATH Transcription factor EMB1444 {ECO:0000303|PubMed:12586866}
gene:evm.TU.10.664	cds.evm.model.10.713	BIG1E_ARATH	63.636	44	12	2	27	70	279	318	1.04e-06	48.1	70.45	BIG1E_ARATH Protein BIG GRAIN 1-like E {ECO:0000305}
gene:evm.TU.10.664	cds.evm.model.08.803	IAMT1_ARATH	73.199	347	84	4	111	453	38	379	0.0	532	87.03	IAMT1_ARATH Indole-3-acetate O-methyltransferase 1
gene:evm.TU.10.664	cds.evm.model.01.750	HSBP_ARATH	62.667	75	23	1	1	70	1	75	5.74e-26	94.4	76.00	HSBP_ARATH Heat shock factor-binding protein {ECO:0000303|PubMed:20388662}
gene:novel_gene_1532_5bd9a17a	cds.evm.model.05.1671.3.5bd9b13a.1.5bdae6e1	TIP22_MAIZE	75.610	123	30	0	1	123	1	123	1.89e-56	182	86.99	TIP22_MAIZE Aquaporin TIP2-2
gene:novel_gene_1532_5bd9a17a	cds.evm.model.05.1671.2.5bd9b13a	TIP22_MAIZE	75.000	120	30	0	1	120	1	120	5.75e-55	175	86.67	TIP22_MAIZE Aquaporin TIP2-2
gene:novel_gene_1347_5bd9a17a	cds.evm.model.05.1671.1.5bd9b13a	TIP23_ARATH	78.879	232	48	1	15	245	16	247	8.04e-124	354	87.93	TIP23_ARATH Aquaporin TIP2-3
gene:evm.TU.09.182	cds.evm.model.05.1671	TIP23_ARATH	77.733	247	54	1	1	246	1	247	1.02e-130	372	87.04	TIP23_ARATH Aquaporin TIP2-3
gene:evm.TU.03.658	cds.evm.model.05.1671.3.5bd9b13a	TIP22_MAIZE	75.610	123	30	0	1	123	1	123	2.51e-57	181	86.99	TIP22_MAIZE Aquaporin TIP2-2
gene:evm.TU.05.43	cds.evm.model.04.2389	FAO2_LOTJA	61.932	704	218	8	1	658	48	747	0.0	856	75.71	FAO2_LOTJA Long-chain-alcohol oxidase FAO2
gene:evm.TU.05.434	cds.novel_model_158_5bd9a17a	H32_WHEAT	100.000	136	0	0	1	136	1	136	5.00e-95	272	100.00	H32_WHEAT Histone H3.2
gene:evm.TU.05.43	cds.evm.model.01.1484.1.5bd9b135	RGGB_ARATH	48.849	391	143	16	1	366	1	359	7.49e-87	269	58.57	RGGB_ARATH RGG repeats nuclear RNA binding protein B {ECO:0000303|PubMed:11905967}
gene:evm.TU.05.43	cds.evm.model.01.1484.2.5bd9b135	RGGB_ARATH	49.383	324	123	11	1	315	1	292	7.39e-74	234	59.57	RGGB_ARATH RGG repeats nuclear RNA binding protein B {ECO:0000303|PubMed:11905967}
gene:evm.TU.05.430	cds.evm.model.01.1484	RGGB_ARATH	48.849	391	144	15	1	367	1	359	9.45e-89	274	58.82	RGGB_ARATH RGG repeats nuclear RNA binding protein B {ECO:0000303|PubMed:11905967}
gene:evm.TU.05.437	cds.evm.model.05.938	TLP_ACTCC	74.779	226	51	1	3	228	5	224	5.87e-122	348	83.63	TLP_ACTCC Thaumatin-like protein
gene:evm.TU.05.432	cds.evm.model.04.280	MGAT3_RAT	26.752	314	172	12	111	383	206	502	4.50e-17	86.3	44.27	MGAT3_RAT Beta-1,4-mannosyl-glycoprotein 4-beta-N-acetylglucosaminyltransferase
gene:evm.TU.05.433	cds.novel_model_1149_5bd9a17a	RHN1_NICPL	68.657	201	61	2	1	200	1	200	1.36e-101	294	82.09	RHN1_NICPL Ras-related protein RHN1
gene:evm.TU.05.438	cds.evm.model.08.1745	ALFP2_ARATH	85.823	395	50	4	237	626	5	398	0.0	692	92.15	ALFP2_ARATH Fructose-bisphosphate aldolase 2, chloroplastic {ECO:0000305}
gene:evm.TU.05.431	cds.evm.model.01.2489	MSL10_ARATH	49.419	344	162	4	121	457	315	653	1.11e-105	333	69.77	MSL10_ARATH Mechanosensitive ion channel protein 10
gene:evm.TU.05.439	cds.evm.model.04.2260	SFH9_ARATH	55.872	596	223	12	1	588	1	564	0.0	639	71.31	SFH9_ARATH Phosphatidylinositol/phosphatidylcholine transfer protein SFH9
gene:evm.TU.05.435	cds.evm.model.07.1659	ACFR3_ARATH	56.954	151	64	1	1	150	73	223	5.92e-56	177	74.83	ACFR3_ARATH Probable transmembrane ascorbate ferrireductase 3
gene:evm.TU.05.436	cds.evm.model.02.2516	JADE1_DANRE	40.107	187	101	4	145	329	187	364	9.78e-38	147	56.15	JADE1_DANRE Protein Jade-1
gene:evm.TU.01.1387	cds.evm.model.02.2729	SBT54_ARATH	64.551	646	221	3	3	646	135	774	0.0	861	78.48	SBT54_ARATH Subtilisin-like protease SBT5.4 {ECO:0000303|PubMed:16193095}
gene:evm.TU.10.481	cds.novel_model_830_5bd9a17a	ORR9_ORYSJ	71.250	80	22	1	1	80	78	156	8.45e-36	124	87.50	ORR9_ORYSJ Two-component response regulator ORR9 {ECO:0000305}
gene:evm.TU.07.1043	cds.evm.model.06.1258	DIT1_ARATH	79.791	574	92	6	1	567	1	557	0.0	868	86.76	DIT1_ARATH Dicarboxylate transporter 1, chloroplastic
gene:evm.TU.07.1043	cds.evm.model.04.1795	PER64_ARATH	63.844	307	110	1	11	317	11	316	1.06e-151	431	80.46	PER64_ARATH Peroxidase 64
gene:evm.TU.07.1043	cds.evm.model.01.863	H2AX_CICAR	94.964	139	7	0	1	139	1	139	1.07e-91	264	97.12	H2AX_CICAR Histone H2AX
gene:evm.TU.07.1043	cds.evm.model.01.863.1.5bd9b134	H2AX_CICAR	92.647	68	5	0	1	68	1	68	1.06e-37	125	95.59	H2AX_CICAR Histone H2AX
gene:evm.TU.07.1043	cds.evm.model.10.2032.6.5bd9b13e	HSPC2_RICFE	30.275	109	68	1	184	292	41	141	1.81e-11	64.3	52.29	HSPC2_RICFE Small heat shock protein C2
gene:evm.TU.07.1043	cds.evm.model.10.2032.4.5bd9b13e	HSPC2_RICFE	30.275	109	68	1	135	243	41	141	8.77e-12	64.7	52.29	HSPC2_RICFE Small heat shock protein C2
gene:evm.TU.07.1043	cds.evm.model.10.2032.1.5bd9b13e	HSPC2_RICFE	30.275	109	68	1	184	292	41	141	1.81e-11	64.3	52.29	HSPC2_RICFE Small heat shock protein C2
gene:evm.TU.07.1043	cds.evm.model.10.2032.8.5bd9b13e.1.5bdae6e2	HSPC2_RICFE	30.275	109	68	1	138	246	41	141	1.03e-11	64.3	52.29	HSPC2_RICFE Small heat shock protein C2
gene:evm.TU.07.1043	cds.evm.model.10.2032	HSPC2_RICFE	30.275	109	68	1	184	292	41	141	1.81e-11	64.3	52.29	HSPC2_RICFE Small heat shock protein C2
gene:evm.TU.05.937	cds.evm.model.10.2032.3.5bd9b13e	HSPC2_RICFE	30.275	109	68	1	182	290	41	141	1.80e-11	64.3	52.29	HSPC2_RICFE Small heat shock protein C2
gene:evm.TU.05.937	cds.evm.model.10.2032.5.5bd9b13e	HSPC2_RICFE	30.275	109	68	1	161	269	41	141	1.14e-11	64.7	52.29	HSPC2_RICFE Small heat shock protein C2
gene:evm.TU.05.937	cds.evm.model.10.2032.2.5bd9b13e	HSPC2_RICFE	28.571	98	62	1	184	281	41	130	1.26e-07	53.5	51.02	HSPC2_RICFE Small heat shock protein C2
gene:evm.TU.05.937	cds.evm.model.10.2032.7.5bd9b13e	HSPC2_RICFE	28.571	98	62	1	184	281	41	130	1.15e-07	53.5	51.02	HSPC2_RICFE Small heat shock protein C2
gene:evm.TU.05.937	cds.evm.model.10.2032.9.5bd9b13e	HSPC2_RICFE	29.213	89	55	1	84	172	50	130	3.00e-08	53.5	53.93	HSPC2_RICFE Small heat shock protein C2
gene:novel_gene_3162_5bd9a17a	cds.evm.model.10.2032.8.5bd9b13e	HSPC2_RICFE	30.275	109	68	1	75	183	41	141	4.00e-12	64.3	52.29	HSPC2_RICFE Small heat shock protein C2
gene:evm.TU.01.1336	cds.evm.model.01.83	WRK15_ARATH	40.506	158	49	5	22	137	64	218	2.88e-16	76.6	46.84	WRK15_ARATH Probable WRKY transcription factor 15
gene:evm.TU.09.1227	cds.evm.model.01.2752	ENL15_ARATH	45.349	172	62	5	11	158	10	173	1.08e-38	132	57.56	ENL15_ARATH Early nodulin-like protein 15 {ECO:0000303|PubMed:19897921}
gene:evm.TU.04.524	cds.novel_model_4835_5bd9a17a.1.5bd9b13a	DTX35_ARATH	69.211	393	121	0	1	393	92	484	0.0	533	83.72	DTX35_ARATH Protein DETOXIFICATION 35 {ECO:0000303|PubMed:11739388}
gene:evm.TU.04.524	cds.novel_model_4834_5bd9a17a	DTX35_ARATH	67.442	473	154	0	27	499	12	484	0.0	633	82.66	DTX35_ARATH Protein DETOXIFICATION 35 {ECO:0000303|PubMed:11739388}
gene:evm.TU.04.524	cds.evm.model.02.1999	ACR12_ARATH	68.953	277	71	2	19	288	33	301	1.84e-128	370	79.06	ACR12_ARATH ACT domain-containing protein ACR12 {ECO:0000305}
gene:evm.TU.04.559	cds.evm.model.02.1999.1.5bd9b135	ACR12_ARATH	83.333	204	34	0	1	204	98	301	2.14e-123	353	92.16	ACR12_ARATH ACT domain-containing protein ACR12 {ECO:0000305}
gene:evm.TU.04.513	cds.evm.model.04.724	PTR16_ARATH	75.055	457	98	4	43	498	132	573	0.0	706	85.34	PTR16_ARATH Protein NRT1/ PTR FAMILY 4.3
gene:evm.TU.04.501	cds.evm.model.01.2771	TOLB_CHLTE	28.740	254	145	9	416	664	208	430	4.65e-16	84.7	47.24	TOLB_CHLTE Protein TolB homolog {ECO:0000305}
gene:evm.TU.04.50	cds.evm.model.01.2771	TOLB_CHLTE	25.292	257	146	11	353	593	193	419	8.74e-12	71.6	48.25	TOLB_CHLTE Protein TolB homolog {ECO:0000305}
gene:evm.TU.04.5	cds.evm.model.03.169	CCD4_ARATH	73.176	425	108	5	5	426	92	513	0.0	653	86.12	CCD4_ARATH Probable carotenoid cleavage dioxygenase 4, chloroplastic {ECO:0000305}
gene:evm.TU.04.589	cds.evm.model.08.1127	TI222_ARATH	63.507	211	60	5	1	199	1	206	3.58e-80	241	71.09	TI222_ARATH Chloroplastic import inner membrane translocase subunit TIM22-2
gene:evm.TU.04.569	cds.novel_model_1986_5bd9a17a.1.5bd9b136	VSPA_SOYBN	44.660	206	99	5	6	210	3	194	3.88e-53	174	61.65	VSPA_SOYBN Stem 28 kDa glycoprotein
gene:evm.TU.04.558	cds.novel_model_1985_5bd9a17a	PPA1_SOLLC	48.611	216	109	1	52	267	41	254	1.56e-74	230	70.83	PPA1_SOLLC Acid phosphatase 1
gene:evm.TU.04.566	cds.evm.model.06.768.7.5bd9b13a	CYSK_CITLA	87.077	325	42	0	1	325	1	325	0.0	539	94.15	CYSK_CITLA Cysteine synthase {ECO:0000303|PubMed:8280125}
gene:evm.TU.04.564	cds.evm.model.06.768.8.5bd9b13a	CYSK_CITLA	87.077	325	42	0	1	325	1	325	0.0	539	94.15	CYSK_CITLA Cysteine synthase {ECO:0000303|PubMed:8280125}
gene:evm.TU.04.564	cds.evm.model.06.768.9.5bd9b13a	CYSK_CITLA	87.077	325	42	0	1	325	1	325	0.0	539	94.15	CYSK_CITLA Cysteine synthase {ECO:0000303|PubMed:8280125}
gene:evm.TU.04.564	cds.evm.model.06.768.15.5bd9b13a	CYSK_CITLA	86.486	222	30	0	1	222	1	222	1.30e-129	371	92.34	CYSK_CITLA Cysteine synthase {ECO:0000303|PubMed:8280125}
gene:evm.TU.04.531	cds.evm.model.06.768.6.5bd9b13a	CYSK_SPIOL	87.008	254	33	0	11	264	71	324	6.06e-150	424	97.24	CYSK_SPIOL Cysteine synthase
gene:evm.TU.04.55	cds.evm.model.06.768.10.5bd9b13a	CYSK_CITLA	87.077	325	42	0	1	325	1	325	0.0	539	94.15	CYSK_CITLA Cysteine synthase {ECO:0000303|PubMed:8280125}
gene:evm.TU.04.582	cds.evm.model.06.768.14.5bd9b13a	CYSK_CITLA	86.486	222	30	0	1	222	1	222	1.30e-129	371	92.34	CYSK_CITLA Cysteine synthase {ECO:0000303|PubMed:8280125}
gene:evm.TU.04.550	cds.evm.model.06.768.3.5bd9b13a	CYSK_SPIOL	86.957	253	33	0	13	265	72	324	4.01e-149	422	97.23	CYSK_SPIOL Cysteine synthase
gene:evm.TU.04.570	cds.evm.model.06.768.4.5bd9b13a	CYSK_SPIOL	86.957	253	33	0	13	265	72	324	4.01e-149	422	97.23	CYSK_SPIOL Cysteine synthase
gene:evm.TU.04.517	cds.evm.model.06.768.13.5bd9b13a	CYSK_CITLA	86.486	222	30	0	1	222	1	222	1.30e-129	371	92.34	CYSK_CITLA Cysteine synthase {ECO:0000303|PubMed:8280125}
gene:evm.TU.04.517	cds.evm.model.06.768.11.5bd9b13a.1.5bdae6dc	CYSK_CITLA	85.366	205	30	0	1	205	1	205	8.21e-118	342	92.20	CYSK_CITLA Cysteine synthase {ECO:0000303|PubMed:8280125}
gene:evm.TU.04.517	cds.evm.model.06.768.5.5bd9b13a	CYSK_SPIOL	86.957	253	33	0	13	265	72	324	4.01e-149	422	97.23	CYSK_SPIOL Cysteine synthase
gene:evm.TU.04.517	cds.evm.model.06.768.1.5bd9b13a	CYSK_CITLA	86.769	325	42	1	1	324	1	325	0.0	533	93.85	CYSK_CITLA Cysteine synthase {ECO:0000303|PubMed:8280125}
gene:evm.TU.04.517	cds.evm.model.06.768.11.5bd9b13a	CYSK_CITLA	86.486	222	30	0	1	222	1	222	1.30e-129	371	92.34	CYSK_CITLA Cysteine synthase {ECO:0000303|PubMed:8280125}
gene:evm.TU.04.562	cds.evm.model.06.768.2.5bd9b13a	CYSK_CITLA	86.940	268	35	0	1	268	1	268	2.49e-161	454	93.66	CYSK_CITLA Cysteine synthase {ECO:0000303|PubMed:8280125}
gene:evm.TU.04.539	cds.evm.model.06.768.12.5bd9b13a	CYSK_CITLA	87.077	325	42	0	1	325	1	325	0.0	539	94.15	CYSK_CITLA Cysteine synthase {ECO:0000303|PubMed:8280125}
gene:evm.TU.04.539	cds.evm.model.06.768	CYSK_CITLA	87.077	325	42	0	1	325	1	325	0.0	539	94.15	CYSK_CITLA Cysteine synthase {ECO:0000303|PubMed:8280125}
gene:evm.TU.04.539	cds.evm.model.08.280	CER3_ARATH	68.045	629	196	2	1	624	1	629	0.0	925	82.51	CER3_ARATH Very-long-chain aldehyde decarbonylase CER3 {ECO:0000305}
gene:evm.TU.04.539	cds.novel_model_5443_5bd9a17a	PST2_PETHY	57.143	112	40	5	1	111	1	105	1.86e-24	92.4	68.75	PST2_PETHY Photosystem II 5 kDa protein, chloroplastic {ECO:0000303|PubMed:22700981}
gene:evm.TU.04.573	cds.evm.model.01.139.1.5bd9b133	FRL3_ARATH	63.025	357	127	2	1	352	1	357	4.03e-149	435	79.27	FRL3_ARATH FRIGIDA-like protein 3
gene:evm.TU.04.557	cds.evm.model.01.139	FRL3_ARATH	62.877	563	190	8	1	549	1	558	0.0	671	77.09	FRL3_ARATH FRIGIDA-like protein 3
gene:evm.TU.04.557	cds.evm.model.05.1648	SKU5_ARATH	82.545	550	96	0	20	569	15	564	0.0	971	91.45	SKU5_ARATH Monocopper oxidase-like protein SKU5
gene:evm.TU.04.503	cds.novel_model_4406_5bd9a17a	Y5258_ARATH	66.000	100	34	0	4	103	6	105	1.09e-43	140	80.00	Y5258_ARATH Stress-response A/B barrel domain-containing protein At5g22580 {ECO:0000305}
gene:evm.TU.04.51	cds.evm.model.05.728.1.5bd9b139	CET1_TOBAC	65.625	96	33	0	18	113	9	104	9.96e-46	148	84.38	CET1_TOBAC CEN-like protein 1
gene:evm.TU.04.580	cds.evm.model.05.728.1.5bd9b139.1.5bdae6dd	CET1_TOBAC	64.948	97	34	0	18	114	9	105	1.64e-45	149	84.54	CET1_TOBAC CEN-like protein 1
gene:evm.TU.04.595	cds.evm.model.05.728	CET1_TOBAC	65.060	166	58	0	18	183	9	174	5.55e-85	251	83.73	CET1_TOBAC CEN-like protein 1
gene:evm.TU.04.541	cds.evm.model.04.1993	SCL15_ARATH	52.463	467	163	11	1	431	42	485	3.93e-137	405	62.96	SCL15_ARATH Scarecrow-like protein 15
gene:evm.TU.04.519	cds.evm.model.06.2042	LOX21_SOLTU	70.144	834	239	6	947	1776	72	899	0.0	1234	83.09	LOX21_SOLTU Linoleate 13S-lipoxygenase 2-1, chloroplastic {ECO:0000303|PubMed:8702864}
gene:evm.TU.04.540	cds.evm.model.06.2042	LOX21_SOLTU	64.328	841	284	8	14	850	66	894	0.0	1137	79.55	LOX21_SOLTU Linoleate 13S-lipoxygenase 2-1, chloroplastic {ECO:0000303|PubMed:8702864}
gene:evm.TU.04.576	cds.evm.model.10.2288.2.5bd9b13e	SODCP_SOLCS	75.909	220	50	3	9	225	1	220	6.33e-104	302	82.27	SODCP_SOLCS Superoxide dismutase [Cu-Zn], chloroplastic
gene:evm.TU.04.542	cds.evm.model.10.2288.1.5bd9b13e	SODCP_SOLCS	75.455	220	50	3	9	224	1	220	4.72e-103	300	81.82	SODCP_SOLCS Superoxide dismutase [Cu-Zn], chloroplastic
gene:evm.TU.04.552	cds.evm.model.10.2288	SODCP_SOLCS	76.364	220	50	2	9	226	1	220	1.97e-106	308	82.73	SODCP_SOLCS Superoxide dismutase [Cu-Zn], chloroplastic
gene:evm.TU.04.54	cds.evm.model.09.48	TSJT1_TOBAC	54.545	44	20	0	1	44	105	148	3.00e-12	63.5	81.82	TSJT1_TOBAC Stem-specific protein TSJT1
gene:evm.TU.04.584	cds.evm.model.09.539	PTR18_ARATH	56.757	592	248	4	1	591	1	585	0.0	674	72.97	PTR18_ARATH Protein NRT1/ PTR FAMILY 3.1
gene:evm.TU.04.515	cds.evm.model.01.226	CXE2_ARATH	46.729	321	156	4	59	377	4	311	1.59e-103	311	66.67	CXE2_ARATH Probable carboxylesterase 2
gene:evm.TU.04.526	cds.evm.model.09.217	TBL34_ARATH	73.793	145	38	0	1	145	261	405	1.74e-74	230	83.45	TBL34_ARATH Protein trichome birefringence-like 34
gene:evm.TU.04.577	cds.evm.model.09.1091	CBDAS_CANSA	100.000	484	0	0	1	484	61	544	0.0	1006	100.00	CBDAS_CANSA Cannabidiolic acid synthase {ECO:0000303|PubMed:8663284}
gene:evm.TU.04.593	cds.evm.model.04.1856.1.5bdae6de	PXL2C_ARATH	30.323	155	104	4	9	161	95	247	1.84e-14	71.6	50.97	PXL2C_ARATH Thioredoxin-like protein AAED1, chloroplastic
gene:evm.TU.04.534	cds.evm.model.04.1856	PXL2C_ARATH	33.152	184	117	5	74	255	68	247	1.88e-24	101	51.63	PXL2C_ARATH Thioredoxin-like protein AAED1, chloroplastic
gene:evm.TU.04.534	cds.evm.model.04.1856.1.5bd9b139	PXL2C_ARATH	36.207	116	71	2	74	189	68	180	1.15e-15	75.9	55.17	PXL2C_ARATH Thioredoxin-like protein AAED1, chloroplastic
gene:evm.TU.04.534	cds.evm.model.01.1108	STAD6_ARATH	67.828	373	116	2	19	387	19	391	0.0	535	80.97	STAD6_ARATH Stearoyl-[acyl-carrier-protein] 9-desaturase 6, chloroplastic
gene:evm.TU.04.534	cds.evm.model.02.1846	TKTC2_ARATH	83.401	741	99	3	1	717	1	741	0.0	1289	90.01	TKTC2_ARATH Transketolase-2, chloroplastic
gene:evm.TU.04.534	cds.evm.model.07.209	CH62_CUCMA	90.796	565	51	1	1	564	1	565	0.0	1045	97.35	CH62_CUCMA Chaperonin CPN60-2, mitochondrial
gene:evm.TU.04.522	cds.evm.model.08.719	EDR2L_ARATH	29.380	742	464	18	35	751	6	712	2.15e-94	312	49.19	EDR2L_ARATH Protein ENHANCED DISEASE RESISTANCE 2-like
gene:evm.TU.04.53	cds.evm.model.03.1793	CDPKW_ARATH	81.408	355	64	2	1	355	184	536	0.0	612	91.55	CDPKW_ARATH Calcium-dependent protein kinase 32 {ECO:0000303|Ref.5}
gene:evm.TU.04.578	cds.evm.model.10.1073.1.5bd9b13d	FLA17_ARATH	76.035	459	96	5	1	455	1	449	0.0	656	84.53	FLA17_ARATH Fasciclin-like arabinogalactan protein 17
gene:evm.TU.04.578	cds.evm.model.10.1073	FLA17_ARATH	75.506	445	89	4	1	441	1	429	0.0	634	84.27	FLA17_ARATH Fasciclin-like arabinogalactan protein 17
gene:evm.TU.04.578	cds.evm.model.08.1665	PLPK1_ARATH	50.704	284	103	9	1	255	30	305	9.87e-50	170	69.01	PLPK1_ARATH Protein PELPK1 {ECO:0000305}
gene:evm.TU.04.597	cds.evm.model.08.1665	PLPK1_ARATH	52.734	256	88	10	14	242	110	359	1.77e-41	149	69.92	PLPK1_ARATH Protein PELPK1 {ECO:0000305}
gene:evm.TU.04.571	cds.evm.model.08.1665	PLPK1_ARATH	54.086	257	73	12	13	241	131	370	2.17e-39	143	68.09	PLPK1_ARATH Protein PELPK1 {ECO:0000305}
gene:evm.TU.04.530_evm.TU.04.529	cds.evm.model.08.1665	PLPK1_ARATH	54.375	160	50	6	99	258	39	175	3.98e-22	97.4	70.62	PLPK1_ARATH Protein PELPK1 {ECO:0000305}
gene:evm.TU.04.575	cds.evm.model.08.1665	PLPK1_ARATH	51.587	126	39	5	9	127	260	370	6.26e-13	71.2	64.29	PLPK1_ARATH Protein PELPK1 {ECO:0000305}
gene:evm.TU.04.591	cds.evm.model.01.2094	Y2309_ARATH	59.016	61	21	2	1	60	1	58	4.29e-13	63.9	68.85	Y2309_ARATH Uncharacterized protein At2g23090
gene:evm.TU.04.509	cds.evm.model.10.1449	APA1_ARATH	73.684	475	122	3	10	484	10	481	0.0	729	84.84	APA1_ARATH Aspartic proteinase A1
gene:evm.TU.04.567	cds.evm.model.01.2476	RK3A_ARATH	88.235	221	26	0	51	271	51	271	1.54e-134	384	95.02	RK3A_ARATH Large ribosomal subunit protein uL3c {ECO:0000303|PubMed:36423343}
gene:evm.TU.04.56	cds.evm.model.01.1533	R15A1_ARATH	99.231	130	1	0	1	130	1	130	1.63e-92	266	100.00	R15A1_ARATH Small ribosomal subunit protein uS8z/uS8w {ECO:0000303|PubMed:36423343}
gene:evm.TU.04.518	cds.evm.model.01.1533.3.5bd9b135	R15A1_ARATH	99.231	130	1	0	1	130	1	130	1.63e-92	266	100.00	R15A1_ARATH Small ribosomal subunit protein uS8z/uS8w {ECO:0000303|PubMed:36423343}
gene:evm.TU.04.527	cds.evm.model.01.1533.2.5bd9b135	R15A1_ARATH	99.231	130	1	0	1	130	1	130	1.63e-92	266	100.00	R15A1_ARATH Small ribosomal subunit protein uS8z/uS8w {ECO:0000303|PubMed:36423343}
gene:evm.TU.04.516	cds.evm.model.01.1533.1.5bd9b135	R15A1_ARATH	99.231	130	1	0	1	130	1	130	1.63e-92	266	100.00	R15A1_ARATH Small ribosomal subunit protein uS8z/uS8w {ECO:0000303|PubMed:36423343}
gene:evm.TU.04.520	cds.evm.model.09.216	TBL35_ARATH	74.309	362	91	2	71	430	71	432	0.0	578	85.36	TBL35_ARATH Protein trichome birefringence-like 35
gene:evm.TU.04.565	cds.evm.model.05.250	RLA2B_MAIZE	72.857	70	19	0	1	70	1	70	1.53e-30	107	91.43	RLA2B_MAIZE Large ribosomal subunit protein P2B {ECO:0000305}
gene:evm.TU.04.544	cds.evm.model.08.1157	RSP5_CHLRE	31.461	178	104	4	159	320	284	459	4.97e-19	92.4	52.25	RSP5_CHLRE Flagellar radial spoke protein 5 {ECO:0000303|PubMed:16507594}
gene:evm.TU.04.510	cds.evm.model.10.1968	HPPD_ARATH	75.837	418	96	3	23	435	24	441	0.0	635	85.65	HPPD_ARATH 4-hydroxyphenylpyruvate dioxygenase
gene:evm.TU.04.579	cds.evm.model.04.136	PDLP6_ARATH	64.444	180	57	3	4	180	62	237	2.90e-76	233	80.56	PDLP6_ARATH Plasmodesmata-located protein 6
gene:evm.TU.04.588	cds.novel_model_6149_5bd9a17a	GAPN_NICPL	98.214	112	2	0	1	112	385	496	8.58e-75	232	99.11	GAPN_NICPL NADP-dependent glyceraldehyde-3-phosphate dehydrogenase
gene:evm.TU.04.555	cds.evm.model.02.2512	KI104_MEDTR	41.919	198	101	6	11	201	10	200	4.83e-44	149	59.60	KI104_MEDTR Kunitz type trypsin inhibitor 104 {ECO:0000303|PubMed:23662629}
gene:evm.TU.04.532	cds.evm.model.04.2177	CB21_GOSHI	93.233	266	17	1	1	266	1	265	0.0	510	95.86	CB21_GOSHI Chlorophyll a-b binding protein 151, chloroplastic
gene:evm.TU.04.532	cds.evm.model.02.814.1.5bd9b134	PME17_ARATH	58.333	312	106	11	1	310	2	291	9.75e-111	333	71.79	PME17_ARATH Probable pectinesterase/pectinesterase inhibitor 17
gene:evm.TU.04.58	cds.evm.model.02.814	PME2_CITSI	70.489	532	134	9	1	531	1	510	0.0	750	81.39	PME2_CITSI Pectinesterase 2
gene:evm.TU.04.525	cds.evm.model.10.1076	CDPK1_ARATH	66.162	594	178	7	14	590	1	588	0.0	802	79.12	CDPK1_ARATH Calcium-dependent protein kinase 1
gene:evm.TU.04.525	cds.evm.model.02.365	FAD3C_RICCO	76.940	451	93	3	2	441	3	453	0.0	715	83.37	FAD3C_RICCO Omega-3 fatty acid desaturase, chloroplastic
gene:evm.TU.04.554	cds.evm.model.02.365.1.5bd9b134	FAD3C_RICCO	86.036	222	31	0	17	238	232	453	5.92e-140	403	90.99	FAD3C_RICCO Omega-3 fatty acid desaturase, chloroplastic
gene:evm.TU.04.528	cds.evm.model.02.365.1.5bd9b134.1.5bdae6d9	FAD3C_RICCO	87.437	199	24	1	1	198	255	453	5.86e-125	363	91.96	FAD3C_RICCO Omega-3 fatty acid desaturase, chloroplastic
gene:evm.TU.04.572	cds.evm.model.09.855	CSPLD_RICCO	68.156	179	55	2	66	244	29	205	1.17e-85	256	81.01	CSPLD_RICCO CASP-like protein 2A1
gene:evm.TU.04.547	cds.evm.model.05.1466	HMA5_ARATH	71.474	943	238	4	46	957	51	993	0.0	1378	84.09	HMA5_ARATH Probable copper-transporting ATPase HMA5
gene:evm.TU.04.547	cds.evm.model.05.1466	HMA5_ARATH	22.297	148	97	2	37	166	120	267	2.73e-07	58.5	47.97	HMA5_ARATH Probable copper-transporting ATPase HMA5
gene:evm.TU.04.599	cds.evm.model.01.43	MS5L2_ARATH	64.020	403	77	4	12	346	6	408	2.02e-178	504	73.20	MS5L2_ARATH Protein POLLENLESS 3-LIKE 2 {ECO:0000303|Ref.5}
gene:evm.TU.04.511	cds.evm.model.10.1483	RK6_ARATH	76.106	226	51	1	56	281	1	223	6.61e-125	358	86.73	RK6_ARATH Large ribosomal subunit protein uL6c {ECO:0000303|PubMed:36423343}
gene:evm.TU.04.511	cds.evm.model.04.1893	PLP1_ARATH	57.033	391	166	2	10	400	13	401	5.05e-167	477	76.98	PLP1_ARATH Patatin-like protein 1
gene:evm.TU.04.500	cds.evm.model.02.2594	HTH_ARATH	69.031	578	177	2	18	594	18	594	0.0	819	80.80	HTH_ARATH Protein HOTHEAD
gene:evm.TU.04.500	cds.evm.model.02.756	WTR38_ARATH	60.424	283	89	5	1	277	131	396	1.66e-106	318	73.50	WTR38_ARATH WAT1-related protein At5g07050
gene:evm.TU.04.537	cds.evm.model.08.639	BSD2_ARATH	55.245	143	49	5	1	135	1	136	8.40e-44	143	66.43	BSD2_ARATH Protein BUNDLE SHEATH DEFECTIVE 2, chloroplastic {ECO:0000303|PubMed:29217567}
gene:evm.TU.04.59	cds.evm.model.06.2108	LERK4_ORYSJ	66.265	83	27	1	3	85	666	747	3.48e-34	127	85.54	LERK4_ORYSJ G-type lectin S-receptor-like serine/threonine-protein kinase LECRK4 {ECO:0000305}
gene:evm.TU.04.553	cds.evm.model.09.86	UBA2C_ARATH	57.447	423	128	8	1	390	1	404	1.82e-137	401	67.14	UBA2C_ARATH UBP1-associated protein 2C
gene:evm.TU.04.57	cds.evm.model.06.455	AGO4_ARATH	73.407	910	231	4	6	907	18	924	0.0	1389	86.15	AGO4_ARATH Protein argonaute 4 {ECO:0000303|PubMed:12522258, ECO:0000303|PubMed:28229965}
gene:evm.TU.04.543	cds.evm.model.02.3064	PDX12_ARATH	72.333	300	82	1	3	301	10	309	2.00e-170	477	90.00	PDX12_ARATH Pyridoxal 5'-phosphate synthase-like subunit PDX1.2
gene:evm.TU.04.583	cds.novel_model_1360_5bd9a17a	THN1A_URTFR	60.345	116	41	2	1	116	1	111	4.19e-41	135	74.14	THN1A_URTFR DELTA-urthionin-Uf1a {ECO:0000303|PubMed:35780839}
gene:evm.TU.04.521	cds.novel_model_1361_5bd9a17a.1.5bd9b135	THN1A_URTFR	71.212	66	18	1	1	66	1	65	1.92e-25	94.7	81.82	THN1A_URTFR DELTA-urthionin-Uf1a {ECO:0000303|PubMed:35780839}
gene:evm.TU.04.598	cds.evm.model.04.408	ORR26_ORYSJ	52.558	430	180	7	12	428	5	423	1.12e-136	413	66.05	ORR26_ORYSJ Two-component response regulator ORR26 {ECO:0000305}
gene:evm.TU.04.508	cds.evm.model.02.2718	WEX_ARATH	30.899	178	115	5	31	203	97	271	7.20e-17	81.3	49.44	WEX_ARATH 3'-5' exonuclease {ECO:0000303|PubMed:12937173}
gene:evm.TU.04.548	cds.evm.model.02.3160	TYRA2_ARATH	64.474	304	103	2	1	304	37	335	7.07e-146	420	80.26	TYRA2_ARATH Arogenate dehydrogenase 2, chloroplastic
gene:evm.TU.04.548	cds.evm.model.02.3054	PSAH_BRACM	81.379	145	26	1	1	144	1	145	7.37e-81	237	90.34	PSAH_BRACM Photosystem I reaction center subunit VI, chloroplastic
gene:evm.TU.04.538	cds.evm.model.09.919	P2A09_ARATH	44.385	187	91	4	1	181	1	180	1.72e-40	138	55.08	P2A09_ARATH Protein PHLOEM PROTEIN 2-LIKE A9
gene:evm.TU.04.592	cds.evm.model.02.2478	CXE9_ARATH	55.238	315	139	2	4	316	9	323	1.76e-120	352	68.89	CXE9_ARATH Probable carboxylesterase 9
gene:evm.TU.04.533	cds.evm.model.08.1746	GUN23_ORYSJ	71.134	194	56	0	1	194	314	507	5.96e-103	308	85.57	GUN23_ORYSJ Endoglucanase 23
gene:evm.TU.04.594	cds.evm.model.02.3114	DRI1_SCHPO	32.331	133	39	5	3	85	343	474	7.99e-06	45.4	35.34	DRI1_SCHPO RNA-binding protein involved in heterochromatin assembly dri1 {ECO:0000312|PomBase:SPAC17H9.04c}
gene:evm.TU.04.535	cds.evm.model.02.2682	ACP1_BRANA	52.941	85	39	1	69	152	45	129	3.80e-23	91.7	75.29	ACP1_BRANA Acyl carrier protein, chloroplastic
gene:evm.TU.04.545	cds.evm.model.10.1969	GDL48_ARATH	61.846	325	123	1	117	441	20	343	6.14e-151	435	76.62	GDL48_ARATH GDSL esterase/lipase At2g42990
gene:evm.TU.04.585	cds.evm.model.06.2019	UXT1_ARATH	87.903	124	15	0	1	124	1	124	1.28e-73	225	94.35	UXT1_ARATH UDP-xylose transporter 1 {ECO:0000312|EMBL:AKA88212.1}
gene:evm.TU.04.587	cds.evm.model.06.1950	APX1_PEA	84.800	250	37	1	1	249	1	250	1.52e-156	437	92.00	APX1_PEA L-ascorbate peroxidase, cytosolic
gene:evm.TU.04.504	cds.novel_model_6722_5bd9a17a	NHL1_ARATH	66.346	208	68	1	4	209	2	209	8.45e-104	300	80.77	NHL1_ARATH NDR1/HIN1-like protein 1 {ECO:0000303|Ref.1}
gene:evm.TU.04.536	cds.evm.model.08.1200	RLA32_ARATH	85.507	69	10	0	1	69	1	69	3.19e-35	120	92.75	RLA32_ARATH Large ribosomal subunit protein P3y {ECO:0000303|PubMed:36423343}
gene:evm.TU.04.536	cds.evm.model.07.1592	TYDC2_PAPSO	67.742	527	162	3	1	525	1	521	0.0	774	81.97	TYDC2_PAPSO Tyrosine/DOPA decarboxylase 2
gene:evm.TU.04.536	cds.evm.model.02.2945	B120_ARATH	55.017	867	358	16	10	866	5	849	0.0	911	70.47	B120_ARATH G-type lectin S-receptor-like serine/threonine-protein kinase B120
gene:evm.TU.04.586	cds.evm.model.09.243	PDC1_ARATH	85.502	607	87	1	1	606	1	607	0.0	1089	91.43	PDC1_ARATH Pyruvate decarboxylase 1
gene:evm.TU.04.546	cds.evm.model.04.331	C86B1_ARATH	51.329	489	220	5	4	482	60	540	1.89e-179	517	70.14	C86B1_ARATH Cytochrome P450 86B1
gene:evm.TU.04.546	cds.evm.model.07.434	TGRM1_MOUSE	29.524	210	137	4	51	255	1245	1448	7.12e-16	81.6	45.24	TGRM1_MOUSE TOG array regulator of axonemal microtubules protein 1
gene:evm.TU.04.551	cds.evm.model.07.422	IF2G_RAT	74.336	452	115	1	6	457	15	465	0.0	693	85.18	IF2G_RAT Eukaryotic translation initiation factor 2 subunit 3, X-linked
gene:evm.TU.04.507	cds.evm.model.07.138	R13A4_ARATH	88.835	206	23	0	1	206	1	206	1.00e-137	386	95.63	R13A4_ARATH Large ribosomal subunit protein uL13w {ECO:0000303|PubMed:36423343}
gene:evm.TU.04.596	cds.evm.model.08.1266	BC10_ORYSJ	38.838	327	153	11	96	388	73	386	8.02e-61	204	56.57	BC10_ORYSJ Glycosyltransferase BC10 {ECO:0000305}
gene:evm.TU.04.523	cds.evm.model.02.2953.1.5bd9b136	DRL26_ARATH	31.875	320	149	9	108	368	55	364	4.11e-34	133	48.44	DRL26_ARATH Probable disease resistance protein At4g19060
gene:evm.TU.04.523	cds.evm.model.02.2953	DRL26_ARATH	31.875	320	149	9	79	339	55	364	2.80e-34	133	48.44	DRL26_ARATH Probable disease resistance protein At4g19060
gene:evm.TU.04.523	cds.novel_model_7030_5bd9a17a	GATL3_ARATH	77.419	341	65	3	16	355	16	345	0.0	530	87.10	GATL3_ARATH Probable galacturonosyltransferase-like 3
gene:evm.TU.04.523	cds.evm.model.01.3032	PSBS_SPIOL	78.906	256	48	3	74	326	22	274	6.29e-120	349	87.50	PSBS_SPIOL Photosystem II 22 kDa protein, chloroplastic
gene:evm.TU.04.523	cds.evm.model.02.3198	PNSB1_ARATH	69.281	459	140	1	5	462	3	461	0.0	632	80.61	PNSB1_ARATH Photosynthetic NDH subunit of subcomplex B 1, chloroplastic {ECO:0000303|PubMed:21785130}
gene:evm.TU.04.523	cds.evm.model.02.3281	AIMP1_MOUSE	46.429	168	79	4	73	240	150	306	4.70e-40	143	62.50	AIMP1_MOUSE Aminoacyl tRNA synthase complex-interacting multifunctional protein 1
gene:evm.TU.04.574	cds.novel_model_3588_5bd9a17a	PXL2C_ARATH	69.159	214	63	1	44	257	38	248	1.64e-109	318	81.31	PXL2C_ARATH Thioredoxin-like protein AAED1, chloroplastic
gene:evm.TU.04.502	cds.evm.model.01.360	P2C63_ARATH	71.504	379	97	4	1	375	1	372	0.0	550	81.53	P2C63_ARATH Probable protein phosphatase 2C 63 {ECO:0000303|PubMed:19021904}
gene:evm.TU.04.502	cds.evm.model.03.143	C7A10_PANGI	76.360	533	110	7	7	529	6	532	0.0	825	84.43	C7A10_PANGI Cytochrome P450 CYP73A100
gene:evm.TU.04.514	cds.evm.model.07.597	FTRA2_ARATH	66.667	99	33	0	31	129	84	182	1.46e-44	146	81.82	FTRA2_ARATH Ferredoxin-thioredoxin reductase subunit A2, chloroplastic
gene:evm.TU.04.514	cds.evm.model.02.3068	RHN1_NICPL	63.317	199	71	2	1	197	1	199	6.56e-91	267	78.89	RHN1_NICPL Ras-related protein RHN1
gene:evm.TU.04.590	cds.evm.model.10.1960	PSBP_CUCSA	79.104	268	50	2	1	267	1	263	5.82e-155	434	87.69	PSBP_CUCSA Oxygen-evolving enhancer protein 2, chloroplastic
gene:evm.TU.04.556	cds.evm.model.02.3196	WRK40_ARATH	60.219	274	96	5	10	276	30	297	1.99e-108	319	75.55	WRK40_ARATH Probable WRKY transcription factor 40 {ECO:0000303|Ref.1}
gene:evm.TU.04.505	cds.evm.model.04.2192	QORH_ARATH	77.204	329	75	0	118	446	1	329	0.0	513	86.93	QORH_ARATH Chloroplast envelope quinone oxidoreductase homolog {ECO:0000303|PubMed:20424175}
gene:evm.TU.04.581	cds.evm.model.04.2192	QORH_ARATH	69.388	98	30	0	10	107	232	329	3.91e-37	141	81.63	QORH_ARATH Chloroplast envelope quinone oxidoreductase homolog {ECO:0000303|PubMed:20424175}
gene:evm.TU.04.52	cds.evm.model.05.1623	PTR7_ARATH	66.951	587	181	7	8	588	3	582	0.0	781	81.26	PTR7_ARATH Protein NRT1/ PTR FAMILY 6.3
gene:evm.TU.04.561	cds.evm.model.02.2793	R13L4_ARATH	32.674	860	508	24	3	832	1	819	2.30e-120	387	51.86	R13L4_ARATH Disease resistance RPP13-like protein 4
gene:evm.TU.04.560	cds.evm.model.04.632	HKT1_ARATH	57.394	284	116	3	1	282	221	501	1.48e-114	342	77.82	HKT1_ARATH Sodium transporter HKT1
gene:evm.TU.04.506	cds.evm.model.08.433	RFS6_ARATH	73.595	765	183	6	1	762	1	749	0.0	1193	86.41	RFS6_ARATH Probable galactinol--sucrose galactosyltransferase 6
gene:evm.TU.04.563	cds.evm.model.07.714	GT121_ARATH	59.629	431	117	8	1	430	3	377	0.0	523	75.17	GT121_ARATH Putative glutamine amidotransferase GAT1_2.1 {ECO:0000305}
gene:evm.TU.04.568	cds.evm.model.10.1443	CSLH1_ORYSJ	44.267	750	335	15	28	736	11	718	0.0	601	60.00	CSLH1_ORYSJ Cellulose synthase-like protein H1
gene:evm.TU.04.512	cds.evm.model.08.1582	UGT2_GARJA	62.839	479	173	4	1	477	4	479	0.0	643	78.50	UGT2_GARJA 7-deoxyloganetin glucosyltransferase
gene:evm.TU.04.549	cds.evm.model.06.712	NAT1_ARATH	63.115	122	34	2	1	116	1	117	5.59e-43	151	73.77	NAT1_ARATH Nucleobase-ascorbate transporter 1
gene:evm.TU.02.3204	cds.evm.model.07.1711	MZT1B_ARATH	74.242	66	17	0	1	66	1	66	1.61e-29	102	86.36	MZT1B_ARATH Mitotic-spindle organizing protein 1B
gene:evm.TU.04.606	cds.evm.model.06.903	ZAT12_ARATH	49.020	153	58	5	23	167	7	147	9.44e-36	125	60.13	ZAT12_ARATH Zinc finger protein ZAT12
gene:novel_gene_2152_5bd9a17a	cds.novel_model_2629_5bd9a17a	NRT31_ARATH	54.634	205	86	4	3	201	2	205	1.71e-67	208	64.88	NRT31_ARATH High-affinity nitrate transporter 3.1
gene:evm.TU.10.1934	cds.evm.model.06.1543	PHSH_VICFA	85.242	847	120	2	1	847	1	842	0.0	1521	92.80	PHSH_VICFA Alpha-glucan phosphorylase, H isozyme
gene:evm.TU.02.2541	cds.evm.model.08.1045	CX6B2_ARATH	85.526	76	11	0	2	77	3	78	1.46e-46	145	94.74	CX6B2_ARATH Cytochrome c oxidase subunit 6b-2
gene:evm.TU.08.1244	cds.evm.model.07.1878	COMT1_PRUDU	73.757	362	89	4	1	361	9	365	0.0	552	85.64	COMT1_PRUDU Caffeic acid 3-O-methyltransferase
gene:evm.TU.08.124	cds.evm.model.05.1092	FTRC_SOYBN	82.069	145	25	1	1	145	1	144	6.68e-85	254	88.28	FTRC_SOYBN Ferredoxin-thioredoxin reductase catalytic chain, chloroplastic
gene:evm.TU.08.1240	cds.evm.model.02.3111	LEA1_CICAR	50.588	170	62	1	1	148	1	170	1.58e-37	129	60.59	LEA1_CICAR Late embryogenesis abundant protein 1
gene:evm.TU.08.1242	cds.evm.model.08.1796	BZP44_ARATH	53.529	170	60	4	5	168	16	172	7.62e-52	166	67.06	BZP44_ARATH bZIP transcription factor 44 {ECO:0000305}
gene:evm.TU.08.1247	cds.evm.model.10.1863	Y3721_ARATH	41.758	182	70	9	56	231	82	233	1.61e-21	92.4	54.95	Y3721_ARATH Uncharacterized protein At3g27210
gene:evm.TU.08.1248	cds.evm.model.07.1818	94D18_PARPY	45.416	469	230	8	1	468	47	490	1.64e-145	428	64.61	94D18_PARPY Cytochrome P450 CYP94D108 {ECO:0000303|PubMed:31324795}
gene:evm.TU.08.1249	cds.evm.model.02.2311	GNAT8_ARATH	56.221	217	55	2	17	194	16	231	2.77e-77	234	67.28	GNAT8_ARATH GCN5-related N-acetyltransferase 8 {ECO:0000303|PubMed:32633465}
gene:evm.TU.08.1243	cds.evm.model.10.1890	GTE8_ARATH	44.027	745	368	16	9	737	7	718	2.85e-162	492	60.54	GTE8_ARATH Transcription factor GTE8
gene:evm.TU.08.1245	cds.evm.model.01.1438	PSA1A_ARATH	86.975	238	31	0	1	238	1	238	1.19e-158	445	93.70	PSA1A_ARATH Proteasome subunit alpha type-1-A
gene:evm.TU.08.1246	cds.novel_model_5017_5bd9a17a	TBB3_ARATH	96.868	447	13	1	1	446	1	447	0.0	912	98.88	TBB3_ARATH Tubulin beta-3 chain
gene:evm.TU.08.1241	cds.evm.model.07.1821	94D18_PARPY	48.182	220	107	3	11	230	278	490	5.03e-74	236	70.45	94D18_PARPY Cytochrome P450 CYP94D108 {ECO:0000303|PubMed:31324795}
gene:evm.TU.10.515	cds.evm.model.01.1030	EBIII_PETHY	68.559	229	44	2	1	202	1	228	4.36e-112	323	77.29	EBIII_PETHY MYB-like transcription factor 4 {ECO:0000303|PubMed:21068208}
gene:novel_gene_2254_5bd9a17a	cds.evm.model.07.1665	ZFP4_ARATH	48.370	184	66	7	101	261	83	260	1.78e-46	159	61.96	ZFP4_ARATH Zinc finger protein 4 {ECO:0000305}
gene:evm.TU.05.1113	cds.evm.model.06.908	H2A4_ARATH	84.314	153	21	1	1	150	1	153	1.48e-80	237	90.20	H2A4_ARATH Probable histone H2A.4
gene:evm.TU.05.1113	cds.evm.model.06.908.1.5bd9b13a	H2A_EUPES	83.562	73	11	1	1	73	1	72	2.85e-33	114	89.04	H2A_EUPES Histone H2A
gene:evm.TU.05.1113	cds.evm.model.10.1251	SNL6_ORYSJ	44.118	374	194	6	1	363	1	370	1.02e-101	308	59.89	SNL6_ORYSJ Cinnamoyl-CoA reductase-like SNL6 {ECO:0000305}
gene:evm.TU.05.1113	cds.evm.model.02.72	ORANG_ARATH	74.441	313	74	2	1	313	1	307	1.09e-168	473	83.71	ORANG_ARATH Protein ORANGE, chloroplastic {ECO:0000305}
gene:evm.TU.05.1113	cds.evm.model.08.129	C71DB_LOTJA	54.192	489	219	3	5	491	1	486	0.0	555	73.42	C71DB_LOTJA Cytochrome P450 71D11
gene:evm.TU.01.46	cds.novel_model_3136_5bd9a17a.2.5bd9b137	PIP25_ARATH	70.940	117	30	2	1	114	1	116	3.99e-53	171	84.62	PIP25_ARATH Probable aquaporin PIP2-5
gene:evm.TU.01.466	cds.novel_model_3134_5bd9a17a	PIP22_ARATH	84.099	283	43	1	1	283	1	281	1.44e-177	493	91.52	PIP22_ARATH Aquaporin PIP2-2
gene:evm.TU.01.469	cds.novel_model_3137_5bd9a17a.3.5bd9b137	PIP25_ARATH	70.940	117	30	2	1	114	1	116	3.99e-53	171	84.62	PIP25_ARATH Probable aquaporin PIP2-5
gene:evm.TU.01.460	cds.novel_model_3135_5bd9a17a.1.5bd9b137	PIP22_ARATH	83.746	283	43	2	1	282	1	281	5.21e-175	487	91.17	PIP22_ARATH Aquaporin PIP2-2
gene:evm.TU.01.464	cds.novel_model_4359_5bd9a17a	SD11_ARATH	61.516	343	130	2	29	371	475	815	3.15e-139	418	74.93	SD11_ARATH G-type lectin S-receptor-like serine/threonine-protein kinase SD1-1
gene:evm.TU.01.461	cds.evm.model.08.1959	BAMS_BETPL	73.684	760	198	1	1	760	1	758	0.0	1225	86.18	BAMS_BETPL Beta-amyrin synthase
gene:evm.TU.01.462	cds.evm.model.03.445	CBC2_ARATH	78.701	385	40	1	1	343	1	385	0.0	632	84.94	CBC2_ARATH Serine/threonine-protein kinase 52 {ECO:0000303|PubMed:16429265}
gene:evm.TU.01.467	cds.evm.model.06.1588	RBP1B_ARATH	77.512	209	44	2	3	209	5	212	2.27e-106	308	87.56	RBP1B_ARATH Ran-binding protein 1 homolog b
gene:evm.TU.01.468	cds.evm.model.10.2231	SILD_FORIN	57.812	128	53	1	12	138	146	273	2.30e-44	149	73.44	SILD_FORIN Secoisolariciresinol dehydrogenase
gene:evm.TU.01.465	cds.evm.model.02.2507	Y5986_ARATH	47.590	166	69	4	139	286	224	389	7.91e-43	154	65.06	Y5986_ARATH Uncharacterized protein At5g39865
gene:evm.TU.01.465	cds.evm.model.07.847.1.5bd9b13c	DIM_PEA	88.183	567	67	0	1	567	1	567	0.0	1063	95.06	DIM_PEA Delta(24)-sterol reductase
gene:evm.TU.01.465	cds.evm.model.07.847	DIM_PEA	88.183	567	67	0	1	567	1	567	0.0	1063	95.06	DIM_PEA Delta(24)-sterol reductase
gene:evm.TU.01.463	cds.evm.model.02.2517	BASS1_ARATH	67.366	429	100	5	4	425	6	401	0.0	551	76.46	BASS1_ARATH Probable sodium/metabolite cotransporter BASS1, chloroplastic
gene:evm.TU.05.2069	cds.evm.model.ctgX7.3	U91C1_ARATH	48.261	460	216	7	13	467	9	451	1.34e-143	422	63.91	U91C1_ARATH UDP-glycosyltransferase 91C1
gene:evm.TU.06.416	cds.novel_model_4602_5bd9a17a	CAF1I_ARATH	70.922	282	70	4	4	282	8	280	1.08e-141	402	81.21	CAF1I_ARATH Probable CCR4-associated factor 1 homolog 9
gene:evm.TU.06.1880	cds.evm.model.02.1875	DRMH3_ARATH	67.669	133	31	4	1	121	1	133	6.84e-46	148	75.19	DRMH3_ARATH Dormancy-associated protein homolog 3 {ECO:0000305}
gene:novel_gene_3847_5bd9a17a	cds.evm.model.02.1875.3.5bd9b135	DRMH3_ARATH	70.930	86	23	2	1	84	1	86	1.32e-34	118	77.91	DRMH3_ARATH Dormancy-associated protein homolog 3 {ECO:0000305}
gene:novel_gene_3847_5bd9a17a	cds.evm.model.02.1875.1.5bd9b135	DRMH3_ARATH	66.917	133	31	4	1	120	1	133	4.93e-45	145	74.44	DRMH3_ARATH Dormancy-associated protein homolog 3 {ECO:0000305}
gene:novel_gene_3847_5bd9a17a	cds.evm.model.02.1875.3.5bd9b135.1.5bdae6e1	DRMH3_ARATH	70.930	86	23	2	1	84	1	86	2.05e-34	119	77.91	DRMH3_ARATH Dormancy-associated protein homolog 3 {ECO:0000305}
gene:novel_gene_3847_5bd9a17a	cds.evm.model.02.1875.2.5bd9b135	DRMH3_ARATH	67.669	133	29	4	1	119	1	133	3.21e-46	149	75.19	DRMH3_ARATH Dormancy-associated protein homolog 3 {ECO:0000305}
gene:novel_gene_3847_5bd9a17a	cds.evm.model.02.1858	TKTC_SOLTU	86.431	678	66	3	472	1124	64	740	0.0	1211	91.00	TKTC_SOLTU Transketolase, chloroplastic
gene:novel_gene_3847_5bd9a17a	cds.evm.model.04.1894	PLP1_ARATH	57.181	376	158	2	12	387	11	383	1.43e-156	455	75.00	PLP1_ARATH Patatin-like protein 1
gene:novel_gene_3847_5bd9a17a	cds.evm.model.06.1622	RK4_TOBAC	70.763	236	67	1	26	261	20	253	4.20e-119	346	86.86	RK4_TOBAC Large ribosomal subunit protein uL4c {ECO:0000305}
gene:novel_gene_3847_5bd9a17a	cds.evm.model.06.1622.7.5bd9b13b	RK4_TOBAC	70.763	236	67	1	26	261	20	253	5.63e-119	345	86.86	RK4_TOBAC Large ribosomal subunit protein uL4c {ECO:0000305}
gene:evm.TU.01.925	cds.evm.model.06.1622.4.5bd9b13b	RK4_TOBAC	75.587	213	52	0	49	261	41	253	4.27e-119	346	92.49	RK4_TOBAC Large ribosomal subunit protein uL4c {ECO:0000305}
gene:evm.TU.01.925	cds.evm.model.06.1622.5.5bd9b13b	RK4_TOBAC	70.763	236	67	1	26	261	20	253	4.07e-119	346	86.86	RK4_TOBAC Large ribosomal subunit protein uL4c {ECO:0000305}
gene:evm.TU.01.925	cds.evm.model.06.1622.2.5bd9b13b	RK4_TOBAC	70.763	236	67	1	26	261	20	253	4.07e-119	346	86.86	RK4_TOBAC Large ribosomal subunit protein uL4c {ECO:0000305}
gene:novel_gene_1427_5bd9a17a	cds.evm.model.06.1622.1.5bd9b13b	RK4_TOBAC	70.763	236	67	1	26	261	20	253	4.07e-119	346	86.86	RK4_TOBAC Large ribosomal subunit protein uL4c {ECO:0000305}
gene:novel_gene_1427_5bd9a17a	cds.evm.model.06.1622.3.5bd9b13b	RK4_TOBAC	70.763	236	67	1	26	261	20	253	4.20e-119	346	86.86	RK4_TOBAC Large ribosomal subunit protein uL4c {ECO:0000305}
gene:evm.TU.04.1140	cds.evm.model.06.1622.6.5bd9b13b	RK4_TOBAC	70.763	236	67	1	26	261	20	253	4.20e-119	346	86.86	RK4_TOBAC Large ribosomal subunit protein uL4c {ECO:0000305}
gene:evm.TU.04.1140	cds.evm.model.09.773	CLPP4_ARATH	84.956	226	34	0	8	233	67	292	7.20e-139	394	92.48	CLPP4_ARATH ATP-dependent Clp protease proteolytic subunit 4, chloroplastic {ECO:0000303|PubMed:11299370}
gene:evm.TU.04.1140	cds.novel_model_3482_5bd9a17a	ZN593_XENTR	44.048	84	38	4	9	87	40	119	2.93e-16	70.9	64.29	ZN593_XENTR Zinc finger protein 593
gene:evm.TU.04.1140	cds.evm.model.05.1646.1.5bd9b13a	RHVI2_ROSHC	75.480	469	114	1	1	469	143	610	0.0	753	87.21	RHVI2_ROSHC Acid beta-fructofuranosidase 2, vacuolar {ECO:0000305}
gene:evm.TU.04.1140	cds.evm.model.05.1646	INVA_VIGRR	68.571	665	181	8	1	654	1	648	0.0	924	80.45	INVA_VIGRR Acid beta-fructofuranosidase {ECO:0000303|Ref.1}
gene:evm.TU.02.1712	cds.evm.model.01.549.2.5bd9b134	USPAL_ARATH	46.667	60	32	0	57	116	104	163	6.93e-13	64.7	66.67	USPAL_ARATH Universal stress protein A-like protein
gene:evm.TU.03.1750	cds.evm.model.01.549	USPAL_ARATH	29.480	173	97	6	8	165	1	163	6.33e-14	68.9	48.55	USPAL_ARATH Universal stress protein A-like protein
gene:evm.TU.10.2259	cds.evm.model.05.1548.1.5bd9b13a	RMLCD_ARATH	85.714	147	21	0	6	152	151	297	9.22e-91	268	95.92	RMLCD_ARATH Bifunctional dTDP-4-dehydrorhamnose 3,5-epimerase/dTDP-4-dehydrorhamnose reductase {ECO:0000305}
gene:novel_gene_1650_5bd9a17a	cds.evm.model.05.1548	RMLCD_ARATH	84.806	283	43	0	15	297	15	297	0.0	516	93.64	RMLCD_ARATH Bifunctional dTDP-4-dehydrorhamnose 3,5-epimerase/dTDP-4-dehydrorhamnose reductase {ECO:0000305}
gene:evm.TU.05.1253	cds.novel_model_3416_5bd9a17a.1.5bd9b138	RL24_PRUAV	96.460	113	4	0	1	113	1	113	2.78e-76	226	98.23	RL24_PRUAV Large ribosomal subunit protein eL24 {ECO:0000305}
gene:evm.TU.02.727	cds.novel_model_3415_5bd9a17a	RL24_PRUAV	91.875	160	9	3	1	157	1	159	7.39e-89	260	95.00	RL24_PRUAV Large ribosomal subunit protein eL24 {ECO:0000305}
gene:evm.TU.06.1699	cds.evm.model.04.2173	CRR55_ARATH	58.678	242	94	4	7	243	4	244	2.70e-97	288	75.21	CRR55_ARATH Cysteine-rich repeat secretory protein 55
gene:evm.TU.06.1699	cds.evm.model.10.1835	SP13B_ARATH	57.983	119	49	1	114	232	93	210	8.46e-41	150	73.95	SP13B_ARATH Squamosa promoter-binding-like protein 13B
gene:evm.TU.06.1699	cds.evm.model.08.1001	RACD_PYRHO	28.571	168	105	3	173	337	70	225	1.08e-15	78.6	50.00	RACD_PYRHO Aspartate racemase
gene:evm.TU.06.1699	cds.evm.model.07.69	75L17_MALDO	53.320	482	191	8	1	457	1	473	9.63e-177	506	69.92	75L17_MALDO Phloretin 4'-O-glucosyltransferase {ECO:0000303|PubMed:27316677}
gene:evm.TU.06.1699	cds.evm.model.02.97	ERF5_TOBAC	41.463	328	134	10	7	320	8	291	2.92e-67	215	56.40	ERF5_TOBAC Ethylene-responsive transcription factor 5
gene:evm.TU.06.1699	cds.evm.model.10.156	SR54C_ARATH	87.090	488	63	0	1	488	77	564	0.0	877	95.70	SR54C_ARATH Signal recognition particle subunit SRP54, chloroplastic
gene:evm.TU.06.1699	cds.novel_model_974_5bd9a17a.1.5bd9b135	CITRX_ARATH	73.964	169	27	3	32	183	15	183	2.57e-80	239	79.88	CITRX_ARATH Thioredoxin-like protein CITRX, chloroplastic {ECO:0000305}
gene:evm.TU.06.1699	cds.novel_model_973_5bd9a17a	CITRX_ARATH	74.556	169	27	2	32	184	15	183	7.98e-83	245	80.47	CITRX_ARATH Thioredoxin-like protein CITRX, chloroplastic {ECO:0000305}
gene:evm.TU.06.1699	cds.evm.model.01.2939	SFH8_ARATH	61.236	534	205	1	39	570	87	620	0.0	668	75.84	SFH8_ARATH Phosphatidylinositol/phosphatidylcholine transfer protein SFH8
gene:evm.TU.06.1699	cds.evm.model.04.1181	MLX56_MORAL	63.066	287	97	4	26	304	122	407	1.59e-129	378	76.31	MLX56_MORAL Mulatexin {ECO:0000303|PubMed:19476960}
gene:evm.TU.06.1699	cds.novel_model_2506_5bd9a17a	PALY_POPTR	85.352	710	95	2	1	710	14	714	0.0	1265	91.41	PALY_POPTR Phenylalanine ammonia-lyase
gene:evm.TU.09.664	cds.evm.model.01.865	H2AX_CICAR	88.028	142	14	1	1	142	1	139	8.58e-86	249	94.37	H2AX_CICAR Histone H2AX
gene:evm.TU.09.698	cds.evm.model.02.3015	HS154_ARATH	65.766	111	35	2	25	133	25	134	5.61e-45	145	78.38	HS154_ARATH 15.4 kDa class V heat shock protein
gene:evm.TU.09.698	cds.evm.model.04.29	PLA4_ORYSJ	44.624	372	174	10	5	371	42	386	2.93e-94	290	59.14	PLA4_ORYSJ Phospholipase A1-II 4
gene:evm.TU.09.604	cds.evm.model.01.280	NRPB3_ARATH	58.307	319	78	4	1	264	1	319	1.73e-123	357	72.41	NRPB3_ARATH DNA-directed RNA polymerases II, IV and V subunit 3
gene:evm.TU.09.635	cds.evm.model.04.2047	BSMT1_PETHY	58.000	350	122	4	1	350	31	355	1.08e-141	408	74.29	BSMT1_PETHY S-adenosyl-L-methionine:benzoic acid/salicylic acid carboxyl methyltransferase 1 {ECO:0000303|PubMed:14630969}
gene:evm.TU.09.679	cds.evm.model.02.1910	CLPC_PEA	85.839	918	92	1	4	883	5	922	0.0	1554	90.96	CLPC_PEA Chaperone protein ClpC, chloroplastic
gene:evm.TU.09.647	cds.evm.model.07.1843	OMT3_HUMLU	91.632	239	20	0	1	239	139	377	1.72e-163	459	94.56	OMT3_HUMLU Probable O-methyltransferase 3 {ECO:0000303|PubMed:18223037}
gene:evm.TU.09.68	cds.evm.model.05.2108.1.5bd9b13b	SSG1_ANTMA	70.989	617	168	3	1	615	1	608	0.0	895	80.71	SSG1_ANTMA Granule-bound starch synthase 1, chloroplastic/amyloplastic
gene:evm.TU.09.620	cds.evm.model.05.2108.2.5bd9b13b	SSG1_ANTMA	70.989	617	168	3	1	615	1	608	0.0	895	80.71	SSG1_ANTMA Granule-bound starch synthase 1, chloroplastic/amyloplastic
gene:evm.TU.09.607	cds.evm.model.05.2108.3.5bd9b13b	SSG1_ANTMA	70.989	617	168	3	1	615	1	608	0.0	895	80.71	SSG1_ANTMA Granule-bound starch synthase 1, chloroplastic/amyloplastic
gene:evm.TU.09.628	cds.evm.model.05.2108.4.5bd9b13b	SSG1_ANTMA	70.989	617	168	3	1	615	1	608	0.0	895	80.71	SSG1_ANTMA Granule-bound starch synthase 1, chloroplastic/amyloplastic
gene:evm.TU.09.621	cds.evm.model.05.2108	SSG1_ANTMA	70.989	617	168	3	1	615	1	608	0.0	895	80.71	SSG1_ANTMA Granule-bound starch synthase 1, chloroplastic/amyloplastic
gene:evm.TU.09.656	cds.evm.model.02.2436	BAP2_ARATH	31.016	187	99	5	163	321	18	202	2.89e-23	98.6	54.55	BAP2_ARATH BON1-associated protein 2
gene:evm.TU.09.606	cds.evm.model.01.1510.1.5bd9b135	RL37A_GOSHI	95.652	92	1	1	1	89	1	92	3.13e-56	171	95.65	RL37A_GOSHI Large ribosomal subunit protein eL43 {ECO:0000305}
gene:evm.TU.09.6	cds.evm.model.01.1510	RL37A_GOSHI	98.913	92	1	0	1	92	1	92	2.47e-60	181	98.91	RL37A_GOSHI Large ribosomal subunit protein eL43 {ECO:0000305}
gene:evm.TU.09.625	cds.evm.model.04.1554.1.5bd9b138	TBA2_GOSHI	99.614	259	1	0	1	259	1	259	0.0	535	99.61	TBA2_GOSHI Tubulin alpha-2 chain
gene:evm.TU.09.639	cds.evm.model.04.1554	TBA3_HORVU	98.226	451	8	0	1	451	1	451	0.0	923	98.67	TBA3_HORVU Tubulin alpha-3 chain
gene:evm.TU.09.660	cds.novel_model_3734_5bd9a17a	GLT1_ARATH	60.748	214	76	3	9	222	14	219	8.29e-86	256	73.36	GLT1_ARATH Germin-like protein subfamily T member 1
gene:evm.TU.09.671	cds.evm.model.10.205.1.5bd9b13d	SILD_FORIN	54.945	182	80	2	1	181	96	276	4.98e-64	201	75.82	SILD_FORIN Secoisolariciresinol dehydrogenase
gene:evm.TU.09.654	cds.evm.model.10.205	SILD_FORIN	57.762	277	109	3	3	278	7	276	1.37e-109	321	76.90	SILD_FORIN Secoisolariciresinol dehydrogenase
gene:evm.TU.09.631	cds.evm.model.08.867	GH36_ARATH	83.199	619	96	5	1	618	1	612	0.0	1070	90.79	GH36_ARATH Indole-3-acetic acid-amido synthetase GH3.6
gene:evm.TU.09.641	cds.evm.model.09.1370	RLA2B_MAIZE	70.000	70	21	0	1	70	1	70	5.23e-27	103	90.00	RLA2B_MAIZE Large ribosomal subunit protein P2B {ECO:0000305}
gene:evm.TU.09.649	cds.evm.model.03.1018	IRX10_ARATH	86.298	416	51	1	1	416	3	412	0.0	752	91.83	IRX10_ARATH Probable beta-1,4-xylosyltransferase IRX10
gene:evm.TU.09.665	cds.evm.model.10.1754	UGDH1_SOYBN	92.292	480	37	0	1	480	1	480	0.0	929	96.88	UGDH1_SOYBN UDP-glucose 6-dehydrogenase 1
gene:evm.TU.09.65	cds.evm.model.01.795	ASMT_ARATH	52.793	358	160	6	21	372	24	378	3.16e-114	340	69.27	ASMT_ARATH Acetylserotonin O-methyltransferase {ECO:0000305}
gene:evm.TU.09.619	cds.evm.model.01.494	PER10_ARATH	56.863	102	44	0	3	104	246	347	1.07e-34	124	75.49	PER10_ARATH Peroxidase 10
gene:evm.TU.09.612	cds.evm.model.02.2688	GLIP1_ARATH	51.344	372	172	5	6	369	4	374	5.37e-129	377	67.74	GLIP1_ARATH GDSL esterase/lipase 1 {ECO:0000303|PubMed:16126835}
gene:evm.TU.09.69	cds.evm.model.08.1224	BH035_ARATH	59.274	248	76	7	122	369	18	240	2.06e-80	249	72.18	BH035_ARATH Transcription factor bHLH35
gene:evm.TU.09.659	cds.evm.model.01.1304	RAP23_ARATH	52.817	142	55	7	1	136	1	136	2.76e-36	134	69.01	RAP23_ARATH Ethylene-responsive transcription factor RAP2-3
gene:evm.TU.09.696	cds.evm.model.07.156	CHS_CANSA	96.552	87	1	1	22	108	305	389	3.18e-51	168	96.55	CHS_CANSA Naringenin-chalcone synthase
gene:evm.TU.09.692	cds.evm.model.09.1557	CB24_TOBAC	88.764	267	28	1	1	265	1	267	9.99e-178	492	95.88	CB24_TOBAC Chlorophyll a-b binding protein 40, chloroplastic
gene:evm.TU.09.682	cds.novel_model_295_5bd9a17a	P2C30_ARATH	75.887	141	34	0	1	141	249	389	1.35e-75	232	87.23	P2C30_ARATH Probable protein phosphatase 2C 30
gene:evm.TU.09.633	cds.evm.model.02.2661	DGLA_HUMAN	31.818	198	109	8	148	333	358	541	1.18e-14	81.6	49.49	DGLA_HUMAN Diacylglycerol lipase-alpha
gene:evm.TU.09.646	cds.evm.model.ctgX18.2	NDUA1_ARATH	73.333	30	8	0	93	122	36	65	5.91e-08	49.3	83.33	NDUA1_ARATH NADH dehydrogenase [ubiquinone] 1 alpha subcomplex subunit 1
gene:evm.TU.09.684	cds.evm.model.02.2698	ALAT2_ARATH	84.431	501	75	1	28	528	43	540	0.0	892	92.22	ALAT2_ARATH Alanine aminotransferase 2, mitochondrial
gene:evm.TU.09.624	cds.evm.model.02.219	21KD_DAUCA	51.531	196	88	1	3	198	2	190	8.85e-67	206	69.90	21KD_DAUCA 21 kDa protein
gene:evm.TU.09.602	cds.novel_model_2638_5bd9a17a	EFTU2_SOYBN	85.540	491	59	3	1	491	1	479	0.0	830	90.43	EFTU2_SOYBN Elongation factor Tu, chloroplastic
gene:evm.TU.09.627	cds.evm.model.07.421	PHYLL_TOBAC	40.523	153	73	7	1	145	1	143	5.75e-19	80.9	55.56	PHYLL_TOBAC Phylloplanin
gene:evm.TU.09.648	cds.evm.model.03.778	FLA11_ARATH	64.130	184	62	3	15	197	15	195	8.64e-78	238	83.15	FLA11_ARATH Fasciclin-like arabinogalactan protein 11
gene:evm.TU.09.610	cds.evm.model.06.2043	LOX21_SOLTU	67.148	901	269	8	1	883	1	892	0.0	1245	79.47	LOX21_SOLTU Linoleate 13S-lipoxygenase 2-1, chloroplastic {ECO:0000303|PubMed:8702864}
gene:evm.TU.09.630	cds.evm.model.01.1040	CGF2_ARATH	62.972	397	116	9	1	391	1	372	2.69e-154	442	75.82	CGF2_ARATH Chloroplast protein FOR GROWTH AND FERTILITY 2 {ECO:0000303|PubMed:32306898}
gene:evm.TU.09.640	cds.evm.model.01.2283	URGT2_ARATH	79.827	347	67	2	8	351	1	347	0.0	559	91.07	URGT2_ARATH UDP-rhamnose/UDP-galactose transporter 2 {ECO:0000312|EMBL:AKA88220.1}
gene:evm.TU.09.61	cds.novel_model_7509_5bd9a17a.2.5bd9b13e	H2B_TOBAC	84.247	146	18	3	1	141	1	146	5.99e-79	233	90.41	H2B_TOBAC Histone H2B
gene:evm.TU.09.695	cds.novel_model_7510_5bd9a17a.1.5bd9b13e	H2B_TOBAC	84.247	146	18	3	1	141	1	146	5.99e-79	233	90.41	H2B_TOBAC Histone H2B
gene:evm.TU.09.626	cds.novel_model_7508_5bd9a17a.3.5bd9b13e	H2B_TOBAC	84.247	146	18	3	1	141	1	146	5.99e-79	233	90.41	H2B_TOBAC Histone H2B
gene:evm.TU.09.629	cds.novel_model_7507_5bd9a17a	H2B_TOBAC	84.247	146	18	3	1	141	1	146	5.99e-79	233	90.41	H2B_TOBAC Histone H2B
gene:evm.TU.09.675	cds.evm.model.06.1002.1.5bd9b13a	NADK1_ARATH	80.783	281	54	0	1	281	244	524	2.38e-173	492	90.04	NADK1_ARATH NAD(H) kinase 1
gene:evm.TU.09.637	cds.evm.model.06.1002	NADK1_ARATH	70.930	516	138	6	8	516	14	524	0.0	739	82.56	NADK1_ARATH NAD(H) kinase 1
gene:evm.TU.09.653	cds.evm.model.08.1815	CS2_COFCA	52.439	164	73	2	4	162	3	166	2.20e-54	179	67.68	CS2_COFCA Probable caffeine synthase MTL2 {ECO:0000305}
gene:evm.TU.09.63	cds.evm.model.06.303.1.5bd9b13a	CER2_ARATH	38.776	294	154	9	1	292	147	416	7.46e-54	184	57.82	CER2_ARATH Protein ECERIFERUM 2
gene:evm.TU.09.611	cds.evm.model.06.303	CER2_ARATH	42.177	441	214	13	10	438	5	416	5.96e-103	315	60.09	CER2_ARATH Protein ECERIFERUM 2
gene:evm.TU.09.658	cds.evm.model.02.181	HS235_ARATH	62.914	151	45	3	18	165	68	210	1.08e-55	177	81.46	HS235_ARATH 23.5 kDa heat shock protein, mitochondrial
gene:evm.TU.09.643	cds.evm.model.03.2077	Y1848_ARATH	65.273	622	196	7	23	635	32	642	0.0	801	79.10	Y1848_ARATH Probable inactive receptor kinase At1g48480
gene:evm.TU.09.672	cds.evm.model.07.148	P2B10_ARATH	37.402	254	139	5	23	268	11	252	3.47e-53	177	55.91	P2B10_ARATH F-box protein PP2-B10
gene:evm.TU.09.663	cds.evm.model.10.1172	U71K2_PYRCO	49.068	483	224	12	2	469	1	476	1.44e-147	433	65.22	U71K2_PYRCO UDP-glycosyltransferase 71K2 {ECO:0000303|Ref.1}
gene:evm.TU.09.66	cds.evm.model.06.1188.5.5bd9b13b	TRXF1_ARATH	43.966	116	51	3	9	113	10	122	4.62e-19	80.5	56.90	TRXF1_ARATH Thioredoxin F1, chloroplastic
gene:evm.TU.09.608	cds.evm.model.06.1188.6.5bd9b13b	TRXF1_ARATH	43.966	116	51	3	9	113	10	122	4.62e-19	80.5	56.90	TRXF1_ARATH Thioredoxin F1, chloroplastic
gene:evm.TU.09.638	cds.evm.model.06.1188.4.5bd9b13b	TRXF1_ARATH	59.200	125	47	2	9	132	10	131	3.23e-42	141	72.80	TRXF1_ARATH Thioredoxin F1, chloroplastic
gene:evm.TU.09.622	cds.evm.model.06.1188.1.5bd9b13b	TRXF1_ARATH	58.594	128	49	2	9	135	10	134	6.75e-43	142	71.88	TRXF1_ARATH Thioredoxin F1, chloroplastic
gene:evm.TU.09.690	cds.evm.model.06.1188	TRXF1_ARATH	63.905	169	57	2	9	176	10	175	2.46e-67	206	77.51	TRXF1_ARATH Thioredoxin F1, chloroplastic
gene:evm.TU.09.623	cds.evm.model.06.1188.3.5bd9b13b	TRXF1_ARATH	50.000	92	42	2	9	99	10	98	4.87e-19	80.1	65.22	TRXF1_ARATH Thioredoxin F1, chloroplastic
gene:evm.TU.09.666	cds.evm.model.06.1188.2.5bd9b13b	TRXF_PEA	83.051	118	14	2	61	172	65	182	1.81e-61	191	89.83	TRXF_PEA Thioredoxin F-type, chloroplastic
gene:evm.TU.09.618	cds.evm.model.03.536.1.5bd9b137	CA4_ARATH	83.333	210	34	1	1	210	1	209	1.93e-129	367	90.95	CA4_ARATH Chlorophyll a-b binding protein 4, chloroplastic {ECO:0000303|PubMed:10366881}
gene:evm.TU.09.693	cds.evm.model.03.536	CB24_PEA	87.402	254	30	1	1	254	1	252	7.62e-164	456	90.94	CB24_PEA Chlorophyll a-b binding protein P4, chloroplastic
gene:evm.TU.09.601	cds.evm.model.06.2124	PERN_ARMRU	49.259	270	76	4	1	211	60	327	1.03e-76	236	57.78	PERN_ARMRU Peroxidase N
gene:evm.TU.09.699	cds.evm.model.04.114	NIMI2_ARATH	37.143	105	62	2	14	114	11	115	9.20e-09	52.8	51.43	NIMI2_ARATH Protein NIM1-INTERACTING 2 {ECO:0000303|PubMed:11442055}
gene:evm.TU.09.686	cds.evm.model.09.102	STAD_SOYBN	57.761	393	154	4	1	383	1	391	2.36e-163	467	74.05	STAD_SOYBN Stearoyl-[acyl-carrier-protein] 9-desaturase, chloroplastic
gene:evm.TU.09.677	cds.novel_model_3782_5bd9a17a	RS13_SOYBN	96.026	151	6	0	1	151	1	151	3.52e-104	297	98.68	RS13_SOYBN Small ribosomal subunit protein uS15 {ECO:0000305}
gene:evm.TU.09.674	cds.evm.model.06.248	GGP5_ARATH	49.388	245	124	0	11	255	2	246	1.07e-86	261	68.16	GGP5_ARATH Gamma-glutamyl peptidase 5 {ECO:0000305}
gene:evm.TU.09.645	cds.evm.model.06.248.1.5bd9b139	GGP5_ARATH	43.651	126	71	0	3	128	121	246	1.51e-33	120	65.87	GGP5_ARATH Gamma-glutamyl peptidase 5 {ECO:0000305}
gene:evm.TU.09.644	cds.evm.model.04.770	BGL17_ARATH	69.277	166	51	0	14	179	97	262	2.65e-82	256	83.13	BGL17_ARATH Beta-glucosidase 17 {ECO:0000303|PubMed:15604686}
gene:evm.TU.09.67	cds.evm.model.08.1715	BCB1_ARATH	47.967	123	63	1	28	149	25	147	1.89e-35	127	62.60	BCB1_ARATH Blue copper protein
gene:evm.TU.09.615	cds.evm.model.09.1497	ODPB3_ARATH	83.863	409	62	2	1	408	1	406	0.0	711	89.98	ODPB3_ARATH Pyruvate dehydrogenase E1 component subunit beta-3, chloroplastic
gene:evm.TU.09.636	cds.evm.model.01.1941	POLR2_ARATH	39.175	97	57	1	92	188	544	638	5.60e-11	63.9	52.58	POLR2_ARATH Retrovirus-related Pol polyprotein from transposon RE2
gene:evm.TU.09.609	cds.evm.model.06.1821	YCF54_ARATH	70.667	150	43	1	84	233	62	210	1.72e-72	222	82.67	YCF54_ARATH Protein YCF54, chloroplastic {ECO:0000303|PubMed:29443418}
gene:evm.TU.09.691	cds.evm.model.08.1935	MET1_ARATH	83.539	243	39	1	7	249	93	334	4.89e-149	422	92.18	MET1_ARATH Protein MET1, chloroplastic {ECO:0000303|PubMed:25587003}
gene:evm.TU.09.603	cds.evm.model.02.2210	L7AT_CITSI	30.977	481	280	14	1	455	1	455	2.83e-59	204	47.82	L7AT_CITSI Limonoid 7-O-acetyltransferse {ECO:0000303|PubMed:36701471}
gene:evm.TU.09.651	cds.evm.model.01.3068	14KD_DAUCA	63.953	86	30	1	43	127	51	136	7.79e-32	112	82.56	14KD_DAUCA 14 kDa proline-rich protein DC2.15
gene:evm.TU.09.600	cds.novel_model_5576_5bd9a17a	DIR_SINHE	65.680	169	56	1	30	196	25	193	1.63e-81	243	79.88	DIR_SINHE Dirigent protein {ECO:0000303|Ref.1}
gene:evm.TU.09.652	cds.evm.model.02.11	IRK_ARATH	79.626	481	95	3	2	479	484	964	0.0	743	87.73	IRK_ARATH Probable LRR receptor-like serine/threonine-protein kinase IRK {ECO:0000305}
gene:evm.TU.09.678	cds.evm.model.09.306	PICBP_ARATH	53.659	82	36	1	674	755	1405	1484	5.27e-17	89.7	70.73	PICBP_ARATH Calmodulin binding protein PICBP {ECO:0000305}
gene:evm.TU.09.650	cds.evm.model.09.306	PICBP_ARATH	48.780	82	40	1	674	755	1151	1230	4.09e-16	87.0	70.73	PICBP_ARATH Calmodulin binding protein PICBP {ECO:0000305}
gene:evm.TU.09.668	cds.evm.model.09.306	PICBP_ARATH	39.000	100	56	3	657	754	841	937	2.07e-08	62.0	61.00	PICBP_ARATH Calmodulin binding protein PICBP {ECO:0000305}
gene:evm.TU.09.657	cds.evm.model.09.306	PICBP_ARATH	46.000	50	27	0	707	756	543	592	4.61e-08	60.8	82.00	PICBP_ARATH Calmodulin binding protein PICBP {ECO:0000305}
gene:evm.TU.09.662	cds.evm.model.04.1990	ATB40_ARATH	64.667	150	48	3	1	147	69	216	1.95e-53	171	76.67	ATB40_ARATH Homeobox-leucine zipper protein ATHB-40
gene:evm.TU.09.64	cds.evm.model.02.2364	RK5_ARATH	69.925	266	70	5	1	261	1	261	6.85e-131	374	83.08	RK5_ARATH Large ribosomal subunit protein uL5c {ECO:0000303|PubMed:36423343}
gene:evm.TU.09.689	cds.evm.model.09.443	SCKL1_ARATH	74.115	452	102	3	44	491	31	471	0.0	700	84.07	SCKL1_ARATH Fructokinase-like 1, chloroplastic {ECO:0000312|EMBL:AEE79187.1}
gene:evm.TU.09.687	cds.evm.model.01.82.2.5bd9b133	UBQ10_ARATH	100.000	381	0	0	1	381	77	457	0.0	753	100.00	UBQ10_ARATH Polyubiquitin 10
gene:evm.TU.09.670	cds.evm.model.01.82.2.5bd9b133	UBQ10_ARATH	99.738	381	1	0	1	381	1	381	0.0	751	99.74	UBQ10_ARATH Polyubiquitin 10
gene:evm.TU.09.661	cds.evm.model.01.82.1.5bd9b133	UBQ11_ARATH	100.000	229	0	0	1	229	1	229	4.25e-164	455	100.00	UBQ11_ARATH Polyubiquitin 11
gene:evm.TU.09.685	cds.evm.model.01.82	UBQ10_ARATH	100.000	381	0	0	1	381	77	457	0.0	753	100.00	UBQ10_ARATH Polyubiquitin 10
gene:evm.TU.09.616	cds.evm.model.01.82	UBQ10_ARATH	99.738	381	1	0	1	381	1	381	0.0	751	99.74	UBQ10_ARATH Polyubiquitin 10
gene:evm.TU.09.667	cds.evm.model.04.1565.4.5bd9b138.2.5bdae6dc	XTH7_ARATH	77.451	102	23	0	1	102	191	292	6.54e-57	180	88.24	XTH7_ARATH Probable xyloglucan endotransglucosylase/hydrolase protein 7
gene:evm.TU.09.617	cds.evm.model.04.1565.1.5bd9b138	XTH6_ARATH	71.166	163	45	1	4	166	6	166	1.74e-86	258	86.50	XTH6_ARATH Probable xyloglucan endotransglucosylase/hydrolase protein 6
gene:evm.TU.09.688	cds.evm.model.04.1565.4.5bd9b138	XTH6_ARATH	81.865	193	35	0	1	193	100	292	3.09e-120	345	89.64	XTH6_ARATH Probable xyloglucan endotransglucosylase/hydrolase protein 6
gene:evm.TU.09.694	cds.evm.model.04.1565.2.5bd9b138.1.5bdae6dc	XTH6_ARATH	63.918	97	33	1	4	100	6	100	3.80e-39	135	82.47	XTH6_ARATH Probable xyloglucan endotransglucosylase/hydrolase protein 6
gene:evm.TU.09.613	cds.evm.model.04.1565	XTH6_ARATH	75.685	292	71	0	1	292	1	292	1.32e-171	479	86.64	XTH6_ARATH Probable xyloglucan endotransglucosylase/hydrolase protein 6
gene:evm.TU.09.605	cds.evm.model.04.1565.3.5bd9b138	XTH6_ARATH	82.938	211	36	0	1	211	82	292	4.10e-134	380	90.52	XTH6_ARATH Probable xyloglucan endotransglucosylase/hydrolase protein 6
gene:evm.TU.09.673	cds.evm.model.04.1565.2.5bd9b138	XTH6_ARATH	72.222	162	43	1	4	165	6	165	1.33e-86	258	87.04	XTH6_ARATH Probable xyloglucan endotransglucosylase/hydrolase protein 6
gene:evm.TU.09.60	cds.evm.model.08.301	DCAM_HORCH	52.825	354	148	8	2	342	29	376	1.50e-123	363	70.90	DCAM_HORCH S-adenosylmethionine decarboxylase proenzyme
gene:evm.TU.09.614	cds.evm.model.02.1402	RS33_ARATH	88.793	232	19	1	1	232	1	225	8.03e-152	425	94.83	RS33_ARATH Small ribosomal subunit protein uS3x {ECO:0000303|PubMed:36423343}
gene:evm.TU.09.681	cds.evm.model.02.1402.1.5bd9b135	RS33_ARATH	87.500	232	19	2	1	229	1	225	2.06e-147	414	93.53	RS33_ARATH Small ribosomal subunit protein uS3x {ECO:0000303|PubMed:36423343}
gene:evm.TU.09.62	cds.evm.model.07.1646	MER_ERYCB	54.286	105	43	3	6	109	5	105	7.83e-31	114	75.24	MER_ERYCB Methylecgonone reductase
gene:evm.TU.09.669	cds.novel_model_3387_5bd9a17a.1.5bd9b138	SAP4_ARATH	60.000	175	54	3	1	173	1	161	1.53e-67	206	69.71	SAP4_ARATH Zinc finger A20 and AN1 domain-containing stress-associated protein 4
gene:evm.TU.09.634	cds.novel_model_3386_5bd9a17a	SAP4_ARATH	60.000	175	54	3	1	173	1	161	1.53e-67	206	69.71	SAP4_ARATH Zinc finger A20 and AN1 domain-containing stress-associated protein 4
gene:evm.TU.09.697	cds.evm.model.01.2768	EF1G2_ORYSJ	80.144	418	82	1	1	417	1	418	0.0	679	88.04	EF1G2_ORYSJ Elongation factor 1-gamma 2
gene:evm.TU.09.683	cds.evm.model.03.183.1.5bdae6d9	NIP12_ARATH	55.446	202	75	4	5	194	3	201	1.42e-68	214	69.80	NIP12_ARATH Aquaporin NIP1-2
gene:evm.TU.09.680	cds.evm.model.03.183	NIP12_ARATH	58.333	288	105	4	5	280	3	287	2.88e-116	338	75.00	NIP12_ARATH Aquaporin NIP1-2
gene:evm.TU.09.676	cds.evm.model.03.183.2.5bdae6d9	NIP12_ARATH	52.252	222	82	5	5	205	3	221	2.70e-69	216	67.57	NIP12_ARATH Aquaporin NIP1-2
gene:evm.TU.09.655	cds.evm.model.03.183.1.5bd9b136	NIP12_ARATH	66.222	225	68	2	1	218	64	287	3.84e-106	310	82.22	NIP12_ARATH Aquaporin NIP1-2
gene:evm.TU.09.632	cds.evm.model.10.36	4CL1_TOBAC	74.122	541	137	3	8	548	7	544	0.0	841	84.66	4CL1_TOBAC 4-coumarate--CoA ligase 1
gene:evm.TU.09.642	cds.evm.model.10.36.1.5bd9b13c	CCL1_HUMLU	66.272	338	110	4	9	344	6	341	5.41e-161	464	81.07	CCL1_HUMLU 4-coumarate--CoA ligase CCL1 {ECO:0000303|PubMed:23300257}
gene:evm.TU.10.451	cds.evm.model.05.1070	BEL1_ARATH	58.850	226	80	4	49	261	192	417	4.83e-79	255	75.66	BEL1_ARATH Homeobox protein BEL1 homolog
gene:evm.TU.02.1406	cds.evm.model.05.1070	BEL1_ARATH	49.180	61	22	2	262	319	557	611	4.00e-06	52.0	59.02	BEL1_ARATH Homeobox protein BEL1 homolog
gene:evm.TU.08.1204	cds.evm.model.09.1576	WAK2_ARATH	39.102	757	380	25	20	752	29	728	7.10e-149	455	54.16	WAK2_ARATH Wall-associated receptor kinase 2
gene:evm.TU.08.120	cds.evm.model.07.450	FLP3_ORYSJ	65.179	112	38	1	1	111	1	112	1.20e-47	151	76.79	FLP3_ORYSJ Flowering-promoting factor 1-like protein 3
gene:evm.TU.08.1207	cds.evm.model.07.1595	TYDC_PAPSO	72.461	512	122	3	24	531	16	512	0.0	783	83.20	TYDC_PAPSO Tyrosine decarboxylase {ECO:0000303|PubMed:23204519}
gene:evm.TU.08.1208	cds.evm.model.05.413	MIND1_ARATH	89.726	292	30	0	6	297	35	326	0.0	507	94.86	MIND1_ARATH Septum site-determining protein minD homolog, chloroplastic {ECO:0000303|PubMed:11148270}
gene:evm.TU.08.1200	cds.evm.model.01.2363	CRSP_ARATH	58.846	780	298	8	1	776	1	761	0.0	925	74.49	CRSP_ARATH CO(2)-response secreted protease {ECO:0000303|PubMed:25043023}
gene:evm.TU.08.1202	cds.evm.model.01.457	POLR1_ARATH	42.056	107	62	0	245	351	1177	1283	3.18e-17	86.7	61.68	POLR1_ARATH Retrovirus-related Pol polyprotein from transposon RE1
gene:evm.TU.08.1206	cds.novel_model_2000_5bd9a17a.1.5bd9b136	APG2_ARATH	72.500	160	44	0	1	160	193	352	3.00e-83	251	85.00	APG2_ARATH GDSL esterase/lipase APG
gene:evm.TU.08.1209	cds.novel_model_2001_5bd9a17a.2.5bd9b136	APG2_ARATH	73.889	180	47	0	31	210	27	206	1.85e-94	282	87.22	APG2_ARATH GDSL esterase/lipase APG
gene:evm.TU.08.1205	cds.novel_model_1999_5bd9a17a	APG2_ARATH	74.540	326	83	0	31	356	27	352	0.0	517	86.81	APG2_ARATH GDSL esterase/lipase APG
gene:evm.TU.08.1201	cds.novel_model_1497_5bd9a17a	TRXM_SPIOL	58.470	183	67	3	1	178	1	179	1.19e-70	214	75.96	TRXM_SPIOL Thioredoxin M-type, chloroplastic
gene:evm.TU.08.1203	cds.novel_model_1498_5bd9a17a.1.5bd9b135	TRXM_SPIOL	38.272	81	41	3	1	76	1	77	3.27e-07	48.9	60.49	TRXM_SPIOL Thioredoxin M-type, chloroplastic
gene:evm.TU.08.1145	cds.novel_model_1499_5bd9a17a.2.5bd9b135	TRXM_SPIOL	38.961	77	38	3	1	72	1	73	7.52e-07	47.4	61.04	TRXM_SPIOL Thioredoxin M-type, chloroplastic
gene:evm.TU.02.1033	cds.evm.model.10.1618	CDA7L_MOUSE	45.556	90	48	1	82	171	343	431	4.26e-18	91.7	57.78	CDA7L_MOUSE Cell division cycle-associated 7-like protein
gene:evm.TU.09.283	cds.evm.model.03.1734	REM41_ORYSJ	58.088	272	99	7	31	298	56	316	1.08e-81	252	71.32	REM41_ORYSJ Remorin 4.1 {ECO:0000305}
gene:evm.TU.10.1303	cds.evm.model.02.508	TRPE_ARATH	73.380	571	147	3	14	579	25	595	0.0	877	84.76	TRPE_ARATH Anthranilate synthase alpha subunit 1, chloroplastic {ECO:0000303|PubMed:7972519}
gene:evm.TU.01.2327	cds.evm.model.05.876	XTH30_ARATH	67.442	258	79	2	3	258	13	267	5.95e-128	369	81.01	XTH30_ARATH Probable xyloglucan endotransglucosylase/hydrolase protein 30
gene:evm.TU.04.2371	cds.evm.model.04.1417.1.5bd9b138	RS252_ARATH	87.037	108	13	1	1	107	1	108	4.46e-52	162	94.44	RS252_ARATH Small ribosomal subunit protein eS25y {ECO:0000303|PubMed:36423343}
gene:evm.TU.03.481	cds.evm.model.04.1417	RS254_ARATH	89.815	108	11	0	1	108	1	108	9.26e-54	166	99.07	RS254_ARATH Small ribosomal subunit protein eS25w {ECO:0000303|PubMed:36423343}
gene:novel_gene_3200_5bd9a17a	cds.evm.model.08.29	AAP7_ARATH	57.823	441	182	2	23	459	26	466	0.0	521	75.96	AAP7_ARATH Probable amino acid permease 7
gene:novel_gene_3283_5bd9a17a	cds.evm.model.10.885	RRT1_ARATH	59.877	486	165	6	44	511	25	498	0.0	579	73.25	RRT1_ARATH Rhamnogalacturonan I rhamnosyltransferase 1 {ECO:0000303|PubMed:30082766}
gene:evm.TU.04.1912	cds.evm.model.04.357	Y5285_ARATH	58.696	184	70	2	5	182	71	254	6.99e-70	215	71.20	Y5285_ARATH TLC domain-containing protein At5g14285 {ECO:0000305}
gene:evm.TU.07.424	cds.novel_model_3619_5bd9a17a	NLTP2_PRUAR	58.824	68	28	0	26	93	1	68	2.67e-24	90.1	76.47	NLTP2_PRUAR Non-specific lipid-transfer protein 2
gene:evm.TU.10.1538	cds.evm.model.01.400	WIH2_ARATH	100.000	37	0	0	16	52	17	53	4.27e-14	64.3	100.00	WIH2_ARATH Cysteine-rich and transmembrane domain-containing protein WIH2 {ECO:0000305}
gene:novel_gene_2858_5bd9a17a	cds.evm.model.01.400.1.5bdae6da	WIH2_ARATH	100.000	37	0	0	16	52	17	53	1.18e-14	66.2	100.00	WIH2_ARATH Cysteine-rich and transmembrane domain-containing protein WIH2 {ECO:0000305}
gene:novel_gene_2858_5bd9a17a	cds.evm.model.07.246	GRP_HORVU	44.186	86	48	0	78	163	2	87	3.12e-23	92.8	73.26	GRP_HORVU Glycine-rich RNA-binding protein blt801 {ECO:0000250|UniProtKB:Q03250, ECO:0000303|PubMed:8639753}
gene:evm.TU.04.803	cds.evm.model.01.2517	AGL16_ARATH	64.400	250	78	2	10	259	1	239	1.77e-110	321	80.80	AGL16_ARATH Agamous-like MADS-box protein AGL16
gene:evm.TU.04.803	cds.evm.model.09.63	PRPX_HORVU	45.736	129	62	2	4	124	88	216	3.10e-31	114	60.47	PRPX_HORVU Pathogen-related protein
gene:evm.TU.04.803	cds.evm.model.02.981	PER3_ARATH	52.294	327	148	5	4	323	1	326	1.19e-118	347	69.42	PER3_ARATH Peroxidase 3
gene:novel_gene_3883_5bd9a17a	cds.evm.model.02.2470	SBT4E_ARATH	66.667	684	226	1	2	685	65	746	0.0	943	81.14	SBT4E_ARATH Subtilisin-like protease SBT4.14 {ECO:0000303|PubMed:16193095}
gene:novel_gene_2568_5bd9a17a	cds.evm.model.04.1931	DOF34_ARATH	42.797	236	92	5	31	227	22	253	1.55e-46	157	53.81	DOF34_ARATH Dof zinc finger protein DOF3.4
gene:novel_gene_2535_5bd9a17a	cds.evm.model.08.179	SNR27_MOUSE	39.560	91	47	2	60	142	61	151	1.60e-07	50.8	58.24	SNR27_MOUSE U4/U6.U5 small nuclear ribonucleoprotein 27 kDa protein
gene:novel_gene_2535_5bd9a17a	cds.evm.model.08.821	E1313_ARATH	40.940	447	249	5	24	468	23	456	1.33e-124	375	63.09	E1313_ARATH Glucan endo-1,3-beta-glucosidase 13
gene:evm.TU.03.362	cds.evm.model.04.2434	LHWL3_ARATH	46.823	724	340	17	26	728	16	715	2.18e-178	530	59.25	LHWL3_ARATH Transcription factor bHLH155
gene:evm.TU.03.362	cds.evm.model.04.1907	PER10_ARATH	64.074	270	94	2	1	268	78	346	4.89e-120	350	74.81	PER10_ARATH Peroxidase 10
gene:evm.TU.03.362	cds.evm.model.08.790	FTSZ1_ARATH	84.211	399	50	3	40	425	35	433	0.0	604	90.98	FTSZ1_ARATH Cell division protein FtsZ homolog 1, chloroplastic {ECO:0000303|PubMed:11115884}
gene:evm.TU.02.3039	cds.evm.model.07.357	E13B_HEVBR	69.444	360	106	3	3	361	18	374	2.55e-180	507	81.39	E13B_HEVBR Glucan endo-1,3-beta-glucosidase, basic vacuolar isoform {ECO:0000305}
gene:evm.TU.01.3014	cds.novel_model_1310_5bd9a17a	GDU3_ARATH	66.304	92	30	1	20	111	23	113	7.36e-36	124	77.17	GDU3_ARATH Protein GLUTAMINE DUMPER 3
gene:novel_gene_16_5bd9a17a	cds.evm.model.10.390	CASP6_SOYBN	58.011	181	76	0	11	191	6	186	4.66e-75	226	80.11	CASP6_SOYBN CASP-like protein 6
gene:evm.TU.01.690	cds.evm.model.02.543	CIPK2_ORYSJ	64.665	433	141	5	7	436	7	430	0.0	588	81.76	CIPK2_ORYSJ CBL-interacting protein kinase 2
gene:evm.TU.01.690	cds.evm.model.05.941.1.5bd9b13a	GALE1_PEA	87.013	231	30	0	1	231	120	350	6.84e-158	444	94.37	GALE1_PEA UDP-glucose 4-epimerase
gene:evm.TU.01.690	cds.evm.model.05.941	UGE1_ARATH	87.032	347	45	0	3	349	4	350	0.0	638	92.80	UGE1_ARATH Bifunctional UDP-glucose 4-epimerase and UDP-xylose 4-epimerase 1
gene:evm.TU.01.694	cds.evm.model.02.2267	PORA_CUCSA	83.709	399	58	3	1	393	1	398	0.0	676	91.98	PORA_CUCSA Protochlorophyllide reductase, chloroplastic
gene:evm.TU.01.69	cds.evm.model.09.462	LAC7_ARATH	60.593	472	170	7	1	466	89	550	0.0	588	73.94	LAC7_ARATH Laccase-7
gene:evm.TU.01.693	cds.evm.model.ctgX6.7	PER4_VITVI	71.651	321	91	0	1	321	1	321	3.20e-174	488	85.67	PER4_VITVI Peroxidase 4 {ECO:0000250|UniProtKB:Q42578}
gene:evm.TU.01.697	cds.evm.model.01.2198	EXL3_ARATH	62.974	343	125	2	29	370	23	364	3.09e-157	449	77.26	EXL3_ARATH GDSL esterase/lipase EXL3
gene:evm.TU.01.691	cds.evm.model.05.1613	PRF1_SOLLC	69.136	81	24	1	146	225	264	344	7.47e-22	95.1	82.72	PRF1_SOLLC 36.4 kDa proline-rich protein
gene:evm.TU.01.695	cds.evm.model.09.200	PATL6_ARATH	73.747	419	99	4	1	418	1	409	0.0	637	86.16	PATL6_ARATH Patellin-6
gene:evm.TU.01.695	cds.evm.model.01.365	UAF30_SCHPO	48.276	58	30	0	62	119	117	174	1.40e-13	68.2	75.86	UAF30_SCHPO Upstream activation factor subunit spp27
gene:evm.TU.01.696	cds.novel_model_4736_5bd9a17a	ZEP_ORYSJ	31.707	123	76	2	76	193	530	649	2.03e-07	54.3	42.28	ZEP_ORYSJ Zeaxanthin epoxidase, chloroplastic
gene:evm.TU.01.692	cds.evm.model.08.1461	CLH1_ARATH	52.857	280	124	3	48	326	40	312	8.54e-95	287	66.79	CLH1_ARATH Chlorophyllase-1 {ECO:0000303|PubMed:10611389}
gene:evm.TU.01.698	cds.evm.model.02.2600	INV1_ARATH	70.233	514	145	4	1	507	71	583	0.0	747	81.32	INV1_ARATH Beta-fructofuranosidase, insoluble isoenzyme CWINV1
gene:evm.TU.01.699	cds.novel_model_6263_5bd9a17a	DIRL1_ARATH	54.321	81	37	0	22	102	22	102	1.80e-24	91.7	67.90	DIRL1_ARATH Putative lipid-transfer protein DIR1
gene:evm.TU.01.1770	cds.evm.model.01.1386	B1L_ARATH	64.250	400	110	6	1	385	1	382	0.0	511	79.00	B1L_ARATH Protein BYPASS1-LIKE {ECO:0000303|PubMed:31297122, ECO:0000303|PubMed:32664862, ECO:0000303|PubMed:35249253}
gene:evm.TU.01.1779	cds.evm.model.03.331	CAHC_SPIOL	60.284	141	56	0	1	141	170	310	1.85e-57	184	76.60	CAHC_SPIOL Carbonic anhydrase, chloroplastic
gene:evm.TU.01.177	cds.evm.model.01.2940	BBD2_ARATH	72.327	318	86	1	1	318	1	316	1.27e-168	475	83.02	BBD2_ARATH Bifunctional nuclease 2
gene:evm.TU.01.1773	cds.evm.model.10.1603	LBD41_ARATH	55.049	307	94	8	1	307	1	263	1.34e-101	301	64.50	LBD41_ARATH LOB domain-containing protein 41
gene:evm.TU.01.1772	cds.novel_model_6591_5bd9a17a	PSAK_ARATH	84.615	130	19	1	1	129	1	130	1.39e-74	220	93.85	PSAK_ARATH Photosystem I reaction center subunit psaK, chloroplastic
gene:evm.TU.01.1774	cds.novel_model_6592_5bd9a17a.1.5bd9b13c	PSAK_ARATH	94.667	75	4	0	4	78	56	130	6.03e-45	143	98.67	PSAK_ARATH Photosystem I reaction center subunit psaK, chloroplastic
gene:evm.TU.01.1776	cds.evm.model.04.112	XYL1_ARATH	75.413	907	205	6	10	913	24	915	0.0	1457	86.88	XYL1_ARATH Alpha-xylosidase 1
gene:evm.TU.01.1777	cds.evm.model.09.959	FKB13_ARATH	62.162	222	68	5	1	220	1	208	7.79e-86	256	70.27	FKB13_ARATH Peptidyl-prolyl cis-trans isomerase FKBP13, chloroplastic {ECO:0000303|PubMed:12424338}
gene:evm.TU.01.1775	cds.evm.model.09.455.1.5bd9b13c	TBB8_ARATH	97.297	222	6	0	1	222	1	222	3.86e-164	464	100.00	TBB8_ARATH Tubulin beta-8 chain
gene:evm.TU.01.1778	cds.evm.model.09.455.2.5bd9b13c	TBB8_ARATH	91.667	444	14	1	1	421	1	444	0.0	853	94.14	TBB8_ARATH Tubulin beta-8 chain
gene:evm.TU.01.1778	cds.evm.model.09.455.3.5bd9b13c	TBB8_ARATH	96.396	444	15	1	1	443	1	444	0.0	905	98.87	TBB8_ARATH Tubulin beta-8 chain
gene:evm.TU.01.1771	cds.evm.model.09.455	TBB8_ARATH	96.847	444	14	0	1	444	1	444	0.0	914	99.32	TBB8_ARATH Tubulin beta-8 chain
gene:evm.TU.02.3187	cds.evm.model.09.455.2.5bd9b13c.1.5bdae6d9	TBB2_LUPAL	96.714	213	7	0	1	213	233	445	4.11e-153	435	97.65	TBB2_LUPAL Tubulin beta-2 chain
gene:evm.TU.08.535	cds.evm.model.08.284	ASD1_ARATH	68.405	671	198	4	4	666	5	669	0.0	963	80.63	ASD1_ARATH Alpha-L-arabinofuranosidase 1
gene:evm.TU.08.533	cds.evm.model.01.2003.1.5bdae6e3	CER1_ARATH	66.043	374	124	3	1	374	1	371	3.42e-173	499	83.42	CER1_ARATH Very-long-chain aldehyde decarbonylase CER1 {ECO:0000305}
gene:evm.TU.08.53	cds.evm.model.01.2003	CER1_ARATH	61.514	634	227	6	1	631	1	620	0.0	800	79.50	CER1_ARATH Very-long-chain aldehyde decarbonylase CER1 {ECO:0000305}
gene:evm.TU.08.531	cds.evm.model.09.1488	GLO1_ARATH	94.199	362	21	0	1	362	1	362	0.0	691	98.07	GLO1_ARATH Glycolate oxidase 1
gene:evm.TU.08.534	cds.evm.model.04.317	C71BV_ARATH	53.333	495	224	3	16	510	9	496	0.0	553	71.31	C71BV_ARATH Cytochrome P450 71B34
gene:evm.TU.08.530	cds.evm.model.04.1327	ATL78_ARATH	54.545	231	78	5	8	237	14	218	1.55e-78	238	70.56	ATL78_ARATH RING-H2 finger protein ATL78
gene:evm.TU.08.537	cds.evm.model.06.1722.1.5bd9b13b	NLTP_HELAN	41.593	113	62	2	12	124	6	114	4.78e-22	87.0	56.64	NLTP_HELAN Non-specific lipid-transfer protein
gene:evm.TU.08.532	cds.evm.model.06.1722	NLTP2_GOSHI	43.966	116	60	3	30	143	7	119	9.39e-23	89.7	60.34	NLTP2_GOSHI Non-specific lipid-transfer protein
gene:evm.TU.08.538	cds.evm.model.04.1982	U496I_ARATH	58.416	303	123	1	1	303	82	381	4.48e-118	348	79.21	U496I_ARATH UPF0496 protein At2g18630
gene:evm.TU.08.539	cds.evm.model.03.843.1.5bd9b137	RS13_SOYBN	95.714	140	6	0	1	140	1	140	9.07e-96	275	98.57	RS13_SOYBN Small ribosomal subunit protein uS15 {ECO:0000305}
gene:evm.TU.08.536	cds.evm.model.03.843	RS13_SOYBN	96.026	151	6	0	1	151	1	151	3.52e-104	297	98.68	RS13_SOYBN Small ribosomal subunit protein uS15 {ECO:0000305}
gene:novel_gene_1723_5bd9a17a	cds.evm.model.04.2240	RNF4_MOUSE	30.769	91	49	3	126	207	109	194	4.73e-09	57.4	50.55	RNF4_MOUSE E3 ubiquitin-protein ligase RNF4 {ECO:0000305}
gene:novel_gene_528_5bd9a17a	cds.evm.model.08.378	CIPK6_ARATH	78.161	435	94	1	2	435	7	441	0.0	669	88.51	CIPK6_ARATH CBL-interacting serine/threonine-protein kinase 6
gene:novel_gene_528_5bd9a17a	cds.evm.model.07.1299	GIP2_NICBE	39.492	433	220	12	12	411	15	438	5.97e-87	274	56.12	GIP2_NICBE Probable aspartic proteinase GIP2 {ECO:0000305}
gene:evm.TU.07.160	cds.novel_model_6018_5bd9a17a	POP3_ARATH	50.926	108	47	2	1	108	1	102	7.30e-29	103	68.52	POP3_ARATH Stress-response A/B barrel domain-containing protein HS1 {ECO:0000305}
gene:evm.TU.07.1604	cds.evm.model.03.96	TOP2_PEA	62.440	1467	399	16	5	1348	2	1439	0.0	1786	73.35	TOP2_PEA DNA topoisomerase 2
gene:evm.TU.07.1608	cds.novel_model_6359_5bd9a17a	PERR_RAUSE	69.444	288	88	0	2	289	47	334	9.28e-152	431	84.72	PERR_RAUSE Perakine reductase
gene:evm.TU.07.1607	cds.evm.model.07.1744	TOLB_HISS1	30.556	216	103	12	345	557	149	320	1.81e-09	64.3	44.44	TOLB_HISS1 Tol-Pal system protein TolB {ECO:0000255|HAMAP-Rule:MF_00671}
gene:evm.TU.07.1601	cds.evm.model.01.2852	RR9_SPIOL	76.923	208	46	1	1	206	1	208	2.83e-111	319	85.58	RR9_SPIOL Small ribosomal subunit protein uS9c {ECO:0000303|PubMed:28007896}
gene:evm.TU.07.1602	cds.evm.model.07.1375	UGT43_PUEML	51.025	488	213	3	13	498	6	469	9.98e-176	505	67.42	UGT43_PUEML UDP-glycosyltransferase 43 {ECO:0000303|PubMed:27066037}
gene:evm.TU.07.1600	cds.novel_model_5210_5bd9a17a	OLP1_SOLLC	79.911	224	42	2	29	250	30	252	6.37e-134	380	88.39	OLP1_SOLLC Osmotin-like protein
gene:evm.TU.07.1606	cds.evm.model.09.285	FAD3C_SESIN	71.041	442	74	5	1	389	1	441	0.0	618	77.83	FAD3C_SESIN Omega-3 fatty acid desaturase, chloroplastic
gene:evm.TU.07.1603	cds.novel_model_6001_5bd9a17a	RK28_TOBAC	80.000	115	23	0	41	155	36	150	9.32e-63	192	87.83	RK28_TOBAC Large ribosomal subunit protein bL28c {ECO:0000305}
gene:evm.TU.07.1605	cds.novel_model_7307_5bd9a17a	E6_GOSHI	30.328	244	132	13	1	233	1	217	4.03e-06	50.1	44.67	E6_GOSHI Protein E6
gene:evm.TU.07.1609	cds.evm.model.03.943	XTH32_ARATH	87.814	279	34	0	4	282	21	299	0.0	523	93.91	XTH32_ARATH Probable xyloglucan endotransglucosylase/hydrolase protein 32
gene:evm.TU.10.2153	cds.novel_model_7197_5bd9a17a	CXE15_ARATH	59.406	101	40	1	1	100	225	325	3.74e-37	130	77.23	CXE15_ARATH Carboxylesterase 15 {ECO:0000303|PubMed:14738307}
gene:evm.TU.02.2340	cds.evm.model.07.1670	PUB21_ARATH	43.192	426	219	8	32	452	28	435	4.86e-107	327	64.08	PUB21_ARATH U-box domain-containing protein 21
gene:evm.TU.01.2313	cds.evm.model.07.1173	OPR11_ORYSJ	81.111	360	68	0	8	367	4	363	0.0	626	90.00	OPR11_ORYSJ Putative 12-oxophytodienoate reductase 11
gene:evm.TU.07.441	cds.evm.model.02.1087	NBS_NARPS	45.139	144	79	0	2	145	1	144	3.38e-44	145	65.97	NBS_NARPS Norbelladine synthase {ECO:0000303|PubMed:30526483}
gene:evm.TU.07.44	cds.evm.model.10.1789	PKSG4_CANSA	99.740	385	1	0	1	385	1	385	0.0	795	99.74	PKSG4_CANSA Polyketide synthase 4
gene:evm.TU.07.448	cds.evm.model.05.708	DTX49_ARATH	72.569	288	78	1	9	295	51	338	1.77e-133	392	86.11	DTX49_ARATH Protein DETOXIFICATION 49 {ECO:0000303|PubMed:11739388}
gene:evm.TU.07.445	cds.evm.model.02.3080	SUT34_ARATH	76.647	668	141	4	1	668	1	653	0.0	1025	85.93	SUT34_ARATH Probable sulfate transporter 3.4
gene:evm.TU.07.444	cds.novel_model_6116_5bd9a17a	H4_SOYBN	100.000	103	0	0	1	103	1	103	2.97e-67	199	100.00	H4_SOYBN Histone H4
gene:evm.TU.07.449	cds.evm.model.10.2175	MYB06_ANTMA	87.755	49	6	0	1	49	1	49	6.06e-27	104	95.92	MYB06_ANTMA Myb-related protein 306
gene:evm.TU.07.442	cds.evm.model.06.240	CFAT_PETHY	54.230	461	188	9	12	467	6	448	1.53e-157	457	67.90	CFAT_PETHY Coniferyl alcohol acyltransferase {ECO:0000303|PubMed:17241449}
gene:evm.TU.07.446	cds.evm.model.02.3254	DIR9_ARATH	43.008	379	118	10	12	358	7	319	2.84e-78	246	54.88	DIR9_ARATH Dirigent protein 9
gene:evm.TU.07.440	cds.novel_model_5512_5bd9a17a.1.5bd9b13b	CP33_ARATH	35.242	227	116	5	79	285	107	322	6.11e-36	135	54.63	CP33_ARATH RNA-binding protein CP33, chloroplastic {ECO:0000305}
gene:evm.TU.07.447	cds.evm.model.03.439.1.5bd9b137	AL2B4_ARATH	84.397	423	66	0	1	423	116	538	0.0	774	94.33	AL2B4_ARATH Aldehyde dehydrogenase family 2 member B4, mitochondrial
gene:evm.TU.07.443	cds.evm.model.03.439	AL2B4_ARATH	79.228	544	106	3	1	543	1	538	0.0	915	89.89	AL2B4_ARATH Aldehyde dehydrogenase family 2 member B4, mitochondrial
gene:evm.TU.09.891	cds.evm.model.08.1522.1.5bd9b13c	CB4A_SOLLC	89.933	149	15	0	1	149	108	256	4.89e-95	278	95.97	CB4A_SOLLC Chlorophyll a-b binding protein CP24 10A, chloroplastic
gene:evm.TU.09.891	cds.evm.model.08.1522	CB4A_SOLLC	82.558	258	43	2	1	258	1	256	6.58e-152	426	88.76	CB4A_SOLLC Chlorophyll a-b binding protein CP24 10A, chloroplastic
gene:novel_gene_1527_5bd9a17a	cds.evm.model.04.1536	PCKA1_ARATH	83.507	673	99	6	2	666	3	671	0.0	1159	89.60	PCKA1_ARATH Phosphoenolpyruvate carboxykinase (ATP) 1 {ECO:0000303|PubMed:17283014}
gene:novel_gene_3037_5bd9a17a	cds.evm.model.04.1536.2.5bd9b138	PCKA2_ARATH	89.670	455	47	0	1	455	216	670	0.0	885	95.60	PCKA2_ARATH Phosphoenolpyruvate carboxykinase (ATP) 2 {ECO:0000303|PubMed:14671017, ECO:0000303|PubMed:17283014}
gene:novel_gene_3037_5bd9a17a	cds.evm.model.04.1536.1.5bd9b138	PCKA2_ARATH	88.972	399	44	0	9	407	272	670	0.0	768	95.24	PCKA2_ARATH Phosphoenolpyruvate carboxykinase (ATP) 2 {ECO:0000303|PubMed:14671017, ECO:0000303|PubMed:17283014}
gene:novel_gene_3037_5bd9a17a	cds.evm.model.04.1536.3.5bd9b138	PCKA2_ARATH	89.670	455	47	0	1	455	216	670	0.0	885	95.60	PCKA2_ARATH Phosphoenolpyruvate carboxykinase (ATP) 2 {ECO:0000303|PubMed:14671017, ECO:0000303|PubMed:17283014}
gene:evm.TU.02.2896	cds.evm.model.10.1437	HPL_SOLLC	66.807	476	146	5	17	485	5	475	0.0	662	81.72	HPL_SOLLC Fatty acid hydroperoxide lyase, chloroplastic {ECO:0000303|PubMed:10859201}
gene:evm.TU.02.2896	cds.novel_model_2409_5bd9a17a.5.5bd9b136	ADT2_SOLTU	89.706	68	7	0	1	68	319	386	7.31e-36	126	97.06	ADT2_SOLTU ADP,ATP carrier protein, mitochondrial
gene:evm.TU.02.2896	cds.novel_model_2405_5bd9a17a.3.5bd9b136	ADT1_GOSHI	86.494	385	49	2	3	385	2	385	0.0	644	92.21	ADT1_GOSHI ADP,ATP carrier protein 1, mitochondrial
gene:evm.TU.02.2896	cds.novel_model_2408_5bd9a17a.2.5bd9b136	ADT1_GOSHI	83.390	295	41	3	6	293	5	298	2.72e-162	460	88.14	ADT1_GOSHI ADP,ATP carrier protein 1, mitochondrial
gene:evm.TU.02.2896	cds.novel_model_2406_5bd9a17a.4.5bd9b136	ADT1_GOSHI	86.234	385	45	3	3	380	2	385	0.0	635	91.17	ADT1_GOSHI ADP,ATP carrier protein 1, mitochondrial
gene:evm.TU.02.1863	cds.novel_model_2404_5bd9a17a	ADT1_GOSHI	86.494	385	49	2	3	385	2	385	0.0	644	92.21	ADT1_GOSHI ADP,ATP carrier protein 1, mitochondrial
gene:novel_gene_317_5bd9a17a	cds.novel_model_2407_5bd9a17a.1.5bd9b136	ADT1_GOSHI	83.729	295	45	2	6	298	5	298	3.72e-166	470	89.49	ADT1_GOSHI ADP,ATP carrier protein 1, mitochondrial
gene:novel_gene_317_5bd9a17a	cds.evm.model.06.588	TI202_ARATH	65.854	164	52	2	53	215	48	208	3.72e-72	221	80.49	TI202_ARATH Protein TIC 20-II, chloroplastic
gene:novel_gene_828_5bd9a17a	cds.novel_model_2250_5bd9a17a	BSD2_MAIZE	56.757	111	42	2	34	138	16	126	3.99e-37	126	72.07	BSD2_MAIZE Protein BUNDLE SHEATH DEFECTIVE 2, chloroplastic {ECO:0000303|PubMed:10330470}
gene:evm.TU.02.1197	cds.novel_model_2251_5bd9a17a.1.5bd9b136	BSD2_MAIZE	48.810	84	37	2	34	111	16	99	1.01e-18	78.2	65.48	BSD2_MAIZE Protein BUNDLE SHEATH DEFECTIVE 2, chloroplastic {ECO:0000303|PubMed:10330470}
gene:evm.TU.08.1667	cds.novel_model_1511_5bd9a17a	CEPR1_ARATH	71.344	677	179	9	1	675	275	938	0.0	969	85.38	CEPR1_ARATH Receptor protein-tyrosine kinase CEPR1 {ECO:0000303|PubMed:25324386}
gene:evm.TU.02.2510	cds.novel_model_1511_5bd9a17a	CEPR1_ARATH	33.451	284	180	7	6	282	83	364	1.69e-24	113	48.59	CEPR1_ARATH Receptor protein-tyrosine kinase CEPR1 {ECO:0000303|PubMed:25324386}
gene:evm.TU.04.713	cds.evm.model.03.2102	FB129_ARATH	27.273	121	71	3	39	155	256	363	2.93e-07	52.4	55.37	FB129_ARATH F-box protein At2g39490
gene:evm.TU.01.2925	cds.evm.model.01.1043.1.5bd9b135	HPR1_ARATH	88.235	204	22	1	1	202	183	386	2.11e-132	379	95.59	HPR1_ARATH Glycerate dehydrogenase HPR, peroxisomal
gene:evm.TU.04.1858	cds.evm.model.01.1043	DHGY_CUCSA	92.632	380	28	0	1	380	1	380	0.0	714	96.84	DHGY_CUCSA Glycerate dehydrogenase
gene:evm.TU.04.1858	cds.evm.model.08.1931	HQGT_RAUSE	50.316	475	216	9	1	469	10	470	1.92e-159	462	68.84	HQGT_RAUSE Hydroquinone glucosyltransferase
gene:evm.TU.10.2174	cds.novel_model_5890_5bd9a17a	UFOG5_MANES	36.546	249	151	3	5	250	1	245	3.09e-48	170	60.24	UFOG5_MANES Anthocyanidin 3-O-glucosyltransferase 5
gene:novel_gene_481_5bd9a17a	cds.novel_model_5891_5bd9a17a.1.5bd9b13b	UFOG5_MANES	41.734	496	262	8	8	500	1	472	8.49e-131	391	62.50	UFOG5_MANES Anthocyanidin 3-O-glucosyltransferase 5
gene:novel_gene_481_5bd9a17a	cds.evm.model.08.1012	GLYI4_ARATH	68.041	97	29	1	1	97	71	165	2.91e-40	134	76.29	GLYI4_ARATH Glyoxylase I 4 {ECO:0000303|PubMed:30483284, ECO:0000303|PubMed:31652571}
gene:novel_gene_481_5bd9a17a	cds.evm.model.10.1957	Y1669_ARATH	77.867	375	76	2	1	368	3	377	0.0	603	87.20	Y1669_ARATH Uncharacterized oxidoreductase At1g06690, chloroplastic
gene:evm.TU.05.1663	cds.evm.model.03.155.4.5bd9b136	RL72_ARATH	85.124	242	36	0	1	242	1	242	3.96e-152	426	92.98	RL72_ARATH Large ribosomal subunit protein uL30y {ECO:0000303|PubMed:36423343}
gene:evm.TU.05.1663	cds.evm.model.03.155.2.5bd9b136	RL72_ARATH	84.711	242	36	1	1	241	1	242	8.48e-150	419	92.56	RL72_ARATH Large ribosomal subunit protein uL30y {ECO:0000303|PubMed:36423343}
gene:evm.TU.05.1663	cds.evm.model.03.155.1.5bd9b136.1.5bdae6d8	RL72_ARATH	91.597	119	10	0	1	119	124	242	3.52e-79	236	97.48	RL72_ARATH Large ribosomal subunit protein uL30y {ECO:0000303|PubMed:36423343}
gene:novel_gene_1962_5bd9a17a	cds.evm.model.03.155.6.5bd9b136	RL72_ARATH	85.124	242	36	0	1	242	1	242	3.96e-152	426	92.98	RL72_ARATH Large ribosomal subunit protein uL30y {ECO:0000303|PubMed:36423343}
gene:novel_gene_1962_5bd9a17a	cds.evm.model.03.155	RL72_ARATH	85.124	242	36	0	1	242	1	242	3.96e-152	426	92.98	RL72_ARATH Large ribosomal subunit protein uL30y {ECO:0000303|PubMed:36423343}
gene:evm.TU.02.2301	cds.evm.model.03.155.1.5bd9b136	RL72_ARATH	90.541	148	14	0	1	148	95	242	2.75e-98	285	96.62	RL72_ARATH Large ribosomal subunit protein uL30y {ECO:0000303|PubMed:36423343}
gene:evm.TU.08.1377	cds.evm.model.03.155.5.5bd9b136	RL72_ARATH	85.124	242	36	0	1	242	1	242	3.96e-152	426	92.98	RL72_ARATH Large ribosomal subunit protein uL30y {ECO:0000303|PubMed:36423343}
gene:evm.TU.04.949	cds.evm.model.03.155.3.5bd9b136	RL74_ARATH	84.647	241	35	1	2	240	4	244	4.48e-149	418	91.29	RL74_ARATH Large ribosomal subunit protein uL30w {ECO:0000303|PubMed:36423343}
gene:evm.TU.04.949	cds.evm.model.07.1693	DHAS_SYNY3	51.045	335	156	3	10	344	7	333	3.57e-120	352	71.34	DHAS_SYNY3 Aspartate-semialdehyde dehydrogenase
gene:evm.TU.04.949	cds.evm.model.08.1585	14335_SOLTU	81.176	255	47	1	1	254	1	255	1.19e-151	426	89.80	14335_SOLTU 14-3-3-like protein 16R
gene:evm.TU.04.949	cds.evm.model.08.1275	WRK11_ARATH	54.140	314	109	7	1	287	1	306	1.06e-101	303	65.61	WRK11_ARATH Probable WRKY transcription factor 11
gene:evm.TU.04.949	cds.evm.model.02.2075	FACR4_ARATH	52.537	335	143	3	2	336	175	493	3.08e-123	365	68.66	FACR4_ARATH Probable fatty acyl-CoA reductase 4 {ECO:0000305}
gene:evm.TU.04.949	cds.evm.model.01.1073	CDT1B_ARATH	45.909	220	104	7	95	311	43	250	1.38e-44	169	61.82	CDT1B_ARATH CDT1-like protein b
gene:evm.TU.04.949	cds.evm.model.01.1073	CDT1B_ARATH	41.633	245	105	9	406	616	237	477	1.78e-35	143	60.41	CDT1B_ARATH CDT1-like protein b
gene:evm.TU.04.949	cds.evm.model.02.3084	FBK30_ARATH	49.725	364	165	6	1	356	1	354	1.30e-127	372	67.31	FBK30_ARATH F-box/kelch-repeat protein At1g80440
gene:evm.TU.04.949	cds.novel_model_6536_5bd9a17a	GSTX6_SOYBN	58.986	217	86	3	3	216	6	222	7.16e-84	251	72.35	GSTX6_SOYBN Probable glutathione S-transferase
gene:evm.TU.04.949	cds.evm.model.06.1700	PTI6_SOLLC	46.032	252	95	6	14	240	7	242	1.89e-52	173	56.75	PTI6_SOLLC Pathogenesis-related genes transcriptional activator PTI6
gene:evm.TU.04.949	cds.evm.model.02.48	ATP1_ARATH	64.972	177	60	2	35	210	45	220	1.99e-81	244	79.66	ATP1_ARATH Probable pterin-4-alpha-carbinolamine dehydratase, chloroplastic {ECO:0000305}
gene:novel_gene_211_5bd9a17a	cds.evm.model.01.1408	KCS10_ARATH	74.670	379	89	3	78	451	168	544	0.0	598	86.54	KCS10_ARATH 3-ketoacyl-CoA synthase 10 {ECO:0000303|PubMed:18465198}
gene:evm.TU.05.897	cds.evm.model.01.1408	KCS10_ARATH	81.333	75	14	0	4	78	6	80	1.33e-31	130	92.00	KCS10_ARATH 3-ketoacyl-CoA synthase 10 {ECO:0000303|PubMed:18465198}
gene:evm.TU.05.897	cds.evm.model.10.1823	HHT1_ARATH	75.281	267	64	1	1	265	186	452	3.67e-147	422	86.14	HHT1_ARATH Omega-hydroxypalmitate O-feruloyl transferase
gene:evm.TU.05.897	cds.evm.model.08.1074	F3GGT_ACTCC	54.746	453	200	3	1	453	10	457	1.27e-178	510	71.08	F3GGT_ACTCC Cyanidin 3-O-galactoside 2''-O-xylosyltransferase FGGT1 {ECO:0000305}
gene:evm.TU.05.897	cds.evm.model.10.1553	Y2913_ARATH	54.146	796	305	13	16	761	11	796	0.0	818	69.60	Y2913_ARATH G-type lectin S-receptor-like serine/threonine-protein kinase At2g19130
gene:evm.TU.05.897	cds.evm.model.06.1553	P2C26_ARATH	61.438	306	110	1	1	306	1	298	1.08e-140	402	79.41	P2C26_ARATH Probable protein phosphatase 2C 26
gene:evm.TU.05.897	cds.evm.model.02.2367	BPS1_ARATH	55.620	347	141	4	1	341	1	340	3.62e-129	376	73.20	BPS1_ARATH Protein BPS1, chloroplastic {ECO:0000303|PubMed:15458645}
gene:evm.TU.05.890	cds.evm.model.08.846	GAUTC_ARATH	84.009	444	71	0	122	565	92	535	0.0	812	93.24	GAUTC_ARATH Probable galacturonosyltransferase 12
gene:evm.TU.05.89	cds.evm.model.07.49	ACCH1_ARATH	57.222	360	147	4	7	365	12	365	2.04e-152	436	75.00	ACCH1_ARATH 1-aminocyclopropane-1-carboxylate oxidase homolog 1
gene:evm.TU.05.893	cds.evm.model.01.802	ASOL_TOBAC	54.630	540	232	5	13	539	8	547	0.0	592	70.00	ASOL_TOBAC L-ascorbate oxidase homolog
gene:evm.TU.05.898	cds.evm.model.09.1254	LHCA5_ARATH	83.412	211	34	1	60	269	46	256	8.60e-132	376	92.89	LHCA5_ARATH Photosystem I chlorophyll a/b-binding protein 5, chloroplastic {ECO:0000303|PubMed:10366881}
gene:evm.TU.05.891	cds.evm.model.10.1926	FK163_ARATH	71.239	226	57	4	1	222	1	222	9.00e-103	299	79.65	FK163_ARATH Peptidyl-prolyl cis-trans isomerase FKBP16-3, chloroplastic
gene:evm.TU.05.892	cds.novel_model_5880_5bd9a17a	NET4A_ARATH	45.873	630	260	11	1	621	1	558	2.86e-151	451	63.02	NET4A_ARATH Protein NETWORKED 4A {ECO:0000303|PubMed:22840520}
gene:evm.TU.05.895	cds.evm.model.09.280	SYKC_ARATH	67.037	540	169	1	2	541	69	599	0.0	784	82.22	SYKC_ARATH Lysine--tRNA ligase, cytoplasmic {ECO:0000305}
gene:evm.TU.05.896	cds.evm.model.05.1685	PYRC5_PYRCO	81.877	309	55	1	1	309	1	308	0.0	517	91.26	PYRC5_PYRCO Phenylcoumaran benzylic ether reductase Pyrc5 {ECO:0000305}
gene:evm.TU.05.894	cds.evm.model.05.1685.1.5bdae6e1	PYRC5_PYRCO	81.496	254	46	1	1	254	1	253	5.58e-148	419	90.55	PYRC5_PYRCO Phenylcoumaran benzylic ether reductase Pyrc5 {ECO:0000305}
gene:evm.TU.05.899	cds.novel_model_7460_5bd9a17a.3.5bd9b13e	C7968_PRUMU	61.749	183	65	2	1	182	144	322	2.69e-75	238	78.14	C7968_PRUMU Tryptophan N-monooxygenase CYP79A68 {ECO:0000303|PubMed:25015725}
gene:evm.TU.01.2627	cds.novel_model_7458_5bd9a17a.1.5bd9b13e	C7968_PRUMU	61.905	273	98	3	53	324	55	322	1.46e-118	355	78.39	C7968_PRUMU Tryptophan N-monooxygenase CYP79A68 {ECO:0000303|PubMed:25015725}
gene:evm.TU.01.2364	cds.novel_model_7459_5bd9a17a.2.5bd9b13e	C7968_PRUMU	61.983	484	173	6	53	532	55	531	0.0	624	78.31	C7968_PRUMU Tryptophan N-monooxygenase CYP79A68 {ECO:0000303|PubMed:25015725}
gene:evm.TU.01.2364	cds.novel_model_7457_5bd9a17a	C7968_PRUMU	61.983	484	173	6	53	532	55	531	0.0	624	78.31	C7968_PRUMU Tryptophan N-monooxygenase CYP79A68 {ECO:0000303|PubMed:25015725}
gene:evm.TU.01.2364	cds.evm.model.04.2085	C3H44_ARATH	50.445	674	277	17	1	658	1	633	0.0	627	64.84	C3H44_ARATH Zinc finger CCCH domain-containing protein 44
gene:evm.TU.10.1017	cds.evm.model.04.2085	C3H44_ARATH	51.327	113	51	2	806	915	703	814	1.21e-23	113	65.49	C3H44_ARATH Zinc finger CCCH domain-containing protein 44
gene:evm.TU.10.1017	cds.evm.model.06.1424_evm.model.06.1425	PTA16_ARATH	64.717	530	155	12	1	518	1	510	0.0	611	79.25	PTA16_ARATH Protein PLASTID TRANSCRIPTIONALLY ACTIVE 16, chloroplastic {ECO:0000303|PubMed:16326926}
gene:evm.TU.10.1017	cds.evm.model.06.1424_evm.model.06.1425.4.5bdae6e0	PTA16_ARATH	66.090	289	84	6	1	287	1	277	2.74e-125	370	80.62	PTA16_ARATH Protein PLASTID TRANSCRIPTIONALLY ACTIVE 16, chloroplastic {ECO:0000303|PubMed:16326926}
gene:evm.TU.10.1017	cds.evm.model.06.1424_evm.model.06.1425.1.5bdae6e0	PTA16_ARATH	66.090	289	84	6	1	287	1	277	2.74e-125	370	80.62	PTA16_ARATH Protein PLASTID TRANSCRIPTIONALLY ACTIVE 16, chloroplastic {ECO:0000303|PubMed:16326926}
gene:evm.TU.10.2041	cds.evm.model.06.1424_evm.model.06.1425.2.5bdae6e0	PTA16_ARATH	66.090	289	84	6	1	287	1	277	2.74e-125	370	80.62	PTA16_ARATH Protein PLASTID TRANSCRIPTIONALLY ACTIVE 16, chloroplastic {ECO:0000303|PubMed:16326926}
gene:evm.TU.09.861	cds.evm.model.06.1424_evm.model.06.1425.3.5bdae6e0	PTA16_ARATH	66.090	289	84	6	1	287	1	277	2.74e-125	370	80.62	PTA16_ARATH Protein PLASTID TRANSCRIPTIONALLY ACTIVE 16, chloroplastic {ECO:0000303|PubMed:16326926}
gene:evm.TU.03.1579	cds.evm.model.08.737	PER45_ARATH	76.144	306	68	2	29	334	25	325	1.50e-175	492	86.93	PER45_ARATH Peroxidase 45
gene:evm.TU.03.157	cds.evm.model.04.2106	RIDA_ARATH	68.947	190	55	3	1	189	1	187	1.95e-87	258	82.11	RIDA_ARATH Reactive Intermediate Deaminase A, chloroplastic {ECO:0000303|PubMed:25070638}
gene:evm.TU.03.1570	cds.evm.model.01.970	PR1_ARATH	64.516	155	48	3	13	163	10	161	5.28e-68	206	76.77	PR1_ARATH Pathogenesis-related protein 1
gene:evm.TU.03.1571	cds.novel_model_5997_5bd9a17a	GBA2_MOUSE	45.946	185	94	2	1	181	693	875	2.93e-46	167	59.46	GBA2_MOUSE Non-lysosomal glucosylceramidase {ECO:0000305}
gene:evm.TU.03.1573	cds.evm.model.06.700	5MP1_CHICK	32.530	415	271	4	1	410	1	411	1.65e-77	249	56.87	5MP1_CHICK eIF5-mimic protein 1 {ECO:0000250|UniProtKB:Q9Y6E2}
gene:evm.TU.03.1577	cds.evm.model.06.700.1.5bd9b13a	5MP2A_DANRE	32.328	232	152	2	4	233	6	234	3.85e-37	137	55.17	5MP2A_DANRE eIF5-mimic protein 2-A {ECO:0000250|UniProtKB:Q7L1Q6}
gene:evm.TU.03.1576	cds.evm.model.06.449	LRR1_ARATH	77.778	198	44	0	1	198	1	198	6.62e-106	316	86.36	LRR1_ARATH Leucine-rich repeat protein 1 {ECO:0000303|PubMed:19712067}
gene:evm.TU.03.1575	cds.evm.model.09.170	AGT22_ARATH	73.511	487	119	3	1	487	1	477	0.0	751	83.98	AGT22_ARATH Alanine--glyoxylate aminotransferase 2 homolog 2, mitochondrial
gene:evm.TU.03.1578	cds.novel_model_4735_5bd9a17a.1.5bd9b13a	NHL13_ARATH	50.558	269	121	3	1	266	1	260	2.66e-93	278	68.77	NHL13_ARATH NDR1/HIN1-like protein 13 {ECO:0000303|PubMed:26206852}
gene:evm.TU.03.1574	cds.novel_model_4734_5bd9a17a	NHL13_ARATH	50.558	269	121	3	1	266	1	260	2.66e-93	278	68.77	NHL13_ARATH NDR1/HIN1-like protein 13 {ECO:0000303|PubMed:26206852}
gene:evm.TU.03.1572	cds.evm.model.01.1992	CHSL1_CANSA	99.235	392	3	0	2	393	1	392	0.0	811	99.74	CHSL1_CANSA Chalcone synthase-like protein 1
gene:evm.TU.03.1572	cds.evm.model.05.348	YJNA_SCHPO	50.196	255	122	4	487	738	63	315	4.14e-72	243	67.06	YJNA_SCHPO Uncharacterized AAA domain-containing protein C24B10.10c
gene:evm.TU.03.1572	cds.evm.model.09.954	ASR3_ARATH	26.860	242	123	9	2	235	27	222	1.06e-13	74.3	42.15	ASR3_ARATH Trihelix transcription factor ASR3 {ECO:0000303|PubMed:25770109}
gene:evm.TU.03.1572	cds.evm.model.09.1555	E13B_WHEAT	59.155	71	29	0	2	72	389	459	4.46e-24	96.3	73.24	E13B_WHEAT Glucan endo-1,3-beta-glucosidase
gene:evm.TU.03.1579	cds.evm.model.09.231	AMT2_ARATH	75.983	483	104	3	10	491	4	475	0.0	732	86.75	AMT2_ARATH Ammonium transporter 2
gene:evm.TU.03.157	cds.evm.model.06.20	C94C1_ARATH	62.447	474	169	4	26	491	23	495	0.0	615	77.43	C94C1_ARATH Cytochrome P450 94C1 {ECO:0000305}
gene:evm.TU.03.1570	cds.evm.model.08.424	CAP10_ARATH	65.343	554	154	11	10	549	11	540	0.0	682	75.99	CAP10_ARATH Putative clathrin assembly protein At5g35200
gene:evm.TU.03.1571	cds.evm.model.02.956.2.5bd9b134.1.5bdae6dd	MAOX_VITVI	84.793	217	33	0	28	244	375	591	3.31e-132	388	92.63	MAOX_VITVI NADP-dependent malic enzyme
gene:evm.TU.03.1573	cds.evm.model.02.956.3.5bd9b134	MAOX_VITVI	86.633	591	78	1	1	590	1	591	0.0	1074	93.74	MAOX_VITVI NADP-dependent malic enzyme
gene:evm.TU.03.1577	cds.evm.model.02.956.2.5bd9b134	MAOX_VITVI	85.567	388	56	0	1	388	204	591	0.0	701	93.81	MAOX_VITVI NADP-dependent malic enzyme
gene:evm.TU.03.1576	cds.evm.model.02.956	MAOX_VITVI	86.802	591	78	0	1	591	1	591	0.0	1080	93.91	MAOX_VITVI NADP-dependent malic enzyme
gene:evm.TU.03.1575	cds.evm.model.02.956.1.5bd9b134	MAOX_VITVI	86.294	591	78	1	1	588	1	591	0.0	1070	93.40	MAOX_VITVI NADP-dependent malic enzyme
gene:evm.TU.03.1578	cds.evm.model.01.1521	RLK7_ARATH	62.500	984	356	6	3	983	2	975	0.0	1207	77.03	RLK7_ARATH Receptor-like protein kinase 7 {ECO:0000303|PubMed:20811905}
gene:evm.TU.03.1574	cds.evm.model.05.1632	APT4_ARATH	86.986	146	19	0	1	146	30	175	4.30e-89	262	93.15	APT4_ARATH Adenine phosphoribosyltransferase 4
gene:evm.TU.03.1572	cds.novel_model_6835_5bd9a17a.4.5bd9b13d	RTNLE_ARATH	61.326	181	66	1	1	181	1	177	1.17e-72	223	76.80	RTNLE_ARATH Reticulon-like protein B5
gene:evm.TU.03.1572	cds.novel_model_6832_5bd9a17a.1.5bd9b13d	RTNLE_ARATH	62.451	253	91	1	1	253	1	249	1.14e-111	324	78.66	RTNLE_ARATH Reticulon-like protein B5
gene:evm.TU.03.1572	cds.novel_model_6833_5bd9a17a.2.5bd9b13d	RTNLE_ARATH	60.891	202	75	1	1	202	1	198	4.16e-85	255	77.72	RTNLE_ARATH Reticulon-like protein B5
gene:evm.TU.03.1572	cds.novel_model_6834_5bd9a17a.3.5bd9b13d	RTNLE_ARATH	61.326	181	66	1	1	181	1	177	1.17e-72	223	76.80	RTNLE_ARATH Reticulon-like protein B5
gene:evm.TU.08.1662	cds.novel_model_6831_5bd9a17a	RTNLE_ARATH	62.041	245	89	1	1	245	1	241	7.64e-108	316	79.18	RTNLE_ARATH Reticulon-like protein B5
gene:evm.TU.08.1197	cds.evm.model.07.1723	NLAL1_ARATH	88.043	92	11	0	28	119	60	151	1.87e-55	176	95.65	NLAL1_ARATH Putative H/ACA ribonucleoprotein complex subunit 1-like protein 1
gene:evm.TU.05.1942	cds.evm.model.03.938.1.5bd9b138	METK3_SOLLC	95.641	390	17	0	1	390	1	390	0.0	778	97.95	METK3_SOLLC S-adenosylmethionine synthase 3
gene:evm.TU.05.1942	cds.evm.model.03.938	METK3_SOLLC	95.641	390	17	0	1	390	1	390	0.0	778	97.95	METK3_SOLLC S-adenosylmethionine synthase 3
gene:evm.TU.05.1942	cds.evm.model.02.3038	PME1_FICPW	67.873	442	133	4	2	435	103	543	0.0	622	81.00	PME1_FICPW Pectinesterase/pectinesterase inhibitor
gene:evm.TU.05.950	cds.evm.model.01.1272	HEM21_ARATH	82.284	429	75	1	3	431	2	429	0.0	696	89.28	HEM21_ARATH Delta-aminolevulinic acid dehydratase 1, chloroplastic
gene:evm.TU.01.185	cds.evm.model.01.1272.1.5bd9b135	HEM2_PEA	91.815	281	23	0	1	281	117	397	0.0	546	97.15	HEM2_PEA Delta-aminolevulinic acid dehydratase, chloroplastic
gene:evm.TU.01.185	cds.evm.model.10.823	MLP43_ARATH	36.129	155	96	3	2	155	5	157	7.15e-27	102	57.42	MLP43_ARATH MLP-like protein 43
gene:evm.TU.01.1856	cds.evm.model.03.381	CP31A_ARATH	63.100	271	86	4	54	314	63	329	2.02e-113	334	76.75	CP31A_ARATH 31 kDa ribonucleoprotein, chloroplastic
gene:evm.TU.01.185	cds.evm.model.03.1486	NC100_ARATH	58.919	370	116	9	1	368	1	336	1.04e-145	418	70.54	NC100_ARATH NAC domain-containing protein 100 {ECO:0000303|PubMed:15029955}
gene:evm.TU.01.185	cds.evm.model.10.1855	PTR9_ARATH	64.738	553	173	4	3	538	1	548	0.0	687	80.29	PTR9_ARATH Protein NRT1/ PTR FAMILY 5.10
gene:evm.TU.01.185	cds.evm.model.07.887.1.5bd9b13c	GPX2_ARATH	74.405	168	43	0	4	171	2	169	3.76e-93	270	87.50	GPX2_ARATH Probable glutathione peroxidase 2
gene:evm.TU.01.1853	cds.evm.model.07.887.2.5bd9b13c	GPX2_ARATH	74.405	168	43	0	4	171	2	169	3.76e-93	270	87.50	GPX2_ARATH Probable glutathione peroxidase 2
gene:evm.TU.01.1855	cds.evm.model.07.887	GPX2_ARATH	74.405	168	43	0	4	171	2	169	3.76e-93	270	87.50	GPX2_ARATH Probable glutathione peroxidase 2
gene:evm.TU.01.1857	cds.evm.model.07.887.3.5bd9b13c	GPX2_ARATH	74.405	168	43	0	37	204	2	169	4.72e-93	271	87.50	GPX2_ARATH Probable glutathione peroxidase 2
gene:evm.TU.01.1858	cds.evm.model.06.715.1.5bd9b13a	WDL2_ARATH	41.337	329	150	9	1	321	1	294	4.24e-64	210	58.97	WDL2_ARATH Protein WVD2-like 2 {ECO:0000305}
gene:evm.TU.01.1852	cds.evm.model.06.715	WDL2_ARATH	41.337	329	150	9	1	321	1	294	4.24e-64	210	58.97	WDL2_ARATH Protein WVD2-like 2 {ECO:0000305}
gene:evm.TU.01.1854	cds.evm.model.06.715.2.5bd9b13a	WDL2_ARATH	41.337	329	150	9	5	325	1	294	6.53e-64	210	58.97	WDL2_ARATH Protein WVD2-like 2 {ECO:0000305}
gene:evm.TU.01.1850	cds.evm.model.01.372	ZAT10_ARATH	45.522	268	91	11	1	262	1	219	1.96e-54	178	58.21	ZAT10_ARATH Zinc finger protein ZAT10
gene:evm.TU.01.1851	cds.evm.model.05.137	TS3FN_CANSA	97.608	209	5	0	1	209	416	624	8.47e-150	435	98.56	TS3FN_CANSA Myrcene synthase TPS3FN, chloroplastic {ECO:0000303|PubMed:28355238}
gene:evm.TU.01.1859	cds.evm.model.03.66	CAB25_ARATH	35.246	244	117	11	1	210	2	238	2.53e-29	112	52.05	CAB25_ARATH Calmodulin-binding protein 25 {ECO:0000303|PubMed:15086802}
gene:evm.TU.10.1726	cds.evm.model.01.1997	XYXT1_ORYSJ	41.626	406	219	7	7	404	70	465	1.99e-112	340	63.79	XYXT1_ORYSJ Beta-1,2-xylosyltransferase XYXT1 {ECO:0000305}
gene:novel_gene_925_5bd9a17a	cds.evm.model.04.534.2.5bd9b137	CB12_SOLLC	94.709	189	10	0	5	193	82	270	2.61e-134	379	98.41	CB12_SOLLC Chlorophyll a-b binding protein 7, chloroplastic
gene:novel_gene_925_5bd9a17a	cds.evm.model.04.534.4.5bd9b137	CB12_SOLLC	93.889	180	11	0	19	198	91	270	2.54e-126	359	97.78	CB12_SOLLC Chlorophyll a-b binding protein 7, chloroplastic
gene:evm.TU.03.2004	cds.evm.model.04.534.1.5bd9b137	CB12_SOLLC	85.978	271	36	2	1	270	1	270	8.24e-174	483	92.62	CB12_SOLLC Chlorophyll a-b binding protein 7, chloroplastic
gene:evm.TU.03.2004	cds.evm.model.04.534.3.5bd9b137	CB12_PETHY	94.231	156	9	0	1	156	115	270	6.26e-109	313	98.72	CB12_PETHY Chlorophyll a-b binding protein, chloroplastic
gene:evm.TU.08.1706	cds.evm.model.04.534	CB12_SOLLC	86.347	271	36	1	1	271	1	270	3.16e-176	489	92.99	CB12_SOLLC Chlorophyll a-b binding protein 7, chloroplastic
gene:novel_gene_1314_5bd9a17a	cds.evm.model.04.2421	EAF_DROVI	33.000	100	60	5	32	126	24	121	1.43e-07	56.2	59.00	EAF_DROVI Ell-associated factor Eaf {ECO:0000250|UniProtKB:Q7JRJ1}
gene:novel_gene_1314_5bd9a17a	cds.evm.model.08.1211	HMA2_ARATH	57.277	962	341	18	15	919	3	951	0.0	1056	72.77	HMA2_ARATH Cadmium/zinc-transporting ATPase HMA2
gene:evm.TU.01.652	cds.evm.model.05.1169	PLGG1_ARATH	79.245	477	87	4	53	527	46	512	0.0	729	88.05	PLGG1_ARATH Plastidal glycolate/glycerate translocator 1, chloroplastic
gene:evm.TU.01.652	cds.evm.model.02.1228	SIB1_ARATH	68.750	32	10	0	6	37	36	67	3.04e-07	48.1	84.38	SIB1_ARATH Sigma factor binding protein 1, chloroplastic
gene:evm.TU.01.652	cds.evm.model.06.1377	H2AX_CICAR	95.035	141	5	1	1	141	1	139	1.11e-90	262	95.74	H2AX_CICAR Histone H2AX
gene:evm.TU.01.2733	cds.evm.model.03.206	LBD12_ARATH	69.307	101	19	1	2	90	7	107	9.56e-45	145	79.21	LBD12_ARATH LOB domain-containing protein 12
gene:evm.TU.01.2733	cds.evm.model.02.1891	MTB1_SOLLC	66.341	615	188	9	9	621	4	601	0.0	803	78.37	MTB1_SOLLC Transcription factor MTB1 {ECO:0000303|PubMed:30610166}
gene:evm.TU.01.2733	cds.novel_model_7473_5bd9a17a	CML46_ARATH	44.949	198	103	2	3	200	13	204	1.57e-53	172	65.15	CML46_ARATH Probable calcium-binding protein CML46 {ECO:0000305}
gene:novel_gene_615_5bd9a17a	cds.evm.model.07.1589	13S2_FAGES	25.293	427	221	12	7	342	51	470	4.81e-28	117	40.52	13S2_FAGES 13S globulin seed storage protein 2
gene:novel_gene_615_5bd9a17a	cds.evm.model.10.848	NIK2_ARATH	76.617	603	136	4	31	629	34	635	0.0	953	86.24	NIK2_ARATH Protein NSP-INTERACTING KINASE 2
gene:novel_gene_615_5bd9a17a	cds.evm.model.08.1611	RIBA1_ARATH	78.557	499	104	3	55	551	45	542	0.0	816	89.58	RIBA1_ARATH Bifunctional riboflavin biosynthesis protein RIBA 1, chloroplastic
gene:evm.TU.10.1764	cds.evm.model.08.1884	TS8FN_CANSA	79.791	287	56	2	155	441	254	538	7.20e-150	440	90.59	TS8FN_CANSA Valencene synthase TPS8FN {ECO:0000303|PubMed:28355238}
gene:evm.TU.10.176	cds.evm.model.06.431	LTL1_ARATH	74.792	361	91	0	11	371	5	365	0.0	570	85.87	LTL1_ARATH GDSL esterase/lipase LTL1 {ECO:0000303|PubMed:18819574}
gene:evm.TU.10.1769	cds.novel_model_3473_5bd9a17a.1.5bd9b138	PSBA_POPTR	99.717	353	1	0	1	353	1	353	0.0	714	100.00	PSBA_POPTR Photosystem II protein D1 {ECO:0000255|HAMAP-Rule:MF_01379}
gene:evm.TU.10.1762	cds.novel_model_3472_5bd9a17a	PSBA_POPTR	99.717	353	1	0	1	353	1	353	0.0	714	100.00	PSBA_POPTR Photosystem II protein D1 {ECO:0000255|HAMAP-Rule:MF_01379}
gene:evm.TU.10.1763	cds.evm.model.05.1913	MYC2_SOLLC	65.266	714	204	19	1	698	1	686	0.0	842	75.21	MYC2_SOLLC Transcription factor MYC2 {ECO:0000303|PubMed:24483714}
gene:evm.TU.10.1760	cds.evm.model.01.1021	THLP1_ARATH	67.589	253	72	5	4	246	7	259	2.06e-115	337	79.45	THLP1_ARATH Thaumatin-like protein 1 {ECO:0000303|PubMed:15988566}
gene:evm.TU.10.1761	cds.evm.model.10.1354	RAD_ANTMA	69.565	92	23	2	1	92	1	87	5.43e-41	132	84.78	RAD_ANTMA Transcription factor RADIALIS
gene:evm.TU.10.1768	cds.evm.model.01.467	XLG1_ARATH	51.054	901	379	15	31	893	11	887	0.0	832	64.04	XLG1_ARATH Extra-large guanine nucleotide-binding protein 1
gene:evm.TU.10.1766	cds.evm.model.04.238	CRK2_ARATH	66.719	643	204	5	7	645	13	649	0.0	848	79.47	CRK2_ARATH Cysteine-rich receptor-like protein kinase 2
gene:evm.TU.10.1767	cds.evm.model.10.443.1.5bd9b13d	NAP2_SOLLC	59.729	221	76	5	7	216	57	275	1.41e-84	255	72.85	NAP2_SOLLC NAC domain-containing protein 2 {ECO:0000303|PubMed:29760199}
gene:evm.TU.10.1765	cds.evm.model.10.443	NAP2_SOLLC	64.552	268	82	5	9	265	10	275	1.41e-120	349	77.24	NAP2_SOLLC NAC domain-containing protein 2 {ECO:0000303|PubMed:29760199}
gene:evm.TU.01.2358	cds.evm.model.06.1960	TET3_ARATH	75.175	286	70	1	1	286	1	285	7.38e-161	451	84.97	TET3_ARATH Tetraspanin-3
gene:evm.TU.10.1282	cds.novel_model_5776_5bd9a17a.1.5bd9b13b	BDG3_ARATH	56.061	396	143	10	10	385	5	389	3.62e-147	429	72.73	BDG3_ARATH Probable lysophospholipase BODYGUARD 3 {ECO:0000303|PubMed:16415209}
gene:evm.TU.01.2819	cds.novel_model_5777_5bd9a17a.2.5bd9b13b	BDG1_ARATH	71.023	176	51	0	13	188	180	355	1.34e-91	278	87.50	BDG1_ARATH Probable lysophospholipase BODYGUARD 1 {ECO:0000303|PubMed:16415209}
gene:evm.TU.07.502	cds.novel_model_5775_5bd9a17a	BDG3_ARATH	58.929	504	175	11	10	492	5	497	0.0	592	75.20	BDG3_ARATH Probable lysophospholipase BODYGUARD 3 {ECO:0000303|PubMed:16415209}
gene:evm.TU.07.50	cds.evm.model.02.2509	MPK19_ARATH	76.570	589	124	8	95	679	10	588	0.0	877	85.91	MPK19_ARATH Mitogen-activated protein kinase 19
gene:evm.TU.07.503	cds.evm.model.10.1169	UFOG3_FRAAN	55.289	501	191	9	2	494	3	478	0.0	524	68.66	UFOG3_FRAAN Putative UDP-glucose flavonoid 3-O-glucosyltransferase 3 {ECO:0000250|UniProtKB:Q2V6K0}
gene:evm.TU.07.508	cds.evm.model.10.1190.4.5bd9b13d	SGAT_ARATH	88.372	215	25	0	1	215	187	401	5.30e-142	405	97.21	SGAT_ARATH Serine--glyoxylate aminotransferase {ECO:0000305|PubMed:18235971, ECO:0000305|PubMed:23098902}
gene:evm.TU.07.506	cds.evm.model.10.1190	SGAT_ARATH	87.531	401	50	0	1	401	1	401	0.0	743	95.26	SGAT_ARATH Serine--glyoxylate aminotransferase {ECO:0000305|PubMed:18235971, ECO:0000305|PubMed:23098902}
gene:evm.TU.07.507	cds.evm.model.10.1190.4.5bd9b13d.1.5bdae6e1	SGAT_ARATH	88.696	115	13	0	12	126	287	401	2.35e-69	216	97.39	SGAT_ARATH Serine--glyoxylate aminotransferase {ECO:0000305|PubMed:18235971, ECO:0000305|PubMed:23098902}
gene:evm.TU.07.501	cds.evm.model.10.1190.1.5bd9b13d	SGAT_ARATH	87.531	401	50	0	1	401	1	401	0.0	743	95.26	SGAT_ARATH Serine--glyoxylate aminotransferase {ECO:0000305|PubMed:18235971, ECO:0000305|PubMed:23098902}
gene:evm.TU.07.504	cds.evm.model.10.1190.5.5bd9b13d	SGAT_ARATH	87.115	357	46	0	1	357	1	357	0.0	664	95.24	SGAT_ARATH Serine--glyoxylate aminotransferase {ECO:0000305|PubMed:18235971, ECO:0000305|PubMed:23098902}
gene:evm.TU.07.505	cds.evm.model.10.1190.2.5bd9b13d	SGAT_ARATH	87.531	401	50	0	1	401	1	401	0.0	743	95.26	SGAT_ARATH Serine--glyoxylate aminotransferase {ECO:0000305|PubMed:18235971, ECO:0000305|PubMed:23098902}
gene:evm.TU.07.509	cds.evm.model.10.1190.3.5bd9b13d	SGAT_ARATH	86.972	284	37	0	1	284	1	284	0.0	526	94.37	SGAT_ARATH Serine--glyoxylate aminotransferase {ECO:0000305|PubMed:18235971, ECO:0000305|PubMed:23098902}
gene:evm.TU.07.500	cds.evm.model.08.92	TI205_ARATH	77.174	92	21	0	208	299	118	209	2.15e-44	153	89.13	TI205_ARATH Protein TIC 20-v, chloroplastic
gene:evm.TU.04.676	cds.evm.model.04.1617	PUMP5_ARATH	73.846	325	70	3	1	324	1	311	4.32e-166	467	84.62	PUMP5_ARATH Mitochondrial uncoupling protein 5
gene:evm.TU.04.676	cds.evm.model.09.1535	RS5_CICAR	92.708	192	14	0	9	200	6	197	1.20e-133	375	98.44	RS5_CICAR Small ribosomal subunit protein uS7 {ECO:0000305}
gene:evm.TU.04.676	cds.evm.model.10.188	Y2608_ARATH	57.339	218	61	5	2	205	34	233	4.82e-71	221	63.30	Y2608_ARATH B3 domain-containing protein At2g36080
gene:evm.TU.04.676	cds.evm.model.06.1330	GL113_ARATH	71.364	220	63	0	1	220	1	220	1.58e-112	323	82.27	GL113_ARATH Germin-like protein subfamily 1 member 13
gene:evm.TU.04.676	cds.novel_model_5177_5bd9a17a	H4_SOYBN	100.000	103	0	0	1	103	1	103	2.97e-67	199	100.00	H4_SOYBN Histone H4
gene:novel_gene_255_5bd9a17a	cds.novel_model_744_5bda875f.3.5bdae6e2	RGGB_ARATH	46.914	243	109	8	1	241	1	225	1.58e-43	154	61.32	RGGB_ARATH RGG repeats nuclear RNA binding protein B {ECO:0000303|PubMed:11905967}
gene:novel_gene_255_5bd9a17a	cds.novel_model_741_5bda875f	RGGB_ARATH	51.175	383	138	14	1	358	1	359	1.81e-92	283	63.45	RGGB_ARATH RGG repeats nuclear RNA binding protein B {ECO:0000303|PubMed:11905967}
gene:novel_gene_2675_5bd9a17a	cds.novel_model_742_5bda875f.2.5bdae6e2	RGGB_ARATH	51.175	383	138	14	1	358	1	359	1.81e-92	283	63.45	RGGB_ARATH RGG repeats nuclear RNA binding protein B {ECO:0000303|PubMed:11905967}
gene:novel_gene_2675_5bd9a17a	cds.novel_model_745_5bda875f.4.5bdae6e2	RGGB_ARATH	46.914	243	109	8	1	241	1	225	1.58e-43	154	61.32	RGGB_ARATH RGG repeats nuclear RNA binding protein B {ECO:0000303|PubMed:11905967}
gene:novel_gene_2675_5bd9a17a	cds.novel_model_743_5bda875f.1.5bdae6e2	RGGB_ARATH	53.333	60	17	4	1	59	1	50	4.61e-06	50.1	68.33	RGGB_ARATH RGG repeats nuclear RNA binding protein B {ECO:0000303|PubMed:11905967}
gene:novel_gene_2675_5bd9a17a	cds.evm.model.02.1800	HQGT_RAUSE	64.946	465	160	3	11	475	5	466	0.0	650	81.29	HQGT_RAUSE Hydroquinone glucosyltransferase
gene:novel_gene_2675_5bd9a17a	cds.evm.model.08.1073	EF100_ARATH	50.000	304	96	7	7	298	7	266	1.07e-86	263	63.16	EF100_ARATH Ethylene-responsive transcription factor 1A
gene:novel_gene_2675_5bd9a17a	cds.evm.model.02.735	RL35_EUPES	91.870	123	10	0	1	123	1	123	3.02e-74	219	95.12	RL35_EUPES Large ribosomal subunit protein uL29 {ECO:0000305}
gene:novel_gene_2675_5bd9a17a	cds.evm.model.04.2082	C84A1_ARATH	73.932	468	120	1	1	466	53	520	0.0	749	87.18	C84A1_ARATH Cytochrome P450 84A1
gene:evm.TU.04.564	cds.evm.model.08.1974	TDC2_CAMAC	63.889	504	169	5	1	499	1	496	0.0	670	78.57	TDC2_CAMAC Tryptophan decarboxylase TDC2 {ECO:0000305}
gene:evm.TU.04.564	cds.evm.model.06.1813	RH3_ARATH	74.591	673	142	5	1	668	1	649	0.0	978	85.29	RH3_ARATH DEAD-box ATP-dependent RNA helicase 3, chloroplastic
gene:evm.TU.04.564	cds.evm.model.03.540	TRL12_ARATH	56.109	221	78	3	25	238	15	223	1.74e-81	248	69.68	TRL12_ARATH Thioredoxin-like 1-2, chloroplastic
gene:evm.TU.04.564	cds.evm.model.02.2834	BH112_ARATH	52.489	221	72	8	303	523	206	393	9.04e-52	184	62.44	BH112_ARATH Transcription factor bHLH112
gene:evm.TU.04.564	cds.evm.model.04.1176	RBOHD_ARATH	75.176	854	184	10	58	903	88	921	0.0	1338	86.18	RBOHD_ARATH Respiratory burst oxidase homolog protein D {ECO:0000303|PubMed:9628030}
gene:evm.TU.02.3062	cds.evm.model.02.509.1.5bd9b134.1.5bdae6da	PH1_ARATH	67.742	93	27	2	1	91	1	92	4.23e-39	130	78.49	PH1_ARATH Pleckstrin homology domain-containing protein 1
gene:evm.TU.07.1039	cds.evm.model.02.509	PH1_ARATH	70.548	146	40	2	1	144	1	145	1.68e-70	211	83.56	PH1_ARATH Pleckstrin homology domain-containing protein 1
gene:evm.TU.07.1039	cds.evm.model.02.509.1.5bd9b134	PH1_ARATH	70.548	146	40	2	1	144	1	145	1.68e-70	211	83.56	PH1_ARATH Pleckstrin homology domain-containing protein 1
gene:evm.TU.07.1039	cds.evm.model.09.1113	CSPL9_SOYBN	61.053	190	72	1	1	190	1	188	5.56e-75	227	74.74	CSPL9_SOYBN CASP-like protein 1B1
gene:evm.TU.07.1039	cds.evm.model.06.42	RS5_CICAR	93.229	192	13	0	9	200	6	197	3.20e-134	377	98.44	RS5_CICAR Small ribosomal subunit protein uS7 {ECO:0000305}
gene:evm.TU.07.1039	cds.evm.model.02.737	PPL1_ARATH	66.197	213	70	2	27	238	18	229	1.43e-99	292	80.75	PPL1_ARATH PsbP-like protein 1, chloroplastic
gene:evm.TU.04.1962	cds.evm.model.02.2138	L7AT_MELAZ	34.716	458	266	15	1	439	1	444	1.02e-67	226	51.97	L7AT_MELAZ Epi-neemfruitin B 7-O-acetyltransferse L7AT {ECO:0000303|PubMed:36701471}
gene:novel_gene_1649_5bd9a17a	cds.evm.model.07.1886	CRD1_EUPES	86.861	411	42	3	1	405	1	405	0.0	731	92.94	CRD1_EUPES Magnesium-protoporphyrin IX monomethyl ester [oxidative] cyclase, chloroplastic
gene:novel_gene_3213_5bd9a17a	cds.evm.model.05.341	CHIA_CUCSA	69.474	285	84	1	11	295	10	291	3.32e-147	417	82.11	CHIA_CUCSA Acidic endochitinase
gene:evm.TU.09.1338	cds.evm.model.05.341.1.5bd9b139	CHIA_CUCSA	69.231	286	84	2	11	296	10	291	2.41e-145	412	81.82	CHIA_CUCSA Acidic endochitinase
gene:evm.TU.06.1433	cds.evm.model.02.2787	B561J_ARATH	60.942	361	132	4	21	376	21	377	2.45e-162	464	76.73	B561J_ARATH Cytochrome b561 and DOMON domain-containing protein At5g47530
gene:evm.TU.01.1496	cds.novel_model_7506_5bd9a17a.2.5bd9b13e	PAO_ARATH	74.396	207	51	2	1	205	331	537	1.52e-110	329	87.44	PAO_ARATH Pheophorbide a oxygenase, chloroplastic
gene:evm.TU.02.2878	cds.novel_model_7505_5bd9a17a.1.5bd9b13e	PAO_ARATH	70.186	161	46	2	1	159	377	537	1.44e-75	237	84.47	PAO_ARATH Pheophorbide a oxygenase, chloroplastic
gene:evm.TU.02.2878	cds.novel_model_7504_5bd9a17a	PAO_ARATH	71.375	531	143	5	16	537	7	537	0.0	801	84.37	PAO_ARATH Pheophorbide a oxygenase, chloroplastic
gene:evm.TU.02.2878	cds.evm.model.07.1315.1.5bd9b13c	TSJT1_TOBAC	44.966	149	79	2	1	147	1	148	2.90e-37	130	59.73	TSJT1_TOBAC Stem-specific protein TSJT1
gene:evm.TU.02.2878	cds.evm.model.07.1315	TSJT1_TOBAC	44.966	149	79	2	1	147	1	148	2.61e-37	130	59.73	TSJT1_TOBAC Stem-specific protein TSJT1
gene:evm.TU.02.2878	cds.evm.model.07.1315.3.5bd9b13c	TSJT1_TOBAC	44.966	149	79	2	1	147	1	148	2.00e-37	130	59.73	TSJT1_TOBAC Stem-specific protein TSJT1
gene:evm.TU.01.2114	cds.evm.model.07.1315.5.5bd9b13c	TSJT1_TOBAC	44.966	149	79	2	1	147	1	148	2.44e-37	130	59.73	TSJT1_TOBAC Stem-specific protein TSJT1
gene:evm.TU.06.1499	cds.evm.model.07.1315.4.5bd9b13c	TSJT1_TOBAC	44.595	148	79	2	1	146	1	147	1.05e-36	129	59.46	TSJT1_TOBAC Stem-specific protein TSJT1
gene:evm.TU.09.852	cds.evm.model.07.1315.2.5bd9b13c	TSJT1_TOBAC	44.966	149	79	2	1	147	1	148	3.14e-37	130	59.73	TSJT1_TOBAC Stem-specific protein TSJT1
gene:evm.TU.05.332	cds.novel_model_958_5bd9a17a	NBS_NARPS	41.935	155	88	2	2	156	1	153	1.12e-35	124	61.94	NBS_NARPS Norbelladine synthase {ECO:0000303|PubMed:30526483}
gene:evm.TU.04.2022	cds.evm.model.02.514	TRPE_ARATH	74.081	571	143	3	14	579	25	595	0.0	887	85.29	TRPE_ARATH Anthranilate synthase alpha subunit 1, chloroplastic {ECO:0000303|PubMed:7972519}
gene:evm.TU.04.2026	cds.novel_model_4604_5bd9a17a	G3OX1_ARATH	48.521	338	158	4	16	343	23	354	4.05e-106	317	64.20	G3OX1_ARATH Gibberellin 3-beta-dioxygenase 1
gene:evm.TU.04.202	cds.evm.model.10.1339	LSH10_ARATH	95.890	73	3	0	17	89	63	135	3.33e-47	152	95.89	LSH10_ARATH Protein LIGHT-DEPENDENT SHORT HYPOCOTYLS 10
gene:evm.TU.04.2023	cds.evm.model.01.1026	SBT16_ARATH	74.635	753	184	3	42	792	17	764	0.0	1189	87.25	SBT16_ARATH Subtilisin-like protease SBT1.6 {ECO:0000303|PubMed:16193095}
gene:evm.TU.04.2024	cds.evm.model.07.370	BXL1_ARATH	70.519	770	211	9	16	779	15	774	0.0	1122	83.25	BXL1_ARATH Beta-D-xylosidase 1
gene:evm.TU.04.2020	cds.evm.model.07.522	GLNA4_PHAVU	89.376	433	42	1	1	433	1	429	0.0	811	94.23	GLNA4_PHAVU Glutamine synthetase leaf isozyme, chloroplastic
gene:evm.TU.04.2027	cds.evm.model.02.2723	GAUT4_ARATH	65.731	677	168	8	1	674	1	616	0.0	913	77.40	GAUT4_ARATH Probable galacturonosyltransferase 4
gene:evm.TU.04.2029	cds.evm.model.02.2873	IAA27_ARATH	42.857	119	47	4	6	123	8	106	2.38e-13	69.7	55.46	IAA27_ARATH Auxin-responsive protein IAA27
gene:evm.TU.04.2025	cds.evm.model.01.2998	EXGA_ASPOR	29.940	334	192	10	176	474	48	374	2.54e-40	153	49.40	EXGA_ASPOR Glucan 1,3-beta-glucosidase A
gene:evm.TU.04.2021	cds.evm.model.01.2815	REIL1_ARATH	64.748	417	130	7	1	413	1	404	0.0	520	78.42	REIL1_ARATH Cytoplasmic 60S subunit biogenesis factor REI1 homolog 1 {ECO:0000305}
gene:evm.TU.04.2028	cds.novel_model_319_5bd9a17a.6.5bd9b134	RCA_MALDO	92.188	256	20	0	1	256	182	437	4.65e-178	499	98.44	RCA_MALDO Ribulose bisphosphate carboxylase/oxygenase activase, chloroplastic
gene:evm.TU.02.2922	cds.novel_model_318_5bd9a17a.5.5bd9b134	RCA_MALDO	92.188	256	20	0	1	256	182	437	4.65e-178	499	98.44	RCA_MALDO Ribulose bisphosphate carboxylase/oxygenase activase, chloroplastic
gene:evm.TU.02.2922	cds.novel_model_317_5bd9a17a.4.5bd9b134	RCA_MALDO	85.811	444	56	4	1	444	1	437	0.0	782	94.14	RCA_MALDO Ribulose bisphosphate carboxylase/oxygenase activase, chloroplastic
gene:evm.TU.02.2922	cds.novel_model_316_5bd9a17a.2.5bd9b134	RCA_MALDO	92.581	310	23	0	1	310	128	437	0.0	610	98.71	RCA_MALDO Ribulose bisphosphate carboxylase/oxygenase activase, chloroplastic
gene:novel_gene_2644_5bd9a17a	cds.novel_model_313_5bd9a17a	RCA1_LARTR	83.851	483	69	4	1	481	1	476	0.0	835	91.10	RCA1_LARTR Ribulose bisphosphate carboxylase/oxygenase activase 1, chloroplastic
gene:novel_gene_2644_5bd9a17a	cds.novel_model_315_5bd9a17a.1.5bd9b134	RCA_MALDO	85.811	444	56	4	1	444	1	437	0.0	782	94.14	RCA_MALDO Ribulose bisphosphate carboxylase/oxygenase activase, chloroplastic
gene:novel_gene_2644_5bd9a17a	cds.novel_model_314_5bd9a17a.3.5bd9b134	RCA_MALDO	85.811	444	56	4	1	444	1	437	0.0	782	94.14	RCA_MALDO Ribulose bisphosphate carboxylase/oxygenase activase, chloroplastic
gene:evm.TU.05.1251	cds.evm.model.02.2909	MIOX4_ARATH	77.376	221	50	0	1	221	89	309	2.05e-125	371	87.33	MIOX4_ARATH Inositol oxygenase 4
gene:novel_gene_3398_5bd9a17a	cds.evm.model.07.1243.1.5bd9b13c	CCL12_HUMLU	82.663	398	67	1	1	396	326	723	0.0	704	91.96	CCL12_HUMLU Probable CoA ligase CCL12 {ECO:0000305|PubMed:23300257}
gene:novel_gene_3021_5bd9a17a	cds.evm.model.07.1243	CCL12_HUMLU	80.249	724	140	2	6	727	1	723	0.0	1218	89.92	CCL12_HUMLU Probable CoA ligase CCL12 {ECO:0000305|PubMed:23300257}
gene:novel_gene_3021_5bd9a17a	cds.evm.model.ctgX30.6	JGB_ARATH	44.828	261	119	6	49	297	137	384	8.04e-60	200	60.15	JGB_ARATH Protein JINGUBANG {ECO:0000303|PubMed:27468890}
gene:novel_gene_3021_5bd9a17a	cds.evm.model.01.717	GRC13_ARATH	77.000	100	23	0	1	100	1	100	5.58e-55	169	91.00	GRC13_ARATH Glutaredoxin-C13
gene:novel_gene_3021_5bd9a17a	cds.novel_model_6465_5bd9a17a	NCL1_ORYSJ	66.094	233	74	3	1	230	354	584	1.53e-98	301	78.11	NCL1_ORYSJ Sodium/calcium exchanger NCL1 {ECO:0000305}
gene:novel_gene_3021_5bd9a17a	cds.evm.model.03.134.5.5bd9b136	SAP8_ORYSJ	60.112	178	61	5	1	175	1	171	1.35e-66	204	70.22	SAP8_ORYSJ Zinc finger A20 and AN1 domain-containing stress-associated protein 8
gene:novel_gene_3021_5bd9a17a	cds.evm.model.03.134	SAP8_ORYSJ	60.112	178	61	5	1	175	1	171	1.35e-66	204	70.22	SAP8_ORYSJ Zinc finger A20 and AN1 domain-containing stress-associated protein 8
gene:novel_gene_3021_5bd9a17a	cds.evm.model.03.134.3.5bd9b136	SAP8_ORYSJ	60.112	178	61	5	1	175	1	171	1.35e-66	204	70.22	SAP8_ORYSJ Zinc finger A20 and AN1 domain-containing stress-associated protein 8
gene:novel_gene_3021_5bd9a17a	cds.evm.model.03.134.2.5bd9b136	SAP8_ORYSJ	60.112	178	61	5	1	175	1	171	1.35e-66	204	70.22	SAP8_ORYSJ Zinc finger A20 and AN1 domain-containing stress-associated protein 8
gene:novel_gene_3021_5bd9a17a	cds.evm.model.03.134.1.5bd9b136	SAP8_ORYSJ	57.432	148	54	4	1	145	30	171	1.57e-50	162	67.57	SAP8_ORYSJ Zinc finger A20 and AN1 domain-containing stress-associated protein 8
gene:novel_gene_3021_5bd9a17a	cds.evm.model.03.134.4.5bd9b136	SAP8_ORYSJ	60.112	178	61	5	1	175	1	171	1.35e-66	204	70.22	SAP8_ORYSJ Zinc finger A20 and AN1 domain-containing stress-associated protein 8
gene:novel_gene_3021_5bd9a17a	cds.evm.model.10.2169	MYB30_ARATH	48.193	332	69	9	1	238	1	323	1.51e-84	257	57.83	MYB30_ARATH Transcription factor MYB30 {ECO:0000303|PubMed:10929106}
gene:novel_gene_3021_5bd9a17a	cds.novel_model_2323_5bd9a17a	GXM2_ARATH	60.135	296	103	7	1	294	1	283	1.29e-125	362	76.01	GXM2_ARATH Glucuronoxylan 4-O-methyltransferase 2
gene:novel_gene_3021_5bd9a17a	cds.evm.model.02.2970	HSBH1_SOYBN	65.625	384	108	10	11	388	14	379	3.69e-147	424	77.34	HSBH1_SOYBN Homeobox protein SBH1
gene:evm.TU.10.465	cds.evm.model.01.2983	SAU51_ARATH	78.000	100	21	1	13	111	9	108	1.09e-51	161	85.00	SAU51_ARATH Protein SMALL AUXIN UP-REGULATED RNA 51 {ECO:0000303|PubMed:29258424}
gene:evm.TU.10.46	cds.evm.model.07.84	SAHH1_ARATH	93.196	485	33	0	1	485	1	485	0.0	934	97.94	SAHH1_ARATH Adenosylhomocysteinase 1 {ECO:0000303|PubMed:15659630}
gene:evm.TU.10.464	cds.evm.model.10.661	RS142_MAIZE	92.143	140	10	1	1	140	1	139	7.71e-93	268	97.86	RS142_MAIZE Small ribosomal subunit protein uS11y {ECO:0000305}
gene:evm.TU.10.467	cds.evm.model.10.661.1.5bd9b13d	RS143_ARATH	92.683	82	6	0	3	84	2	83	2.43e-51	160	95.12	RS143_ARATH Small ribosomal subunit protein uS11x {ECO:0000303|PubMed:36423343}
gene:evm.TU.10.461	cds.evm.model.10.85.2.5bd9b13c	HGLS_ARATH	74.740	289	73	0	1	289	83	371	2.63e-167	471	86.85	HGLS_ARATH 2-oxoadipate dioxygenase/decarboxylase, chloroplastic {ECO:0000305}
gene:evm.TU.10.469	cds.evm.model.10.85	HGLS_ARATH	68.627	357	103	3	28	376	13	368	1.88e-177	501	80.67	HGLS_ARATH 2-oxoadipate dioxygenase/decarboxylase, chloroplastic {ECO:0000305}
gene:evm.TU.10.466	cds.evm.model.10.85.1.5bd9b13c	HGLS_ARATH	67.500	360	106	4	28	377	13	371	1.13e-173	491	79.44	HGLS_ARATH 2-oxoadipate dioxygenase/decarboxylase, chloroplastic {ECO:0000305}
gene:evm.TU.10.468	cds.novel_model_3760_5bd9a17a.1.5bd9b138	PER35_ARATH	67.021	94	31	0	1	94	1	94	1.79e-39	136	80.85	PER35_ARATH Peroxidase 35
gene:evm.TU.10.463	cds.novel_model_3759_5bd9a17a	PER35_ARATH	67.021	94	31	0	1	94	1	94	1.79e-39	136	80.85	PER35_ARATH Peroxidase 35
gene:evm.TU.10.463	cds.evm.model.02.3220	HSP70_SOYBN	85.390	616	48	2	1	575	1	615	0.0	1073	90.26	HSP70_SOYBN Heat shock 70 kDa protein
gene:evm.TU.10.463	cds.evm.model.10.686	MES13_ARATH	59.016	366	131	4	40	388	75	438	1.94e-147	428	74.86	MES13_ARATH Putative methylesterase 13, chloroplastic {ECO:0000303|PubMed:18467465}
gene:evm.TU.10.463	cds.novel_model_980_5bd9a17a	LTG15_ARATH	45.641	195	88	8	1	190	1	182	2.08e-42	143	63.59	LTG15_ARATH Non-specific lipid transfer protein GPI-anchored 15 {ECO:0000303|PubMed:23893219}
gene:evm.TU.10.463	cds.novel_model_4032_5bd9a17a	TS3FN_CANSA	100.000	84	0	0	1	84	549	632	6.69e-53	176	100.00	TS3FN_CANSA Myrcene synthase TPS3FN, chloroplastic {ECO:0000303|PubMed:28355238}
gene:evm.TU.10.462	cds.evm.model.02.777.1.5bd9b134	EDR2L_ARATH	32.051	390	218	10	7	355	7	390	9.93e-58	205	51.28	EDR2L_ARATH Protein ENHANCED DISEASE RESISTANCE 2-like
gene:evm.TU.10.462	cds.evm.model.02.777	EDR2L_ARATH	33.246	761	415	18	7	726	7	715	2.45e-124	390	50.85	EDR2L_ARATH Protein ENHANCED DISEASE RESISTANCE 2-like
gene:evm.TU.10.460	cds.evm.model.05.339	CHIA_CUCSA	66.780	295	94	2	1	295	1	291	7.36e-146	414	81.02	CHIA_CUCSA Acidic endochitinase
gene:evm.TU.10.460	cds.evm.model.01.1212	GLD27_ARATH	46.875	160	84	1	57	216	82	240	2.52e-41	147	65.00	GLD27_ARATH Protein CONSERVED IN THE GREEN LINEAGE AND DIATOMS 27, chloroplastic {ECO:0000303|PubMed:23043051}
gene:evm.TU.10.460	cds.evm.model.01.1212.1.5bd9b135	GLD27_ARATH	38.095	105	64	1	57	161	82	185	7.07e-16	76.6	60.00	GLD27_ARATH Protein CONSERVED IN THE GREEN LINEAGE AND DIATOMS 27, chloroplastic {ECO:0000303|PubMed:23043051}
gene:evm.TU.10.460	cds.evm.model.04.1161	PNSL4_ARATH	72.941	170	46	0	52	221	45	214	3.37e-91	270	88.24	PNSL4_ARATH Photosynthetic NDH subunit of lumenal location 4, chloroplastic {ECO:0000303|PubMed:21785130}
gene:evm.TU.07.1035	cds.evm.model.07.628	CTL1_ARATH	75.241	311	77	0	376	686	4	314	0.0	520	86.17	CTL1_ARATH Chitinase-like protein 1
gene:evm.TU.07.1035	cds.evm.model.01.2932	MAN7_ARATH	68.041	388	115	2	27	405	30	417	0.0	551	82.22	MAN7_ARATH Mannan endo-1,4-beta-mannosidase 7
gene:evm.TU.07.1035	cds.evm.model.07.258	RL23_ARATH	98.571	140	2	0	1	140	1	140	1.65e-97	279	100.00	RL23_ARATH Large ribosomal subunit protein uL14x/uL14z/uL14y {ECO:0000303|PubMed:36423343}
gene:evm.TU.07.1035	cds.evm.model.02.2804	MAN6_ORYSJ	60.638	376	128	7	217	587	40	400	7.81e-157	461	74.47	MAN6_ORYSJ Mannan endo-1,4-beta-mannosidase 6
gene:evm.TU.07.1035	cds.evm.model.07.1403	PSAD_CUCSA	74.890	227	34	5	1	224	1	207	1.40e-112	323	80.18	PSAD_CUCSA Photosystem I reaction center subunit II, chloroplastic
gene:evm.TU.07.1035	cds.evm.model.02.2643	AIL1_ARATH	81.614	223	41	0	14	236	183	405	7.23e-132	387	89.24	AIL1_ARATH AP2-like ethylene-responsive transcription factor AIL1 {ECO:0000303|PubMed:15988559}
gene:evm.TU.04.2443	cds.novel_model_3925_5bd9a17a	AGAL_CYATE	73.099	171	46	0	1	171	240	410	8.15e-87	263	80.70	AGAL_CYATE Alpha-galactosidase
gene:evm.TU.08.1881	cds.evm.model.09.1585	NRPBB_ARATH	89.091	110	12	0	1	110	1	110	3.27e-72	213	99.09	NRPBB_ARATH DNA-directed RNA polymerases II, IV and V subunit 11
gene:evm.TU.02.1178	cds.evm.model.02.2757	PP314_ARATH	63.994	711	236	9	3	705	4	702	0.0	944	80.73	PP314_ARATH Pentatricopeptide repeat-containing protein At4g16390, chloroplastic {ECO:0000305}
gene:evm.TU.10.817	cds.evm.model.06.220.1.5bd9b139	CKB22_ARATH	84.579	214	33	0	1	214	1	214	1.62e-135	385	91.12	CKB22_ARATH Cyclin-dependent kinase B2-2
gene:evm.TU.06.1420	cds.evm.model.06.220	CKB22_ARATH	82.222	315	55	1	1	314	1	315	0.0	541	89.52	CKB22_ARATH Cyclin-dependent kinase B2-2
gene:evm.TU.06.1420	cds.evm.model.06.790	SEC_ARATH	83.520	892	147	0	53	944	50	941	0.0	1597	91.59	SEC_ARATH Probable UDP-N-acetylglucosamine--peptide N-acetylglucosaminyltransferase SEC {ECO:0000303|PubMed:16014901}
gene:evm.TU.06.1420	cds.evm.model.10.1785	POT4_ARATH	77.415	797	165	7	1	790	1	789	0.0	1213	88.46	POT4_ARATH Potassium transporter 4
gene:evm.TU.06.1420	cds.evm.model.03.228	PPA27_ARATH	72.148	596	156	5	21	616	26	611	0.0	912	84.06	PPA27_ARATH Probable inactive purple acid phosphatase 27
gene:evm.TU.06.1420	cds.evm.model.04.1162	HIP23_ARATH	74.051	158	34	3	1	151	1	158	2.02e-73	219	86.71	HIP23_ARATH Heavy metal-associated isoprenylated plant protein 23 {ECO:0000303|PubMed:21072340, ECO:0000303|PubMed:23368984}
gene:evm.TU.06.1420	cds.evm.model.04.1162.1.5bd9b138	HIP23_ARATH	74.051	158	34	3	1	151	1	158	2.02e-73	219	86.71	HIP23_ARATH Heavy metal-associated isoprenylated plant protein 23 {ECO:0000303|PubMed:21072340, ECO:0000303|PubMed:23368984}
gene:evm.TU.06.1420	cds.evm.model.09.1668	YA22_SCHPO	47.429	175	80	5	100	270	143	309	7.69e-40	144	64.00	YA22_SCHPO Uncharacterized protein C2F7.02c
gene:evm.TU.06.1420	cds.novel_model_667_5bd9a17a	ADK2_ARATH	86.053	337	47	0	4	340	8	344	0.0	620	95.25	ADK2_ARATH Adenosine kinase 2 {ECO:0000303|PubMed:11115893}
gene:evm.TU.06.1420	cds.novel_model_668_5bd9a17a.1.5bd9b134	ADK2_ARATH	85.757	337	47	1	4	339	8	344	0.0	613	94.96	ADK2_ARATH Adenosine kinase 2 {ECO:0000303|PubMed:11115893}
gene:evm.TU.07.536	cds.evm.model.06.2111	FABI_ARATH	76.420	352	79	2	24	374	39	387	0.0	546	86.65	FABI_ARATH Enoyl-[acyl-carrier-protein] reductase [NADH], chloroplastic
gene:novel_gene_2653_5bd9a17a	cds.evm.model.06.2111.1.5bd9b13b	FABI_BRANA	82.759	232	40	0	1	232	153	384	1.17e-140	402	90.95	FABI_BRANA Enoyl-[acyl-carrier-protein] reductase [NADH], chloroplastic
gene:evm.TU.07.1339	cds.evm.model.09.474	GSTX6_SOYBN	60.280	214	80	3	3	212	6	218	7.46e-85	253	73.83	GSTX6_SOYBN Probable glutathione S-transferase
gene:evm.TU.07.1840	cds.novel_model_7513_5bd9a17a	H2B_TOBAC	84.932	146	17	3	1	141	1	146	1.59e-79	234	91.10	H2B_TOBAC Histone H2B
gene:evm.TU.07.1651	cds.evm.model.02.2487	G2OX1_PEA	69.851	335	89	5	1	331	1	327	2.60e-169	476	81.79	G2OX1_PEA Gibberellin 2-beta-dioxygenase 1
gene:evm.TU.02.2085	cds.evm.model.08.247	CNG17_ARATH	69.220	731	173	7	1	690	1	720	0.0	1029	78.93	CNG17_ARATH Cyclic nucleotide-gated ion channel 17 {ECO:0000303|PubMed:11500563}
gene:evm.TU.02.2085	cds.evm.model.04.1725	VQ29_ARATH	50.909	55	24	2	19	71	27	80	4.66e-08	52.8	70.91	VQ29_ARATH VQ motif-containing protein 29 {ECO:0000303|PubMed:22535423}
gene:evm.TU.02.2085	cds.evm.model.06.2055	E139_ARATH	72.311	437	115	3	264	700	25	455	0.0	657	83.75	E139_ARATH Glucan endo-1,3-beta-glucosidase 9
gene:evm.TU.02.2085	cds.evm.model.07.648	AKR2_ORYSJ	81.232	341	61	2	5	342	11	351	0.0	581	89.15	AKR2_ORYSJ Probable aldo-keto reductase 2
gene:evm.TU.02.2085	cds.evm.model.07.648.1.5bd9b13b	AKR2_ORYSJ	81.232	341	61	2	5	342	11	351	0.0	581	89.15	AKR2_ORYSJ Probable aldo-keto reductase 2
gene:evm.TU.06.1617	cds.novel_model_3584_5bd9a17a	BAME1_ARATH	86.496	585	79	0	1	585	414	998	0.0	1023	91.28	BAME1_ARATH Leucine-rich repeat receptor-like serine/threonine-protein kinase BAM1
gene:evm.TU.06.1617	cds.novel_model_3584_5bd9a17a	BAME1_ARATH	31.694	183	123	2	1	181	124	306	1.28e-18	94.0	53.01	BAME1_ARATH Leucine-rich repeat receptor-like serine/threonine-protein kinase BAM1
gene:evm.TU.02.475	cds.novel_model_3584_5bd9a17a	BAME1_ARATH	28.889	225	111	3	4	179	152	376	1.45e-17	90.9	44.00	BAME1_ARATH Leucine-rich repeat receptor-like serine/threonine-protein kinase BAM1
gene:evm.TU.08.1808	cds.novel_model_3584_5bd9a17a	BAME1_ARATH	34.286	175	113	2	6	179	251	424	2.89e-17	89.7	49.71	BAME1_ARATH Leucine-rich repeat receptor-like serine/threonine-protein kinase BAM1
gene:evm.TU.07.1148	cds.novel_model_3584_5bd9a17a	BAME1_ARATH	31.658	199	134	2	4	201	273	470	2.99e-17	89.7	50.25	BAME1_ARATH Leucine-rich repeat receptor-like serine/threonine-protein kinase BAM1
gene:evm.TU.07.1148	cds.novel_model_3584_5bd9a17a	BAME1_ARATH	29.032	186	131	1	1	185	294	479	1.73e-13	77.8	45.16	BAME1_ARATH Leucine-rich repeat receptor-like serine/threonine-protein kinase BAM1
gene:evm.TU.07.1148	cds.novel_model_3584_5bd9a17a	BAME1_ARATH	34.328	134	87	1	47	179	74	207	3.77e-12	73.6	53.73	BAME1_ARATH Leucine-rich repeat receptor-like serine/threonine-protein kinase BAM1
gene:novel_gene_3003_5bd9a17a	cds.novel_model_3584_5bd9a17a	BAME1_ARATH	30.769	169	114	2	20	185	71	239	6.26e-12	72.8	48.52	BAME1_ARATH Leucine-rich repeat receptor-like serine/threonine-protein kinase BAM1
gene:evm.TU.07.1636	cds.novel_model_3584_5bd9a17a	BAME1_ARATH	40.659	91	53	1	90	179	69	159	1.14e-09	65.5	61.54	BAME1_ARATH Leucine-rich repeat receptor-like serine/threonine-protein kinase BAM1
gene:evm.TU.06.2158	cds.novel_model_3584_5bd9a17a	BAME1_ARATH	30.000	130	89	2	68	195	71	200	7.36e-09	62.8	50.77	BAME1_ARATH Leucine-rich repeat receptor-like serine/threonine-protein kinase BAM1
gene:evm.TU.07.455	cds.novel_model_3585_5bd9a17a.1.5bd9b138	BAME1_ARATH	88.730	488	55	0	1	488	379	866	0.0	878	93.65	BAME1_ARATH Leucine-rich repeat receptor-like serine/threonine-protein kinase BAM1
gene:evm.TU.07.456	cds.novel_model_3585_5bd9a17a.1.5bd9b138	BAME1_ARATH	31.604	212	143	2	7	216	95	306	1.98e-23	108	51.42	BAME1_ARATH Leucine-rich repeat receptor-like serine/threonine-protein kinase BAM1
gene:evm.TU.07.454	cds.novel_model_3585_5bd9a17a.1.5bd9b138	BAME1_ARATH	28.571	231	141	2	7	213	289	519	3.51e-21	101	50.22	BAME1_ARATH Leucine-rich repeat receptor-like serine/threonine-protein kinase BAM1
gene:evm.TU.07.45	cds.novel_model_3585_5bd9a17a.1.5bd9b138	BAME1_ARATH	31.222	221	150	2	17	236	251	470	2.52e-20	98.6	50.23	BAME1_ARATH Leucine-rich repeat receptor-like serine/threonine-protein kinase BAM1
gene:evm.TU.07.457	cds.novel_model_3585_5bd9a17a.1.5bd9b138	BAME1_ARATH	32.474	194	131	0	21	214	231	424	2.75e-18	92.4	45.88	BAME1_ARATH Leucine-rich repeat receptor-like serine/threonine-protein kinase BAM1
gene:evm.TU.07.451	cds.novel_model_3585_5bd9a17a.1.5bd9b138	BAME1_ARATH	30.093	216	150	1	6	220	264	479	8.13e-18	90.9	44.91	BAME1_ARATH Leucine-rich repeat receptor-like serine/threonine-protein kinase BAM1
gene:evm.TU.07.450	cds.novel_model_3585_5bd9a17a.1.5bd9b138	BAME1_ARATH	32.414	145	95	2	79	220	95	239	2.41e-12	73.6	50.34	BAME1_ARATH Leucine-rich repeat receptor-like serine/threonine-protein kinase BAM1
gene:evm.TU.07.458	cds.novel_model_3585_5bd9a17a.1.5bd9b138	BAME1_ARATH	34.328	134	87	1	82	214	74	207	2.70e-12	73.2	53.73	BAME1_ARATH Leucine-rich repeat receptor-like serine/threonine-protein kinase BAM1
gene:evm.TU.07.459	cds.novel_model_3585_5bd9a17a.1.5bd9b138	BAME1_ARATH	40.659	91	53	1	125	214	69	159	8.00e-10	65.5	61.54	BAME1_ARATH Leucine-rich repeat receptor-like serine/threonine-protein kinase BAM1
gene:evm.TU.07.453	cds.novel_model_3585_5bd9a17a.1.5bd9b138	BAME1_ARATH	30.000	130	89	2	103	230	71	200	4.50e-09	63.2	50.77	BAME1_ARATH Leucine-rich repeat receptor-like serine/threonine-protein kinase BAM1
gene:evm.TU.07.452	cds.evm.model.01.2942	AT9_ACTER	39.130	230	128	4	4	227	205	428	2.35e-47	165	57.83	AT9_ACTER Alcohol acyltransferase 9 {ECO:0000303|PubMed:21450321}
gene:novel_gene_2905_5bd9a17a	cds.evm.model.01.92	MYB73_ARATH	75.000	172	30	3	1	162	1	169	4.55e-85	257	81.98	MYB73_ARATH Transcription factor MYB73 {ECO:0000303|PubMed:11597504}
gene:evm.TU.02.3008	cds.evm.model.10.1853	FBK70_ARATH	47.802	364	178	8	34	390	63	421	5.67e-108	326	65.11	FBK70_ARATH F-box/kelch-repeat protein At3g27150
gene:evm.TU.06.335	cds.evm.model.02.2998	PER42_ARATH	80.655	336	59	1	1	336	1	330	0.0	578	89.58	PER42_ARATH Peroxidase 42
gene:evm.TU.06.335	cds.evm.model.02.2998.1.5bdae6e4	PER42_ARATH	73.171	205	49	1	1	205	1	199	4.37e-110	321	85.85	PER42_ARATH Peroxidase 42
gene:evm.TU.06.335	cds.evm.model.02.1461	SSG1_MANES	76.821	302	70	0	1	302	307	608	2.26e-174	498	88.08	SSG1_MANES Granule-bound starch synthase 1, chloroplastic/amyloplastic
gene:evm.TU.06.335	cds.evm.model.02.277	AL2C4_ARATH	70.305	394	116	1	3	395	89	482	0.0	591	85.28	AL2C4_ARATH Aldehyde dehydrogenase family 2 member C4
gene:evm.TU.06.335	cds.evm.model.07.1357	MST4_ORYSJ	85.687	517	70	4	1	517	1	513	0.0	902	92.07	MST4_ORYSJ Sugar transport protein MST4 {ECO:0000305}
gene:evm.TU.06.335	cds.evm.model.01.1323	AER_ARATH	54.106	207	95	0	11	217	126	332	1.70e-75	246	72.46	AER_ARATH NADPH-dependent oxidoreductase 2-alkenal reductase {ECO:0000303|PubMed:16299173}
gene:evm.TU.06.335	cds.evm.model.02.2439	BAP2_ARATH	37.654	162	76	6	13	149	43	204	1.07e-25	101	54.94	BAP2_ARATH BON1-associated protein 2
gene:evm.TU.06.335	cds.evm.model.05.1279	RL18A_CASSA	91.852	135	11	0	1	135	1	135	3.43e-92	267	96.30	RL18A_CASSA Large ribosomal subunit protein eL20 {ECO:0000305}
gene:evm.TU.06.335	cds.evm.model.05.1279.1.5bd9b13a	R18A2_ARATH	96.262	107	4	0	1	107	29	135	1.39e-73	219	98.13	R18A2_ARATH Large ribosomal subunit protein eL20y {ECO:0000303|PubMed:36423343}
gene:evm.TU.06.335	cds.evm.model.06.127	HDT1_SOYBN	44.904	314	148	10	1	310	1	293	5.08e-60	196	59.55	HDT1_SOYBN Histone deacetylase HDT1
gene:evm.TU.06.335	cds.evm.model.01.1914	Y5986_ARATH	42.604	169	81	4	258	412	223	389	2.63e-34	134	59.17	Y5986_ARATH Uncharacterized protein At5g39865
gene:evm.TU.06.335	cds.evm.model.04.530_evm.model.04.529	C7A12_PANGI	57.938	485	192	3	27	511	28	500	0.0	596	75.26	C7A12_PANGI Cytochrome P450 CYP736A12
gene:evm.TU.06.335	cds.evm.model.01.3037	CMBL_HUMAN	29.864	221	140	7	22	234	28	241	2.29e-25	103	52.94	CMBL_HUMAN Carboxymethylenebutenolidase homolog
gene:evm.TU.07.850	cds.evm.model.09.1088	MBS1_ARATH	74.286	105	27	0	1	105	1	105	5.63e-52	161	83.81	MBS1_ARATH Protein METHYLENE BLUE SENSITIVITY 1 {ECO:0000303|PubMed:24151292}
gene:evm.TU.07.412	cds.evm.model.01.597	MYB2_ORYSJ	79.739	153	30	1	17	169	1	152	4.21e-84	258	88.89	MYB2_ORYSJ Transcription factor MYB2 {ECO:0000305}
gene:evm.TU.03.886	cds.evm.model.10.540	Y8948_DICDI	32.576	264	154	9	5	261	15	261	1.45e-31	120	50.76	Y8948_DICDI Putative methyltransferase DDB_G0268948
gene:evm.TU.03.882	cds.evm.model.10.540.1.5bd9b13d	Y8948_DICDI	30.734	218	128	8	3	214	61	261	3.80e-21	91.7	50.92	Y8948_DICDI Putative methyltransferase DDB_G0268948
gene:evm.TU.03.881	cds.novel_model_5391_5bd9a17a.3.5bd9b13b	EF1D_SPUBR	80.603	232	38	2	1	231	1	226	1.41e-126	360	87.93	EF1D_SPUBR Elongation factor 1-delta
gene:evm.TU.03.887	cds.novel_model_5392_5bd9a17a.2.5bd9b13b	EF1D_SPUBR	80.603	232	38	2	1	231	1	226	1.41e-126	360	87.93	EF1D_SPUBR Elongation factor 1-delta
gene:evm.TU.03.880	cds.novel_model_5390_5bd9a17a	EF1D_SPUBR	80.603	232	38	2	1	231	1	226	1.41e-126	360	87.93	EF1D_SPUBR Elongation factor 1-delta
gene:evm.TU.03.88	cds.novel_model_5395_5bd9a17a.4.5bd9b13b	EF1D2_ARATH	88.119	101	12	0	1	101	131	231	4.53e-61	188	97.03	EF1D2_ARATH Elongation factor 1-delta 2
gene:evm.TU.03.889	cds.novel_model_5394_5bd9a17a.5.5bd9b13b	EF1D_SPUBR	80.603	232	38	2	1	231	1	226	1.41e-126	360	87.93	EF1D_SPUBR Elongation factor 1-delta
gene:evm.TU.03.889	cds.novel_model_5393_5bd9a17a.1.5bd9b13b	EF1D_SPUBR	80.603	232	38	2	1	231	1	226	1.41e-126	360	87.93	EF1D_SPUBR Elongation factor 1-delta
gene:evm.TU.03.889	cds.evm.model.09.1070	BBE26_ARATH	59.363	534	206	9	7	535	9	536	0.0	632	75.84	BBE26_ARATH Berberine bridge enzyme-like 26 {ECO:0000303|PubMed:26037923}
gene:evm.TU.03.883	cds.novel_model_1398_5bd9a17a.1.5bd9b135	OHP2_ARATH	49.669	151	59	3	1	150	1	135	5.65e-28	104	62.91	OHP2_ARATH Light-harvesting complex-like protein OHP2, chloroplastic {ECO:0000305}
gene:evm.TU.03.888	cds.novel_model_1397_5bd9a17a	OHP2_ARATH	59.043	188	60	3	1	187	1	172	3.12e-57	180	70.21	OHP2_ARATH Light-harvesting complex-like protein OHP2, chloroplastic {ECO:0000305}
gene:evm.TU.03.885	cds.evm.model.02.2597	RS28_MAIZE	90.323	62	6	0	1	62	1	62	1.73e-34	114	95.16	RS28_MAIZE Small ribosomal subunit protein eS28 {ECO:0000305}
gene:evm.TU.03.885	cds.evm.model.08.1795	GST23_MAIZE	42.857	217	123	1	8	224	6	221	5.87e-61	193	64.06	GST23_MAIZE Glutathione transferase GST 23
gene:evm.TU.03.884	cds.evm.model.02.1933	GATA_SULSY	23.062	503	307	13	77	523	7	485	2.89e-21	100	41.75	GATA_SULSY Glutamyl-tRNA(Gln) amidotransferase subunit A {ECO:0000255|HAMAP-Rule:MF_00120}
gene:evm.TU.09.1661	cds.evm.model.07.1688	JMT_ARATH	30.894	123	81	3	65	187	216	334	3.25e-09	60.8	54.47	JMT_ARATH Jasmonate O-methyltransferase {ECO:0000303|PubMed:11287667}
gene:novel_gene_2646_5bd9a17a	cds.novel_model_1309_5bd9a17a	PROF4_CORAV	88.722	133	15	0	1	133	1	133	1.69e-86	251	94.74	PROF4_CORAV Profilin-4
gene:evm.TU.07.1593	cds.evm.model.08.504	KNAT3_ARATH	79.026	267	51	2	75	341	157	418	3.83e-152	437	89.14	KNAT3_ARATH Homeobox protein knotted-1-like 3
gene:evm.TU.02.1929	cds.evm.model.02.2532	RK13_ARATH	82.990	194	28	1	34	222	48	241	5.92e-121	346	90.21	RK13_ARATH Large ribosomal subunit protein uL13c {ECO:0000303|PubMed:36423343}
gene:evm.TU.02.1929	cds.evm.model.02.3216	HST_TOBAC	78.740	127	27	0	1	127	10	136	2.20e-66	209	87.40	HST_TOBAC Shikimate O-hydroxycinnamoyltransferase
gene:evm.TU.02.1929	cds.evm.model.02.544.2.5bd9b134	DCUP_TOBAC	88.213	263	31	0	1	263	129	391	3.20e-175	491	96.96	DCUP_TOBAC Uroporphyrinogen decarboxylase, chloroplastic
gene:evm.TU.02.1462	cds.evm.model.02.544.1.5bd9b134	DCUP_TOBAC	88.213	263	31	0	1	263	129	391	3.20e-175	491	96.96	DCUP_TOBAC Uroporphyrinogen decarboxylase, chloroplastic
gene:evm.TU.09.205	cds.evm.model.02.544	DCUP_TOBAC	85.366	369	53	1	36	403	23	391	0.0	662	94.04	DCUP_TOBAC Uroporphyrinogen decarboxylase, chloroplastic
gene:evm.TU.06.672	cds.evm.model.02.544.3.5bd9b134	DCUP_TOBAC	87.658	316	39	0	34	349	76	391	0.0	585	96.52	DCUP_TOBAC Uroporphyrinogen decarboxylase, chloroplastic
gene:evm.TU.06.672	cds.evm.model.01.2742	CXE2_ARATH	52.454	326	131	6	13	335	6	310	5.30e-119	348	69.33	CXE2_ARATH Probable carboxylesterase 2
gene:evm.TU.06.672	cds.evm.model.01.2151	FTSH_TOBAC	87.237	713	79	6	4	710	1	707	0.0	1198	92.43	FTSH_TOBAC ATP-dependent zinc metalloprotease FTSH, chloroplastic
gene:evm.TU.06.672	cds.evm.model.01.787	PHR2_ARATH	67.396	457	127	6	9	463	11	447	0.0	588	82.49	PHR2_ARATH Blue-light photoreceptor PHR2
gene:evm.TU.06.672	cds.evm.model.08.105	KCO1_ARATH	61.888	286	108	1	72	357	72	356	1.96e-126	370	77.97	KCO1_ARATH Two-pore potassium channel 1
gene:evm.TU.06.672	cds.evm.model.06.296	FB119_ARATH	49.097	277	123	7	21	288	11	278	3.44e-75	244	68.59	FB119_ARATH F-box protein At2g27310
gene:evm.TU.06.672	cds.evm.model.10.1383	RTNLR_ARATH	49.842	317	128	11	4	301	6	310	2.11e-75	241	63.09	RTNLR_ARATH Reticulon-like protein B18
gene:evm.TU.06.672	cds.novel_model_233_5bd9a17a	XCP1_ARATH	72.599	354	93	3	1	351	1	353	0.0	558	86.16	XCP1_ARATH Cysteine protease XCP1 {ECO:0000305}
gene:evm.TU.06.672	cds.evm.model.10.1896	G6PD_MEDSA	79.110	517	100	2	1	517	1	509	0.0	854	88.97	G6PD_MEDSA Glucose-6-phosphate 1-dehydrogenase, cytoplasmic isoform
gene:evm.TU.06.672	cds.novel_model_4740_5bd9a17a.1.5bd9b13a	LTPG2_ARATH	48.780	123	52	4	26	142	22	139	4.34e-23	93.6	56.91	LTPG2_ARATH Non-specific lipid transfer protein GPI-anchored 2 {ECO:0000303|PubMed:22891199, ECO:0000303|PubMed:23893219}
gene:evm.TU.06.672	cds.novel_model_4741_5bd9a17a.2.5bd9b13a	LTG11_ARATH	47.059	85	45	0	44	128	26	110	2.08e-22	90.1	65.88	LTG11_ARATH Non-specific lipid transfer protein GPI-anchored 11 {ECO:0000303|PubMed:23893219}
gene:evm.TU.06.672	cds.novel_model_4739_5bd9a17a	LTPG2_ARATH	42.614	176	78	8	26	185	22	190	6.80e-26	101	55.11	LTPG2_ARATH Non-specific lipid transfer protein GPI-anchored 2 {ECO:0000303|PubMed:22891199, ECO:0000303|PubMed:23893219}
gene:evm.TU.06.672	cds.evm.model.01.1189	IQD6_ARATH	56.512	430	121	9	1	381	1	413	2.98e-138	403	70.23	IQD6_ARATH Protein IQ-DOMAIN 6 {ECO:0000303|PubMed:16368012}
gene:evm.TU.06.672	cds.evm.model.06.380	EF1B1_ARATH	71.930	228	58	2	1	222	1	228	8.58e-105	304	83.77	EF1B1_ARATH Elongation factor 1-beta 1
gene:evm.TU.06.672	cds.evm.model.04.2121	CDPKG_ARATH	87.292	480	60	1	2	481	84	562	0.0	863	92.71	CDPKG_ARATH Calcium-dependent protein kinase 16
gene:evm.TU.06.672	cds.evm.model.02.2902	IAA26_ARATH	49.225	258	78	5	12	269	32	236	1.78e-66	210	56.59	IAA26_ARATH Auxin-responsive protein IAA26
gene:evm.TU.06.672	cds.novel_model_386_5bda875f	GSTF_HYOMU	61.650	206	79	0	5	210	3	208	4.80e-93	274	76.21	GSTF_HYOMU Glutathione S-transferase {ECO:0000303|PubMed:8108497}
gene:evm.TU.06.672	cds.evm.model.02.3033	BGL46_ARATH	58.557	485	197	3	854	1336	24	506	0.0	622	76.29	BGL46_ARATH Beta-glucosidase 46 {ECO:0000303|PubMed:15604686}
gene:evm.TU.06.672	cds.evm.model.02.3033	BGL46_ARATH	58.145	442	182	3	383	821	40	481	0.0	556	75.34	BGL46_ARATH Beta-glucosidase 46 {ECO:0000303|PubMed:15604686}
gene:evm.TU.06.672	cds.evm.model.05.1334	SCR_PEA	88.000	325	38	1	1	325	495	818	0.0	600	93.54	SCR_PEA Protein SCARECROW
gene:evm.TU.06.672	cds.evm.model.01.1153	RS3A_ARATH	87.288	236	29	1	1	235	1	236	1.49e-149	419	91.95	RS3A_ARATH Small ribosomal subunit protein uS3z {ECO:0000303|PubMed:36423343}
gene:evm.TU.06.672	cds.novel_model_6868_5bd9a17a.3.5bd9b13d	RL61_ARATH	75.294	85	21	0	1	85	1	85	8.33e-40	136	83.53	RL61_ARATH Large ribosomal subunit protein eL6z {ECO:0000303|PubMed:36423343}
gene:evm.TU.06.672	cds.novel_model_6867_5bd9a17a.2.5bd9b13d	RL6_MESCR	81.897	232	41	1	2	232	3	234	5.07e-129	366	88.79	RL6_MESCR Large ribosomal subunit protein eL6 {ECO:0000305}
gene:evm.TU.06.672	cds.novel_model_6869_5bd9a17a.1.5bd9b13d	RL61_ARATH	75.294	85	21	0	1	85	1	85	8.33e-40	136	83.53	RL61_ARATH Large ribosomal subunit protein eL6z {ECO:0000303|PubMed:36423343}
gene:evm.TU.06.672	cds.novel_model_6866_5bd9a17a	RL6_MESCR	81.897	232	42	0	2	233	3	234	5.35e-131	371	89.22	RL6_MESCR Large ribosomal subunit protein eL6 {ECO:0000305}
gene:evm.TU.06.672	cds.evm.model.06.2047	BGL13_ORYSJ	65.837	442	142	5	343	783	73	506	0.0	602	78.96	BGL13_ORYSJ Beta-glucosidase 13
gene:evm.TU.06.672	cds.evm.model.06.2047	BGL13_ORYSJ	67.529	348	108	5	3	348	30	374	9.99e-164	486	84.48	BGL13_ORYSJ Beta-glucosidase 13
gene:evm.TU.06.672	cds.novel_model_4510_5bd9a17a	H32_WHEAT	100.000	136	0	0	1	136	1	136	5.00e-95	272	100.00	H32_WHEAT Histone H3.2
gene:evm.TU.06.672	cds.evm.model.01.2443	WTR31_ARATH	61.324	287	107	2	55	339	87	371	2.19e-123	363	77.35	WTR31_ARATH WAT1-related protein At4g08290
gene:evm.TU.06.672	cds.evm.model.06.1975	CB13_SOLLC	86.282	277	34	1	1	277	1	273	1.34e-170	475	92.42	CB13_SOLLC Chlorophyll a-b binding protein 8, chloroplastic
gene:evm.TU.06.672	cds.evm.model.10.1300	FTSH2_ARATH	87.007	685	79	5	3	685	2	678	0.0	1172	92.99	FTSH2_ARATH ATP-dependent zinc metalloprotease FTSH 2, chloroplastic
gene:evm.TU.06.672	cds.evm.model.04.1146	DNJ20_ARATH	38.710	124	57	4	37	151	62	175	1.94e-19	83.6	58.06	DNJ20_ARATH Chaperone protein dnaJ 20, chloroplastic
gene:evm.TU.06.672	cds.evm.model.10.2236	AGO5_ARATH	58.887	557	189	10	47	579	456	996	0.0	639	72.35	AGO5_ARATH Protein argonaute 5
gene:evm.TU.06.672	cds.evm.model.10.2236	AGO5_ARATH	59.677	62	25	0	2	63	329	390	1.91e-16	87.0	82.26	AGO5_ARATH Protein argonaute 5
gene:evm.TU.06.672	cds.evm.model.09.376	RR31_ARATH	56.303	119	48	1	1	119	1	115	6.01e-29	104	71.43	RR31_ARATH Small ribosomal subunit protein bTHXc {ECO:0000303|PubMed:36423343}
gene:evm.TU.06.672	cds.evm.model.08.196	XTH1_DIOKA	58.596	285	100	3	10	292	13	281	2.81e-122	354	73.33	XTH1_DIOKA Xyloglucan endotransglucosylase protein 1 {ECO:0000305}
gene:evm.TU.06.672	cds.novel_model_2095_5bd9a17a	PLAS_SOLLC	71.930	171	47	1	1	171	1	170	5.09e-79	235	85.96	PLAS_SOLLC Plastocyanin, chloroplastic
gene:evm.TU.06.672	cds.evm.model.02.783	PAL1_SOYBN	82.500	720	118	4	1	719	1	713	0.0	1233	90.56	PAL1_SOYBN Phenylalanine ammonia-lyase 1
gene:evm.TU.06.672	cds.evm.model.08.1580	UGT2_GARJA	61.392	474	179	3	3	475	9	479	0.0	625	78.90	UGT2_GARJA 7-deoxyloganetin glucosyltransferase
gene:evm.TU.06.672	cds.evm.model.01.2984	APS2_ARATH	84.689	418	63	1	12	429	60	476	0.0	759	93.06	APS2_ARATH ATP sulfurylase 2
gene:evm.TU.06.672	cds.evm.model.05.664	AROF_TOBAC	78.598	528	97	3	10	523	15	540	0.0	863	85.98	AROF_TOBAC Phospho-2-dehydro-3-deoxyheptonate aldolase 1, chloroplastic
gene:evm.TU.06.672	cds.evm.model.05.664.1.5bd9b139	AROF_TOBAC	88.761	347	39	0	1	347	194	540	0.0	659	93.66	AROF_TOBAC Phospho-2-dehydro-3-deoxyheptonate aldolase 1, chloroplastic
gene:evm.TU.05.1611	cds.evm.model.09.489	IPCS1_ARATH	76.449	276	56	3	62	337	39	305	2.10e-152	433	85.14	IPCS1_ARATH Phosphatidylinositol:ceramide inositolphosphotransferase 1
gene:evm.TU.07.1705	cds.evm.model.02.595	PIP12_MUSAM	80.903	288	19	2	1	254	1	286	6.23e-166	462	84.38	PIP12_MUSAM Aquaporin PIP1-2 {ECO:0000303|PubMed:26307965}
gene:evm.TU.04.1168	cds.novel_model_1617_5bd9a17a.3.5bd9b135	RS252_ARATH	88.406	69	8	0	1	69	40	108	6.34e-41	132	98.55	RS252_ARATH Small ribosomal subunit protein eS25y {ECO:0000303|PubMed:36423343}
gene:evm.TU.04.1168	cds.novel_model_1615_5bd9a17a.1.5bd9b135	RS253_ARATH	94.521	73	4	0	1	73	1	73	6.34e-29	102	97.26	RS253_ARATH Small ribosomal subunit protein eS25x {ECO:0000303|PubMed:36423343}
gene:evm.TU.04.1168	cds.novel_model_1616_5bd9a17a.2.5bd9b135	RS253_ARATH	93.151	73	5	0	1	73	1	73	8.18e-29	101	98.63	RS253_ARATH Small ribosomal subunit protein eS25x {ECO:0000303|PubMed:36423343}
gene:evm.TU.04.1168	cds.novel_model_1614_5bd9a17a	RS254_ARATH	89.815	108	11	0	1	108	1	108	8.12e-54	166	99.07	RS254_ARATH Small ribosomal subunit protein eS25w {ECO:0000303|PubMed:36423343}
gene:evm.TU.04.1168	cds.evm.model.02.546	Y2048_ARATH	48.624	436	153	14	10	436	14	387	2.19e-96	303	63.53	Y2048_ARATH WEB family protein At2g40480
gene:evm.TU.04.1168	cds.evm.model.02.2125	PUB14_ARATH	66.827	624	206	1	1	623	1	624	0.0	816	79.97	PUB14_ARATH U-box domain-containing protein 14
gene:evm.TU.04.1168	cds.novel_model_7350_5bd9a17a	WRK75_ARATH	83.333	90	15	0	18	107	54	143	2.91e-53	166	92.22	WRK75_ARATH Probable WRKY transcription factor 75
gene:evm.TU.04.1168	cds.evm.model.02.2253	AKT1_ARATH	70.656	869	225	9	13	873	7	853	0.0	1266	83.77	AKT1_ARATH Potassium channel AKT1
gene:evm.TU.04.1168	cds.evm.model.06.1930	RBOHH_ARATH	58.682	789	307	7	4	774	99	886	0.0	998	77.06	RBOHH_ARATH Putative respiratory burst oxidase homolog protein H
gene:novel_gene_3458_5bd9a17a	cds.evm.model.07.1594	TYDC_PAPSO	70.998	531	128	4	9	535	4	512	0.0	783	80.98	TYDC_PAPSO Tyrosine decarboxylase {ECO:0000303|PubMed:23204519}
gene:evm.TU.02.3089	cds.evm.model.10.1610	DHAR2_ARATH	73.709	213	54	2	1	212	1	212	2.18e-111	320	85.45	DHAR2_ARATH Glutathione S-transferase DHAR2
gene:evm.TU.07.66	cds.evm.model.01.1491	EF1D_SPUBR	79.310	232	39	3	1	229	1	226	2.37e-122	349	87.50	EF1D_SPUBR Elongation factor 1-delta
gene:evm.TU.07.690	cds.evm.model.01.1491.1.5bd9b135	EF1D_SPUBR	79.310	232	39	3	1	229	1	226	2.37e-122	349	87.50	EF1D_SPUBR Elongation factor 1-delta
gene:evm.TU.07.618	cds.evm.model.02.1166	RL142_ARATH	83.846	130	21	0	1	130	1	130	9.24e-74	218	91.54	RL142_ARATH Large ribosomal subunit protein eL14y {ECO:0000303|PubMed:36423343}
gene:evm.TU.07.655	cds.evm.model.09.1438	RS92_ARATH	92.513	187	14	0	1	187	1	187	5.46e-127	358	97.33	RS92_ARATH Small ribosomal subunit protein uS4y {ECO:0000303|PubMed:36423343}
gene:evm.TU.07.675	cds.evm.model.10.1666	6PGD2_ARATH	92.100	481	38	0	7	487	5	485	0.0	923	97.09	6PGD2_ARATH 6-phosphogluconate dehydrogenase, decarboxylating 2 {ECO:0000305}
gene:evm.TU.07.675	cds.evm.model.06.639	RUBA_PEA	86.757	589	72	2	1	585	1	587	0.0	998	93.72	RUBA_PEA RuBisCO large subunit-binding protein subunit alpha, chloroplastic
gene:evm.TU.07.667	cds.evm.model.02.2154	SKU5_ARATH	48.333	540	257	14	295	823	41	569	1.86e-155	470	62.04	SKU5_ARATH Monocopper oxidase-like protein SKU5
gene:evm.TU.07.653	cds.evm.model.07.1813	NAC47_ARATH	67.222	180	46	3	2	171	4	180	3.58e-81	250	81.11	NAC47_ARATH NAC transcription factor 47 {ECO:0000305}
gene:evm.TU.07.687	cds.evm.model.03.379.1.5bd9b137	IQD31_ARATH	43.536	673	284	21	1	663	1	587	3.16e-131	402	57.36	IQD31_ARATH Protein IQ-DOMAIN 31 {ECO:0000303|PubMed:16368012}
gene:evm.TU.07.682	cds.evm.model.03.379	IQD31_ARATH	43.536	673	284	21	1	663	1	587	3.16e-131	402	57.36	IQD31_ARATH Protein IQ-DOMAIN 31 {ECO:0000303|PubMed:16368012}
gene:evm.TU.07.682	cds.evm.model.09.1618	ATP5H_ARATH	82.143	168	30	0	1	168	1	168	2.12e-100	288	91.67	ATP5H_ARATH ATP synthase subunit d, mitochondrial
gene:evm.TU.07.6	cds.novel_model_7320_5bd9a17a	FBRL2_ARATH	94.313	211	12	0	1	211	105	315	5.45e-147	414	96.21	FBRL2_ARATH rRNA 2'-O-methyltransferase fibrillarin 2
gene:evm.TU.07.62	cds.evm.model.04.1817.1.5bd9b139	THLP1_ARATH	42.623	244	107	8	4	229	29	257	2.93e-47	162	54.92	THLP1_ARATH Thaumatin-like protein 1 {ECO:0000303|PubMed:15988566}
gene:evm.TU.07.629	cds.evm.model.04.1817	THLP1_ARATH	41.473	258	116	9	10	247	15	257	7.14e-49	167	54.26	THLP1_ARATH Thaumatin-like protein 1 {ECO:0000303|PubMed:15988566}
gene:evm.TU.07.652	cds.evm.model.01.1362.2.5bd9b135	RL3_ORYSJ	85.861	389	55	0	1	389	1	389	0.0	720	95.89	RL3_ORYSJ Large ribosomal subunit protein uL3 {ECO:0000305}
gene:evm.TU.07.626	cds.evm.model.01.1362.3.5bd9b135	RL3_ORYSJ	85.861	389	55	0	1	389	1	389	0.0	720	95.89	RL3_ORYSJ Large ribosomal subunit protein uL3 {ECO:0000305}
gene:evm.TU.07.626	cds.evm.model.01.1362.4.5bd9b135	RL31_ARATH	84.733	262	40	0	20	281	126	387	3.47e-170	479	95.42	RL31_ARATH Large ribosomal subunit protein uL3z {ECO:0000303|PubMed:36423343}
gene:evm.TU.07.635	cds.evm.model.01.1362.4.5bd9b135	RL31_ARATH	100.000	22	0	0	1	22	1	22	1.31e-06	52.8	100.00	RL31_ARATH Large ribosomal subunit protein uL3z {ECO:0000303|PubMed:36423343}
gene:evm.TU.07.651	cds.evm.model.01.1362	RL3_ORYSJ	85.861	389	55	0	1	389	1	389	0.0	720	95.89	RL3_ORYSJ Large ribosomal subunit protein uL3 {ECO:0000305}
gene:evm.TU.07.697	cds.evm.model.01.1362.1.5bd9b135	RL3_ORYSJ	84.967	306	46	0	1	306	84	389	0.0	561	95.42	RL3_ORYSJ Large ribosomal subunit protein uL3 {ECO:0000305}
gene:evm.TU.07.65	cds.evm.model.09.913	NAL1_ORYSJ	66.388	598	169	7	7	602	5	572	0.0	766	76.76	NAL1_ORYSJ Protein NARROW LEAF 1 {ECO:0000303|PubMed:18562767}
gene:evm.TU.07.68	cds.evm.model.02.2993	APR1_ARATH	71.397	451	107	6	213	646	20	465	0.0	652	80.49	APR1_ARATH 5'-adenylylsulfate reductase 1, chloroplastic
gene:evm.TU.07.617	cds.evm.model.10.1506	PER3_ARATH	69.632	326	93	3	4	324	1	325	2.29e-167	471	82.52	PER3_ARATH Peroxidase 3
gene:evm.TU.07.600	cds.novel_model_5798_5bd9a17a.2.5bd9b13b	THIC_ARATH	92.889	225	15	1	1	224	420	644	1.04e-154	446	98.22	THIC_ARATH Phosphomethylpyrimidine synthase, chloroplastic
gene:evm.TU.07.634	cds.novel_model_5796_5bd9a17a	THIC_ARATH	88.162	642	74	2	2	641	3	644	0.0	1187	94.24	THIC_ARATH Phosphomethylpyrimidine synthase, chloroplastic
gene:evm.TU.07.67	cds.novel_model_5797_5bd9a17a.1.5bd9b13b	THIC_ARATH	88.162	642	74	2	2	641	3	644	0.0	1187	94.24	THIC_ARATH Phosphomethylpyrimidine synthase, chloroplastic
gene:evm.TU.07.684	cds.evm.model.02.977	MTP10_ARATH	76.596	376	83	2	38	413	56	426	0.0	568	85.37	MTP10_ARATH Metal tolerance protein 10
gene:evm.TU.07.674	cds.evm.model.02.3101	CSE_ARATH	78.344	314	65	1	8	321	21	331	0.0	533	88.85	CSE_ARATH Caffeoylshikimate esterase
gene:evm.TU.07.693	cds.evm.model.04.1906	PLP2_ARATH	52.868	401	167	4	23	423	16	394	1.45e-143	418	69.58	PLP2_ARATH Patatin-like protein 2
gene:evm.TU.07.686	cds.evm.model.04.1800	PIP27_ARATH	82.562	281	42	2	4	279	2	280	2.05e-169	472	88.97	PIP27_ARATH Aquaporin PIP2-7 {ECO:0000303|PubMed:11806824}
gene:evm.TU.07.613	cds.evm.model.02.2190	MK67I_XENTR	42.657	143	80	1	51	193	42	182	2.96e-38	136	66.43	MK67I_XENTR MKI67 FHA domain-interacting nucleolar phosphoprotein-like
gene:evm.TU.07.69	cds.evm.model.02.2190.1.5bd9b136	YQL5_SCHPO	50.926	108	53	0	51	158	106	213	3.35e-36	129	74.07	YQL5_SCHPO Uncharacterized RNA-binding protein C1827.05c
gene:evm.TU.07.698	cds.evm.model.08.830	GUN11_ARATH	74.775	444	110	2	29	471	39	481	0.0	699	85.36	GUN11_ARATH Endoglucanase 11
gene:evm.TU.07.645	cds.evm.model.01.2958	LON2_MYXXA	27.094	203	129	6	85	272	33	231	1.88e-12	70.9	47.78	LON2_MYXXA Lon protease 2 {ECO:0000255|HAMAP-Rule:MF_01973}
gene:evm.TU.07.637	cds.evm.model.07.1401.2.5bd9b13c	PPAX_ANOFW	36.986	73	40	1	40	106	138	210	5.63e-06	47.4	56.16	PPAX_ANOFW Pyrophosphatase PpaX {ECO:0000255|HAMAP-Rule:MF_01250}
gene:evm.TU.07.696	cds.evm.model.07.1401	YAI5_SCHPO	29.744	195	123	4	17	208	8	191	2.77e-19	87.0	47.69	YAI5_SCHPO Uncharacterized protein C24B11.05
gene:evm.TU.07.696	cds.evm.model.07.1401.1.5bd9b13c	PPAX_ANOFW	36.986	73	40	1	40	106	138	210	5.63e-06	47.4	56.16	PPAX_ANOFW Pyrophosphatase PpaX {ECO:0000255|HAMAP-Rule:MF_01250}
gene:evm.TU.07.607	cds.evm.model.06.1656	DDB2_ARATH	72.009	468	127	2	98	561	79	546	0.0	712	83.97	DDB2_ARATH Protein DAMAGED DNA-BINDING 2
gene:evm.TU.07.638	cds.evm.model.08.735	PER45_ARATH	75.163	306	71	2	29	334	25	325	1.74e-174	489	86.93	PER45_ARATH Peroxidase 45
gene:evm.TU.07.694	cds.novel_model_2017_5bd9a17a.1.5bd9b136	Y5189_ARATH	46.237	93	45	3	1	91	787	876	1.23e-17	79.3	65.59	Y5189_ARATH Probable LRR receptor-like protein kinase At1g51890
gene:evm.TU.07.666	cds.novel_model_2016_5bd9a17a	Y5188_ARATH	59.615	260	98	3	1	260	594	846	5.80e-107	333	78.08	Y5188_ARATH Probable LRR receptor-like serine/threonine-protein kinase At1g51880
gene:evm.TU.07.631	cds.evm.model.01.2861	ELO3L_ARATH	60.526	266	99	3	10	274	5	265	5.84e-111	325	75.56	ELO3L_ARATH Fatty acid elongase 3-like {ECO:0000305}
gene:evm.TU.07.631	cds.evm.model.10.1374	P2C58_ARATH	73.498	283	75	0	1	283	1	283	1.74e-146	415	81.98	P2C58_ARATH Probable protein phosphatase 2C 58
gene:evm.TU.07.631	cds.evm.model.08.238	GDU3_ARATH	70.833	96	20	3	19	112	24	113	1.85e-39	134	78.12	GDU3_ARATH Protein GLUTAMINE DUMPER 3
gene:evm.TU.07.631	cds.evm.model.10.1757	PHSL_VICFA	78.212	973	167	5	22	958	39	1002	0.0	1581	87.15	PHSL_VICFA Alpha-1,4 glucan phosphorylase L isozyme, chloroplastic/amyloplastic
gene:evm.TU.07.643	cds.novel_model_6258_5bd9a17a	FER_CAPAN	68.345	139	43	1	13	151	5	142	1.17e-69	209	83.45	FER_CAPAN Ferredoxin, chloroplastic
gene:evm.TU.07.620	cds.evm.model.02.2189	OTU4_ARATH	57.143	154	64	1	182	335	166	317	1.09e-58	194	76.62	OTU4_ARATH OVARIAN TUMOR DOMAIN-containing deubiquitinating enzyme 4 {ECO:0000303|PubMed:24659992}
gene:evm.TU.07.628	cds.evm.model.06.1707	FADX_VERFO	61.637	391	131	5	1	377	1	386	0.0	510	76.98	FADX_VERFO Bifunctional desaturase/conjugase FADX {ECO:0000303|PubMed:12481086}
gene:evm.TU.07.640	cds.evm.model.02.1350	VP322_ARATH	89.041	219	23	1	1	218	1	219	2.57e-117	335	94.06	VP322_ARATH Vacuolar protein sorting-associated protein 32 homolog 2
gene:evm.TU.07.606	cds.evm.model.02.1350.1.5bd9b135	VP322_ARATH	89.041	219	23	1	1	218	1	219	2.57e-117	335	94.06	VP322_ARATH Vacuolar protein sorting-associated protein 32 homolog 2
gene:evm.TU.07.648	cds.evm.model.02.1350.2.5bd9b135	VP322_ARATH	88.333	180	20	1	13	191	40	219	3.31e-99	288	93.89	VP322_ARATH Vacuolar protein sorting-associated protein 32 homolog 2
gene:evm.TU.07.648	cds.evm.model.08.156	HST_ARATH	55.605	446	149	8	5	414	1	433	3.83e-170	486	68.39	HST_ARATH Shikimate O-hydroxycinnamoyltransferase {ECO:0000303|PubMed:15161961}
gene:evm.TU.07.610	cds.evm.model.06.607	PERR_RAUSE	70.659	334	98	0	9	342	1	334	0.0	511	86.83	PERR_RAUSE Perakine reductase
gene:evm.TU.07.685	cds.evm.model.03.462.1.5bd9b137	NHP2_ARATH	76.056	71	16	1	1	71	1	70	1.93e-27	100	85.92	NHP2_ARATH H/ACA ribonucleoprotein complex subunit 2-like protein
gene:evm.TU.07.685	cds.evm.model.03.462	NHP2_ARATH	76.433	157	36	1	1	157	1	156	5.93e-82	241	87.90	NHP2_ARATH H/ACA ribonucleoprotein complex subunit 2-like protein
gene:evm.TU.07.609	cds.evm.model.03.462.2.5bd9b137	NHP2_ARATH	76.812	69	15	1	1	69	1	68	5.79e-26	96.3	85.51	NHP2_ARATH H/ACA ribonucleoprotein complex subunit 2-like protein
gene:evm.TU.07.630	cds.evm.model.06.1779	METK2_CATRO	95.128	390	19	0	1	390	1	390	0.0	748	98.21	METK2_CATRO S-adenosylmethionine synthase 2
gene:evm.TU.07.615	cds.evm.model.01.110_evm.model.01.111_evm.model.01.113.3.5bdae6d8	C81E8_MEDTR	51.333	300	135	7	8	304	7	298	1.54e-93	289	68.00	C81E8_MEDTR Cytochrome P450 81E8 {ECO:0000303|PubMed:14617078}
gene:evm.TU.07.615	cds.evm.model.01.110_evm.model.01.111_evm.model.01.113.1.5bdae6d8	CYQ32_CATRO	53.346	508	223	7	1	505	1	497	0.0	551	71.06	CYQ32_CATRO Cytochrome P450 81Q32 {ECO:0000303|PubMed:24710322}
gene:evm.TU.07.688	cds.evm.model.01.110_evm.model.01.111_evm.model.01.113.2.5bdae6d8	CYQ32_CATRO	54.043	507	221	6	1	505	1	497	0.0	556	71.01	CYQ32_CATRO Cytochrome P450 81Q32 {ECO:0000303|PubMed:24710322}
gene:evm.TU.07.656	cds.evm.model.01.110_evm.model.01.111_evm.model.01.113	CYQ32_CATRO	54.043	507	221	6	1	505	1	497	0.0	556	71.01	CYQ32_CATRO Cytochrome P450 81Q32 {ECO:0000303|PubMed:24710322}
gene:evm.TU.07.658	cds.evm.model.10.1163	VQ22_ARATH	85.417	48	7	0	76	123	42	89	5.55e-13	68.6	93.75	VQ22_ARATH VQ motif-containing protein 22 {ECO:0000303|PubMed:22535423}
gene:evm.TU.07.681	cds.evm.model.01.1398.2.5bd9b135	WTR7_ARATH	62.451	253	87	2	20	272	5	249	4.17e-91	276	76.28	WTR7_ARATH WAT1-related protein At1g43650
gene:evm.TU.07.621	cds.evm.model.01.1398	WTR7_ARATH	63.205	337	116	2	20	356	5	333	7.13e-137	397	77.45	WTR7_ARATH WAT1-related protein At1g43650
gene:evm.TU.07.611	cds.evm.model.01.1398.1.5bd9b135.1.5bdae6e1	WTR7_ARATH	58.333	192	72	2	5	196	116	299	6.56e-72	225	76.56	WTR7_ARATH WAT1-related protein At1g43650
gene:evm.TU.07.649	cds.evm.model.01.1398.1.5bd9b135	WTR7_ARATH	64.686	303	99	2	20	322	5	299	2.93e-123	361	79.54	WTR7_ARATH WAT1-related protein At1g43650
gene:evm.TU.07.612	cds.evm.model.08.807	MA651_ARATH	80.871	528	97	2	1	528	1	524	0.0	849	92.23	MA651_ARATH 65-kDa microtubule-associated protein 1
gene:evm.TU.07.603	cds.evm.model.05.1249	P2A12_ARATH	69.288	267	81	1	22	287	25	291	9.49e-137	390	83.15	P2A12_ARATH F-box protein PP2-A12
gene:evm.TU.07.608	cds.evm.model.05.1249.1.5bd9b13a	P2A12_ARATH	70.922	141	40	1	22	161	151	291	6.92e-69	213	83.69	P2A12_ARATH F-box protein PP2-A12
gene:evm.TU.07.642	cds.evm.model.10.1597	OMT2_HUMLU	60.952	105	35	2	1	105	261	359	2.06e-42	145	80.95	OMT2_HUMLU Xanthohumol 4-O-methyltransferase {ECO:0000305}
gene:evm.TU.07.622	cds.evm.model.10.704.1.5bd9b13d	TPT_ORYSJ	85.714	315	45	0	118	432	103	417	0.0	566	93.33	TPT_ORYSJ Triose phosphate/phosphate translocator TPT, chloroplastic
gene:evm.TU.07.677	cds.evm.model.10.704	TPT_ORYSJ	85.397	315	46	0	118	432	103	417	0.0	565	93.02	TPT_ORYSJ Triose phosphate/phosphate translocator TPT, chloroplastic
gene:evm.TU.07.676	cds.evm.model.02.911	AB19A_PRUPE	73.171	205	52	2	9	211	5	208	2.51e-102	297	81.95	AB19A_PRUPE Auxin-binding protein ABP19a
gene:evm.TU.07.676	cds.evm.model.02.992	RRBP1_HUMAN	31.325	249	154	8	247	490	293	529	3.61e-12	74.7	40.96	RRBP1_HUMAN Ribosome-binding protein 1
gene:evm.TU.07.676	cds.evm.model.02.992	RRBP1_HUMAN	33.758	157	94	3	219	369	391	543	1.71e-09	65.9	43.95	RRBP1_HUMAN Ribosome-binding protein 1
gene:evm.TU.07.633	cds.evm.model.02.992	RRBP1_HUMAN	29.661	236	151	6	247	478	263	487	1.12e-08	63.5	39.83	RRBP1_HUMAN Ribosome-binding protein 1
gene:evm.TU.07.602	cds.evm.model.02.992	RRBP1_HUMAN	29.741	232	148	6	251	478	257	477	4.28e-08	61.6	39.66	RRBP1_HUMAN Ribosome-binding protein 1
gene:evm.TU.07.644	cds.evm.model.02.2926	PPO_MALDO	54.286	595	237	15	15	593	18	593	0.0	576	69.08	PPO_MALDO Polyphenol oxidase, chloroplastic
gene:evm.TU.07.670	cds.evm.model.06.238.1.5bd9b139	CFAT_PETHY	42.217	469	216	12	14	455	8	448	2.24e-96	301	55.44	CFAT_PETHY Coniferyl alcohol acyltransferase {ECO:0000303|PubMed:17241449}
gene:evm.TU.07.699	cds.evm.model.06.238	CFAT_PETHY	44.989	469	229	11	14	481	8	448	7.24e-113	344	59.28	CFAT_PETHY Coniferyl alcohol acyltransferase {ECO:0000303|PubMed:17241449}
gene:evm.TU.07.692	cds.evm.model.06.1987	FLA11_ARATH	57.292	192	74	4	12	200	12	198	3.45e-65	206	76.04	FLA11_ARATH Fasciclin-like arabinogalactan protein 11
gene:evm.TU.07.601	cds.evm.model.02.3283	MTHR2_ARATH	80.824	558	106	1	1	558	38	594	0.0	979	90.32	MTHR2_ARATH Methylenetetrahydrofolate reductase (NADH) 2
gene:evm.TU.07.641	cds.evm.model.08.718	TDR_ARATH	38.900	964	472	18	29	885	52	1005	0.0	585	53.42	TDR_ARATH Leucine-rich repeat receptor-like protein kinase TDR
gene:evm.TU.07.689	cds.evm.model.02.1571	PROF1_RICCO	87.097	93	12	0	2	94	37	129	2.09e-53	171	92.47	PROF1_RICCO Profilin-1
gene:evm.TU.07.619	cds.evm.model.10.1752	RS193_ARATH	66.860	172	19	1	1	172	1	134	1.09e-73	225	71.51	RS193_ARATH Small ribosomal subunit protein eS19x {ECO:0000303|PubMed:36423343}
gene:evm.TU.07.614	cds.novel_model_1685_5bd9a17a.1.5bd9b136	HMGR1_CANSA	100.000	576	0	0	1	576	1	576	0.0	1188	100.00	HMGR1_CANSA 3-hydroxy-3-methylglutaryl coenzyme A reductase 1 {ECO:0000303|PubMed:28355238}
gene:evm.TU.07.64	cds.novel_model_1686_5bd9a17a.2.5bd9b136	HMGR1_CANSA	100.000	148	0	0	1	148	429	576	4.15e-98	296	100.00	HMGR1_CANSA 3-hydroxy-3-methylglutaryl coenzyme A reductase 1 {ECO:0000303|PubMed:28355238}
gene:evm.TU.07.668	cds.novel_model_1684_5bd9a17a	HMGR1_CANSA	99.817	546	1	0	1	546	1	546	0.0	1123	99.82	HMGR1_CANSA 3-hydroxy-3-methylglutaryl coenzyme A reductase 1 {ECO:0000303|PubMed:28355238}
gene:evm.TU.07.668	cds.evm.model.01.1964	PRPX_HORVU	52.542	236	103	5	3	234	2	232	5.03e-76	232	63.98	PRPX_HORVU Pathogen-related protein
gene:evm.TU.07.668	cds.evm.model.09.50	CBSX5_ARATH	48.165	218	100	4	46	251	171	387	3.47e-47	164	64.22	CBSX5_ARATH CBS domain-containing protein CBSX5
gene:evm.TU.07.668	cds.evm.model.09.50	CBSX5_ARATH	50.820	61	28	2	8	66	5	65	2.44e-08	57.4	73.77	CBSX5_ARATH CBS domain-containing protein CBSX5
gene:evm.TU.07.668	cds.evm.model.08.1708	YAB5_ARATH	72.258	155	25	5	8	162	6	142	2.87e-69	210	80.00	YAB5_ARATH Axial regulator YABBY 5
gene:evm.TU.07.660	cds.evm.model.05.2014	HMG13_ARATH	67.952	415	122	4	85	498	38	442	3.76e-176	506	80.48	HMG13_ARATH High mobility group B protein 13
gene:evm.TU.07.654	cds.evm.model.05.2014	HMG13_ARATH	30.288	208	114	7	183	370	247	443	2.88e-11	69.3	50.48	HMG13_ARATH High mobility group B protein 13
gene:evm.TU.07.672	cds.evm.model.09.1087	BBE8_ARATH	62.664	533	185	8	12	540	5	527	0.0	637	76.55	BBE8_ARATH Berberine bridge enzyme-like 8 {ECO:0000303|PubMed:26037923}
gene:evm.TU.07.672	cds.evm.model.02.345.2.5bd9b134	GMPP1_ARATH	91.967	361	29	0	1	361	1	361	0.0	688	96.40	GMPP1_ARATH Mannose-1-phosphate guanylyltransferase 1 {ECO:0000305|PubMed:10097187}
gene:evm.TU.07.672	cds.evm.model.02.345.1.5bd9b134	GMPP1_ARATH	91.967	361	29	0	1	361	1	361	0.0	688	96.40	GMPP1_ARATH Mannose-1-phosphate guanylyltransferase 1 {ECO:0000305|PubMed:10097187}
gene:evm.TU.07.632	cds.evm.model.02.345	GMPP1_ARATH	91.967	361	29	0	1	361	1	361	0.0	688	96.40	GMPP1_ARATH Mannose-1-phosphate guanylyltransferase 1 {ECO:0000305|PubMed:10097187}
gene:evm.TU.07.616	cds.evm.model.ctgX8.11	AB34G_ARATH	69.406	1448	428	6	16	1460	18	1453	0.0	2136	82.60	AB34G_ARATH ABC transporter G family member 34
gene:evm.TU.07.624	cds.evm.model.03.546	GDL31_ARATH	72.253	364	97	3	9	371	5	365	0.0	546	83.79	GDL31_ARATH GDSL esterase/lipase At1g74460
gene:evm.TU.07.669	cds.evm.model.03.1052	GDL71_ARATH	61.318	349	119	5	1	342	1	340	2.00e-142	426	74.21	GDL71_ARATH GDSL esterase/lipase At5g03610
gene:evm.TU.07.623	cds.evm.model.01.801	ASOL_TOBAC	51.560	545	252	4	6	538	1	545	0.0	558	67.89	ASOL_TOBAC L-ascorbate oxidase homolog
gene:evm.TU.07.61	cds.evm.model.01.2080	ZAT10_ARATH	48.669	263	94	10	1	258	1	227	2.26e-63	201	61.98	ZAT10_ARATH Zinc finger protein ZAT10
gene:evm.TU.07.625	cds.evm.model.01.538	CSLD5_ARATH	79.614	1192	215	9	1	1175	1	1181	0.0	1929	87.84	CSLD5_ARATH Cellulose synthase-like protein D5
gene:evm.TU.07.659	cds.evm.model.01.2805	CML29_ORYSJ	44.872	156	77	4	5	159	19	166	9.15e-29	107	63.46	CML29_ORYSJ Probable calcium-binding protein CML29
gene:evm.TU.07.659	cds.evm.model.08.863	MORF9_ARATH	74.872	195	44	3	32	225	42	232	2.21e-102	298	84.10	MORF9_ARATH Multiple organellar RNA editing factor 9, chloroplastic {ECO:0000305}
gene:evm.TU.07.604	cds.evm.model.10.1790	PKSG5_CANSA	75.728	309	74	1	1	309	76	383	3.60e-170	480	85.76	PKSG5_CANSA Polyketide synthase 5
gene:evm.TU.07.657	cds.evm.model.02.3259	CYSKP_SOLTU	77.635	389	75	5	343	723	1	385	0.0	577	88.17	CYSKP_SOLTU Cysteine synthase, chloroplastic/chromoplastic
gene:evm.TU.07.636	cds.novel_model_2644_5bd9a17a	RBS_STELP	80.833	120	23	0	1	120	58	177	6.85e-74	220	88.33	RBS_STELP Ribulose bisphosphate carboxylase small subunit, chloroplastic {ECO:0000255|HAMAP-Rule:MF_00860}
gene:evm.TU.07.636	cds.evm.model.07.338	ECH1P_ARATH	76.604	265	62	0	1	265	1	265	1.20e-151	426	87.17	ECH1P_ARATH Probable enoyl-CoA hydratase 1, peroxisomal {ECO:0000305}
gene:evm.TU.07.636	cds.evm.model.03.187	RS6_ASPOF	92.562	242	18	0	1	242	1	242	6.78e-165	458	97.11	RS6_ASPOF Small ribosomal subunit protein eS6 {ECO:0000305}
gene:evm.TU.07.636	cds.evm.model.06.862.2.5bd9b13a	CLPR3_ARATH	76.737	331	67	3	1	323	1	329	0.0	517	86.40	CLPR3_ARATH ATP-dependent Clp protease proteolytic subunit-related protein 3, chloroplastic {ECO:0000303|PubMed:11299370}
gene:evm.TU.07.636	cds.evm.model.06.862.1.5bd9b13a	CLPR3_ARATH	76.737	331	67	3	1	323	1	329	0.0	517	86.40	CLPR3_ARATH ATP-dependent Clp protease proteolytic subunit-related protein 3, chloroplastic {ECO:0000303|PubMed:11299370}
gene:evm.TU.07.636	cds.evm.model.06.862	CLPR3_ARATH	76.737	331	67	3	1	323	1	329	0.0	517	86.40	CLPR3_ARATH ATP-dependent Clp protease proteolytic subunit-related protein 3, chloroplastic {ECO:0000303|PubMed:11299370}
gene:evm.TU.07.639	cds.evm.model.07.1834	PER44_ARATH	54.375	320	134	3	1	319	1	309	8.47e-119	348	67.50	PER44_ARATH Peroxidase 44
gene:evm.TU.07.639	cds.novel_model_2457_5bd9a17a	H2A5_ARATH	78.667	150	32	0	1	150	1	150	1.88e-81	239	89.33	H2A5_ARATH Probable histone H2A.5
gene:evm.TU.07.60	cds.evm.model.07.305	RR1_SPIOL	83.777	413	61	3	1	412	1	408	0.0	711	92.49	RR1_SPIOL Small ribosomal subunit protein bS1c {ECO:0000303|PubMed:28007896}
gene:evm.TU.07.673	cds.evm.model.07.1208	RS18_ARATH	96.026	151	6	0	231	381	2	152	3.57e-104	306	98.01	RS18_ARATH Small ribosomal subunit protein uS13z/uS13y/uS13x {ECO:0000303|PubMed:36423343}
gene:evm.TU.07.664	cds.novel_model_7503_5bd9a17a	H2B_CAPAN	88.966	145	14	1	1	143	1	145	7.81e-81	237	93.79	H2B_CAPAN Histone H2B
gene:evm.TU.07.627	cds.evm.model.02.3112	LEA1_CICAR	39.080	87	34	1	8	75	76	162	4.93e-09	53.1	49.43	LEA1_CICAR Late embryogenesis abundant protein 1
gene:evm.TU.07.663	cds.evm.model.02.969	TET2_ARATH	73.333	270	71	1	1	269	1	270	2.71e-138	393	88.15	TET2_ARATH Tetraspanin-2
gene:evm.TU.07.691	cds.evm.model.02.821.1.5bd9b134	ROGFC_ARATH	57.092	564	188	14	1	559	1	515	0.0	583	71.10	ROGFC_ARATH Rop guanine nucleotide exchange factor 12 {ECO:0000303|PubMed:15980860}
gene:evm.TU.07.683	cds.evm.model.02.821	ROGFC_ARATH	57.270	564	188	13	1	560	1	515	0.0	590	71.28	ROGFC_ARATH Rop guanine nucleotide exchange factor 12 {ECO:0000303|PubMed:15980860}
gene:evm.TU.07.63	cds.evm.model.01.1264.1.5bd9b135	TIC55_PEA	84.400	250	38	1	23	272	305	553	2.14e-154	444	90.00	TIC55_PEA Protein TIC 55, chloroplastic
gene:evm.TU.07.680	cds.evm.model.01.1264	TIC55_PEA	82.365	482	84	1	57	538	73	553	0.0	857	89.83	TIC55_PEA Protein TIC 55, chloroplastic
gene:evm.TU.07.680	cds.evm.model.ctgX76.1	BURPH_ORYSJ	42.162	185	103	3	109	292	396	577	1.57e-39	149	55.14	BURPH_ORYSJ BURP domain-containing protein 17
gene:evm.TU.07.680	cds.evm.model.ctgX76.1.1.5bd9b13d	USPL1_ARATH	33.562	292	168	8	9	299	12	278	2.58e-40	145	49.32	USPL1_ARATH BURP domain protein USPL1 {ECO:0000303|PubMed:19639386}
gene:evm.TU.07.662	cds.evm.model.ctgX76.1.2.5bd9b13d	BURPH_ORYSJ	41.667	192	106	4	18	208	396	582	1.74e-40	148	54.17	BURPH_ORYSJ BURP domain-containing protein 17
gene:evm.TU.07.647	cds.evm.model.10.1717	SP1L1_ARATH	66.071	112	36	2	103	213	1	111	3.86e-39	133	75.89	SP1L1_ARATH Protein SPIRAL1-like 1
gene:evm.TU.07.650	cds.novel_model_3527_5bd9a17a	Y1743_ARATH	69.323	251	68	5	1	250	859	1101	1.46e-116	361	82.87	Y1743_ARATH Probable LRR receptor-like serine/threonine-protein kinase At1g74360
gene:evm.TU.07.679	cds.novel_model_5331_5bd9a17a	AHP1_ARATH	69.504	141	43	0	7	147	3	143	1.04e-59	184	83.69	AHP1_ARATH Histidine-containing phosphotransfer protein 1
gene:evm.TU.07.605	cds.novel_model_5332_5bd9a17a.1.5bd9b13a	AHP3_ARATH	57.143	63	27	0	6	68	4	66	5.46e-22	85.5	85.71	AHP3_ARATH Histidine-containing phosphotransfer protein 3
gene:evm.TU.07.695	cds.evm.model.09.375	Y4990_ARATH	32.203	295	178	7	146	432	363	643	1.11e-36	145	46.78	Y4990_ARATH Uncharacterized protein At4g19900
gene:evm.TU.07.671	cds.evm.model.07.242	GIP2_NICBE	42.511	454	222	13	4	438	2	435	1.46e-97	302	58.37	GIP2_NICBE Probable aspartic proteinase GIP2 {ECO:0000305}
gene:evm.TU.07.678	cds.evm.model.03.1436	PSK6_ARATH	50.000	54	27	0	53	106	27	80	2.87e-11	57.8	66.67	PSK6_ARATH Putative phytosulfokines 6
gene:evm.TU.07.665	cds.evm.model.05.2000.4.5bd9b13b	UBC10_ARATH	97.297	148	4	0	1	148	1	148	1.54e-106	302	99.32	UBC10_ARATH Ubiquitin-conjugating enzyme E2 10 {ECO:0000303|PubMed:16339806, ECO:0000303|PubMed:8220461}
gene:evm.TU.07.661	cds.evm.model.05.2000.1.5bd9b13b	UBC10_ARATH	96.639	119	4	0	1	119	30	148	2.42e-84	245	99.16	UBC10_ARATH Ubiquitin-conjugating enzyme E2 10 {ECO:0000303|PubMed:16339806, ECO:0000303|PubMed:8220461}
gene:evm.TU.07.646	cds.evm.model.05.2000.3.5bd9b13b	UBC10_ARATH	97.297	148	4	0	1	148	1	148	1.54e-106	302	99.32	UBC10_ARATH Ubiquitin-conjugating enzyme E2 10 {ECO:0000303|PubMed:16339806, ECO:0000303|PubMed:8220461}
gene:evm.TU.10.1469	cds.evm.model.05.2000.6.5bd9b13b	UBC10_ARATH	97.297	148	4	0	1	148	1	148	1.54e-106	302	99.32	UBC10_ARATH Ubiquitin-conjugating enzyme E2 10 {ECO:0000303|PubMed:16339806, ECO:0000303|PubMed:8220461}
gene:evm.TU.01.1024	cds.evm.model.05.2000.2.5bd9b13b	UBC10_ARATH	95.946	148	4	1	1	146	1	148	5.71e-103	293	97.97	UBC10_ARATH Ubiquitin-conjugating enzyme E2 10 {ECO:0000303|PubMed:16339806, ECO:0000303|PubMed:8220461}
gene:evm.TU.01.1024	cds.evm.model.05.2000.5.5bd9b13b	UBC10_ARATH	97.297	148	4	0	1	148	1	148	1.54e-106	302	99.32	UBC10_ARATH Ubiquitin-conjugating enzyme E2 10 {ECO:0000303|PubMed:16339806, ECO:0000303|PubMed:8220461}
gene:evm.TU.01.1024	cds.evm.model.05.2000	UBC4_SOLLC	97.973	148	3	0	81	228	1	148	8.78e-107	306	98.65	UBC4_SOLLC Ubiquitin-conjugating enzyme E2-17 kDa
gene:evm.TU.06.1365	cds.novel_model_2552_5bd9a17a.2.5bd9b137	FLS1_ARATH	47.134	157	77	4	1	152	1	156	3.62e-36	130	62.42	FLS1_ARATH Flavonol synthase/flavanone 3-hydroxylase
gene:novel_gene_2351_5bd9a17a	cds.novel_model_2551_5bd9a17a.1.5bd9b137	FLS_CITUN	58.659	179	73	1	22	200	158	335	6.69e-73	226	76.54	FLS_CITUN Flavonol synthase/flavanone 3-hydroxylase
gene:evm.TU.ctgX8.7	cds.novel_model_2553_5bd9a17a.3.5bd9b137	FLS1_ARATH	47.134	157	77	4	1	152	1	156	4.01e-36	130	62.42	FLS1_ARATH Flavonol synthase/flavanone 3-hydroxylase
gene:novel_gene_1148_5bd9a17a	cds.novel_model_2550_5bd9a17a	FLS_CITUN	51.335	337	157	5	1	332	1	335	2.05e-120	353	68.55	FLS_CITUN Flavonol synthase/flavanone 3-hydroxylase
gene:evm.TU.05.1960	cds.evm.model.07.394	PRU1_PRUAV	71.429	161	45	1	1	161	1	160	3.96e-79	234	80.12	PRU1_PRUAV Major allergen Pru av 1
gene:evm.TU.01.3001	cds.novel_model_1550_5bd9a17a	EF2_ARATH	83.448	435	67	4	1	431	1	434	0.0	736	88.05	EF2_ARATH Elongation factor 2 {ECO:0000305}
gene:novel_gene_4011_5bd9a17a	cds.evm.model.02.1478	KCS1_ARATH	74.144	526	133	1	3	528	5	527	0.0	850	86.88	KCS1_ARATH 3-ketoacyl-CoA synthase 1 {ECO:0000303|PubMed:10074711}
gene:novel_gene_4011_5bd9a17a	cds.evm.model.02.709	PLP6_ARATH	71.186	295	72	3	1	295	118	399	1.97e-149	431	84.07	PLP6_ARATH Patatin-like protein 6
gene:novel_gene_3765_5bd9a17a	cds.evm.model.02.709.1.5bd9b134	PLP6_ARATH	73.210	377	88	3	1	377	118	481	0.0	575	85.94	PLP6_ARATH Patatin-like protein 6
gene:evm.TU.02.1187	cds.evm.model.02.709.2.5bd9b134	PLP6_ARATH	73.210	377	88	3	1	377	118	481	0.0	575	85.94	PLP6_ARATH Patatin-like protein 6
gene:evm.TU.04.704	cds.evm.model.02.1405	GLYI4_ARATH	30.075	133	86	4	73	200	7	137	3.13e-11	62.8	48.87	GLYI4_ARATH Glyoxylase I 4 {ECO:0000303|PubMed:30483284, ECO:0000303|PubMed:31652571}
gene:evm.TU.04.1600	cds.evm.model.10.1391	GLK1_ARATH	48.317	416	121	14	37	389	36	420	4.39e-81	257	55.05	GLK1_ARATH Transcription activator GLK1
gene:evm.TU.10.1838	cds.evm.model.05.312.2.5bd9b139	CS2_COFCA	40.648	401	210	7	1	396	1	378	6.22e-99	302	62.34	CS2_COFCA Probable caffeine synthase MTL2 {ECO:0000305}
gene:evm.TU.07.626	cds.evm.model.05.312	CS2_COFCA	40.922	347	180	6	1	345	55	378	4.83e-86	267	61.96	CS2_COFCA Probable caffeine synthase MTL2 {ECO:0000305}
gene:evm.TU.07.626	cds.evm.model.05.312.1.5bd9b139	CS2_COFCA	40.399	401	208	8	1	393	1	378	4.74e-96	295	61.85	CS2_COFCA Probable caffeine synthase MTL2 {ECO:0000305}
gene:evm.TU.07.626	cds.evm.model.05.312.3.5bd9b139	CS2_COFCA	38.696	230	133	3	15	242	155	378	6.72e-50	171	63.48	CS2_COFCA Probable caffeine synthase MTL2 {ECO:0000305}
gene:novel_gene_3767_5bd9a17a	cds.evm.model.05.312.1.5bd9b139.1.5bdae6db	CS2_COFCA	38.653	401	197	8	1	375	1	378	7.01e-87	271	58.35	CS2_COFCA Probable caffeine synthase MTL2 {ECO:0000305}
gene:evm.TU.08.829	cds.evm.model.01.102	CADH_PINRA	61.648	352	132	1	3	354	7	355	5.53e-159	452	77.56	CADH_PINRA Probable cinnamyl alcohol dehydrogenase
gene:evm.TU.07.1302	cds.novel_model_6656_5bd9a17a.3.5bd9b13c	UP12_ORYSJ	75.000	92	22	1	49	139	46	137	2.07e-38	134	85.87	UP12_ORYSJ ACT domain-containing protein DS12, chloroplastic {ECO:0000305}
gene:evm.TU.07.392	cds.novel_model_6651_5bd9a17a.1.5bd9b13c	UP12_ORYSJ	68.553	159	46	2	49	206	46	201	1.70e-67	211	80.50	UP12_ORYSJ ACT domain-containing protein DS12, chloroplastic {ECO:0000305}
gene:evm.TU.01.453	cds.novel_model_6657_5bd9a17a.8.5bd9b13c	UP12_ORYSJ	75.000	92	22	1	49	139	46	137	2.07e-38	134	85.87	UP12_ORYSJ ACT domain-containing protein DS12, chloroplastic {ECO:0000305}
gene:evm.TU.05.294	cds.novel_model_6653_5bd9a17a.4.5bd9b13c	UP12_ORYSJ	74.380	121	30	1	49	168	46	166	1.52e-56	182	86.78	UP12_ORYSJ ACT domain-containing protein DS12, chloroplastic {ECO:0000305}
gene:evm.TU.05.294	cds.novel_model_6650_5bd9a17a	ACR11_ARATH	78.448	232	45	1	59	285	59	290	2.21e-132	379	91.38	ACR11_ARATH ACT domain-containing protein ACR11 {ECO:0000305}
gene:evm.TU.05.294	cds.novel_model_6655_5bd9a17a.6.5bd9b13c	UP12_ORYSJ	75.000	92	22	1	49	139	46	137	2.07e-38	134	85.87	UP12_ORYSJ ACT domain-containing protein DS12, chloroplastic {ECO:0000305}
gene:evm.TU.05.294	cds.novel_model_6658_5bd9a17a.7.5bd9b13c	ACR11_ARATH	81.818	110	20	0	1	110	181	290	3.87e-61	191	92.73	ACR11_ARATH ACT domain-containing protein ACR11 {ECO:0000305}
gene:evm.TU.05.294	cds.novel_model_6654_5bd9a17a.5.5bd9b13c	UP12_ORYSJ	75.000	92	22	1	49	139	46	137	1.81e-38	134	85.87	UP12_ORYSJ ACT domain-containing protein DS12, chloroplastic {ECO:0000305}
gene:evm.TU.05.294	cds.novel_model_6652_5bd9a17a.2.5bd9b13c	UP12_ORYSJ	75.000	92	22	1	49	139	46	137	2.07e-38	134	85.87	UP12_ORYSJ ACT domain-containing protein DS12, chloroplastic {ECO:0000305}
gene:evm.TU.05.294	cds.evm.model.05.1905	AHL23_ARATH	77.889	199	21	3	25	200	91	289	2.50e-87	261	83.92	AHL23_ARATH AT-hook motif nuclear-localized protein 23 {ECO:0000312|EMBL:FAA00294.1}
gene:evm.TU.05.294	cds.evm.model.04.1274	RIR1_ARATH	86.029	816	106	1	1	808	1	816	0.0	1502	92.52	RIR1_ARATH Ribonucleoside-diphosphate reductase large subunit {ECO:0000303|PubMed:10542051}
gene:evm.TU.05.294	cds.evm.model.05.874.1.5bdae6de	XTH30_ARATH	70.033	307	90	1	29	335	10	314	8.43e-166	469	84.36	XTH30_ARATH Probable xyloglucan endotransglucosylase/hydrolase protein 30
gene:evm.TU.05.294	cds.evm.model.05.874.1.5bd9b139	XTH30_ARATH	68.657	134	40	1	1	134	183	314	2.61e-64	203	82.09	XTH30_ARATH Probable xyloglucan endotransglucosylase/hydrolase protein 30
gene:evm.TU.05.294	cds.evm.model.05.874	XTH30_ARATH	68.657	134	40	1	1	134	183	314	2.61e-64	203	82.09	XTH30_ARATH Probable xyloglucan endotransglucosylase/hydrolase protein 30
gene:novel_gene_3034_5bd9a17a	cds.evm.model.04.1186.2.5bd9b138	AGI_URTDI	52.569	253	107	6	7	253	1	246	4.60e-83	256	66.40	AGI_URTDI Lectin/endochitinase 1
gene:evm.TU.01.2739	cds.evm.model.04.1186.1.5bd9b138	AGI_URTDI	52.569	253	107	6	7	253	1	246	4.60e-83	256	66.40	AGI_URTDI Lectin/endochitinase 1
gene:evm.TU.02.2352	cds.evm.model.04.1186	AGI_URTDI	52.355	361	145	8	7	348	1	353	5.01e-127	372	66.76	AGI_URTDI Lectin/endochitinase 1
gene:evm.TU.04.2291	cds.evm.model.04.1186.3.5bd9b138	AGI_URTDI	50.246	203	89	5	7	204	1	196	4.15e-61	197	65.02	AGI_URTDI Lectin/endochitinase 1
gene:evm.TU.09.1673	cds.evm.model.04.1259	Y232_RICCO	60.465	602	209	11	1	601	1	574	0.0	709	73.75	Y232_RICCO Glycosyltransferase family 92 protein RCOM_0530710
gene:evm.TU.08.1961	cds.evm.model.02.2646	AB19A_PRUPE	68.900	209	64	1	3	211	1	208	2.66e-99	289	81.34	AB19A_PRUPE Auxin-binding protein ABP19a
gene:evm.TU.07.1004	cds.evm.model.05.2139	ATL79_ARATH	50.000	156	70	3	21	170	13	166	3.35e-47	154	67.95	ATL79_ARATH RING-H2 finger protein ATL79
gene:novel_gene_1543_5bd9a17a	cds.evm.model.08.1782	BGAL3_ARATH	67.145	837	264	2	7	832	11	847	0.0	1232	81.84	BGAL3_ARATH Beta-galactosidase 3
gene:novel_gene_1543_5bd9a17a	cds.evm.model.04.1854	GRF1_ARATH	47.377	610	186	28	52	626	21	530	2.08e-125	383	57.70	GRF1_ARATH Growth-regulating factor 1
gene:novel_gene_1543_5bd9a17a	cds.evm.model.04.1854.1.5bd9b139	GRF1_ARATH	47.425	563	169	26	52	583	21	487	1.28e-122	376	58.08	GRF1_ARATH Growth-regulating factor 1
gene:evm.TU.02.3052	cds.novel_model_5384_5bd9a17a	BAM3_ARATH	70.125	559	149	7	1	552	1	548	0.0	825	81.40	BAM3_ARATH Beta-amylase 3, chloroplastic
gene:evm.TU.09.1506	cds.evm.model.04.544	MA658_ARATH	63.451	539	189	3	1	539	29	559	0.0	684	78.29	MA658_ARATH 65-kDa microtubule-associated protein 8
gene:novel_gene_3430_5bd9a17a	cds.evm.model.04.1961	PSBO_TOBAC	90.030	331	32	1	302	632	3	332	0.0	604	94.26	PSBO_TOBAC Oxygen-evolving enhancer protein 1, chloroplastic
gene:evm.TU.10.1213	cds.evm.model.04.2272	DESI1_HUMAN	50.000	146	71	2	6	149	7	152	4.35e-44	150	66.44	DESI1_HUMAN Desumoylating isopeptidase 1 {ECO:0000250|UniProtKB:Q9CQT7}
gene:evm.TU.01.2344	cds.evm.model.06.22	FACR3_ARATH	61.460	493	186	2	1	493	5	493	0.0	627	77.28	FACR3_ARATH Fatty acyl-CoA reductase 3 {ECO:0000305}
gene:evm.TU.01.2349	cds.evm.model.06.22.1.5bdae6d7	FACR3_ARATH	65.724	283	95	1	1	283	5	285	8.64e-129	377	79.51	FACR3_ARATH Fatty acyl-CoA reductase 3 {ECO:0000305}
gene:evm.TU.01.2349	cds.evm.model.06.22.1.5bd9b139	FACR3_ARATH	61.258	493	186	3	1	492	5	493	0.0	621	77.08	FACR3_ARATH Fatty acyl-CoA reductase 3 {ECO:0000305}
gene:evm.TU.01.234	cds.evm.model.01.1814	WOX4_ARATH	59.559	136	37	6	5	133	1	125	2.02e-40	140	69.85	WOX4_ARATH WUSCHEL-related homeobox 4
gene:evm.TU.01.2346	cds.novel_model_2860_5bd9a17a	PBS1_ARATH	79.565	460	78	6	1	455	1	449	0.0	742	87.83	PBS1_ARATH Serine/threonine-protein kinase PBS1 {ECO:0000303|PubMed:11359614}
gene:evm.TU.01.2345	cds.novel_model_2863_5bd9a17a.3.5bd9b137	PBS1_ARATH	75.145	173	40	2	1	171	1	172	2.64e-86	264	84.39	PBS1_ARATH Serine/threonine-protein kinase PBS1 {ECO:0000303|PubMed:11359614}
gene:evm.TU.01.2347	cds.novel_model_2862_5bd9a17a.1.5bd9b137	PBS1_ARATH	83.557	298	46	2	1	296	1	297	0.0	512	89.26	PBS1_ARATH Serine/threonine-protein kinase PBS1 {ECO:0000303|PubMed:11359614}
gene:evm.TU.01.2340	cds.novel_model_2861_5bd9a17a.2.5bd9b137	PBS1_ARATH	83.742	326	40	4	1	323	134	449	0.0	560	90.80	PBS1_ARATH Serine/threonine-protein kinase PBS1 {ECO:0000303|PubMed:11359614}
gene:evm.TU.01.2340	cds.evm.model.04.93	PSRP6_ARATH	66.667	81	23	2	99	175	26	106	6.75e-28	103	72.84	PSRP6_ARATH Large ribosomal subunit protein cL38 {ECO:0000303|PubMed:36423343}
gene:evm.TU.01.2348	cds.evm.model.10.1467	RL31_PERFR	90.517	116	11	0	5	120	6	121	1.01e-71	212	94.83	RL31_PERFR Large ribosomal subunit protein eL31 {ECO:0000305}
gene:evm.TU.01.2343	cds.evm.model.08.1958	CPNB2_ARATH	88.245	604	63	2	1	604	1	596	0.0	1044	93.05	CPNB2_ARATH Chaperonin 60 subunit beta 2, chloroplastic
gene:evm.TU.01.2343	cds.evm.model.05.2138.4.5bd9b13b	ACT2_ORYSJ	96.178	314	12	0	1	314	46	359	0.0	631	99.36	ACT2_ORYSJ Actin-2
gene:evm.TU.01.2342	cds.evm.model.05.2138	ACT7_ARATH	96.552	377	13	0	1	377	1	377	0.0	764	98.94	ACT7_ARATH Actin-7 {ECO:0000303|PubMed:8754679}
gene:evm.TU.01.2341	cds.evm.model.05.2138.1.5bd9b13b	ACT7_ARATH	96.552	377	13	0	1	377	1	377	0.0	764	98.94	ACT7_ARATH Actin-7 {ECO:0000303|PubMed:8754679}
gene:evm.TU.06.1627	cds.evm.model.05.2138.2.5bd9b13b	ACT7_ARATH	96.552	377	13	0	1	377	1	377	0.0	764	98.94	ACT7_ARATH Actin-7 {ECO:0000303|PubMed:8754679}
gene:evm.TU.06.1627	cds.evm.model.05.2138.3.5bd9b13b	ACT7_ARATH	97.289	332	9	0	1	332	46	377	0.0	676	99.40	ACT7_ARATH Actin-7 {ECO:0000303|PubMed:8754679}
gene:evm.TU.06.1627	cds.novel_model_2199_5bd9a17a	WTR32_ARATH	65.084	358	120	2	12	369	1	353	1.89e-168	479	80.45	WTR32_ARATH WAT1-related protein At4g08300
gene:evm.TU.02.2169	cds.evm.model.06.899	NRT24_ARATH	82.543	527	89	1	7	533	3	526	0.0	911	89.75	NRT24_ARATH High affinity nitrate transporter 2.4
gene:evm.TU.10.280	cds.evm.model.02.2080	GDL61_ARATH	67.751	369	118	1	20	388	13	380	0.0	519	81.84	GDL61_ARATH GDSL esterase/lipase At4g01130
gene:evm.TU.10.1267	cds.evm.model.08.1182	MT799_ARATH	41.079	241	136	4	3	240	125	362	2.97e-56	186	62.24	MT799_ARATH Probable S-adenosylmethionine-dependent methyltransferase At5g37990
gene:evm.TU.10.1013	cds.novel_model_1980_5bd9a17a	APD2_ARATH	30.303	396	240	9	11	384	62	443	5.47e-45	164	46.97	APD2_ARATH E3 ubiquitin-protein ligase APD2 {ECO:0000305}
gene:evm.TU.07.1179	cds.evm.model.05.665	FERON_ARATH	73.733	868	216	9	24	882	24	888	0.0	1290	83.53	FERON_ARATH Receptor-like protein kinase FERONIA {ECO:0000303|PubMed:17673660}
gene:evm.TU.07.1179	cds.evm.model.01.559	CP122_ARATH	53.030	132	56	4	1	127	1	131	2.40e-38	129	68.94	CP122_ARATH Calvin cycle protein CP12-2, chloroplastic
gene:evm.TU.07.1179	cds.evm.model.01.749	RLF1_ARATH	57.018	114	48	1	20	133	8	120	7.97e-40	132	71.05	RLF1_ARATH Protein RALF-like 1
gene:evm.TU.08.1342	cds.evm.model.10.1540	CARP1_ARATH	64.286	112	39	1	14	124	19	130	7.62e-45	145	78.57	CARP1_ARATH Calcium-binding protein KRP1 {ECO:0000305}
gene:evm.TU.02.1071	cds.evm.model.02.3130	HS26M_ARATH	48.511	235	105	7	304	530	6	232	8.24e-67	218	67.23	HS26M_ARATH 26.5 kDa heat shock protein, mitochondrial
gene:evm.TU.02.368	cds.novel_model_862_5bda875f	RS30_ARATH	96.774	62	2	0	1	62	1	62	1.23e-36	119	100.00	RS30_ARATH Small ribosomal subunit protein eS30z/eS30y/eS30x {ECO:0000303|PubMed:36423343}
gene:evm.TU.02.36	cds.novel_model_863_5bda875f.1.5bdae6e3	RS30_CANAL	68.627	51	16	0	1	51	1	51	1.90e-18	73.9	80.39	RS30_CANAL Small ribosomal subunit protein eS30 {ECO:0000303|PubMed:35613268}
gene:evm.TU.02.360	cds.evm.model.05.1806	LIL31_ARATH	59.926	272	81	7	4	258	1	261	2.16e-103	303	69.85	LIL31_ARATH Light-harvesting complex-like protein 3 isotype 1, chloroplastic {ECO:0000305}
gene:evm.TU.02.366	cds.evm.model.05.1806.3.5bd9b13a	LIL31_ARATH	82.677	127	19	1	14	137	135	261	1.32e-74	225	89.76	LIL31_ARATH Light-harvesting complex-like protein 3 isotype 1, chloroplastic {ECO:0000305}
gene:evm.TU.02.365	cds.evm.model.05.1806.2.5bd9b13a	LIL31_ARATH	59.707	273	81	8	4	259	1	261	1.54e-101	299	69.60	LIL31_ARATH Light-harvesting complex-like protein 3 isotype 1, chloroplastic {ECO:0000305}
gene:evm.TU.02.365	cds.evm.model.05.1806.1.5bd9b13a	LIL31_ARATH	82.946	129	19	1	13	138	133	261	5.72e-76	229	89.92	LIL31_ARATH Light-harvesting complex-like protein 3 isotype 1, chloroplastic {ECO:0000305}
gene:evm.TU.02.365	cds.evm.model.04.833	TAL_ACIC1	52.023	346	158	5	86	424	11	355	3.47e-111	335	66.76	TAL_ACIC1 Transaldolase {ECO:0000255|HAMAP-Rule:MF_00493}
gene:evm.TU.02.362	cds.evm.model.10.1316	TBL39_ARATH	72.121	330	91	1	11	339	37	366	0.0	521	83.94	TBL39_ARATH Protein trichome birefringence-like 39
gene:evm.TU.02.363	cds.evm.model.05.1865	GCSH_FLAAN	79.394	165	31	1	1	165	1	162	6.25e-93	270	88.48	GCSH_FLAAN Glycine cleavage system H protein, mitochondrial
gene:evm.TU.02.363	cds.evm.model.05.1865.2.5bd9b13b	GCSH_PEA	78.689	122	26	0	13	134	44	165	3.28e-68	206	90.98	GCSH_PEA Glycine cleavage system H protein, mitochondrial
gene:evm.TU.02.361	cds.evm.model.05.1865.1.5bd9b13b.1.5bdae6e3	GCSH_FLAAN	78.226	124	24	1	1	124	1	121	2.00e-63	194	86.29	GCSH_FLAAN Glycine cleavage system H protein, mitochondrial
gene:evm.TU.02.367	cds.evm.model.05.1865.3.5bd9b13b	GCSH_FLAAN	81.679	131	24	0	12	142	32	162	1.44e-74	222	89.31	GCSH_FLAAN Glycine cleavage system H protein, mitochondrial
gene:evm.TU.02.364	cds.evm.model.05.1865.1.5bd9b13b	GCSH_FLAAN	78.512	121	23	1	1	121	1	118	4.98e-62	189	85.95	GCSH_FLAAN Glycine cleavage system H protein, mitochondrial
gene:evm.TU.02.369	cds.evm.model.08.5	RRAA3_ARATH	68.519	162	51	0	6	167	5	166	1.22e-81	241	84.57	RRAA3_ARATH Putative 4-hydroxy-4-methyl-2-oxoglutarate aldolase 3
gene:evm.TU.02.368	cds.evm.model.03.790	PALY_POPTR	84.485	709	103	2	1	709	14	715	0.0	1255	90.97	PALY_POPTR Phenylalanine ammonia-lyase
gene:evm.TU.02.36	cds.evm.model.04.698	NEP1_NEPGR	53.950	443	183	10	16	455	10	434	4.31e-154	447	69.30	NEP1_NEPGR Aspartic proteinase nepenthesin-1
gene:evm.TU.02.360	cds.evm.model.04.102	COL16_ARATH	31.227	269	113	13	3	269	184	382	4.59e-16	82.0	45.35	COL16_ARATH Zinc finger protein CONSTANS-LIKE 16
gene:evm.TU.02.366	cds.evm.model.07.398	GAT15_ARATH	65.873	126	26	4	15	138	39	149	1.95e-48	155	74.60	GAT15_ARATH GATA transcription factor 15
gene:evm.TU.02.365	cds.evm.model.01.919	BHLHW_PEA	59.530	724	214	16	1	718	1	651	0.0	792	71.69	BHLHW_PEA Basic helix-loop-helix protein A
gene:evm.TU.02.365	cds.evm.model.01.919.1.5bd9b135	BHL42_ACTCC	72.853	361	91	5	1	356	1	359	2.08e-158	464	80.89	BHL42_ACTCC Transcription factor BHLH42 {ECO:0000305}
gene:evm.TU.02.365	cds.evm.model.04.1438	MLO8_ARATH	64.247	551	180	9	31	568	39	585	0.0	692	78.77	MLO8_ARATH MLO-like protein 8
gene:evm.TU.02.362	cds.evm.model.05.1618	ERLL3_ARATH	62.651	83	30	1	9	90	93	175	2.16e-30	110	81.93	ERLL3_ARATH pEARLI1-like lipid transfer protein 3
gene:evm.TU.02.363	cds.evm.model.10.1450	M3K18_ARATH	51.351	296	132	6	1	285	1	295	1.84e-98	301	68.58	M3K18_ARATH Mitogen-activated protein kinase kinase kinase 18 {ECO:0000303|PubMed:26443375}
gene:evm.TU.02.363	cds.evm.model.09.1612	F7ODM_OCIBA	56.400	250	109	0	1	250	123	372	8.73e-113	332	79.20	F7ODM_OCIBA Oxoglutarate-dependent flavonoid 7-O-demethylase 1 {ECO:0000303|PubMed:25378691}
gene:evm.TU.02.361	cds.novel_model_6115_5bd9a17a	H4_SOYBN	100.000	103	0	0	1	103	1	103	2.97e-67	199	100.00	H4_SOYBN Histone H4
gene:evm.TU.02.367	cds.evm.model.01.506	HIDM_GLYEC	43.533	317	153	7	6	296	11	327	1.55e-82	254	63.41	HIDM_GLYEC 2-hydroxyisoflavanone dehydratase
gene:evm.TU.02.364	cds.evm.model.02.2474	SCRK7_ARATH	73.214	336	86	1	302	633	3	338	6.71e-175	503	83.63	SCRK7_ARATH Probable fructokinase-7
gene:evm.TU.02.369	cds.evm.model.06.2040	FTIP3_ARATH	82.839	775	124	5	1	768	1	773	0.0	1361	91.87	FTIP3_ARATH FT-interacting protein 3 {ECO:0000303|PubMed:29742441}
gene:evm.TU.01.796	cds.novel_model_2713_5bd9a17a	AGL16_ARATH	48.588	177	90	1	1	177	1	176	1.06e-48	160	66.10	AGL16_ARATH Agamous-like MADS-box protein AGL16
gene:evm.TU.07.391	cds.evm.model.06.736	WIN_SOYBN	58.442	77	26	3	51	125	28	100	3.86e-21	84.3	68.83	WIN_SOYBN Wound-induced protein
gene:evm.TU.07.1558	cds.novel_model_4631_5bd9a17a.1.5bd9b13a	PSAO_ARATH	52.830	53	20	1	1	53	1	48	1.71e-07	47.8	67.92	PSAO_ARATH Photosystem I subunit O
gene:evm.TU.07.1558	cds.novel_model_4630_5bd9a17a	PSAO_ARATH	76.552	145	29	1	1	145	1	140	5.29e-76	225	85.52	PSAO_ARATH Photosystem I subunit O
gene:evm.TU.07.1558	cds.evm.model.09.1659	Y1765_ARATH	52.196	1002	441	20	7	978	9	1002	0.0	941	67.86	Y1765_ARATH Probable LRR receptor-like serine/threonine-protein kinase At1g07650
gene:evm.TU.07.1558	cds.evm.model.02.2833.3.5bd9b136	FQRL1_ARATH	85.526	152	22	0	1	152	52	203	5.47e-94	273	92.76	FQRL1_ARATH Probable NAD(P)H dehydrogenase (quinone) FQR1-like 1 {ECO:0000305}
gene:evm.TU.07.1558	cds.evm.model.02.2833.1.5bd9b136	FQRL1_ARATH	85.222	203	30	0	1	203	1	203	2.03e-127	360	92.12	FQRL1_ARATH Probable NAD(P)H dehydrogenase (quinone) FQR1-like 1 {ECO:0000305}
gene:evm.TU.07.1558	cds.evm.model.02.2833.3.5bd9b136.1.5bdae6e3	FQRL1_ARATH	82.895	76	13	0	1	76	52	127	5.08e-41	135	90.79	FQRL1_ARATH Probable NAD(P)H dehydrogenase (quinone) FQR1-like 1 {ECO:0000305}
gene:evm.TU.07.1558	cds.evm.model.02.2833	FQRL1_ARATH	84.375	192	30	0	1	192	12	203	8.82e-119	338	91.67	FQRL1_ARATH Probable NAD(P)H dehydrogenase (quinone) FQR1-like 1 {ECO:0000305}
gene:evm.TU.07.1558	cds.evm.model.02.2833.2.5bd9b136	FQRL1_ARATH	84.375	192	30	0	1	192	12	203	8.82e-119	338	91.67	FQRL1_ARATH Probable NAD(P)H dehydrogenase (quinone) FQR1-like 1 {ECO:0000305}
gene:evm.TU.07.1558	cds.evm.model.08.1954	RLA2B_MAIZE	68.421	114	35	1	1	114	1	113	2.21e-32	112	83.33	RLA2B_MAIZE Large ribosomal subunit protein P2B {ECO:0000305}
gene:evm.TU.07.1558	cds.evm.model.10.2116	VDAC1_SOLTU	81.159	276	52	0	1	276	1	276	5.60e-170	473	91.30	VDAC1_SOLTU Mitochondrial outer membrane protein porin of 34 kDa
gene:evm.TU.07.1558	cds.evm.model.10.2116.1.5bd9b13e	VDAC1_SOLTU	80.797	276	52	1	1	275	1	276	2.19e-167	467	90.94	VDAC1_SOLTU Mitochondrial outer membrane protein porin of 34 kDa
gene:evm.TU.07.1558	cds.evm.model.08.116	RR10_ARATH	70.936	203	44	4	1	200	1	191	2.01e-88	261	80.30	RR10_ARATH Small ribosomal subunit protein uS10c {ECO:0000303|PubMed:36423343}
gene:evm.TU.07.1558	cds.evm.model.05.2092.1.5bd9b13b	MGL_ARATH	74.903	259	57	3	21	276	6	259	7.67e-132	384	83.78	MGL_ARATH Methionine gamma-lyase
gene:evm.TU.02.875	cds.evm.model.05.2092	MGL_ARATH	73.864	440	107	3	21	457	6	440	0.0	647	84.32	MGL_ARATH Methionine gamma-lyase
gene:evm.TU.04.2459	cds.evm.model.02.482	AT9_ACTCC	62.277	448	149	8	1	444	1	432	0.0	519	77.01	AT9_ACTCC Alcohol acyltransferase 9 {ECO:0000305}
gene:evm.TU.02.2927	cds.novel_model_6240_5bd9a17a	RS92_ARATH	92.513	187	14	0	1	187	1	187	5.17e-127	358	97.33	RS92_ARATH Small ribosomal subunit protein uS4y {ECO:0000303|PubMed:36423343}
gene:evm.TU.02.2927	cds.evm.model.08.1575	EXOL2_ARATH	73.356	289	71	2	28	310	17	305	3.27e-154	436	82.01	EXOL2_ARATH Protein EXORDIUM-like 2
gene:evm.TU.02.2927	cds.evm.model.01.318	STEP1_ARATH	57.241	145	55	3	3	141	2	145	2.38e-44	145	73.79	STEP1_ARATH Stress enhanced protein 1, chloroplastic {ECO:0000305}
gene:novel_gene_1708_5bd9a17a	cds.evm.model.01.318.1.5bd9b134	STEP1_ARATH	56.849	146	55	3	3	142	2	145	1.40e-43	143	73.29	STEP1_ARATH Stress enhanced protein 1, chloroplastic {ECO:0000305}
gene:evm.TU.10.2054	cds.novel_model_1779_5bd9a17a	FHAB_BORPE	30.380	158	76	5	36	161	3309	3464	1.12e-08	61.6	33.54	FHAB_BORPE Filamentous hemagglutinin
gene:evm.TU.05.427	cds.novel_model_1783_5bd9a17a.4.5bd9b136	FHAB_BORPE	30.380	158	76	5	36	161	3309	3464	1.12e-08	61.6	33.54	FHAB_BORPE Filamentous hemagglutinin
gene:evm.TU.05.426	cds.novel_model_1780_5bd9a17a.3.5bd9b136	FHAB_BORPE	30.380	158	76	5	36	161	3309	3464	1.12e-08	61.6	33.54	FHAB_BORPE Filamentous hemagglutinin
gene:evm.TU.05.42	cds.novel_model_1781_5bd9a17a.2.5bd9b136	FHAB_BORPE	30.380	158	76	5	36	161	3309	3464	1.12e-08	61.6	33.54	FHAB_BORPE Filamentous hemagglutinin
gene:evm.TU.05.424	cds.novel_model_1782_5bd9a17a.1.5bd9b136	FHAB_BORPE	30.380	158	76	5	36	161	3309	3464	1.12e-08	61.6	33.54	FHAB_BORPE Filamentous hemagglutinin
gene:evm.TU.05.429	cds.evm.model.09.1052	TRXH2_ARATH	48.696	115	56	1	13	124	14	128	3.93e-39	131	76.52	TRXH2_ARATH Thioredoxin H2
gene:evm.TU.05.422	cds.evm.model.10.155	PFD2_ARATH	67.333	150	44	2	1	147	1	148	4.86e-65	197	82.67	PFD2_ARATH Prefoldin subunit 2 {ECO:0000303|PubMed:19825635}
gene:evm.TU.05.428	cds.evm.model.10.155.1.5bd9b13c	PFD2_ARATH	67.333	150	44	2	1	147	1	148	4.86e-65	197	82.67	PFD2_ARATH Prefoldin subunit 2 {ECO:0000303|PubMed:19825635}
gene:evm.TU.05.428	cds.evm.model.08.248	TPS11_ARATH	66.550	855	261	9	2	851	1	835	0.0	1173	79.65	TPS11_ARATH Probable alpha,alpha-trehalose-phosphate synthase [UDP-forming] 11
gene:evm.TU.05.420	cds.evm.model.08.1549	DCK_HUMAN	40.306	196	94	5	219	395	26	217	1.21e-37	142	58.67	DCK_HUMAN Deoxycytidine kinase
gene:evm.TU.05.425	cds.evm.model.07.41	RL40_BRARP	99.167	120	1	0	1	120	1	120	1.67e-84	253	99.17	RL40_BRARP Ubiquitin-ribosomal protein eL40 fusion protein {ECO:0000305}
gene:evm.TU.05.423	cds.evm.model.02.3044	PTR6_ARATH	66.545	550	170	5	1	544	49	590	0.0	766	81.45	PTR6_ARATH Protein NRT1/ PTR FAMILY 1.2
gene:evm.TU.05.421	cds.evm.model.04.2448	ERF82_ARATH	86.885	61	8	0	43	103	23	83	7.77e-30	112	91.80	ERF82_ARATH Ethylene-responsive transcription factor 3
gene:evm.TU.07.322	cds.evm.model.10.180	CASP1_RICCO	68.844	199	59	1	7	202	2	200	2.50e-84	251	83.42	CASP1_RICCO Casparian strip membrane protein 1
gene:evm.TU.04.1110	cds.evm.model.03.2072.2.5bd9b139.1.5bdae6e2	NUDT4_ARATH	61.314	137	48	2	27	161	43	176	7.14e-55	175	79.56	NUDT4_ARATH Nudix hydrolase 4
gene:evm.TU.04.1027	cds.evm.model.03.2072	NUDT4_ARATH	59.877	162	56	3	27	186	43	197	4.54e-64	199	78.40	NUDT4_ARATH Nudix hydrolase 4
gene:evm.TU.04.1217	cds.evm.model.03.2072.1.5bd9b139	NUDT4_ARATH	63.636	99	36	0	1	99	96	194	6.29e-43	142	83.84	NUDT4_ARATH Nudix hydrolase 4
gene:evm.TU.04.1330	cds.evm.model.03.2072.2.5bd9b139	NUDT4_ARATH	65.432	81	28	0	1	81	96	176	3.55e-34	119	83.95	NUDT4_ARATH Nudix hydrolase 4
gene:evm.TU.04.1391	cds.evm.model.02.2396	GAOXL_ARATH	54.908	326	127	7	7	317	2	322	4.91e-125	363	72.39	GAOXL_ARATH Gibberellin 20-oxidase-like protein {ECO:0000312|EMBL:BAB10331.1}
gene:evm.TU.04.1847	cds.evm.model.04.44	ATPBM_NICPL	86.096	561	43	4	1	528	1	559	0.0	946	89.30	ATPBM_NICPL ATP synthase subunit beta, mitochondrial
gene:evm.TU.04.1425	cds.evm.model.10.919	PXC3_ARATH	35.765	850	486	15	129	949	65	883	7.62e-136	432	52.59	PXC3_ARATH Leucine-rich repeat receptor-like tyrosine-protein kinase PXC3 {ECO:0000305}
gene:evm.TU.04.1425	cds.evm.model.10.919	PXC3_ARATH	34.670	424	256	8	60	476	79	488	6.67e-50	194	51.18	PXC3_ARATH Leucine-rich repeat receptor-like tyrosine-protein kinase PXC3 {ECO:0000305}
gene:evm.TU.04.1579	cds.evm.model.07.769.1.5bd9b13c	PLST4_ARATH	79.492	551	104	5	1	550	1	543	0.0	829	86.21	PLST4_ARATH Plastidic glucose transporter 4
gene:evm.TU.04.180	cds.evm.model.07.769	PLST4_ARATH	79.348	552	104	5	1	551	1	543	0.0	829	86.05	PLST4_ARATH Plastidic glucose transporter 4
gene:evm.TU.04.1671	cds.evm.model.07.769.2.5bd9b13c	PLST4_ARATH	79.348	552	104	5	1	551	1	543	0.0	829	86.05	PLST4_ARATH Plastidic glucose transporter 4
gene:evm.TU.04.1671	cds.evm.model.01.1191	INV3_ARATH	52.720	533	226	12	450	971	56	573	0.0	540	69.42	INV3_ARATH Beta-fructofuranosidase, insoluble isoenzyme CWINV3
gene:evm.TU.04.1509	cds.evm.model.01.1191	INV3_ARATH	51.209	455	210	8	1	450	51	498	1.06e-144	446	69.01	INV3_ARATH Beta-fructofuranosidase, insoluble isoenzyme CWINV3
gene:evm.TU.04.1608	cds.evm.model.09.1219	YAI5_SCHPO	38.760	129	75	3	18	143	8	135	8.91e-18	84.7	58.14	YAI5_SCHPO Uncharacterized protein C24B11.05
gene:evm.TU.04.1197	cds.evm.model.07.122	DNJ20_ARATH	49.282	209	87	5	1	204	1	195	1.32e-59	188	63.64	DNJ20_ARATH Chaperone protein dnaJ 20, chloroplastic
gene:evm.TU.04.1595	cds.evm.model.06.907	H2B_GOSHI	95.302	149	4	3	1	148	1	147	1.13e-91	265	97.32	H2B_GOSHI Histone H2B
gene:evm.TU.04.1544	cds.evm.model.10.264	PUB23_ARATH	61.391	417	144	6	2	415	8	410	6.11e-180	510	80.34	PUB23_ARATH E3 ubiquitin-protein ligase PUB23
gene:evm.TU.04.1106	cds.evm.model.06.1837	GOLS2_ARATH	76.012	346	71	3	1	345	1	335	0.0	538	84.10	GOLS2_ARATH Galactinol synthase 2
gene:evm.TU.04.1106	cds.evm.model.06.2072.1.5bd9b13b	PER4_VITVI	70.115	261	77	1	12	272	62	321	1.04e-136	391	82.76	PER4_VITVI Peroxidase 4 {ECO:0000250|UniProtKB:Q42578}
gene:evm.TU.04.1106	cds.evm.model.06.2072.2.5bd9b13b	PER4_VITVI	71.852	135	38	0	1	135	187	321	1.89e-68	212	82.22	PER4_VITVI Peroxidase 4 {ECO:0000250|UniProtKB:Q42578}
gene:evm.TU.04.1106	cds.evm.model.06.2072	PER4_VITVI	70.062	324	92	2	4	327	3	321	7.19e-168	472	81.48	PER4_VITVI Peroxidase 4 {ECO:0000250|UniProtKB:Q42578}
gene:evm.TU.04.1106	cds.evm.model.06.2072.1.5bdae6e2	PER4_VITVI	67.626	139	41	1	4	142	3	137	2.72e-59	189	78.42	PER4_VITVI Peroxidase 4 {ECO:0000250|UniProtKB:Q42578}
gene:evm.TU.04.1734	cds.evm.model.04.2019	AEL1_ARATH	73.292	161	36	3	1	161	1	154	7.56e-78	231	82.61	AEL1_ARATH Protein AE7-like 1 {ECO:0000303|PubMed:23104832}
gene:evm.TU.04.1762	cds.evm.model.04.1718	GT7_ARATH	61.987	463	154	7	1	459	1	445	0.0	581	74.73	GT7_ARATH Putative glycosyltransferase 7
gene:evm.TU.04.1762	cds.novel_model_5749_5bd9a17a	WRK24_ORYSI	54.825	487	163	14	3	473	4	449	1.10e-141	425	64.68	WRK24_ORYSI WRKY transcription factor WRKY24 {ECO:0000303|PubMed:16919842}
gene:evm.TU.04.1228	cds.novel_model_5750_5bd9a17a.1.5bd9b13b	WRK24_ORYSI	46.530	389	151	14	3	375	4	351	1.37e-70	233	57.58	WRK24_ORYSI WRKY transcription factor WRKY24 {ECO:0000303|PubMed:16919842}
gene:evm.TU.04.1539	cds.novel_model_5750_5bd9a17a.1.5bd9b13b	WRK24_ORYSI	61.290	62	23	1	232	292	385	446	1.68e-16	84.3	67.74	WRK24_ORYSI WRKY transcription factor WRKY24 {ECO:0000303|PubMed:16919842}
gene:evm.TU.04.1539	cds.evm.model.07.649	AKR2_ORYSJ	80.938	341	62	2	5	342	11	351	0.0	579	88.27	AKR2_ORYSJ Probable aldo-keto reductase 2
gene:evm.TU.04.1180	cds.evm.model.01.1145	YLMG2_ARATH	61.290	186	55	4	63	239	57	234	9.50e-68	213	74.19	YLMG2_ARATH YlmG homolog protein 2, chloroplastic {ECO:0000305}
gene:evm.TU.04.1155	cds.novel_model_7319_5bd9a17a.1.5bd9b13d	RL8_SOLLC	87.755	147	18	0	1	147	1	147	1.22e-96	282	96.60	RL8_SOLLC Large ribosomal subunit protein uL2 {ECO:0000305}
gene:evm.TU.04.1643	cds.novel_model_7318_5bd9a17a	RL8_SOLLC	89.147	258	28	0	1	258	1	258	2.62e-175	486	96.12	RL8_SOLLC Large ribosomal subunit protein uL2 {ECO:0000305}
gene:evm.TU.04.1624	cds.evm.model.01.1162.2.5bd9b135	ALFL5_ARATH	65.714	175	52	2	1	167	86	260	4.62e-76	230	80.00	ALFL5_ARATH PHD finger protein ALFIN-LIKE 5
gene:evm.TU.04.1111	cds.evm.model.01.1162	ALFL5_ARATH	71.538	260	66	2	1	252	1	260	2.25e-123	354	84.62	ALFL5_ARATH PHD finger protein ALFIN-LIKE 5
gene:evm.TU.04.1868	cds.evm.model.01.1162.1.5bd9b135	ALFL5_ARATH	70.698	215	55	2	12	218	46	260	5.76e-94	278	83.26	ALFL5_ARATH PHD finger protein ALFIN-LIKE 5
gene:evm.TU.04.1805	cds.evm.model.01.1162.2.5bd9b135.1.5bdae6df	ALFL5_ARATH	83.051	59	10	0	38	96	202	260	8.82e-33	117	91.53	ALFL5_ARATH PHD finger protein ALFIN-LIKE 5
gene:evm.TU.04.1333	cds.evm.model.02.2344	FLA8_ARATH	67.424	396	104	2	13	383	16	411	7.29e-179	506	79.80	FLA8_ARATH Fasciclin-like arabinogalactan protein 8
gene:evm.TU.04.1704	cds.evm.model.07.309	INVC_ARATH	67.775	692	178	12	1	679	1	660	0.0	930	79.19	INVC_ARATH Alkaline/neutral invertase C, mitochondrial {ECO:0000305}
gene:evm.TU.04.1704	cds.evm.model.08.1901	DTC_ARATH	80.667	300	55	2	1	299	1	298	0.0	507	88.67	DTC_ARATH Mitochondrial dicarboxylate/tricarboxylate transporter DTC
gene:evm.TU.04.1704	cds.evm.model.06.946	FK113_ARATH	63.580	324	100	5	11	331	104	412	1.14e-140	407	74.69	FK113_ARATH F-box/kelch-repeat protein At5g26960
gene:evm.TU.04.1283	cds.evm.model.07.1828	PER57_ARATH	52.203	295	127	3	684	966	21	313	3.65e-96	309	68.47	PER57_ARATH Peroxidase 57
gene:evm.TU.04.1614	cds.evm.model.07.1828	PER57_ARATH	56.154	260	106	4	403	659	59	313	2.18e-87	285	71.15	PER57_ARATH Peroxidase 57
gene:evm.TU.04.1614	cds.evm.model.05.310	Y5248_ARATH	64.472	881	274	15	10	863	4	872	0.0	1123	77.87	Y5248_ARATH G-type lectin S-receptor-like serine/threonine-protein kinase At5g24080
gene:evm.TU.04.1614	cds.evm.model.10.806	MLP28_ARATH	62.500	152	55	1	8	159	21	170	4.23e-60	192	75.66	MLP28_ARATH MLP-like protein 28
gene:evm.TU.04.1614	cds.evm.model.10.806	MLP28_ARATH	58.491	159	64	1	1	159	176	332	3.66e-57	184	72.33	MLP28_ARATH MLP-like protein 28
gene:evm.TU.04.1550	cds.evm.model.07.171	KCAB_ARATH	89.939	328	33	0	1	328	1	328	0.0	634	96.95	KCAB_ARATH Probable voltage-gated potassium channel subunit beta
gene:evm.TU.04.1550	cds.evm.model.08.28	AAP7_ARATH	65.815	313	104	2	17	326	21	333	3.04e-141	410	78.59	AAP7_ARATH Probable amino acid permease 7
gene:evm.TU.04.1964	cds.evm.model.02.1443	MYB1_CROXC	77.586	116	26	0	1	116	1	116	1.02e-64	201	88.79	MYB1_CROXC Transcription factor MYB1 {ECO:0000305}
gene:evm.TU.04.1036	cds.evm.model.03.1706	HIPL1_ARATH	70.801	637	177	3	22	656	21	650	0.0	944	82.89	HIPL1_ARATH HIPL1 protein
gene:evm.TU.04.133	cds.evm.model.10.1841	RK27_SPIOL	76.684	193	42	2	2	192	3	194	1.79e-97	283	86.53	RK27_SPIOL Large ribosomal subunit protein bL27c {ECO:0000303|PubMed:28007896}
gene:evm.TU.04.1917	cds.evm.model.06.1511	EXPA4_ARATH	81.395	258	47	1	1	258	1	257	5.68e-162	452	92.25	EXPA4_ARATH Expansin-A4
gene:evm.TU.04.1132	cds.evm.model.06.1746	TIP12_MUSAC	82.800	250	43	0	1	250	3	252	7.98e-148	416	92.00	TIP12_MUSAC Aquaporin TIP1-2 {ECO:0000303|PubMed:26307965, ECO:0000303|PubMed:29778840}
gene:evm.TU.04.1375	cds.evm.model.08.1310	VICHY_VICSN	60.158	507	193	3	7	507	5	508	0.0	657	78.50	VICHY_VICSN Vicianin hydrolase {ECO:0000312|EMBL:ABD03937.1}
gene:evm.TU.04.1375	cds.evm.model.08.1649	PUMP4_ARATH	70.588	323	84	3	1	322	1	313	2.81e-165	465	82.04	PUMP4_ARATH Mitochondrial uncoupling protein 4
gene:evm.TU.04.1375	cds.evm.model.06.1480.1.5bd9b13b	PUB33_ARATH	29.240	513	312	8	50	544	45	524	2.91e-55	202	48.34	PUB33_ARATH U-box domain-containing protein 33
gene:evm.TU.04.1253	cds.evm.model.06.1480	PUB33_ARATH	36.695	823	452	12	50	840	45	830	1.37e-165	504	54.43	PUB33_ARATH U-box domain-containing protein 33
gene:evm.TU.04.1253	cds.evm.model.06.1806	GL52_ORYSJ	77.720	193	43	0	22	214	27	219	8.20e-108	311	86.01	GL52_ORYSJ Germin-like protein 5-1
gene:evm.TU.04.1253	cds.evm.model.09.158	CIPKB_ARATH	60.845	355	130	5	1	353	74	421	1.07e-153	442	78.59	CIPKB_ARATH CBL-interacting serine/threonine-protein kinase 11
gene:evm.TU.04.1253	cds.evm.model.02.3088	AUX22_SOYBN	71.429	105	20	3	1	105	93	187	1.16e-44	146	80.95	AUX22_SOYBN Auxin-induced protein AUX22
gene:evm.TU.04.1733	cds.novel_model_6479_5bd9a17a	THN1A_URTFR	67.442	129	38	1	1	129	1	125	2.31e-56	174	78.29	THN1A_URTFR DELTA-urthionin-Uf1a {ECO:0000303|PubMed:35780839}
gene:evm.TU.04.1304	cds.evm.model.01.879	RPH1_SOLTU	85.065	154	23	0	66	219	82	235	1.10e-92	274	91.56	RPH1_SOLTU Protein RESISTANCE TO PHYTOPHTHORA 1, chloroplastic {ECO:0000303|PubMed:19170932}
gene:evm.TU.04.1939	cds.novel_model_3526_5bd9a17a.2.5bd9b138	RPE_SPIOL	84.859	284	41	1	1	282	1	284	1.69e-177	493	91.55	RPE_SPIOL Ribulose-phosphate 3-epimerase, chloroplastic
gene:evm.TU.04.1422	cds.novel_model_3524_5bd9a17a	RPE_SPIOL	84.859	284	41	1	1	282	1	284	1.69e-177	493	91.55	RPE_SPIOL Ribulose-phosphate 3-epimerase, chloroplastic
gene:evm.TU.04.1001	cds.novel_model_3525_5bd9a17a.1.5bd9b138	RPE_ARATH	93.122	189	13	0	1	189	92	280	9.63e-128	363	97.35	RPE_ARATH Ribulose-5-phosphate-3-epimerase, chloroplastic {ECO:0000303|PubMed:9843485}
gene:evm.TU.04.116	cds.evm.model.03.260	TL1Y_ARATH	63.978	186	65	2	45	230	42	225	2.28e-80	243	81.18	TL1Y_ARATH Thylakoid lumenal 17.9 kDa protein, chloroplastic
gene:evm.TU.04.1072	cds.evm.model.03.2022	PINI_ARATH	71.101	654	142	12	1	639	1	622	0.0	875	80.12	PINI_ARATH Auxin efflux carrier component 1 {ECO:0000303|PubMed:9856939}
gene:evm.TU.04.1350	cds.evm.model.07.1306	GIP2_NICBE	51.762	454	194	12	1	444	1	439	1.11e-142	417	66.52	GIP2_NICBE Probable aspartic proteinase GIP2 {ECO:0000305}
gene:evm.TU.04.1787	cds.evm.model.06.2064	TTHAT_LUPAL	46.104	462	228	10	1	455	5	452	1.57e-123	370	62.12	TTHAT_LUPAL Tetrahydroanabasine acetyltransferase {ECO:0000305|PubMed:37540741}
gene:evm.TU.04.1787	cds.evm.model.02.1055	GG3_ARATH	72.603	73	20	0	15	87	41	113	7.13e-31	115	83.56	GG3_ARATH Guanine nucleotide-binding protein subunit gamma 3
gene:evm.TU.04.1787	cds.evm.model.01.144	B561K_ARATH	42.262	168	93	3	1	167	1	165	9.74e-37	133	60.71	B561K_ARATH Cytochrome b561 and DOMON domain-containing protein At3g07570
gene:evm.TU.04.1787	cds.evm.model.07.58	RS8_MAIZE	86.283	226	26	2	1	226	1	221	2.27e-141	397	91.15	RS8_MAIZE Small ribosomal subunit protein eS8 {ECO:0000305}
gene:evm.TU.04.1960	cds.evm.model.07.1736	ADRC3_ARATH	64.815	270	88	2	1	263	1	270	3.31e-126	362	78.89	ADRC3_ARATH NADPH-dependent aldehyde reductase-like protein, chloroplastic {ECO:0000250|UniProtKB:Q9SQR2}
gene:evm.TU.04.1529	cds.evm.model.07.1104	LTG21_ARATH	56.863	153	56	4	10	157	6	153	6.25e-45	151	69.93	LTG21_ARATH Non-specific lipid transfer protein GPI-anchored 21 {ECO:0000303|PubMed:23893219}
gene:evm.TU.04.1183	cds.evm.model.07.1104.1.5bd9b13c	LTG21_ARATH	56.209	153	55	5	10	155	6	153	3.02e-42	144	69.28	LTG21_ARATH Non-specific lipid transfer protein GPI-anchored 21 {ECO:0000303|PubMed:23893219}
gene:evm.TU.04.1298	cds.evm.model.01.2088	SBT17_ARATH	62.745	765	272	5	15	774	1	757	0.0	994	76.99	SBT17_ARATH Subtilisin-like protease SBT1.7 {ECO:0000303|PubMed:16193095}
gene:evm.TU.04.1053	cds.evm.model.08.723	CCT13_ORYSJ	45.960	396	190	8	15	406	38	413	1.37e-108	331	64.65	CCT13_ORYSJ Cyclin-T1-3
gene:evm.TU.04.100	cds.evm.model.06.916	AAEB_YERPY	31.288	163	94	6	398	545	8	167	1.34e-06	55.5	46.63	AAEB_YERPY p-hydroxybenzoic acid efflux pump subunit AaeB {ECO:0000255|HAMAP-Rule:MF_01545}
gene:evm.TU.04.1061	cds.evm.model.01.1735	CB7_ARATH	58.667	300	76	5	62	322	36	326	1.45e-112	332	67.67	CB7_ARATH Chlorophyll a-b binding protein 7, chloroplastic
gene:evm.TU.04.1268	cds.evm.model.05.321	HSP21_SOYBN	83.019	159	27	0	1	159	1	159	1.29e-86	253	92.45	HSP21_SOYBN 17.9 kDa class II heat shock protein
gene:evm.TU.04.1556	cds.novel_model_385_5bd9a17a.1.5bd9b134	CYC2_CAMAC	64.141	396	130	3	2	391	1	390	0.0	530	76.26	CYC2_CAMAC (S)-8-oxocitronellyl enol synthase CYC2 {ECO:0000305}
gene:evm.TU.04.1660	cds.novel_model_384_5bd9a17a	CYC2_CAMAC	65.091	275	90	2	1	275	122	390	1.79e-126	368	75.64	CYC2_CAMAC (S)-8-oxocitronellyl enol synthase CYC2 {ECO:0000305}
gene:evm.TU.04.1660	cds.evm.model.06.1909	C93B2_GERHY	40.928	474	174	9	40	423	44	501	8.35e-111	338	54.22	C93B2_GERHY Cytochrome P450 93B2 {ECO:0000303|PubMed:10652133}
gene:evm.TU.04.1594	cds.novel_model_1928_5bd9a17a	AAE1_ARATH	70.766	561	157	1	1	561	3	556	0.0	853	84.31	AAE1_ARATH Butanoate--CoA ligase AAE1 {ECO:0000305|PubMed:23300257}
gene:evm.TU.04.1753	cds.novel_model_1929_5bd9a17a.1.5bd9b136	AEE21_ARATH	64.384	73	26	0	1	73	1	73	1.86e-26	103	78.08	AEE21_ARATH Probable acyl-activating enzyme 21
gene:evm.TU.04.1591	cds.evm.model.10.1191_evm.model.10.1192	DTX41_ARATH	72.016	486	134	1	23	506	15	500	0.0	724	84.36	DTX41_ARATH Protein DETOXIFICATION 41 {ECO:0000303|PubMed:11739388}
gene:evm.TU.04.1222	cds.evm.model.10.1191_evm.model.10.1192.1.5bdae6e1	DTX41_ARATH	70.497	322	93	1	23	342	15	336	5.83e-169	483	85.09	DTX41_ARATH Protein DETOXIFICATION 41 {ECO:0000303|PubMed:11739388}
gene:evm.TU.04.1222	cds.evm.model.10.1566	DGK5_ARATH	73.402	485	114	4	1	472	1	483	0.0	728	82.89	DGK5_ARATH Diacylglycerol kinase 5
gene:evm.TU.04.1239	cds.evm.model.04.121	HMGYA_ARATH	47.727	132	53	4	1	117	74	204	1.93e-24	95.1	56.82	HMGYA_ARATH HMG-Y-related protein A
gene:evm.TU.04.1296	cds.evm.model.01.2677	MICU_ARATH	69.091	440	130	3	42	476	58	496	0.0	617	82.73	MICU_ARATH Calcium uptake protein, mitochondrial {ECO:0000250|UniProtKB:Q9BPX6}
gene:evm.TU.04.1802	cds.evm.model.10.1274	STM_ARATH	85.246	122	18	0	81	202	256	377	1.37e-65	209	90.98	STM_ARATH Homeobox protein SHOOT MERISTEMLESS {ECO:0000303|PubMed:8538741}
gene:evm.TU.04.1148	cds.evm.model.03.146	LOX15_SOLTU	65.998	847	283	4	15	859	19	862	0.0	1191	80.52	LOX15_SOLTU Probable linoleate 9S-lipoxygenase 5
gene:evm.TU.04.104	cds.evm.model.10.2239	SILD_FORIN	57.812	128	53	1	12	138	146	273	1.79e-44	149	73.44	SILD_FORIN Secoisolariciresinol dehydrogenase
gene:evm.TU.04.1562	cds.evm.model.09.568	DRPF_CRAPL	28.431	204	105	5	2	192	3	178	1.05e-09	58.9	43.63	DRPF_CRAPL Desiccation-related protein PCC3-06
gene:evm.TU.04.1971	cds.evm.model.08.1966	ODBB1_ARATH	85.915	355	43	2	1	351	1	352	0.0	645	94.08	ODBB1_ARATH 2-oxoisovalerate dehydrogenase subunit beta 1, mitochondrial
gene:evm.TU.04.1002	cds.evm.model.04.1664	ABCG1_PETHY	62.992	635	222	4	26	660	6	627	0.0	850	80.63	ABCG1_PETHY ABC transporter G family member 1 {ECO:0000303|PubMed:22345641}
gene:evm.TU.04.1285	cds.evm.model.10.857	PER11_ARATH	70.303	330	97	1	12	340	7	336	2.92e-176	494	83.03	PER11_ARATH Peroxidase 11
gene:evm.TU.04.1285	cds.evm.model.02.2656	LOX31_SOLTU	75.456	933	208	5	1	931	1	914	0.0	1446	84.78	LOX31_SOLTU Linoleate 13S-lipoxygenase 3-1, chloroplastic
gene:evm.TU.04.1491	cds.evm.model.10.2191	NC100_ARATH	57.988	338	101	7	1	299	1	336	9.65e-129	372	67.75	NC100_ARATH NAC domain-containing protein 100 {ECO:0000303|PubMed:15029955}
gene:evm.TU.04.1125	cds.evm.model.01.445.3.5bd9b134	HDR_CANSA	98.276	464	1	2	1	457	1	464	0.0	939	98.49	HDR_CANSA 4-hydroxy-3-methylbut-2-enyl diphosphate reductase, chloroplastic {ECO:0000303|PubMed:28355238}
gene:evm.TU.04.1125	cds.evm.model.01.445.5.5bd9b134	HDR_CANSA	98.792	414	1	1	1	410	1	414	0.0	851	99.03	HDR_CANSA 4-hydroxy-3-methylbut-2-enyl diphosphate reductase, chloroplastic {ECO:0000303|PubMed:28355238}
gene:evm.TU.04.1125	cds.evm.model.01.445.1.5bd9b134	HDR_CANSA	98.276	464	1	2	1	457	1	464	0.0	941	98.49	HDR_CANSA 4-hydroxy-3-methylbut-2-enyl diphosphate reductase, chloroplastic {ECO:0000303|PubMed:28355238}
gene:evm.TU.04.1763	cds.evm.model.01.445.8.5bd9b134	HDR_CANSA	98.580	352	1	1	1	348	1	352	0.0	724	98.86	HDR_CANSA 4-hydroxy-3-methylbut-2-enyl diphosphate reductase, chloroplastic {ECO:0000303|PubMed:28355238}
gene:evm.TU.04.1763	cds.evm.model.01.445.2.5bd9b134	HDR_CANSA	100.000	269	0	0	1	269	196	464	0.0	559	100.00	HDR_CANSA 4-hydroxy-3-methylbut-2-enyl diphosphate reductase, chloroplastic {ECO:0000303|PubMed:28355238}
gene:evm.TU.04.1328	cds.evm.model.01.445	HDR_CANSA	98.922	464	1	1	1	460	1	464	0.0	951	99.14	HDR_CANSA 4-hydroxy-3-methylbut-2-enyl diphosphate reductase, chloroplastic {ECO:0000303|PubMed:28355238}
gene:evm.TU.04.1210	cds.evm.model.01.445.4.5bd9b134	HDR_CANSA	100.000	308	0	0	40	347	157	464	0.0	638	100.00	HDR_CANSA 4-hydroxy-3-methylbut-2-enyl diphosphate reductase, chloroplastic {ECO:0000303|PubMed:28355238}
gene:evm.TU.04.1638	cds.evm.model.01.445.7.5bd9b134	HDR_CANSA	98.077	260	1	1	1	256	1	260	0.0	530	98.46	HDR_CANSA 4-hydroxy-3-methylbut-2-enyl diphosphate reductase, chloroplastic {ECO:0000303|PubMed:28355238}
gene:evm.TU.04.1436	cds.evm.model.01.445.6.5bd9b134	HDR_CANSA	98.580	352	1	1	1	348	1	352	0.0	724	98.86	HDR_CANSA 4-hydroxy-3-methylbut-2-enyl diphosphate reductase, chloroplastic {ECO:0000303|PubMed:28355238}
gene:evm.TU.04.1807	cds.evm.model.01.2970	GLOX_VITPS	45.785	522	265	12	11	529	15	521	2.84e-151	446	61.49	GLOX_VITPS Aldehyde oxidase GLOX {ECO:0000305}
gene:evm.TU.04.1759	cds.novel_model_5717_5bd9a17a	PCNA_TOBAC	94.697	264	14	0	1	264	1	264	0.0	525	98.86	PCNA_TOBAC Proliferating cell nuclear antigen
gene:evm.TU.04.1759	cds.evm.model.01.256	Y5713_ARATH	58.182	330	138	0	31	360	39	368	1.23e-144	421	72.42	Y5713_ARATH PI-PLC X domain-containing protein At5g67130
gene:evm.TU.04.1043	cds.evm.model.05.52	NACA2_ARATH	80.769	156	30	0	41	196	62	217	2.41e-80	241	90.38	NACA2_ARATH Nascent polypeptide-associated complex subunit alpha-like protein 2
gene:evm.TU.04.182	cds.evm.model.04.213	GOLS1_AJURE	79.935	309	57	2	13	321	30	333	0.0	529	88.03	GOLS1_AJURE Galactinol synthase 1
gene:evm.TU.04.1559	cds.novel_model_6413_5bd9a17a	DCE1_ARATH	85.487	503	72	1	1	503	1	502	0.0	906	93.64	DCE1_ARATH Glutamate decarboxylase 1
gene:evm.TU.04.1559	cds.novel_model_6415_5bd9a17a.2.5bd9b13c	DCE1_ARATH	80.573	314	60	1	1	314	190	502	0.0	536	91.72	DCE1_ARATH Glutamate decarboxylase 1
gene:evm.TU.04.1745	cds.novel_model_6416_5bd9a17a.3.5bd9b13c	DCE1_ARATH	95.876	97	4	0	1	97	1	97	4.42e-61	196	97.94	DCE1_ARATH Glutamate decarboxylase 1
gene:evm.TU.04.12	cds.novel_model_6414_5bd9a17a.1.5bd9b13c	DCE1_ARATH	92.570	323	24	0	1	323	1	323	0.0	636	97.52	DCE1_ARATH Glutamate decarboxylase 1
gene:evm.TU.04.1326	cds.evm.model.10.1026.1.5bd9b13d	AACT1_ARATH	78.571	252	54	0	1	252	154	405	1.90e-147	421	90.48	AACT1_ARATH Acetyl-CoA acetyltransferase 1 {ECO:0000305}
gene:evm.TU.04.1095	cds.evm.model.10.1026	ACCT2_ARATH	84.826	402	61	0	5	406	2	403	0.0	676	93.28	ACCT2_ARATH Acetyl-CoA acetyltransferase 2 {ECO:0000305}
gene:evm.TU.04.1136	cds.evm.model.ctgX29.1	CRPK1_ARATH	36.177	293	167	7	59	337	29	315	4.20e-54	185	57.34	CRPK1_ARATH Cold-responsive protein kinase 1 {ECO:0000303|PubMed:28344081}
gene:evm.TU.04.1930	cds.evm.model.07.1617	BH111_ARATH	45.833	144	61	6	399	542	125	251	2.84e-21	98.6	60.42	BH111_ARATH Transcription factor bHLH111
gene:evm.TU.04.1580	cds.evm.model.02.3045	CCL8_HUMLU	85.638	564	39	2	1	523	45	607	0.0	978	88.65	CCL8_HUMLU Probable CoA ligase CCL8 {ECO:0000305|PubMed:23300257}
gene:evm.TU.04.1065	cds.evm.model.02.3217	HCT_NARPS	40.000	150	77	4	1	150	1	137	8.57e-25	103	57.33	HCT_NARPS Hydroxycinnamoyltransferase {ECO:0000303|PubMed:29229969}
gene:evm.TU.04.1153	cds.evm.model.05.1767	PLA14_ARATH	60.039	513	175	11	17	523	27	515	0.0	573	74.46	PLA14_ARATH Phospholipase A1-Ibeta2, chloroplastic
gene:evm.TU.04.1185	cds.evm.model.02.3035	PDF2_ARATH	78.284	571	75	9	13	547	181	738	0.0	889	86.16	PDF2_ARATH Homeobox-leucine zipper protein PROTODERMAL FACTOR 2 {ECO:0000303|PubMed:12505995}
gene:evm.TU.04.1954	cds.evm.model.ctgX3.15.1.5bd9b13d	BH068_ARATH	44.262	488	126	22	1	425	1	405	8.82e-87	273	54.71	BH068_ARATH Transcription factor bHLH68
gene:evm.TU.04.1114	cds.evm.model.ctgX3.15	BH068_ARATH	46.311	488	132	21	1	441	1	405	2.15e-98	303	57.17	BH068_ARATH Transcription factor bHLH68
gene:evm.TU.04.1114	cds.evm.model.02.2410	AHL9_ARATH	51.549	355	145	11	1	335	1	348	4.16e-98	296	65.35	AHL9_ARATH AT-hook motif nuclear-localized protein 9 {ECO:0000312|EMBL:FAA00280.1}
gene:evm.TU.04.1354	cds.evm.model.01.951.1.5bd9b135	SKI30_ARATH	70.000	200	60	0	1	200	153	352	7.62e-101	298	82.50	SKI30_ARATH F-box/kelch-repeat protein SKIP30
gene:evm.TU.04.1362	cds.evm.model.01.951	SKI30_ARATH	69.565	345	105	0	1	345	8	352	0.0	510	83.19	SKI30_ARATH F-box/kelch-repeat protein SKIP30
gene:evm.TU.04.1877	cds.evm.model.01.635	AB11B_ARATH	76.645	1246	274	5	24	1262	41	1276	0.0	1924	87.72	AB11B_ARATH ABC transporter B family member 11
gene:evm.TU.04.1346	cds.evm.model.01.635	AB11B_ARATH	43.898	590	322	5	681	1265	40	625	1.37e-137	455	62.88	AB11B_ARATH ABC transporter B family member 11
gene:evm.TU.04.1641	cds.evm.model.02.3279	LEA14_SOYBN	28.105	153	104	1	43	195	4	150	3.96e-16	77.8	52.29	LEA14_SOYBN Desiccation protectant protein Lea14 homolog
gene:evm.TU.04.1859	cds.novel_model_1231_5bd9a17a.1.5bd9b135	IF411_TOBAC	95.400	413	19	0	1	413	1	413	0.0	819	98.31	IF411_TOBAC Eukaryotic initiation factor 4A-11
gene:evm.TU.04.1051	cds.novel_model_1229_5bd9a17a	IF411_TOBAC	95.400	413	19	0	1	413	1	413	0.0	819	98.31	IF411_TOBAC Eukaryotic initiation factor 4A-11
gene:evm.TU.04.1512	cds.novel_model_1233_5bd9a17a.3.5bd9b135	IF4A6_TOBAC	96.172	209	8	0	15	223	45	253	1.74e-149	419	99.04	IF4A6_TOBAC Eukaryotic initiation factor 4A-6
gene:evm.TU.04.1262	cds.novel_model_1232_5bd9a17a.4.5bd9b135	IF411_TOBAC	95.400	413	19	0	1	413	1	413	0.0	819	98.31	IF411_TOBAC Eukaryotic initiation factor 4A-11
gene:evm.TU.04.1429	cds.novel_model_1230_5bd9a17a.2.5bd9b135	IF411_TOBAC	95.400	413	19	0	1	413	1	413	0.0	819	98.31	IF411_TOBAC Eukaryotic initiation factor 4A-11
gene:evm.TU.04.1290	cds.evm.model.08.1322	PSRP2_ARATH	74.747	198	45	2	61	253	56	253	1.07e-99	294	85.35	PSRP2_ARATH Small ribosomal subunit protein cS22 {ECO:0000303|PubMed:36423343}
gene:evm.TU.04.1060	cds.evm.model.10.2049	ENOXE_FRAAN	73.602	322	83	2	1	320	1	322	4.88e-162	457	86.34	ENOXE_FRAAN 2-methylene-furan-3-one reductase
gene:evm.TU.04.1625	cds.evm.model.10.2049.1.5bd9b13e	ENOXE_FRAAN	76.293	232	54	1	1	231	1	232	2.61e-116	338	87.50	ENOXE_FRAAN 2-methylene-furan-3-one reductase
gene:evm.TU.04.1084	cds.novel_model_7495_5bd9a17a	FBRL2_ARATH	93.802	242	15	0	65	306	74	315	6.91e-168	471	96.28	FBRL2_ARATH rRNA 2'-O-methyltransferase fibrillarin 2
gene:evm.TU.04.1687	cds.evm.model.02.3099	RPT3_ARATH	33.259	448	182	8	1	332	261	707	6.39e-64	221	48.88	RPT3_ARATH Root phototropism protein 3
gene:evm.TU.04.1648	cds.evm.model.02.705	CSE_ARATH	32.459	305	200	6	15	316	24	325	4.11e-50	172	52.46	CSE_ARATH Caffeoylshikimate esterase
gene:evm.TU.04.1522	cds.evm.model.01.1742	CKB21_ARATH	83.279	305	51	0	5	309	3	307	0.0	546	90.82	CKB21_ARATH Cyclin-dependent kinase B2-1
gene:evm.TU.04.1694	cds.novel_model_5493_5bd9a17a.1.5bd9b13b	LEA6_ARATH	48.905	137	50	5	1	126	1	128	1.60e-25	96.7	60.58	LEA6_ARATH Late embryogenesis abundant protein 6 {ECO:0000303|PubMed:18318901}
gene:evm.TU.04.1788	cds.evm.model.05.356.4.5bd9b139	RS10B_ORYSJ	83.333	114	17	2	1	112	46	159	4.19e-51	163	87.72	RS10B_ORYSJ Small ribosomal subunit protein eS10y {ECO:0000305}
gene:evm.TU.04.1086	cds.evm.model.05.356.3.5bd9b139	RS10B_ORYSJ	83.333	114	17	2	1	112	46	159	4.19e-51	163	87.72	RS10B_ORYSJ Small ribosomal subunit protein eS10y {ECO:0000305}
gene:evm.TU.04.1443	cds.evm.model.05.356.1.5bd9b139	RS10B_ORYSJ	66.667	75	23	2	18	90	85	159	9.69e-20	82.4	70.67	RS10B_ORYSJ Small ribosomal subunit protein eS10y {ECO:0000305}
gene:evm.TU.04.1943	cds.evm.model.05.356.2.5bd9b139	RS10B_ORYSJ	83.333	114	17	2	1	112	46	159	4.19e-51	163	87.72	RS10B_ORYSJ Small ribosomal subunit protein eS10y {ECO:0000305}
gene:evm.TU.04.1292	cds.evm.model.05.356	RS10B_ORYSJ	84.277	159	23	2	1	157	1	159	4.84e-83	246	88.68	RS10B_ORYSJ Small ribosomal subunit protein eS10y {ECO:0000305}
gene:evm.TU.04.1410	cds.evm.model.02.3202	BNM2A_BRANA	45.968	248	126	4	59	301	38	282	4.91e-71	224	63.31	BNM2A_BRANA BURP domain-containing protein BNM2A {ECO:0000303|PubMed:19714473}
gene:evm.TU.04.1904	cds.novel_model_4279_5bd9a17a.1.5bd9b139	UBC4_SOLLC	97.973	148	3	0	1	148	1	148	8.08e-107	303	99.32	UBC4_SOLLC Ubiquitin-conjugating enzyme E2-17 kDa
gene:evm.TU.04.1464	cds.novel_model_4280_5bd9a17a.3.5bd9b139	UBC4_SOLLC	95.833	48	2	0	18	65	101	148	1.74e-28	101	100.00	UBC4_SOLLC Ubiquitin-conjugating enzyme E2-17 kDa
gene:evm.TU.04.1171	cds.novel_model_4278_5bd9a17a.2.5bd9b139	UBC4_SOLLC	97.973	148	3	0	1	148	1	148	8.08e-107	303	99.32	UBC4_SOLLC Ubiquitin-conjugating enzyme E2-17 kDa
gene:evm.TU.04.150	cds.novel_model_4277_5bd9a17a	UBC4_SOLLC	97.973	148	3	0	1	148	1	148	8.08e-107	303	99.32	UBC4_SOLLC Ubiquitin-conjugating enzyme E2-17 kDa
gene:evm.TU.04.1942	cds.evm.model.01.740	GSTF_HYOMU	65.700	207	71	0	3	209	2	208	2.02e-100	292	79.23	GSTF_HYOMU Glutathione S-transferase {ECO:0000303|PubMed:8108497}
gene:evm.TU.04.1287	cds.evm.model.01.740.1.5bd9b134	GSTF_HYOMU	66.972	109	36	0	1	109	100	208	3.21e-49	158	77.98	GSTF_HYOMU Glutathione S-transferase {ECO:0000303|PubMed:8108497}
gene:evm.TU.04.128	cds.novel_model_7280_5bd9a17a.2.5bd9b13d	GRXC6_ORYSJ	79.787	94	19	0	16	109	15	108	1.68e-51	160	88.30	GRXC6_ORYSJ Glutaredoxin-C6
gene:evm.TU.04.1364	cds.novel_model_7278_5bd9a17a	GRXC6_ORYSJ	82.075	106	19	0	51	156	1	106	1.32e-60	186	89.62	GRXC6_ORYSJ Glutaredoxin-C6
gene:evm.TU.04.1020	cds.novel_model_7279_5bd9a17a.1.5bd9b13d	GRXC6_ORYSJ	76.852	108	21	1	1	104	1	108	1.48e-54	168	85.19	GRXC6_ORYSJ Glutaredoxin-C6
gene:evm.TU.04.1020	cds.evm.model.01.1534	NEC2_NESMA	48.701	308	137	4	6	294	5	310	1.00e-89	272	62.66	NEC2_NESMA Ferritin-like catalase Nec2 {ECO:0000303|PubMed:35074876}
gene:evm.TU.04.1020	cds.novel_model_6579_5bd9a17a	LSH6_ARATH	81.618	136	25	0	34	169	27	162	1.48e-83	250	91.91	LSH6_ARATH Protein LIGHT-DEPENDENT SHORT HYPOCOTYLS 6
gene:evm.TU.04.1022	cds.evm.model.03.119.1.5bd9b136	NFYA1_ARATH	38.191	199	91	8	20	201	19	202	1.26e-26	105	52.76	NFYA1_ARATH Nuclear transcription factor Y subunit A-1
gene:evm.TU.04.1561	cds.evm.model.03.119	NFYA9_ARATH	40.000	315	136	12	29	335	34	303	3.74e-46	161	49.84	NFYA9_ARATH Nuclear transcription factor Y subunit A-9
gene:evm.TU.04.1166	cds.evm.model.08.1098	Y1648_ARATH	53.846	182	71	5	1	175	1	176	3.84e-57	184	71.98	Y1648_ARATH Uncharacterized protein At1g66480
gene:evm.TU.04.1744	cds.evm.model.04.1133	CADH1_OCIBA	84.789	355	54	0	1	355	1	355	0.0	581	90.70	CADH1_OCIBA Cinnamyl alcohol dehydrogenase 1
gene:evm.TU.04.1288	cds.evm.model.04.1133.2.5bd9b138	CADH1_OCIBA	86.824	296	39	0	1	296	60	355	3.85e-171	481	91.89	CADH1_OCIBA Cinnamyl alcohol dehydrogenase 1
gene:evm.TU.04.1288	cds.evm.model.04.1133.1.5bd9b138	CADH1_OCIBA	86.824	296	39	0	1	296	60	355	3.85e-171	481	91.89	CADH1_OCIBA Cinnamyl alcohol dehydrogenase 1
gene:evm.TU.04.1288	cds.novel_model_5528_5bd9a17a	AB2B_ARATH	80.025	806	149	4	1	802	475	1272	0.0	1338	91.07	AB2B_ARATH ABC transporter B family member 2
gene:evm.TU.04.1288	cds.novel_model_5528_5bd9a17a	AB2B_ARATH	41.681	571	319	7	243	804	80	645	1.77e-134	434	62.52	AB2B_ARATH ABC transporter B family member 2
gene:evm.TU.04.1288	cds.novel_model_5529_5bd9a17a.1.5bd9b13b	AB10B_ARATH	82.456	399	70	0	1	399	828	1226	0.0	701	94.74	AB10B_ARATH ABC transporter B family member 10
gene:evm.TU.04.1288	cds.novel_model_5529_5bd9a17a.1.5bd9b13b	AB10B_ARATH	47.990	398	191	5	10	400	218	606	5.50e-123	387	70.10	AB10B_ARATH ABC transporter B family member 10
gene:evm.TU.04.1889	cds.evm.model.02.2019	DIV_ANTMA	46.245	253	109	5	17	243	23	274	3.04e-64	205	61.26	DIV_ANTMA Transcription factor DIVARICATA
gene:evm.TU.04.1368	cds.evm.model.07.263	RNP1_ARATH	56.889	450	154	10	1	449	1	411	1.85e-111	337	65.56	RNP1_ARATH Heterogeneous nuclear ribonucleoprotein 1
gene:evm.TU.04.1399	cds.evm.model.06.1911	RL35_EUPES	90.244	123	12	0	1	123	1	123	8.97e-72	213	93.50	RL35_EUPES Large ribosomal subunit protein uL29 {ECO:0000305}
gene:evm.TU.04.1257	cds.evm.model.05.32	IQD18_ARATH	43.204	206	94	6	34	218	65	268	3.42e-36	138	62.14	IQD18_ARATH Protein IQ-DOMAIN 18 {ECO:0000303|PubMed:16368012}
gene:evm.TU.04.1244	cds.evm.model.03.1779.1.5bd9b139	RS24_ARATH	94.536	183	10	0	40	222	41	223	1.48e-123	355	98.36	RS24_ARATH Small ribosomal subunit protein uS5w {ECO:0000303|PubMed:36423343}
gene:evm.TU.04.1140	cds.evm.model.03.1779	RS24_ARATH	88.136	236	27	1	40	274	41	276	1.95e-151	427	93.64	RS24_ARATH Small ribosomal subunit protein uS5w {ECO:0000303|PubMed:36423343}
gene:evm.TU.04.1140	cds.evm.model.10.1846	RIR2_TOBAC	86.626	329	44	0	1	329	1	329	0.0	606	93.31	RIR2_TOBAC Ribonucleoside-diphosphate reductase small chain
gene:evm.TU.04.1140	cds.evm.model.02.63.1.5bdae6d7	DHEA_NICPL	84.615	325	50	0	1	325	87	411	0.0	595	94.77	DHEA_NICPL Glutamate dehydrogenase A
gene:evm.TU.04.1187	cds.evm.model.02.63	DHEA_NICPL	86.618	411	55	0	1	411	1	411	0.0	764	95.62	DHEA_NICPL Glutamate dehydrogenase A
gene:evm.TU.04.1771	cds.evm.model.10.1288	DJC76_ARATH	35.111	225	130	7	60	270	40	262	2.33e-29	120	52.89	DJC76_ARATH Chaperone protein dnaJ C76, chloroplastic {ECO:0000305}
gene:evm.TU.04.1311	cds.evm.model.02.1007.1.5bd9b134	BGAL_MALDO	77.184	618	137	3	13	627	1	617	0.0	992	88.19	BGAL_MALDO Beta-galactosidase
gene:evm.TU.04.1487	cds.evm.model.02.1007.2.5bd9b134	BGAL_MALDO	77.331	547	120	3	13	556	1	546	0.0	875	87.93	BGAL_MALDO Beta-galactosidase
gene:evm.TU.04.1640	cds.evm.model.02.1007.3.5bd9b134	BGAL_MALDO	75.385	520	126	2	1	519	204	722	0.0	829	86.73	BGAL_MALDO Beta-galactosidase
gene:evm.TU.04.1099	cds.evm.model.02.1007	BGAL_MALDO	76.625	723	165	3	13	732	1	722	0.0	1167	87.69	BGAL_MALDO Beta-galactosidase
gene:evm.TU.04.164	cds.evm.model.04.1447.1.5bd9b138	RL30_LUPLU	89.286	112	11	1	1	111	1	112	1.55e-69	206	96.43	RL30_LUPLU Large ribosomal subunit protein eL30 {ECO:0000305}
gene:evm.TU.04.1091	cds.evm.model.04.1447	RL30_LUPLU	90.179	112	11	0	1	112	1	112	5.38e-72	212	97.32	RL30_LUPLU Large ribosomal subunit protein eL30 {ECO:0000305}
gene:evm.TU.04.1091	cds.evm.model.04.1447.3.5bd9b138	RL30_LUPLU	90.179	112	11	0	1	112	1	112	5.38e-72	212	97.32	RL30_LUPLU Large ribosomal subunit protein eL30 {ECO:0000305}
gene:evm.TU.04.1159	cds.evm.model.04.1447.2.5bd9b138	RL30_LUPLU	90.179	112	11	0	1	112	1	112	5.38e-72	212	97.32	RL30_LUPLU Large ribosomal subunit protein eL30 {ECO:0000305}
gene:evm.TU.04.1912	cds.evm.model.06.2152.2.5bd9b13b	CLPT1_DANRE	34.295	312	179	7	7	306	19	316	4.36e-47	172	51.92	CLPT1_DANRE Putative lipid scramblase CLPTM1
gene:evm.TU.04.1263	cds.evm.model.06.2152	CLPT1_DANRE	42.197	628	324	11	7	610	19	631	2.26e-162	481	58.92	CLPT1_DANRE Putative lipid scramblase CLPTM1
gene:evm.TU.04.1835	cds.evm.model.06.2152.1.5bd9b13b	CLPT1_DANRE	34.295	312	179	7	7	306	19	316	1.99e-47	172	51.92	CLPT1_DANRE Putative lipid scramblase CLPTM1
gene:evm.TU.04.1898	cds.evm.model.06.2152.3.5bd9b13b	CNRB_DICDI	56.566	297	116	4	3	290	280	572	2.03e-114	346	74.41	CNRB_DICDI CLPTM1-like membrane protein cnrB
gene:evm.TU.04.1188	cds.evm.model.04.2012	DDM1_ARATH	72.752	734	188	6	6	736	40	764	0.0	1070	84.06	DDM1_ARATH ATP-dependent DNA helicase DDM1
gene:evm.TU.04.1842	cds.evm.model.01.1731.1.5bd9b136	WOX8_ORYSJ	62.366	93	34	1	18	109	26	118	6.85e-39	134	81.72	WOX8_ORYSJ WUSCHEL-related homeobox 8
gene:evm.TU.04.1309	cds.evm.model.01.1731	WOX8_ORYSJ	74.074	135	32	2	18	151	26	158	7.74e-71	219	88.89	WOX8_ORYSJ WUSCHEL-related homeobox 8
gene:evm.TU.04.1204	cds.evm.model.10.1930	ROC3_NICSY	69.159	214	64	2	120	331	63	276	7.17e-101	301	83.64	ROC3_NICSY 28 kDa ribonucleoprotein, chloroplastic
gene:evm.TU.04.1469	cds.evm.model.09.1676	RL38_ARATH	95.238	63	3	0	1	63	1	63	1.13e-35	127	98.41	RL38_ARATH Large ribosomal subunit protein eL38z/eL38y {ECO:0000303|PubMed:36423343}
gene:evm.TU.04.1911	cds.novel_model_2021_5bd9a17a	LAHY_LARTR	50.405	617	256	15	1	605	1	579	0.0	559	64.99	LAHY_LARTR (+)-larreatricin hydroxylase, chloroplastic
gene:evm.TU.04.1647	cds.novel_model_329_5bd9a17a	UFOG7_FRAAN	56.303	476	183	7	8	465	9	477	1.01e-178	513	70.59	UFOG7_FRAAN UDP-glucose flavonoid 3-O-glucosyltransferase 7 {ECO:0000303|PubMed:18487633}
gene:evm.TU.04.1647	cds.evm.model.02.2831.1.5bdae6e3	Y1141_ARATH	51.932	414	193	4	20	429	18	429	5.28e-152	455	70.05	Y1141_ARATH G-type lectin S-receptor-like serine/threonine-protein kinase At1g11410
gene:evm.TU.04.1992	cds.evm.model.02.2831.2.5bdae6e3	Y1141_ARATH	51.252	599	271	6	20	604	18	609	0.0	625	68.61	Y1141_ARATH G-type lectin S-receptor-like serine/threonine-protein kinase At1g11410
gene:evm.TU.04.1560	cds.evm.model.02.2831	RKS1_ARATH	54.348	828	355	11	21	835	16	833	0.0	893	69.93	RKS1_ARATH G-type lectin S-receptor-like serine/threonine-protein kinase RKS1
gene:evm.TU.04.183	cds.evm.model.03.1075.1.5bd9b138	RL4_PRUAR	88.750	400	44	1	8	406	9	408	0.0	698	95.00	RL4_PRUAR Large ribosomal subunit protein uL4 {ECO:0000305}
gene:evm.TU.04.1833	cds.evm.model.03.1075	RL4_PRUAR	89.000	400	44	0	8	407	9	408	0.0	705	95.25	RL4_PRUAR Large ribosomal subunit protein uL4 {ECO:0000305}
gene:evm.TU.04.1172	cds.evm.model.01.196	EXOL5_ARATH	71.848	341	85	4	19	351	26	363	1.26e-172	487	84.16	EXOL5_ARATH Protein EXORDIUM-like 5
gene:evm.TU.04.1784	cds.evm.model.09.998	SLD5_ARATH	56.596	235	86	4	1	235	1	219	3.21e-88	263	74.04	SLD5_ARATH DNA replication complex GINS protein SLD5 {ECO:0000303|PubMed:17556508, ECO:0000303|PubMed:28428341}
gene:evm.TU.04.1784	cds.evm.model.10.2274.1.5bdae6e3	ILVH2_ARATH	73.182	440	111	3	44	482	44	477	0.0	646	83.64	ILVH2_ARATH Acetolactate synthase small subunit 2, chloroplastic {ECO:0000305}
gene:evm.TU.04.1784	cds.evm.model.10.2274	ILVH1_ARATH	72.671	322	85	2	1	320	169	489	2.45e-172	490	87.58	ILVH1_ARATH Acetolactate synthase small subunit 1, chloroplastic {ECO:0000305}
gene:evm.TU.04.1158	cds.evm.model.10.2274	ILVH1_ARATH	41.808	177	96	3	146	317	82	256	2.26e-38	145	67.23	ILVH1_ARATH Acetolactate synthase small subunit 1, chloroplastic {ECO:0000305}
gene:evm.TU.04.1052	cds.evm.model.09.1538	B2DXI_ARATH	50.862	348	168	2	4	351	20	364	5.18e-122	359	68.10	B2DXI_ARATH Protein BIIDXI {ECO:0000303|PubMed:29238286}
gene:evm.TU.04.1427	cds.evm.model.02.2291	TRXM4_ARATH	54.639	194	75	6	1	184	1	191	2.05e-61	191	73.71	TRXM4_ARATH Thioredoxin M4, chloroplastic
gene:evm.TU.04.1858	cds.evm.model.02.2282	JA2L_SOLLC	62.363	364	113	7	1	350	1	354	1.58e-151	433	74.45	JA2L_SOLLC NAC domain-containing protein JA2L {ECO:0000305}
gene:evm.TU.04.1712	cds.evm.model.07.1304	GIP2_NICBE	57.623	446	161	7	6	437	8	439	1.41e-162	468	69.06	GIP2_NICBE Probable aspartic proteinase GIP2 {ECO:0000305}
gene:evm.TU.04.1663	cds.evm.model.08.299	Y2239_ARATH	73.223	605	152	4	1	604	4	599	0.0	895	83.31	Y2239_ARATH Probable LRR receptor-like serine/threonine-protein kinase At2g23950
gene:evm.TU.04.1974	cds.evm.model.09.233	Y273_METTH	34.783	161	68	4	6	142	1	148	8.54e-22	87.8	49.07	Y273_METTH UPF0098 protein MTH_273
gene:evm.TU.04.1498	cds.evm.model.10.535	PGIP_PYRCO	63.385	325	116	3	11	334	8	330	5.10e-141	405	73.85	PGIP_PYRCO Polygalacturonase inhibitor
gene:evm.TU.04.173	cds.evm.model.10.1413	ACOX3_ARATH	74.889	673	165	3	2	671	4	675	0.0	1082	87.22	ACOX3_ARATH Acyl-coenzyme A oxidase 3, peroxisomal
gene:evm.TU.04.1510	cds.evm.model.10.317	CCL7_HUMLU	88.645	546	57	3	1	543	1	544	0.0	994	95.60	CCL7_HUMLU Probable CoA ligase CCL7 {ECO:0000305|PubMed:23300257}
gene:evm.TU.04.1286	cds.evm.model.03.789	PALY_TRISU	84.497	716	99	2	4	707	10	725	0.0	1258	91.20	PALY_TRISU Phenylalanine ammonia-lyase
gene:evm.TU.04.1286	cds.evm.model.05.1934	TRN2_ARATH	76.208	269	64	0	1	269	1	269	4.52e-141	400	86.25	TRN2_ARATH Protein TORNADO 2
gene:evm.TU.04.1286	cds.evm.model.04.2446	MPH1_ARATH	67.368	190	56	4	31	219	19	203	7.68e-81	245	79.47	MPH1_ARATH Protein MAINTENANCE OF PSII UNDER HIGH LIGHT 1 {ECO:0000303|PubMed:25846821}
gene:evm.TU.04.1782	cds.evm.model.08.110	ZIP11_ARATH	65.323	248	63	4	1	240	94	326	3.96e-109	320	76.21	ZIP11_ARATH Zinc transporter 11
gene:evm.TU.04.1782	cds.evm.model.10.404.2.5bd9b13d	SBH1_ARATH	88.608	158	18	0	1	158	103	260	4.01e-109	314	97.47	SBH1_ARATH Sphinganine C4-monooxygenase 1
gene:evm.TU.04.1841	cds.evm.model.10.404	SBH2_ARATH	77.132	258	59	0	1	258	2	259	4.48e-154	432	87.98	SBH2_ARATH Sphinganine C4-monooxygenase 2
gene:evm.TU.04.1004	cds.evm.model.10.404.1.5bd9b13d	SBH1_ARATH	88.608	158	18	0	1	158	103	260	4.01e-109	314	97.47	SBH1_ARATH Sphinganine C4-monooxygenase 1
gene:evm.TU.04.1004	cds.evm.model.08.1089	GGR1_CANSA	100.000	276	0	0	1	276	40	315	0.0	576	100.00	GGR1_CANSA Heterodimeric geranylgeranyl pyrophosphate synthase small subunit 1, chloroplastic {ECO:0000303|PubMed:28355238}
gene:evm.TU.04.1742	cds.evm.model.08.305	GGP3_ARATH	54.331	254	108	2	11	264	4	249	1.13e-98	291	71.26	GGP3_ARATH Gamma-glutamyl peptidase 3 {ECO:0000305}
gene:evm.TU.04.1476	cds.novel_model_3942_5bd9a17a	SAU32_ARATH	58.000	100	40	1	36	133	22	121	2.56e-39	131	78.00	SAU32_ARATH Auxin-responsive protein SAUR32 {ECO:0000305}
gene:evm.TU.04.1476	cds.evm.model.02.3031	C77A1_SOLME	46.025	478	244	9	25	496	26	495	1.56e-152	447	67.99	C77A1_SOLME Cytochrome P450 77A1
gene:evm.TU.04.1476	cds.novel_model_792_5bda875f	L7AT_MELAZ	29.801	151	77	7	10	149	316	448	4.83e-08	54.3	50.33	L7AT_MELAZ Epi-neemfruitin B 7-O-acetyltransferse L7AT {ECO:0000303|PubMed:36701471}
gene:evm.TU.04.1476	cds.evm.model.06.550	DR102_ARATH	67.427	307	84	3	9	307	12	310	2.97e-153	434	80.13	DR102_ARATH DNA damage-repair/toleration protein DRT102
gene:evm.TU.04.1810	cds.evm.model.06.1154	SCP48_ARATH	67.194	506	156	4	1	500	1	502	0.0	726	79.45	SCP48_ARATH Serine carboxypeptidase-like 48
gene:evm.TU.04.1013	cds.evm.model.07.367	CTL2_ARATH	83.333	162	26	1	1	161	158	319	1.69e-100	295	90.74	CTL2_ARATH Chitinase-like protein 2
gene:evm.TU.04.161	cds.evm.model.04.1774.3.5bd9b139.1.5bdae6de	KAI2_ARATH	73.438	128	31	1	1	128	1	125	1.41e-67	207	90.62	KAI2_ARATH Probable esterase KAI2
gene:evm.TU.04.1829	cds.evm.model.04.1774.3.5bd9b139.2.5bdae6de	KAI2_ARATH	74.400	125	29	1	1	125	1	122	1.98e-66	204	91.20	KAI2_ARATH Probable esterase KAI2
gene:evm.TU.04.1829	cds.evm.model.04.1774.2.5bd9b139	KAI2_ARATH	79.853	273	52	1	1	273	1	270	1.09e-166	465	92.31	KAI2_ARATH Probable esterase KAI2
gene:evm.TU.04.1829	cds.evm.model.04.1774.3.5bd9b139	KAI2_ARATH	74.803	127	29	1	1	127	1	124	3.82e-68	209	91.34	KAI2_ARATH Probable esterase KAI2
gene:evm.TU.04.1829	cds.evm.model.04.1774.1.5bd9b139	KAI2_ARATH	79.853	273	52	1	1	273	1	270	1.09e-166	465	92.31	KAI2_ARATH Probable esterase KAI2
gene:evm.TU.04.1829	cds.evm.model.04.1774	KAI2_ARATH	79.853	273	52	1	1	273	1	270	1.09e-166	465	92.31	KAI2_ARATH Probable esterase KAI2
gene:evm.TU.04.1829	cds.evm.model.06.956	PRB1_TOBAC	56.805	169	67	3	8	176	5	167	5.97e-64	197	68.05	PRB1_TOBAC Basic form of pathogenesis-related protein 1
gene:evm.TU.04.1829	cds.evm.model.02.2419	MYB17_ARATH	61.491	322	84	10	1	319	1	285	8.11e-124	360	71.74	MYB17_ARATH Transcription factor MYB17 {ECO:0000305}
gene:evm.TU.04.1829	cds.novel_model_7406_5bd9a17a.1.5bd9b13e	CISY3_ARATH	87.629	97	12	0	1	97	286	382	3.92e-55	182	94.85	CISY3_ARATH Citrate synthase 3, peroxisomal
gene:evm.TU.04.1829	cds.novel_model_7405_5bd9a17a	CYSZ_CUCMA	82.723	191	33	0	11	201	12	202	2.07e-110	329	91.62	CYSZ_CUCMA Citrate synthase, glyoxysomal
gene:evm.TU.04.1756	cds.evm.model.02.2043.1.5bd9b136	PME17_ARATH	58.199	311	108	10	1	310	2	291	4.40e-110	332	71.38	PME17_ARATH Probable pectinesterase/pectinesterase inhibitor 17
gene:evm.TU.04.1935	cds.evm.model.02.2043	PME2_CITSI	70.301	532	135	9	1	531	1	510	0.0	749	81.20	PME2_CITSI Pectinesterase 2
gene:evm.TU.04.1097	cds.evm.model.07.1765	RS15_ORYSJ	88.312	154	17	1	1	153	1	154	4.24e-97	279	94.81	RS15_ORYSJ Small ribosomal subunit protein uS19 {ECO:0000305}
gene:evm.TU.04.191	cds.evm.model.07.993	STP10_ARATH	68.932	515	155	3	1	512	1	513	0.0	729	81.94	STP10_ARATH Sugar transport protein 10 {ECO:0000303|PubMed:16923188}
gene:evm.TU.04.1486	cds.evm.model.02.930.5.5bd9b134	TBL33_ARATH	73.770	305	71	4	16	318	16	313	1.36e-167	475	85.90	TBL33_ARATH Protein trichome birefringence-like 33 {ECO:0000303|PubMed:20388664}
gene:evm.TU.04.1486	cds.evm.model.02.930.6.5bd9b134	TBL33_ARATH	72.964	307	73	4	16	321	16	313	2.66e-167	474	85.34	TBL33_ARATH Protein trichome birefringence-like 33 {ECO:0000303|PubMed:20388664}
gene:evm.TU.04.1486	cds.evm.model.02.930.3.5bd9b134	TBL33_ARATH	81.272	283	53	0	1	283	142	424	2.69e-179	503	92.58	TBL33_ARATH Protein trichome birefringence-like 33 {ECO:0000303|PubMed:20388664}
gene:evm.TU.04.1486	cds.evm.model.02.930.2.5bd9b134	TBL33_ARATH	81.272	283	53	0	1	283	142	424	2.69e-179	503	92.58	TBL33_ARATH Protein trichome birefringence-like 33 {ECO:0000303|PubMed:20388664}
gene:evm.TU.04.1486	cds.evm.model.02.930	TBL33_ARATH	75.240	416	94	4	16	429	16	424	0.0	666	86.54	TBL33_ARATH Protein trichome birefringence-like 33 {ECO:0000303|PubMed:20388664}
gene:evm.TU.04.1486	cds.evm.model.02.930.4.5bd9b134	TBL33_ARATH	74.641	418	96	4	16	432	16	424	0.0	665	86.12	TBL33_ARATH Protein trichome birefringence-like 33 {ECO:0000303|PubMed:20388664}
gene:evm.TU.04.1486	cds.evm.model.02.930.1.5bd9b134	TBL33_ARATH	81.272	283	53	0	1	283	142	424	2.69e-179	503	92.58	TBL33_ARATH Protein trichome birefringence-like 33 {ECO:0000303|PubMed:20388664}
gene:evm.TU.04.1486	cds.evm.model.04.327	GH5FP_CHAOB	45.611	524	260	12	32	535	30	548	3.44e-153	453	60.69	GH5FP_CHAOB Glycosyl hydrolase 5 family protein {ECO:0000303|PubMed:27237746}
gene:evm.TU.04.1486	cds.evm.model.10.1562	UGPI7_ARATH	69.799	298	73	3	26	322	22	303	3.73e-146	416	81.21	UGPI7_ARATH Uncharacterized GPI-anchored protein At4g28100
gene:evm.TU.04.1486	cds.evm.model.05.1254	HS701_ARATH	92.780	651	43	1	1	647	1	651	0.0	1241	96.93	HS701_ARATH Heat shock 70 kDa protein 1 {ECO:0000303|PubMed:11599561}
gene:evm.TU.04.1486	cds.evm.model.06.1866	SRL2_ORYSJ	52.871	1010	446	16	1	1006	1	984	0.0	991	69.01	SRL2_ORYSJ Protein SEMI-ROLLED LEAF 2 {ECO:0000303|PubMed:26873975}
gene:evm.TU.04.1199	cds.evm.model.07.1708	AGP14_ARATH	55.556	45	19	1	1	44	1	45	5.54e-09	51.6	80.00	AGP14_ARATH Arabinogalactan protein 14 {ECO:0000303|PubMed:11006345}
gene:evm.TU.04.1199	cds.evm.model.03.337	CSPL8_ARATH	60.952	210	69	3	114	319	80	280	4.99e-87	265	76.19	CSPL8_ARATH CASP-like protein 4A3
gene:evm.TU.04.1199	cds.novel_model_3818_5bd9a17a	EXL3_ARATH	56.716	335	143	2	49	383	31	363	4.76e-136	395	73.13	EXL3_ARATH GDSL esterase/lipase EXL3
gene:evm.TU.04.1199	cds.novel_model_1130_5bd9a17a	PER15_IPOBA	69.231	104	31	1	3	105	33	136	1.12e-41	142	77.88	PER15_IPOBA Peroxidase 15 {ECO:0000303|PubMed:17936696}
gene:evm.TU.04.1014	cds.novel_model_1131_5bd9a17a.1.5bd9b135	PER15_IPOBA	69.231	104	31	1	3	105	33	136	1.12e-41	142	77.88	PER15_IPOBA Peroxidase 15 {ECO:0000303|PubMed:17936696}
gene:evm.TU.04.1455	cds.novel_model_2841_5bd9a17a	Y1736_ARATH	56.140	228	91	1	12	230	13	240	1.50e-84	254	70.18	Y1736_ARATH REF/SRPP-like protein At1g67360
gene:evm.TU.04.1100	cds.novel_model_2842_5bd9a17a.2.5bd9b137	Y1736_ARATH	43.750	96	45	1	4	90	145	240	1.31e-19	82.4	60.42	Y1736_ARATH REF/SRPP-like protein At1g67360
gene:evm.TU.04.1599	cds.novel_model_2843_5bd9a17a.1.5bd9b137	Y1736_ARATH	43.750	96	45	1	4	90	145	240	1.31e-19	82.4	60.42	Y1736_ARATH REF/SRPP-like protein At1g67360
gene:evm.TU.04.1962	cds.evm.model.03.652	PDCB3_ARATH	52.198	182	58	6	1	157	1	178	8.87e-53	168	62.09	PDCB3_ARATH PLASMODESMATA CALLOSE-BINDING PROTEIN 3
gene:evm.TU.04.1586	cds.evm.model.10.1894	PHB3_ARATH	86.232	276	38	0	1	276	1	276	1.82e-178	495	96.01	PHB3_ARATH Prohibitin-3, mitochondrial
gene:evm.TU.04.1451	cds.evm.model.05.1815.1.5bdae6e2	RL182_ARATH	88.806	134	15	0	1	134	54	187	3.40e-86	252	96.27	RL182_ARATH Large ribosomal subunit protein eL18y {ECO:0000303|PubMed:36423343}
gene:evm.TU.04.1654	cds.evm.model.05.1815	RL182_ARATH	89.840	187	19	0	1	187	1	187	5.18e-123	347	95.72	RL182_ARATH Large ribosomal subunit protein eL18y {ECO:0000303|PubMed:36423343}
gene:evm.TU.04.1683	cds.evm.model.05.1815.1.5bd9b13a	RL182_ARATH	88.770	187	18	1	1	184	1	187	1.16e-119	339	94.65	RL182_ARATH Large ribosomal subunit protein eL18y {ECO:0000303|PubMed:36423343}
gene:evm.TU.04.1683	cds.evm.model.06.1725.4.5bd9b13b	EXPA8_ARATH	85.799	169	23	1	1	168	85	253	5.56e-106	306	93.49	EXPA8_ARATH Expansin-A8
gene:evm.TU.04.1574	cds.evm.model.06.1725.2.5bd9b13b	EXPA8_ARATH	83.058	242	39	2	15	254	12	253	2.14e-147	414	90.08	EXPA8_ARATH Expansin-A8
gene:evm.TU.04.1475	cds.evm.model.06.1725.3.5bd9b13b	EXPA8_ARATH	83.688	141	23	0	15	155	12	152	4.90e-84	250	88.65	EXPA8_ARATH Expansin-A8
gene:evm.TU.04.1475	cds.evm.model.06.1725	EXPA8_ARATH	83.471	242	39	1	15	255	12	253	9.26e-150	421	90.50	EXPA8_ARATH Expansin-A8
gene:evm.TU.04.1628	cds.evm.model.06.1725.1.5bd9b13b	EXPA8_ARATH	85.799	169	23	1	1	168	85	253	5.56e-106	306	93.49	EXPA8_ARATH Expansin-A8
gene:evm.TU.04.1150	cds.evm.model.06.1725.3.5bd9b13b.1.5bdae6e2	EXPA4_ORYSJ	74.359	78	20	0	10	87	1	78	5.60e-32	114	84.62	EXPA4_ORYSJ Expansin-A4
gene:evm.TU.04.1289	cds.evm.model.08.524	COBL4_ARATH	74.474	333	85	0	1	333	79	411	0.0	554	87.09	COBL4_ARATH COBRA-like protein 4
gene:evm.TU.04.1713	cds.evm.model.08.836.1.5bd9b13c	H2A1_ARATH	92.958	71	4	1	10	80	63	132	6.37e-40	130	94.37	H2A1_ARATH Probable histone H2A.1
gene:evm.TU.04.1524	cds.evm.model.08.836	H2A1_ARATH	94.737	133	6	1	1	133	1	132	6.09e-85	247	96.24	H2A1_ARATH Probable histone H2A.1
gene:evm.TU.04.1003	cds.evm.model.02.1177	NQR_ARATH	73.846	195	49	2	3	197	4	196	1.85e-100	291	89.23	NQR_ARATH NADPH:quinone oxidoreductase
gene:evm.TU.04.1831	cds.evm.model.01.2121.2.5bdae6e3	PBL10_ARATH	59.804	204	71	3	44	236	10	213	1.08e-76	241	73.53	PBL10_ARATH Probable serine/threonine-protein kinase PBL10 {ECO:0000305}
gene:evm.TU.04.1831	cds.evm.model.01.2121.1.5bdae6e3	PBL10_ARATH	70.874	206	58	1	76	279	51	256	2.55e-103	310	83.01	PBL10_ARATH Probable serine/threonine-protein kinase PBL10 {ECO:0000305}
gene:evm.TU.04.1831	cds.evm.model.01.2121	PIX13_ARATH	63.354	322	107	4	72	390	64	377	7.02e-146	424	78.26	PIX13_ARATH Probable serine/threonine-protein kinase PIX13 {ECO:0000305}
gene:evm.TU.04.1831	cds.evm.model.01.2121.1.5bd9b136	PIX13_ARATH	62.437	197	68	1	5	201	187	377	4.10e-85	261	77.66	PIX13_ARATH Probable serine/threonine-protein kinase PIX13 {ECO:0000305}
gene:evm.TU.04.1831	cds.evm.model.02.3234	TRPB_CAMAC	85.213	399	26	1	10	375	68	466	0.0	693	89.22	TRPB_CAMAC Tryptophan synthase beta chain 2, chloroplastic
gene:evm.TU.04.1884	cds.evm.model.06.2123.1.5bd9b13b	PAP12_ARATH	62.500	400	132	5	14	403	16	407	1.04e-177	504	77.50	PAP12_ARATH Probable plastid-lipid-associated protein 12, chloroplastic
gene:evm.TU.04.1965	cds.evm.model.06.2123	PAP12_ARATH	62.500	400	132	5	14	403	16	407	1.04e-177	504	77.50	PAP12_ARATH Probable plastid-lipid-associated protein 12, chloroplastic
gene:evm.TU.04.1408	cds.evm.model.01.418	Y5161_ARATH	26.263	99	71	2	15	112	56	153	3.22e-07	50.4	47.47	Y5161_ARATH Uncharacterized protein At5g01610
gene:evm.TU.04.1851	cds.novel_model_6505_5bd9a17a	TYDC2_PAPSO	67.228	534	162	3	1	534	1	521	0.0	777	80.71	TYDC2_PAPSO Tyrosine/DOPA decarboxylase 2
gene:evm.TU.04.1184	cds.evm.model.10.534	PGIP_PYRCO	64.526	327	113	3	9	334	6	330	3.58e-142	408	74.62	PGIP_PYRCO Polygalacturonase inhibitor
gene:evm.TU.04.1168	cds.evm.model.06.47	TGA9_ARATH	80.165	242	47	1	5	246	165	405	1.54e-141	408	90.50	TGA9_ARATH Transcription factor TGA9 {ECO:0000303|PubMed:20805327}
gene:evm.TU.04.1168	cds.novel_model_161_5bd9a17a	H32_WHEAT	100.000	136	0	0	1	136	1	136	5.00e-95	272	100.00	H32_WHEAT Histone H3.2
gene:evm.TU.04.1168	cds.evm.model.10.1756	RR13_SPIOL	82.946	129	21	1	448	575	41	169	1.95e-70	227	93.80	RR13_SPIOL Small ribosomal subunit protein uS13c {ECO:0000303|PubMed:28007896}
gene:evm.TU.04.1168	cds.evm.model.03.448	BH162_ARATH	33.953	215	112	5	1	214	1	186	1.15e-27	106	51.63	BH162_ARATH Transcription factor bHLH162
gene:evm.TU.04.1168	cds.evm.model.01.2857	GATL1_ARATH	80.909	330	57	2	34	362	27	351	0.0	508	87.88	GATL1_ARATH Probable galacturonosyltransferase-like 1
gene:evm.TU.04.1351	cds.novel_model_1109_5bd9a17a.2.5bd9b135	LAC15_ARATH	56.217	571	219	11	10	574	8	553	0.0	654	71.10	LAC15_ARATH Laccase-15
gene:evm.TU.04.1700	cds.novel_model_1110_5bd9a17a.1.5bd9b135	LAC15_ARATH	56.042	571	220	11	10	574	8	553	0.0	651	70.93	LAC15_ARATH Laccase-15
gene:evm.TU.04.1966	cds.novel_model_1108_5bd9a17a	LAC15_ARATH	56.217	571	220	10	10	575	8	553	0.0	657	71.10	LAC15_ARATH Laccase-15
gene:evm.TU.04.1900	cds.evm.model.02.2570	SKI27_ARATH	35.583	163	88	3	33	179	63	224	2.28e-24	97.8	57.67	SKI27_ARATH F-box protein SKIP27
gene:evm.TU.04.1089	cds.novel_model_4501_5bd9a17a	A10A5_SOYBN	60.000	90	33	2	2	90	1	88	1.96e-32	111	72.22	A10A5_SOYBN Auxin-induced protein 10A5
gene:evm.TU.04.1520	cds.evm.model.10.1567	THF1_SOLTU	78.319	226	48	1	160	384	66	291	4.95e-131	380	89.38	THF1_SOLTU Protein THYLAKOID FORMATION1, chloroplastic
gene:evm.TU.04.1462	cds.evm.model.07.819.1.5bdae6d9	EXB17_ORYSJ	75.806	248	58	1	21	266	27	274	5.37e-140	397	83.47	EXB17_ORYSJ Expansin-B17
gene:evm.TU.04.1462	cds.evm.model.07.819	EXB16_ORYSJ	70.098	204	56	1	3	206	13	211	9.18e-103	301	80.88	EXB16_ORYSJ Expansin-B16
gene:evm.TU.04.1570	cds.evm.model.05.1347	OSL3_ARATH	76.786	224	51	1	4	227	1	223	2.84e-126	360	84.82	OSL3_ARATH Osmotin-like protein OSM34
gene:evm.TU.04.1113	cds.evm.model.02.3208	PP137_ARATH	49.177	547	263	4	2	542	3	540	4.57e-178	521	67.09	PP137_ARATH Pentatricopeptide repeat-containing protein At1g80880, mitochondrial
gene:evm.TU.04.143	cds.novel_model_6327_5bd9a17a.1.5bd9b13c	PNSL3_ARATH	69.307	101	31	0	1	101	120	220	2.59e-46	150	87.13	PNSL3_ARATH Photosynthetic NDH subunit of lumenal location 3, chloroplastic {ECO:0000303|PubMed:21785130}
gene:evm.TU.04.1600	cds.novel_model_6328_5bd9a17a.3.5bd9b13c	PNSL3_ARATH	55.804	224	93	3	1	222	1	220	4.41e-84	251	73.66	PNSL3_ARATH Photosynthetic NDH subunit of lumenal location 3, chloroplastic {ECO:0000303|PubMed:21785130}
gene:evm.TU.04.1062	cds.novel_model_6326_5bd9a17a	PNSL3_ARATH	56.000	225	92	4	1	223	1	220	3.50e-83	249	73.78	PNSL3_ARATH Photosynthetic NDH subunit of lumenal location 3, chloroplastic {ECO:0000303|PubMed:21785130}
gene:evm.TU.04.199	cds.novel_model_6329_5bd9a17a.2.5bd9b13c	PNSL3_ARATH	49.554	224	85	4	1	200	1	220	1.10e-67	209	65.62	PNSL3_ARATH Photosynthetic NDH subunit of lumenal location 3, chloroplastic {ECO:0000303|PubMed:21785130}
gene:evm.TU.04.1709	cds.novel_model_6330_5bd9a17a.4.5bd9b13c	PNSL3_ARATH	39.175	97	53	3	1	95	1	93	1.20e-13	66.6	57.73	PNSL3_ARATH Photosynthetic NDH subunit of lumenal location 3, chloroplastic {ECO:0000303|PubMed:21785130}
gene:evm.TU.04.1981	cds.evm.model.06.782	AHL20_ARATH	61.092	293	79	9	4	280	3	276	2.52e-94	282	73.72	AHL20_ARATH AT-hook motif nuclear-localized protein 20 {ECO:0000312|EMBL:FAA00291.1}
gene:evm.TU.04.1381	cds.evm.model.10.814	MLP31_ARATH	50.993	151	74	0	2	152	17	167	1.01e-52	167	69.54	MLP31_ARATH MLP-like protein 31
gene:evm.TU.04.1322	cds.evm.model.06.1439	RDUF1_ARATH	48.413	378	149	11	36	385	30	389	6.95e-97	298	61.38	RDUF1_ARATH E3 ubiquitin-protein ligase RDUF1 {ECO:0000305}
gene:evm.TU.04.1612	cds.novel_model_2799_5bd9a17a	CML31_ORYSJ	47.222	144	73	3	8	151	10	150	3.61e-33	117	63.19	CML31_ORYSJ Probable calcium-binding protein CML31
gene:evm.TU.04.1118	cds.novel_model_2800_5bd9a17a.1.5bd9b137	CML39_ARATH	46.853	143	71	2	9	151	22	159	1.04e-34	121	65.73	CML39_ARATH Calcium-binding protein CML39
gene:evm.TU.04.1118	cds.evm.model.04.984	MLX56_MORAL	39.401	401	151	8	1	309	1	401	3.59e-79	250	46.38	MLX56_MORAL Mulatexin {ECO:0000303|PubMed:19476960}
gene:evm.TU.04.1118	cds.evm.model.10.2115	HIR1_CAPAN	83.784	222	36	0	1	222	1	222	6.96e-142	401	95.05	HIR1_CAPAN Hypersensitive-induced reaction 1 protein {ECO:0000303|PubMed:20507517}
gene:evm.TU.04.1118	cds.evm.model.10.2115.1.5bd9b13e	HIR1_CAPAN	83.784	222	36	0	1	222	1	222	6.96e-142	401	95.05	HIR1_CAPAN Hypersensitive-induced reaction 1 protein {ECO:0000303|PubMed:20507517}
gene:evm.TU.04.1118	cds.evm.model.10.2115.2.5bd9b13e	HIR1_CAPAN	82.090	134	24	0	1	134	1	134	2.76e-82	246	94.03	HIR1_CAPAN Hypersensitive-induced reaction 1 protein {ECO:0000303|PubMed:20507517}
gene:evm.TU.04.1118	cds.evm.model.06.2139	BAME1_ARATH	57.966	954	385	8	525	1470	23	968	0.0	1070	72.85	BAME1_ARATH Leucine-rich repeat receptor-like serine/threonine-protein kinase BAM1
gene:evm.TU.04.1118	cds.evm.model.07.331	BH147_ARATH	60.606	165	56	2	44	206	49	206	1.64e-56	182	73.33	BH147_ARATH Transcription factor bHLH147
gene:evm.TU.04.1	cds.evm.model.03.1530.2.5bd9b138	C7968_PRUMU	58.491	318	116	4	11	328	20	321	3.51e-119	357	74.84	C7968_PRUMU Tryptophan N-monooxygenase CYP79A68 {ECO:0000303|PubMed:25015725}
gene:evm.TU.04.1195	cds.evm.model.03.1530.1.5bd9b138	C7968_PRUMU	58.757	531	197	8	11	538	20	531	0.0	614	75.71	C7968_PRUMU Tryptophan N-monooxygenase CYP79A68 {ECO:0000303|PubMed:25015725}
gene:evm.TU.04.1295	cds.evm.model.03.1530	C7968_PRUMU	58.868	530	197	7	11	537	20	531	0.0	619	75.85	C7968_PRUMU Tryptophan N-monooxygenase CYP79A68 {ECO:0000303|PubMed:25015725}
gene:evm.TU.04.1750	cds.evm.model.10.1928	PIP1_ARATH	41.429	70	36	2	8	76	7	72	6.48e-09	50.4	60.00	PIP1_ARATH PAMP-induced secreted peptide 1 {ECO:0000303|PubMed:25188390}
gene:evm.TU.04.1750	cds.evm.model.04.11	MSR1_ARATH	59.102	423	169	3	1	420	1	422	0.0	529	78.25	MSR1_ARATH Protein MANNAN SYNTHESIS-RELATED 1 {ECO:0000303|PubMed:22966747}
gene:evm.TU.04.1750	cds.novel_model_5974_5bd9a17a.1.5bd9b13b	EF1G_PRUAV	77.291	251	47	2	1	244	175	422	6.28e-136	391	85.66	EF1G_PRUAV Elongation factor 1-gamma
gene:evm.TU.04.117	cds.novel_model_5973_5bd9a17a	EF1G_PRUAV	80.000	425	75	2	1	418	1	422	0.0	686	87.76	EF1G_PRUAV Elongation factor 1-gamma
gene:evm.TU.04.1278	cds.evm.model.08.936.1.5bd9b13c	CB3_ARATH	95.062	162	8	0	1	162	104	265	8.82e-111	318	98.15	CB3_ARATH Chlorophyll a-b binding protein 3, chloroplastic
gene:evm.TU.04.1478	cds.evm.model.08.936	CB3_ARATH	89.811	265	26	1	3	266	1	265	7.36e-176	488	94.34	CB3_ARATH Chlorophyll a-b binding protein 3, chloroplastic
gene:evm.TU.04.1785	cds.evm.model.08.1699	SAU51_ARATH	76.364	110	24	1	1	110	1	108	2.15e-58	178	88.18	SAU51_ARATH Protein SMALL AUXIN UP-REGULATED RNA 51 {ECO:0000303|PubMed:29258424}
gene:evm.TU.04.1758	cds.evm.model.09.1211	HMA7_ARATH	77.579	1008	214	4	1	1003	1	1001	0.0	1582	87.90	HMA7_ARATH Copper-transporting ATPase RAN1
gene:evm.TU.04.1103	cds.evm.model.01.626.2.5bd9b134	Y2706_ARATH	83.702	362	55	3	1	358	1	362	0.0	595	89.50	Y2706_ARATH Probable receptor-like protein kinase At2g47060
gene:evm.TU.04.1386	cds.evm.model.01.626	Y2706_ARATH	83.702	362	55	3	1	358	1	362	0.0	595	89.50	Y2706_ARATH Probable receptor-like protein kinase At2g47060
gene:evm.TU.04.1320	cds.evm.model.01.626.1.5bd9b134	Y2706_ARATH	83.702	362	55	3	1	358	1	362	0.0	595	89.50	Y2706_ARATH Probable receptor-like protein kinase At2g47060
gene:evm.TU.04.1508	cds.evm.model.01.626.3.5bd9b134	Y2706_ARATH	83.702	362	55	3	1	358	1	362	0.0	595	89.50	Y2706_ARATH Probable receptor-like protein kinase At2g47060
gene:evm.TU.04.1177	cds.evm.model.08.715	MCM5_ARATH	78.940	736	146	2	1	736	1	727	0.0	1207	87.91	MCM5_ARATH DNA replication licensing factor MCM5
gene:evm.TU.04.1929	cds.evm.model.03.1602.1.5bd9b138	C93A2_SOYBN	53.659	205	91	2	1	201	296	500	1.82e-80	251	76.10	C93A2_SOYBN Cytochrome P450 93A2
gene:evm.TU.04.1639	cds.evm.model.03.1602	C93A1_SOYBN	47.389	517	252	7	15	523	3	507	3.98e-175	506	69.05	C93A1_SOYBN 3,9-dihydroxypterocarpan 6A-monooxygenase
gene:evm.TU.04.1639	cds.evm.model.10.1704	COBRA_ARATH	72.381	420	112	1	15	430	22	441	0.0	683	85.48	COBRA_ARATH Protein COBRA
gene:evm.TU.04.1639	cds.novel_model_1106_5bd9a17a	Y4967_ARATH	65.169	356	123	1	6	360	4	359	0.0	511	82.30	Y4967_ARATH Uncharacterized oxidoreductase At4g09670
gene:evm.TU.04.1853	cds.evm.model.02.646	ITN1_ARATH	71.899	516	111	4	5	493	7	515	0.0	714	80.43	ITN1_ARATH Ankyrin repeat-containing protein ITN1
gene:evm.TU.04.1470	cds.evm.model.07.54	RS23_FRAAN	95.775	142	6	0	1	142	1	142	2.59e-95	274	97.18	RS23_FRAAN Small ribosomal subunit protein uS12 {ECO:0000305}
gene:evm.TU.04.1301	cds.evm.model.10.226	BAS1B_ARATH	87.324	213	26	1	54	265	61	273	2.58e-138	393	94.84	BAS1B_ARATH 2-Cys peroxiredoxin BAS1-like, chloroplastic
gene:evm.TU.04.1301	cds.evm.model.01.569	CLPP5_ARATH	82.274	299	50	2	1	297	1	298	0.0	513	90.30	CLPP5_ARATH ATP-dependent Clp protease proteolytic subunit 5, chloroplastic {ECO:0000303|PubMed:11299370}
gene:evm.TU.04.1840	cds.evm.model.01.569.1.5bdae6db	CLPP5_ARATH	76.555	209	46	2	1	207	1	208	3.06e-113	328	85.65	CLPP5_ARATH ATP-dependent Clp protease proteolytic subunit 5, chloroplastic {ECO:0000303|PubMed:11299370}
gene:evm.TU.04.1927	cds.evm.model.01.569.2.5bdae6db	CLPP5_ARATH	93.229	192	13	0	1	192	107	298	3.32e-135	384	98.96	CLPP5_ARATH ATP-dependent Clp protease proteolytic subunit 5, chloroplastic {ECO:0000303|PubMed:11299370}
gene:evm.TU.04.156	cds.evm.model.05.1606	SAU36_ARATH	48.000	100	36	2	149	238	68	161	9.79e-25	99.4	62.00	SAU36_ARATH Auxin-responsive protein SAUR36 {ECO:0000305}
gene:evm.TU.04.1542	cds.evm.model.09.899	ORP3A_ARATH	78.462	455	96	1	1	455	1	453	0.0	788	91.87	ORP3A_ARATH Oxysterol-binding protein-related protein 3A
gene:evm.TU.04.1826	cds.novel_model_6257_5bd9a17a	FER_CAPAN	65.248	141	48	1	6	146	3	142	5.33e-67	202	82.27	FER_CAPAN Ferredoxin, chloroplastic
gene:evm.TU.04.109	cds.evm.model.10.1462	ARASP_ARATH	75.315	397	95	1	119	515	54	447	0.0	602	87.15	ARASP_ARATH Membrane metalloprotease ARASP, chloroplastic {ECO:0000303|PubMed:16413549}
gene:evm.TU.04.1739	cds.evm.model.09.1541	MCM3_ARATH	74.003	777	185	8	1	766	1	771	0.0	1150	84.04	MCM3_ARATH DNA replication licensing factor MCM3
gene:evm.TU.04.1739	cds.evm.model.02.1678	C78A3_SOYBN	68.972	535	153	4	1	534	1	523	0.0	753	79.25	C78A3_SOYBN Cytochrome P450 78A3
gene:evm.TU.04.1739	cds.novel_model_1234_5bd9a17a	IF4A9_TOBAC	95.157	413	20	0	1	413	1	413	0.0	815	98.31	IF4A9_TOBAC Eukaryotic initiation factor 4A-9
gene:evm.TU.04.1739	cds.evm.model.02.2530	BBX22_ARATH	45.267	243	110	9	6	233	65	299	1.97e-52	174	61.73	BBX22_ARATH B-box zinc finger protein 22 {ECO:0000303|PubMed:19920209}
gene:evm.TU.04.1739	cds.evm.model.03.1731	SVR3_ARATH	82.275	677	101	7	24	689	6	674	0.0	1140	89.96	SVR3_ARATH Putative elongation factor TypA-like SVR3, chloroplastic
gene:evm.TU.04.1739	cds.evm.model.10.501	PER53_ARATH	75.776	322	78	0	16	337	14	335	0.0	506	88.20	PER53_ARATH Peroxidase 53
gene:evm.TU.04.1739	cds.evm.model.09.55	ALN_ARATH	74.265	408	95	4	3	406	62	463	0.0	629	87.50	ALN_ARATH Allantoinase
gene:evm.TU.04.1739	cds.novel_model_6550_5bd9a17a	TAX1_ARATH	82.192	73	13	0	8	80	3	75	1.85e-26	95.1	87.67	TAX1_ARATH Signaling peptide TAXIMIN 1 {ECO:0000303|PubMed:26071531}
gene:evm.TU.04.1739	cds.evm.model.10.1269	RL30_CORA7	40.741	54	32	0	19	72	3	56	7.46e-08	48.9	68.52	RL30_CORA7 Large ribosomal subunit protein uL30 {ECO:0000255|HAMAP-Rule:MF_01371}
gene:evm.TU.04.1739	cds.evm.model.01.655	EXP17_ARATH	75.294	255	63	0	1	255	1	255	2.98e-148	417	85.88	EXP17_ARATH Putative expansin-A17
gene:evm.TU.04.1465	cds.novel_model_7444_5bd9a17a	AATP7_ARATH	79.167	120	25	0	5	124	334	453	5.14e-63	206	88.33	AATP7_ARATH AAA-ATPase At3g28540
gene:evm.TU.04.1924	cds.evm.model.07.112	GAE6_ARATH	80.260	461	83	4	1	456	3	460	0.0	746	89.59	GAE6_ARATH UDP-glucuronate 4-epimerase 6
gene:evm.TU.04.1875	cds.novel_model_1998_5bd9a17a	APG2_ARATH	65.970	335	112	1	15	349	20	352	1.32e-161	458	77.91	APG2_ARATH GDSL esterase/lipase APG
gene:evm.TU.04.1396	cds.novel_model_5618_5bd9a17a.1.5bd9b13b	RCA1_LARTR	88.329	377	42	2	1	375	100	476	0.0	702	94.43	RCA1_LARTR Ribulose bisphosphate carboxylase/oxygenase activase 1, chloroplastic
gene:evm.TU.04.1666	cds.novel_model_5617_5bd9a17a	RCA1_LARTR	82.881	479	76	4	1	476	1	476	0.0	827	90.61	RCA1_LARTR Ribulose bisphosphate carboxylase/oxygenase activase 1, chloroplastic
gene:evm.TU.04.1590	cds.evm.model.04.869	PSAN_ARATH	72.832	173	41	2	1	169	1	171	5.26e-87	255	83.82	PSAN_ARATH Photosystem I reaction center subunit N, chloroplastic
gene:evm.TU.04.158	cds.evm.model.06.1299	HEMH_ORYSI	89.461	427	45	0	79	505	100	526	0.0	764	94.38	HEMH_ORYSI Ferrochelatase-2, chloroplastic
gene:evm.TU.04.1950	cds.evm.model.06.1299.1.5bdae6df	HEMH_ORYSI	90.038	261	26	0	1	261	266	526	1.84e-162	463	95.02	HEMH_ORYSI Ferrochelatase-2, chloroplastic
gene:evm.TU.04.174	cds.evm.model.06.1299.1.5bd9b13b	HEMH_ORYSI	87.456	287	36	0	79	365	100	386	0.0	517	93.03	HEMH_ORYSI Ferrochelatase-2, chloroplastic
gene:evm.TU.04.1303	cds.evm.model.08.1965	GNAT1_ARATH	67.347	196	58	3	1	190	1	196	1.44e-88	261	78.57	GNAT1_ARATH GCN5-related N-acetyltransferase 1, chloroplastic {ECO:0000303|PubMed:32633465}
gene:evm.TU.04.1575	cds.evm.model.02.2221	CXE6_ARATH	34.259	324	190	9	7	324	23	329	4.11e-55	186	55.25	CXE6_ARATH Probable carboxylesterase 6
gene:evm.TU.04.1649	cds.evm.model.02.2990	ASOL_BRANA	53.935	521	230	4	24	535	24	543	0.0	553	68.33	ASOL_BRANA L-ascorbate oxidase homolog
gene:evm.TU.04.1715	cds.evm.model.07.1787	METE1_ARATH	88.627	765	87	0	1	765	1	765	0.0	1419	93.73	METE1_ARATH 5-methyltetrahydropteroyltriglutamate--homocysteine methyltransferase 1
gene:evm.TU.04.1117	cds.novel_model_7287_5bd9a17a	EOBI_PETHY	54.688	256	51	6	6	258	4	197	1.22e-84	254	64.45	EOBI_PETHY MYB-like transcription factor EOBI {ECO:0000303|PubMed:23275577}
gene:evm.TU.04.1361	cds.evm.model.09.417	OPS_ARATH	52.381	504	112	22	1	442	248	685	1.73e-122	374	60.91	OPS_ARATH Protein OCTOPUS {ECO:0000303|PubMed:22395740}
gene:evm.TU.04.1955	cds.evm.model.09.173	P2C04_ARATH	54.482	569	138	14	172	625	100	662	0.0	556	65.73	P2C04_ARATH Probable protein phosphatase 2C 4
gene:evm.TU.04.1040	cds.evm.model.04.43	K502_ACTDE	51.568	287	128	4	16	292	28	313	6.04e-98	293	68.99	K502_ACTDE Fruit protein pKIWI502
gene:evm.TU.04.1040	cds.novel_model_1501_5bd9a17a_novel_model_1502_5bd9a17a	AGP16_ARATH	72.131	61	14	1	16	73	10	70	1.46e-21	82.4	81.97	AGP16_ARATH Arabinogalactan protein 16 {ECO:0000303|PubMed:11006345}
gene:evm.TU.04.1040	cds.evm.model.09.674	CHLI_SOYBN	86.052	423	57	1	1	423	1	421	0.0	693	90.78	CHLI_SOYBN Magnesium-chelatase subunit ChlI, chloroplastic
gene:evm.TU.04.1040	cds.evm.model.05.2132	WTR44_ARATH	50.000	142	32	1	12	114	101	242	2.54e-34	124	60.56	WTR44_ARATH WAT1-related protein At5g47470
gene:evm.TU.04.1467	cds.evm.model.04.87	GIS3_ARATH	50.575	261	81	13	1	232	1	242	2.47e-59	190	61.69	GIS3_ARATH Zinc finger protein GIS3 {ECO:0000305}
gene:evm.TU.04.1947	cds.evm.model.06.793	GL120_ARATH	70.455	220	64	1	1	220	1	219	1.40e-108	314	82.27	GL120_ARATH Germin-like protein subfamily 1 member 20
gene:evm.TU.04.189	cds.evm.model.01.323.1.5bd9b134	TIC21_ARATH	81.212	165	31	0	93	257	95	259	8.54e-93	279	92.73	TIC21_ARATH Protein TIC 21, chloroplastic
gene:evm.TU.04.1433	cds.evm.model.01.323	TIC21_ARATH	80.198	202	40	0	93	294	95	296	4.56e-114	333	92.57	TIC21_ARATH Protein TIC 21, chloroplastic
gene:evm.TU.04.165	cds.novel_model_6468_5bd9a17a.1.5bd9b13c	NLTP2_GOSHI	56.667	120	48	2	1	120	5	120	1.02e-40	134	76.67	NLTP2_GOSHI Non-specific lipid-transfer protein
gene:evm.TU.04.1795	cds.novel_model_6467_5bd9a17a.2.5bd9b13c	NLTP2_GOSHI	56.667	120	48	2	1	120	5	120	1.02e-40	134	76.67	NLTP2_GOSHI Non-specific lipid-transfer protein
gene:evm.TU.04.1975	cds.novel_model_6466_5bd9a17a	NLTP2_GOSHI	56.667	120	48	2	1	120	5	120	1.02e-40	134	76.67	NLTP2_GOSHI Non-specific lipid-transfer protein
gene:evm.TU.04.18	cds.evm.model.02.2058	DTX19_ARATH	61.728	405	148	2	1	398	1	405	5.15e-173	495	76.30	DTX19_ARATH Protein DETOXIFICATION 19 {ECO:0000303|PubMed:11739388}
gene:evm.TU.04.1603	cds.evm.model.03.1725	CADH1_ARATH	72.836	335	89	2	7	341	8	340	1.14e-178	502	85.07	CADH1_ARATH Probable cinnamyl alcohol dehydrogenase 1
gene:evm.TU.04.1531	cds.evm.model.07.1217	ASPG2_ARATH	66.874	483	123	4	38	520	25	470	0.0	612	77.23	ASPG2_ARATH Protein ASPARTIC PROTEASE IN GUARD CELL 2
gene:evm.TU.04.1531	cds.evm.model.04.877	M3K3A_ARATH	56.082	633	198	16	1	603	1	583	0.0	592	68.40	M3K3A_ARATH Mitogen-activated protein kinase kinase kinase 3 {ECO:0000303|PubMed:27679653}
gene:evm.TU.04.1531	cds.novel_model_5961_5bd9a17a.2.5bd9b13b	GLYI4_ARATH	60.000	45	18	0	46	90	8	52	3.94e-12	62.4	77.78	GLYI4_ARATH Glyoxylase I 4 {ECO:0000303|PubMed:30483284, ECO:0000303|PubMed:31652571}
gene:evm.TU.04.1012	cds.novel_model_5958_5bd9a17a	GLYI4_ARATH	56.886	167	61	4	47	209	9	168	1.07e-57	184	70.66	GLYI4_ARATH Glyoxylase I 4 {ECO:0000303|PubMed:30483284, ECO:0000303|PubMed:31652571}
gene:evm.TU.04.1472	cds.novel_model_5960_5bd9a17a.3.5bd9b13b	GLYI4_ARATH	55.128	78	31	2	1	74	91	168	1.44e-21	87.0	71.79	GLYI4_ARATH Glyoxylase I 4 {ECO:0000303|PubMed:30483284, ECO:0000303|PubMed:31652571}
gene:evm.TU.04.1644	cds.novel_model_5959_5bd9a17a.1.5bd9b13b	GLYI4_ARATH	55.128	78	31	2	1	74	91	168	1.44e-21	87.0	71.79	GLYI4_ARATH Glyoxylase I 4 {ECO:0000303|PubMed:30483284, ECO:0000303|PubMed:31652571}
gene:evm.TU.04.1182	cds.evm.model.06.1752	RL23A_DAUCA	87.582	153	19	0	6	158	2	154	2.15e-81	239	90.20	RL23A_DAUCA Large ribosomal subunit protein uL23 {ECO:0000305}
gene:evm.TU.04.19	cds.evm.model.10.772	RAV1_ARATH	61.795	390	97	11	8	394	3	343	1.04e-147	425	68.72	RAV1_ARATH AP2/ERF and B3 domain-containing transcription factor RAV1
gene:evm.TU.04.1993	cds.evm.model.03.363.1.5bd9b137	CYSEP_PHAVU	79.044	272	57	0	2	273	4	275	8.99e-163	459	87.87	CYSEP_PHAVU Vignain
gene:evm.TU.04.1545	cds.evm.model.03.363	CYSEP_PHAVU	78.552	359	77	0	2	360	4	362	0.0	603	86.91	CYSEP_PHAVU Vignain
gene:evm.TU.04.1938	cds.novel_model_3846_5bd9a17a	H32_WHEAT	99.265	136	1	0	1	136	1	136	9.87e-95	271	100.00	H32_WHEAT Histone H3.2
gene:evm.TU.04.1347	cds.evm.model.05.1827	BAM3_ARATH	70.054	551	159	5	1	548	1	548	0.0	821	81.85	BAM3_ARATH Beta-amylase 3, chloroplastic
gene:evm.TU.04.1856	cds.novel_model_6402_5bd9a17a	RS16_GOSHI	94.245	139	8	0	8	146	7	145	7.48e-92	265	96.40	RS16_GOSHI Small ribosomal subunit protein uS9 {ECO:0000305}
gene:evm.TU.04.1856	cds.evm.model.08.1733	ADC1B_TOBAC	74.317	732	171	7	1	717	1	730	0.0	1093	84.84	ADC1B_TOBAC Arginine decarboxylase 1B, chloroplastic {ECO:0000303|PubMed:32242247}
gene:evm.TU.04.1856	cds.evm.model.06.1324	RRAA2_ARATH	83.735	166	27	0	1	166	1	166	2.84e-98	283	90.36	RRAA2_ARATH Putative 4-hydroxy-4-methyl-2-oxoglutarate aldolase 2
gene:evm.TU.04.185	cds.evm.model.02.1917	CHLM_ARATH	78.788	297	60	3	19	315	19	312	1.23e-168	473	87.21	CHLM_ARATH Magnesium protoporphyrin IX methyltransferase, chloroplastic
gene:evm.TU.04.1656	cds.evm.model.06.896	NRT24_ARATH	74.856	521	87	2	6	482	3	523	0.0	799	82.15	NRT24_ARATH High affinity nitrate transporter 2.4
gene:evm.TU.04.1656	cds.evm.model.02.3262	CAS_ARATH	34.028	144	90	3	334	473	206	348	2.21e-16	85.1	56.94	CAS_ARATH Calcium sensing receptor, chloroplastic
gene:evm.TU.04.1484	cds.evm.model.10.348.2.5bd9b13d	EXP15_ARATH	83.065	248	42	0	1	248	6	253	1.11e-153	430	88.71	EXP15_ARATH Expansin-A15
gene:evm.TU.04.1697	cds.evm.model.10.348.1.5bd9b13d	EXP15_ARATH	81.633	147	27	0	1	147	6	152	3.15e-86	255	87.76	EXP15_ARATH Expansin-A15
gene:evm.TU.04.1673	cds.evm.model.10.348	EXP15_ARATH	83.065	248	42	0	1	248	6	253	1.11e-153	430	88.71	EXP15_ARATH Expansin-A15
gene:evm.TU.04.1119	cds.evm.model.04.2286	LSM5_ARATH	96.471	85	3	0	1	85	1	85	3.44e-55	168	98.82	LSM5_ARATH Sm-like protein LSM5 {ECO:0000305}
gene:evm.TU.04.1403	cds.evm.model.10.1724	PMAT1_ARATH	45.182	467	239	10	6	463	9	467	1.71e-112	342	60.17	PMAT1_ARATH Phenolic glucoside malonyltransferase 1
gene:evm.TU.04.1403	cds.evm.model.06.925	PPF1_PEA	76.798	431	91	5	1	429	1	424	0.0	620	84.92	PPF1_PEA Inner membrane protein PPF-1, chloroplastic
gene:evm.TU.04.1633	cds.evm.model.06.925.1.5bd9b13a	ALB3_ARATH	79.301	372	67	3	17	384	38	403	0.0	599	86.83	ALB3_ARATH Inner membrane protein ALBINO3, chloroplastic
gene:evm.TU.04.136	cds.novel_model_6109_5bd9a17a	C71DA_SOYBN	65.574	183	63	0	1	183	325	507	5.32e-87	267	83.61	C71DA_SOYBN Cytochrome P450 71D10
gene:evm.TU.04.1882	cds.evm.model.08.429	ERLL1_ARATH	49.438	89	44	1	156	243	73	161	7.79e-23	94.4	70.79	ERLL1_ARATH pEARLI1-like lipid transfer protein 1
gene:evm.TU.04.1138	cds.evm.model.07.73	RLF32_ARATH	52.941	85	32	3	50	128	34	116	1.09e-19	81.3	67.06	RLF32_ARATH Protein RALF-like 32
gene:evm.TU.04.1908	cds.evm.model.10.1793	DBR_TOBAC	61.404	342	126	3	3	344	5	340	3.74e-152	434	77.49	DBR_TOBAC 2-alkenal reductase (NADP(+)-dependent)
gene:evm.TU.04.1893	cds.evm.model.09.1558	CB24_TOBAC	89.474	266	26	1	3	266	2	267	2.79e-178	494	96.24	CB24_TOBAC Chlorophyll a-b binding protein 40, chloroplastic
gene:evm.TU.04.1726	cds.evm.model.03.59	AGL15_ARATH	50.206	243	82	4	1	211	1	236	8.19e-64	202	63.37	AGL15_ARATH Agamous-like MADS-box protein AGL15
gene:evm.TU.04.1041	cds.evm.model.03.934	TRI1_YEAST	42.169	83	45	3	36	118	114	193	7.02e-16	73.6	66.27	TRI1_YEAST Protein TRI1
gene:evm.TU.04.1173	cds.novel_model_4986_5bd9a17a.1.5bd9b13a	HPCA1_ARATH	45.732	164	73	4	1	163	805	953	1.93e-35	133	64.63	HPCA1_ARATH Leucine-rich repeat receptor protein kinase HPCA1 {ECO:0000305}
gene:evm.TU.04.1173	cds.novel_model_4985_5bd9a17a	HPCA1_ARATH	54.562	537	220	8	9	537	433	953	1.70e-174	520	70.02	HPCA1_ARATH Leucine-rich repeat receptor protein kinase HPCA1 {ECO:0000305}
gene:evm.TU.04.1173	cds.evm.model.04.1919	ASOL_BRANA	55.405	518	219	4	28	534	24	540	0.0	574	71.04	ASOL_BRANA L-ascorbate oxidase homolog
gene:evm.TU.04.1596	cds.evm.model.01.1798	AAP6_ARATH	73.384	263	69	1	5	266	217	479	3.18e-143	413	86.31	AAP6_ARATH Amino acid permease 6
gene:evm.TU.04.1461	cds.evm.model.01.1798.1.5bdae6e2	AAP1_ARATH	70.443	203	60	0	1	203	280	482	1.65e-104	312	84.24	AAP1_ARATH Amino acid permease 1
gene:evm.TU.04.1686	cds.novel_model_1004_5bd9a17a	RLK7_ARATH	59.474	950	365	8	39	976	29	970	0.0	1098	75.05	RLK7_ARATH Receptor-like protein kinase 7 {ECO:0000303|PubMed:20811905}
gene:evm.TU.04.1535	cds.evm.model.02.2119	CRSP_ARATH	45.136	627	312	12	14	616	138	756	1.03e-168	503	61.72	CRSP_ARATH CO(2)-response secreted protease {ECO:0000303|PubMed:25043023}
gene:evm.TU.04.1963	cds.evm.model.09.232	BAG4_ARATH	52.672	262	110	2	1	253	13	269	2.67e-83	253	69.47	BAG4_ARATH BAG family molecular chaperone regulator 4
gene:evm.TU.04.1791	cds.evm.model.08.90	NUD10_ARATH	63.182	220	75	3	19	238	57	270	3.63e-96	285	77.27	NUD10_ARATH Nudix hydrolase 10
gene:evm.TU.04.1940	cds.novel_model_1493_5bd9a17a	BCP_PEA	50.000	118	58	1	2	118	6	123	9.54e-30	111	61.02	BCP_PEA Blue copper protein
gene:evm.TU.04.1339	cds.novel_model_4052_5bd9a17a	SIGA_ARATH	62.574	505	153	10	1	480	1	494	0.0	588	75.25	SIGA_ARATH RNA polymerase sigma factor sigA
gene:evm.TU.04.1607	cds.novel_model_4053_5bd9a17a.1.5bd9b139	SIGA_ARATH	66.992	512	135	9	1	489	1	501	0.0	650	78.91	SIGA_ARATH RNA polymerase sigma factor sigA
gene:evm.TU.04.169	cds.novel_model_4054_5bd9a17a.2.5bd9b139	SIGA_ARATH	65.272	478	132	9	1	455	1	467	0.0	588	77.41	SIGA_ARATH RNA polymerase sigma factor sigA
gene:evm.TU.04.1549	cds.novel_model_6153_5bd9a17a	PDR1_TOBAC	76.800	625	143	1	5	629	812	1434	0.0	1024	88.96	PDR1_TOBAC Pleiotropic drug resistance protein 1
gene:evm.TU.04.1108	cds.novel_model_6153_5bd9a17a	PDR1_TOBAC	22.807	684	445	19	13	625	113	784	3.92e-34	143	43.27	PDR1_TOBAC Pleiotropic drug resistance protein 1
gene:evm.TU.04.1005	cds.evm.model.07.1724	DHE1_ARATH	90.511	411	39	0	1	411	1	411	0.0	779	95.62	DHE1_ARATH Glutamate dehydrogenase 1
gene:evm.TU.04.1534	cds.evm.model.ctgX21.2.1.5bd9b13d	SLD1_BOROF	72.707	447	121	1	1	447	1	446	0.0	711	86.80	SLD1_BOROF Delta(8)-fatty-acid desaturase
gene:evm.TU.04.1448	cds.evm.model.ctgX21.2	SLD1_BOROF	72.707	447	121	1	1	447	1	446	0.0	711	86.80	SLD1_BOROF Delta(8)-fatty-acid desaturase
gene:evm.TU.04.1735	cds.evm.model.07.1901	R10A_ORYSJ	87.963	216	26	0	1	216	1	216	3.72e-128	363	94.44	R10A_ORYSJ Large ribosomal subunit protein uL1 {ECO:0000305}
gene:evm.TU.04.1662	cds.evm.model.03.1045.1.5bd9b138	S35F2_HUMAN	37.013	154	94	2	12	162	157	310	4.40e-25	102	62.34	S35F2_HUMAN Solute carrier family 35 member F2
gene:evm.TU.04.1420	cds.evm.model.03.1045	S35F2_HUMAN	37.037	189	115	3	12	196	157	345	1.45e-31	121	60.32	S35F2_HUMAN Solute carrier family 35 member F2
gene:evm.TU.04.1459	cds.evm.model.03.2051	RL132_BRANA	86.408	206	28	0	2	207	1	206	8.71e-133	374	93.69	RL132_BRANA Large ribosomal subunit protein eL13y {ECO:0000305}
gene:evm.TU.04.1371	cds.evm.model.03.2051.1.5bd9b139	RL132_BRANA	86.408	206	28	0	2	207	1	206	8.71e-133	374	93.69	RL132_BRANA Large ribosomal subunit protein eL13y {ECO:0000305}
gene:evm.TU.04.1058	cds.evm.model.08.1763	CPC_CUCSA	47.573	103	51	3	25	125	2	103	2.46e-26	101	64.08	CPC_CUCSA Cucumber peeling cupredoxin
gene:evm.TU.04.1458	cds.evm.model.02.1638	ANX4_FRAAN	67.939	262	84	0	9	270	53	314	3.38e-129	372	83.97	ANX4_FRAAN Annexin-like protein RJ4
gene:evm.TU.04.1008	cds.evm.model.06.979.1.5bd9b13a	SCL33_ARATH	41.713	724	331	18	25	707	20	693	7.68e-175	519	58.56	SCL33_ARATH Scarecrow-like protein 33
gene:evm.TU.04.1018	cds.evm.model.06.979	SCL33_ARATH	41.713	724	331	18	62	744	20	693	4.33e-174	518	58.56	SCL33_ARATH Scarecrow-like protein 33
gene:evm.TU.04.1370	cds.evm.model.04.2266	CYB5_TOBAC	72.059	136	38	0	1	136	1	136	4.39e-74	219	86.76	CYB5_TOBAC Cytochrome b5
gene:evm.TU.04.1581	cds.evm.model.07.185	PLY15_ARATH	77.317	410	52	3	15	383	58	467	0.0	657	82.93	PLY15_ARATH Probable pectate lyase 15
gene:evm.TU.04.1989	cds.novel_model_209_5bd9a17a	HF101_ORYSJ	88.106	454	54	0	81	534	76	529	0.0	845	95.15	HF101_ORYSJ Fe-S cluster assembly factor HCF101, chloroplastic
gene:evm.TU.04.1970	cds.evm.model.02.2877	TIP21_ARATH	82.996	247	41	1	1	246	1	247	1.84e-145	409	93.93	TIP21_ARATH Aquaporin TIP2-1
gene:evm.TU.04.1894	cds.evm.model.06.2045	LOX21_SOLTU	69.199	737	223	4	1	733	163	899	0.0	1104	84.40	LOX21_SOLTU Linoleate 13S-lipoxygenase 2-1, chloroplastic {ECO:0000303|PubMed:8702864}
gene:evm.TU.04.1236	cds.evm.model.06.1900	PRP38_ARATH	84.746	177	23	1	1	177	1	173	8.00e-108	321	92.66	PRP38_ARATH Pre-mRNA-splicing factor 38
gene:evm.TU.04.1414	cds.evm.model.06.1900	PRP38_ARATH	84.615	26	4	0	306	331	329	354	3.43e-06	52.0	96.15	PRP38_ARATH Pre-mRNA-splicing factor 38
gene:evm.TU.04.1414	cds.evm.model.02.2713	PMA10_ARATH	80.336	951	183	1	1	951	1	947	0.0	1546	89.59	PMA10_ARATH ATPase 10, plasma membrane-type
gene:evm.TU.04.1414	cds.evm.model.06.1890	IMPA1_ARATH	83.925	535	80	4	1	532	1	532	0.0	909	90.65	IMPA1_ARATH Importin subunit alpha-1 {ECO:0000305}
gene:evm.TU.04.1414	cds.evm.model.10.1544	Y4230_ARATH	44.924	857	399	21	27	846	32	852	0.0	668	60.44	Y4230_ARATH G-type lectin S-receptor-like serine/threonine-protein kinase At4g03230
gene:evm.TU.04.1414	cds.evm.model.02.2370	Y5241_ARATH	41.913	439	242	7	497	930	21	451	8.66e-90	307	59.91	Y5241_ARATH Probable receptor-like protein kinase At5g24010
gene:evm.TU.04.1414	cds.novel_model_4433_5bd9a17a	PAP3_ARATH	58.081	396	117	10	1	369	1	374	1.34e-134	392	68.69	PAP3_ARATH Probable plastid-lipid-associated protein 3, chloroplastic
gene:evm.TU.04.1414	cds.evm.model.02.1909	CLPC_PEA	90.414	918	88	0	4	921	5	922	0.0	1656	95.10	CLPC_PEA Chaperone protein ClpC, chloroplastic
gene:evm.TU.04.1324	cds.evm.model.07.1704	ITH5_CUCMA	55.224	67	30	0	2	68	2	68	1.21e-20	79.7	68.66	ITH5_CUCMA Inhibitor of trypsin and hageman factor
gene:evm.TU.04.1181	cds.evm.model.02.624	WTR14_ARATH	63.009	319	118	0	2	320	3	321	2.52e-148	424	78.06	WTR14_ARATH WAT1-related protein At2g39510
gene:evm.TU.04.1740	cds.evm.model.07.513	CSPL5_VITVI	57.823	147	60	1	22	168	30	174	3.13e-53	179	76.19	CSPL5_VITVI CASP-like protein 1E2
gene:evm.TU.04.188	cds.evm.model.03.1011	C78A5_ARATH	58.699	569	173	11	1	564	1	512	0.0	631	72.06	C78A5_ARATH Cytochrome P450 78A5
gene:evm.TU.04.1783	cds.evm.model.10.496	LRKS5_ARATH	53.083	665	287	11	12	671	8	652	0.0	699	71.28	LRKS5_ARATH Probable L-type lectin-domain containing receptor kinase S.5
gene:evm.TU.04.1554	cds.novel_model_2899_5bd9a17a.3.5bd9b137	CBBY_ARATH	86.735	196	25	1	59	254	58	252	3.75e-119	347	90.82	CBBY_ARATH CBBY-like protein {ECO:0000303|PubMed:27246049}
gene:evm.TU.04.1554	cds.novel_model_2896_5bd9a17a	CBBY_ARATH	88.593	263	29	1	59	321	58	319	4.11e-164	462	91.63	CBBY_ARATH CBBY-like protein {ECO:0000303|PubMed:27246049}
gene:evm.TU.04.1659	cds.novel_model_2898_5bd9a17a.2.5bd9b137	CBBY_ARATH	81.646	158	23	2	59	211	58	214	3.22e-87	263	86.08	CBBY_ARATH CBBY-like protein {ECO:0000303|PubMed:27246049}
gene:evm.TU.04.1130	cds.novel_model_2897_5bd9a17a.1.5bd9b137	CBBY_ARATH	86.312	263	28	2	59	314	58	319	9.43e-157	443	89.35	CBBY_ARATH CBBY-like protein {ECO:0000303|PubMed:27246049}
gene:evm.TU.04.1209	cds.evm.model.06.1878	USPAL_ARATH	28.902	173	98	5	1	158	1	163	1.46e-14	70.5	47.98	USPAL_ARATH Universal stress protein A-like protein
gene:evm.TU.04.197	cds.evm.model.05.2095	GLOX1_ARATH	42.565	538	282	11	27	552	93	615	1.24e-140	423	59.85	GLOX1_ARATH Aldehyde oxidase GLOX1 {ECO:0000305}
gene:evm.TU.04.1650	cds.evm.model.02.1046	AL7A1_MALDO	85.236	508	75	0	1	508	1	508	0.0	909	93.70	AL7A1_MALDO Aldehyde dehydrogenase family 7 member A1
gene:evm.TU.04.1761	cds.evm.model.02.1046.1.5bd9b134	AL7A1_MALDO	85.236	508	75	0	1	508	1	508	0.0	909	93.70	AL7A1_MALDO Aldehyde dehydrogenase family 7 member A1
gene:evm.TU.04.1761	cds.evm.model.02.2642	MYB1_CROXC	83.740	123	20	0	1	123	1	123	6.31e-74	227	90.24	MYB1_CROXC Transcription factor MYB1 {ECO:0000305}
gene:evm.TU.04.184	cds.evm.model.05.1586	CYP1_CROXC	38.320	488	286	7	34	513	24	504	1.41e-116	356	59.43	CYP1_CROXC Flavonoid 3'-monooxygenase CYP75B137 {ECO:0000305}
gene:evm.TU.04.178	cds.evm.model.01.976	DAPAT_ARATH	80.346	463	88	3	1	462	1	461	0.0	745	90.50	DAPAT_ARATH LL-diaminopimelate aminotransferase, chloroplastic
gene:evm.TU.04.1046	cds.evm.model.01.755	Y8359_ORYSI	74.436	133	29	2	1	133	1	128	4.86e-65	203	82.71	Y8359_ORYSI Uncharacterized protein OsI_027940
gene:evm.TU.04.1046	cds.evm.model.01.755.1.5bd9b134	Y8359_ORYSI	74.436	133	29	2	1	133	1	128	1.07e-64	202	82.71	Y8359_ORYSI Uncharacterized protein OsI_027940
gene:evm.TU.04.1046	cds.evm.model.01.755.3.5bd9b134	Y8359_ORYSI	75.758	132	28	2	1	132	1	128	1.58e-65	204	84.09	Y8359_ORYSI Uncharacterized protein OsI_027940
gene:evm.TU.04.1046	cds.evm.model.01.755.2.5bd9b134	Y8359_ORYSI	74.436	133	29	2	1	133	1	128	5.04e-65	203	82.71	Y8359_ORYSI Uncharacterized protein OsI_027940
gene:evm.TU.04.1986	cds.evm.model.01.755.4.5bd9b134	Y8359_ORYSI	70.149	67	16	1	3	69	66	128	8.15e-27	103	79.10	Y8359_ORYSI Uncharacterized protein OsI_027940
gene:evm.TU.04.131	cds.evm.model.04.1846	OBL1_ARATH	40.606	495	255	8	11	467	17	510	6.62e-123	371	59.19	OBL1_ARATH Triacylglycerol lipase OBL1 {ECO:0000305}
gene:evm.TU.04.1516	cds.evm.model.04.2040	PPH_ARATH	26.980	404	231	12	10	366	28	414	6.68e-33	131	43.81	PPH_ARATH Pheophytinase, chloroplastic
gene:evm.TU.04.1282	cds.evm.model.01.2447	LYM1_ARATH	74.114	367	92	2	29	393	26	391	0.0	561	86.65	LYM1_ARATH LysM domain-containing GPI-anchored protein 1
gene:evm.TU.04.1684	cds.evm.model.07.205	FCF2_SCHPO	47.826	115	59	1	68	181	104	218	1.96e-32	119	69.57	FCF2_SCHPO rRNA-processing protein fcf2
gene:evm.TU.04.1431	cds.evm.model.06.2104	RLK1_ARATH	45.968	248	117	10	6	245	10	248	2.20e-52	184	63.71	RLK1_ARATH G-type lectin S-receptor-like serine/threonine-protein kinase RLK1
gene:evm.TU.04.1435	cds.evm.model.04.2375	CESA4_ARATH	77.190	1039	196	13	8	1017	23	1049	0.0	1605	85.37	CESA4_ARATH Cellulose synthase A catalytic subunit 4 [UDP-forming] {ECO:0000303|PubMed:11178255}
gene:evm.TU.04.1147	cds.evm.model.06.1812	T184A_HUMAN	42.415	323	166	3	20	322	66	388	1.42e-82	262	60.37	T184A_HUMAN Transmembrane protein 184A
gene:evm.TU.04.114	cds.evm.model.02.2986	GCST_FLATR	87.685	406	50	0	1	406	1	406	0.0	761	95.32	GCST_FLATR Aminomethyltransferase, mitochondrial
gene:evm.TU.04.1689	cds.evm.model.02.1598	AB8B_ARATH	64.900	1245	412	11	26	1261	11	1239	0.0	1665	82.01	AB8B_ARATH Putative ABC transporter B family member 8
gene:evm.TU.04.1557	cds.evm.model.05.291	C71DB_LOTJA	52.632	494	215	7	20	500	1	488	0.0	528	70.85	C71DB_LOTJA Cytochrome P450 71D11
gene:evm.TU.04.1832	cds.evm.model.07.1128	SUT31_ARATH	70.295	643	186	3	15	656	20	658	0.0	953	84.91	SUT31_ARATH Sulfate transporter 3.1
gene:evm.TU.04.1112	cds.evm.model.07.40	RL212_ARATH	83.537	164	27	0	1	164	1	164	1.39e-103	296	93.90	RL212_ARATH Large ribosomal subunit protein eL21x/eL21w {ECO:0000303|PubMed:36423343}
gene:evm.TU.04.1112	cds.evm.model.07.40.1.5bd9b13b	RL212_ARATH	83.537	164	27	0	1	164	1	164	1.39e-103	296	93.90	RL212_ARATH Large ribosomal subunit protein eL21x/eL21w {ECO:0000303|PubMed:36423343}
gene:evm.TU.04.1193	cds.evm.model.03.317	GDL57_ARATH	61.497	374	128	4	6	371	13	378	2.56e-169	480	75.67	GDL57_ARATH GDSL esterase/lipase At3g48460
gene:evm.TU.04.1990	cds.evm.model.06.852	RALF_TOBAC	67.273	110	33	2	10	117	7	115	1.96e-42	138	84.55	RALF_TOBAC Rapid alkalinization factor
gene:evm.TU.04.1827	cds.evm.model.05.1737	ACOX1_ARATH	80.572	664	129	0	1	664	1	664	0.0	1144	90.66	ACOX1_ARATH Peroxisomal acyl-coenzyme A oxidase 1 {ECO:0000303|PubMed:10571860}
gene:evm.TU.04.1565	cds.evm.model.02.2756	CB11_SOLLC	81.893	243	42	1	1	241	1	243	9.06e-148	415	88.48	CB11_SOLLC Chlorophyll a-b binding protein 6A, chloroplastic
gene:evm.TU.04.1565	cds.evm.model.02.494.2.5bd9b134	R35A1_ARATH	91.964	112	9	0	1	112	1	112	2.30e-73	216	96.43	R35A1_ARATH Large ribosomal subunit protein eL33w {ECO:0000303|PubMed:36423343}
gene:evm.TU.04.1565	cds.evm.model.02.494	R35A1_ARATH	91.964	112	9	0	1	112	1	112	2.30e-73	216	96.43	R35A1_ARATH Large ribosomal subunit protein eL33w {ECO:0000303|PubMed:36423343}
gene:evm.TU.04.1565	cds.evm.model.02.494.1.5bd9b134	R35A1_ARATH	91.964	112	9	0	1	112	1	112	2.30e-73	216	96.43	R35A1_ARATH Large ribosomal subunit protein eL33w {ECO:0000303|PubMed:36423343}
gene:evm.TU.04.1565	cds.evm.model.02.1986	DRMH3_ARATH	65.891	129	32	4	6	122	5	133	4.87e-41	135	73.64	DRMH3_ARATH Dormancy-associated protein homolog 3 {ECO:0000305}
gene:evm.TU.04.1565	cds.evm.model.02.264	LRX4_ARATH	76.486	370	86	1	37	405	27	396	0.0	602	86.22	LRX4_ARATH Leucine-rich repeat extensin-like protein 4
gene:evm.TU.04.1565	cds.evm.model.01.1426.1.5bd9b135	ATPD_TOBAC	60.092	218	69	4	1	203	1	215	3.89e-85	254	76.15	ATPD_TOBAC ATP synthase delta chain, chloroplastic
gene:evm.TU.04.1315	cds.evm.model.01.1426	ATPD_TOBAC	62.550	251	76	4	1	236	1	248	4.56e-105	306	78.09	ATPD_TOBAC ATP synthase delta chain, chloroplastic
gene:evm.TU.04.1444	cds.novel_model_245_5bd9a17a.2.5bd9b134	PIX13_ARATH	72.984	248	63	1	1	248	171	414	6.58e-128	371	84.27	PIX13_ARATH Probable serine/threonine-protein kinase PIX13 {ECO:0000305}
gene:evm.TU.04.1297	cds.novel_model_242_5bd9a17a	PIX13_ARATH	72.922	373	97	1	42	414	46	414	0.0	565	84.45	PIX13_ARATH Probable serine/threonine-protein kinase PIX13 {ECO:0000305}
gene:evm.TU.04.1936	cds.novel_model_243_5bd9a17a.1.5bd9b134	PIX13_ARATH	72.000	350	94	1	16	365	69	414	0.0	523	84.00	PIX13_ARATH Probable serine/threonine-protein kinase PIX13 {ECO:0000305}
gene:evm.TU.04.1770	cds.novel_model_244_5bd9a17a.3.5bd9b134	PIX13_ARATH	72.984	248	63	1	1	248	171	414	6.58e-128	371	84.27	PIX13_ARATH Probable serine/threonine-protein kinase PIX13 {ECO:0000305}
gene:evm.TU.04.1629	cds.evm.model.04.349	TCPE_ARATH	90.280	535	52	0	1	535	1	535	0.0	1016	97.57	TCPE_ARATH T-complex protein 1 subunit epsilon {ECO:0000303|PubMed:11599560}
gene:evm.TU.04.1631	cds.evm.model.06.1584	MDL1_PRUSE	48.684	532	225	10	31	530	33	548	1.15e-172	502	66.92	MDL1_PRUSE (R)-mandelonitrile lyase 1
gene:evm.TU.04.1631	cds.evm.model.06.1584.3.5bd9b13b	MDL1_PRUSE	50.095	529	217	9	31	528	33	545	3.44e-179	518	67.86	MDL1_PRUSE (R)-mandelonitrile lyase 1
gene:evm.TU.04.1631	cds.evm.model.06.1584.2.5bd9b13b	MDL1_PRUSE	49.807	518	213	9	31	517	33	534	5.22e-173	503	67.37	MDL1_PRUSE (R)-mandelonitrile lyase 1
gene:evm.TU.04.1631	cds.evm.model.06.1584.1.5bd9b13b.1.5bdae6e1	NEC3_NESMA	64.141	198	70	1	59	255	55	252	8.20e-82	259	76.26	NEC3_NESMA Sinalpyl alcohol oxidase Nec3 {ECO:0000303|PubMed:35074876}
gene:evm.TU.04.1122	cds.evm.model.06.1584.1.5bd9b13b	MDL1_PRUSE	49.527	529	217	10	31	525	33	545	7.84e-175	507	67.30	MDL1_PRUSE (R)-mandelonitrile lyase 1
gene:evm.TU.04.1623	cds.evm.model.01.1833	P23A_BRANA	69.925	133	36	1	5	137	2	130	1.87e-59	187	81.95	P23A_BRANA Co-chaperone protein p23-1 {ECO:0000305}
gene:evm.TU.04.1953	cds.evm.model.10.1205	PESC_ARATH	68.174	597	182	3	25	620	1	590	0.0	810	81.41	PESC_ARATH Pescadillo homolog {ECO:0000255|HAMAP-Rule:MF_03028}
gene:evm.TU.04.1806	cds.evm.model.08.122	BAMS_BETPL	79.341	455	91	2	1	455	1	452	0.0	787	90.11	BAMS_BETPL Beta-amyrin synthase
gene:evm.TU.04.1417	cds.evm.model.02.632	ADF2_PETHY	83.333	138	23	0	182	319	2	139	2.62e-82	248	94.20	ADF2_PETHY Actin-depolymerizing factor 2
gene:evm.TU.04.1417	cds.novel_model_4148_5bd9a17a.1.5bd9b139	RL9_PEA	80.576	139	27	0	1	139	1	139	1.76e-78	233	89.93	RL9_PEA Large ribosomal subunit protein uL6 {ECO:0000305}
gene:evm.TU.04.1500	cds.novel_model_4147_5bd9a17a	RL9_PEA	87.047	193	25	0	1	193	1	193	4.00e-124	350	95.85	RL9_PEA Large ribosomal subunit protein uL6 {ECO:0000305}
gene:evm.TU.04.135	cds.evm.model.05.563	DRE1D_ARATH	55.932	236	80	5	1	226	1	222	7.44e-75	229	63.14	DRE1D_ARATH Dehydration-responsive element-binding protein 1D
gene:evm.TU.04.1902	cds.evm.model.10.1975	APF2_ARATH	40.050	397	202	12	163	555	121	485	4.15e-75	249	55.42	APF2_ARATH Aspartyl protease family protein 2 {ECO:0000305}
gene:evm.TU.04.1931	cds.evm.model.07.144	KRP4_ARATH	61.957	92	33	1	49	138	196	287	5.37e-32	117	76.09	KRP4_ARATH Cyclin-dependent kinase inhibitor 4
gene:evm.TU.04.1299	cds.evm.model.08.809	TIG_ARATH	69.412	425	130	0	7	431	99	523	0.0	636	86.59	TIG_ARATH Trigger factor-like protein TIG, Chloroplastic
gene:evm.TU.04.1407	cds.evm.model.05.769	NEET_ARATH	58.475	118	39	3	1	118	1	108	2.65e-39	130	67.80	NEET_ARATH CDGSH iron-sulfur domain-containing protein NEET
gene:evm.TU.04.1907	cds.evm.model.06.327	FAFL_ARATH	37.815	476	204	17	21	435	19	463	1.84e-63	214	50.42	FAFL_ARATH Protein FAF-like, chloroplastic
gene:evm.TU.04.119	cds.evm.model.04.111	EF118_ARATH	37.072	321	128	13	7	288	31	316	4.08e-38	139	50.16	EF118_ARATH Ethylene-responsive transcription factor ERF118
gene:evm.TU.04.1276	cds.novel_model_6475_5bd9a17a	NLTP2_LENCU	51.724	116	54	1	2	117	4	117	9.80e-36	121	68.97	NLTP2_LENCU Non-specific lipid-transfer protein 2
gene:evm.TU.04.1379	cds.evm.model.09.165	PER1_ARAHY	62.290	297	110	2	28	323	21	316	4.62e-135	389	74.41	PER1_ARAHY Cationic peroxidase 1
gene:evm.TU.04.1680	cds.evm.model.10.1074.1.5bd9b13d	WDL4_ARATH	41.388	389	186	11	32	408	15	373	1.09e-56	197	56.04	WDL4_ARATH Protein WVD2-like 4 {ECO:0000305}
gene:evm.TU.04.112	cds.evm.model.10.1074	WDL4_ARATH	41.388	389	186	11	32	408	15	373	1.09e-56	197	56.04	WDL4_ARATH Protein WVD2-like 4 {ECO:0000305}
gene:evm.TU.04.1327	cds.novel_model_2986_5bd9a17a	DGK2_ARATH	83.146	267	45	0	1	267	446	712	1.05e-158	461	88.39	DGK2_ARATH Diacylglycerol kinase 2 {ECO:0000303|PubMed:14665624}
gene:evm.TU.04.1456	cds.evm.model.05.816	GUN9_ARATH	75.104	482	111	3	6	487	7	479	0.0	728	83.61	GUN9_ARATH Endoglucanase 9
gene:evm.TU.04.1081	cds.evm.model.09.702	PR1F2_ARATH	48.366	153	75	2	20	169	34	185	1.30e-38	133	64.05	PR1F2_ARATH PRA1 family protein F2 {ECO:0000303|PubMed:18583532}
gene:evm.TU.04.1081	cds.evm.model.06.1022	SRC2_SOYBN	53.041	296	115	9	1	280	3	290	1.66e-70	222	63.51	SRC2_SOYBN Protein SRC2 {ECO:0000305}
gene:evm.TU.04.1242	cds.novel_model_4829_5bd9a17a	NC2A_RAT	42.405	158	64	3	56	213	1	131	1.24e-31	121	58.86	NC2A_RAT Dr1-associated corepressor
gene:evm.TU.04.1982	cds.evm.model.09.442	OFT19_ARATH	73.501	517	128	3	66	580	110	619	0.0	791	84.14	OFT19_ARATH O-fucosyltransferase 19 {ECO:0000305}
gene:evm.TU.04.1028	cds.novel_model_5929_5bd9a17a	H32_WHEAT	100.000	136	0	0	1	136	1	136	5.00e-95	272	100.00	H32_WHEAT Histone H3.2
gene:evm.TU.04.1281	cds.evm.model.03.1100	PXC1_ARATH	69.058	669	176	11	39	690	17	671	0.0	905	81.61	PXC1_ARATH Leucine-rich repeat receptor-like protein kinase PXC1 {ECO:0000305}
gene:evm.TU.04.1852	cds.evm.model.02.2891	ATB15_ARATH	87.937	829	93	4	1	826	1	825	0.0	1509	93.24	ATB15_ARATH Homeobox-leucine zipper protein ATHB-15
gene:evm.TU.04.1256	cds.evm.model.04.60	LPP3_ARATH	67.003	297	98	0	26	322	52	348	2.82e-146	430	78.79	LPP3_ARATH Putative lipid phosphate phosphatase 3, chloroplastic
gene:evm.TU.04.1598	cds.evm.model.04.60	LPP3_ARATH	65.108	278	95	2	286	563	26	301	5.06e-130	389	80.94	LPP3_ARATH Putative lipid phosphate phosphatase 3, chloroplastic
gene:evm.TU.04.1916	cds.novel_model_7334_5bd9a17a	DUF7_ARATH	34.783	253	139	7	24	272	490	720	1.38e-33	132	54.94	DUF7_ARATH DUF724 domain-containing protein 7 {ECO:0000305}
gene:evm.TU.04.1044	cds.novel_model_6118_5bd9a17a	XTH22_ARATH	63.934	61	20	1	4	62	224	284	5.00e-22	88.2	78.69	XTH22_ARATH Xyloglucan endotransglucosylase/hydrolase protein 22
gene:evm.TU.04.1144	cds.evm.model.02.453	DIV_ANTMA	52.577	291	118	10	1	277	1	285	1.06e-86	264	66.67	DIV_ANTMA Transcription factor DIVARICATA
gene:evm.TU.04.1485	cds.evm.model.08.1304	HAT14_ARATH	77.987	159	31	2	99	255	142	298	1.23e-80	249	86.16	HAT14_ARATH Homeobox-leucine zipper protein HAT14
gene:evm.TU.04.1378	cds.novel_model_4528_5bd9a17a	MSRB3_ORYSJ	63.810	210	60	4	35	231	23	229	1.57e-83	251	71.90	MSRB3_ORYSJ Peptide methionine sulfoxide reductase B3, chloroplastic
gene:evm.TU.04.1252	cds.evm.model.09.1251	BBE13_ARATH	67.191	509	157	5	5	510	29	530	0.0	692	81.34	BBE13_ARATH Monolignol oxidoreductase AtBBE-like 13 {ECO:0000303|PubMed:26037923}
gene:evm.TU.04.1668	cds.evm.model.07.1263	PRPX_HORVU	52.941	238	104	3	1	236	1	232	6.44e-84	252	67.23	PRPX_HORVU Pathogen-related protein
gene:evm.TU.04.107	cds.evm.model.09.145	EXPA8_ARATH	72.441	254	62	3	7	259	7	253	3.29e-135	384	83.07	EXPA8_ARATH Expansin-A8
gene:evm.TU.04.1517	cds.evm.model.08.443	PBL35_ARATH	64.557	395	131	4	19	404	47	441	2.63e-177	507	77.47	PBL35_ARATH Serine/threonine-protein kinase PBL35 {ECO:0000303|PubMed:29907700}
gene:evm.TU.04.1536	cds.evm.model.02.738	RL23A_DAUCA	90.260	154	14	1	1	153	1	154	9.64e-84	245	92.21	RL23A_DAUCA Large ribosomal subunit protein uL23 {ECO:0000305}
gene:evm.TU.04.1536	cds.evm.model.02.738.1.5bd9b134	RL23A_DAUCA	90.260	154	14	1	1	153	1	154	9.64e-84	245	92.21	RL23A_DAUCA Large ribosomal subunit protein uL23 {ECO:0000305}
gene:evm.TU.04.1536	cds.evm.model.02.738.2.5bd9b134	RL23A_DAUCA	90.260	154	14	1	1	153	1	154	9.64e-84	245	92.21	RL23A_DAUCA Large ribosomal subunit protein uL23 {ECO:0000305}
gene:evm.TU.04.1536	cds.evm.model.10.1804.1.5bd9b13d	LIRP1_ARATH	59.494	79	28	1	5	83	64	138	9.74e-27	98.2	68.35	LIRP1_ARATH Light-regulated protein 1, chloroplastic {ECO:0000303|PubMed:8932388}
gene:evm.TU.04.1866	cds.evm.model.10.1804	LIRP1_ARATH	48.592	142	65	4	1	138	1	138	2.40e-32	114	62.68	LIRP1_ARATH Light-regulated protein 1, chloroplastic {ECO:0000303|PubMed:8932388}
gene:evm.TU.04.1698	cds.evm.model.02.1630.1.5bd9b135	RS43_ARATH	90.458	262	23	1	1	260	1	262	0.0	502	96.95	RS43_ARATH Small ribosomal subunit protein eS4x {ECO:0000303|PubMed:36423343}
gene:evm.TU.04.1698	cds.evm.model.02.1630	RS43_ARATH	91.221	262	23	0	1	262	1	262	0.0	511	97.71	RS43_ARATH Small ribosomal subunit protein eS4x {ECO:0000303|PubMed:36423343}
gene:evm.TU.04.1698	cds.evm.model.02.2143	NFD4_ARATH	24.094	552	365	15	31	559	43	563	1.27e-23	108	43.48	NFD4_ARATH Protein NUCLEAR FUSION DEFECTIVE 4 {ECO:0000303|PubMed:16698901}
gene:evm.TU.04.1698	cds.evm.model.07.1303	GIP2_NICBE	57.724	246	86	6	1	240	204	437	6.72e-82	254	71.54	GIP2_NICBE Probable aspartic proteinase GIP2 {ECO:0000305}
gene:evm.TU.04.1698	cds.novel_model_383_5bd9a17a	GASA8_ARATH	57.447	94	33	1	2	95	1	87	2.04e-30	105	70.21	GASA8_ARATH Gibberellin-regulated protein 8
gene:evm.TU.04.1006	cds.evm.model.01.1269	VQ11_ARATH	40.854	164	79	6	19	180	15	162	4.54e-19	83.2	54.88	VQ11_ARATH VQ motif-containing protein 11 {ECO:0000303|PubMed:22535423}
gene:evm.TU.04.1604	cds.evm.model.08.405	CHIC_ARATH	59.511	368	145	3	7	371	5	371	3.81e-152	437	72.55	CHIC_ARATH Class V chitinase {ECO:0000303|PubMed:22936594}
gene:evm.TU.04.101	cds.novel_model_138_5bd9a17a	GLPT1_ARATH	76.601	406	84	4	2	403	118	516	0.0	610	86.70	GLPT1_ARATH Putative glycerol-3-phosphate transporter 1
gene:evm.TU.04.1076	cds.evm.model.06.690	RAF2_ARATH	52.505	459	181	8	19	450	1	449	4.73e-156	452	67.76	RAF2_ARATH Rubisco accumulation factor 1.2, chloroplastic {ECO:0000303|PubMed:22942379}
gene:evm.TU.04.1497	cds.evm.model.05.1698	RK11_ARATH	82.383	193	32	1	79	271	31	221	4.20e-110	320	91.71	RK11_ARATH Large ribosomal subunit protein uL11c {ECO:0000303|PubMed:36423343}
gene:evm.TU.04.1497	cds.novel_model_5995_5bd9a17a	75L17_MALDO	66.176	136	37	2	1	136	347	473	5.87e-59	192	80.88	75L17_MALDO Phloretin 4'-O-glucosyltransferase {ECO:0000303|PubMed:27316677}
gene:evm.TU.04.186	cds.evm.model.01.2018	SCGT_TOBAC	28.652	534	288	17	5	512	6	472	3.10e-59	206	45.32	SCGT_TOBAC Scopoletin glucosyltransferase
gene:evm.TU.04.1526	cds.evm.model.07.546	AHP1_ARATH	72.727	154	42	0	1	154	1	154	1.51e-73	219	87.01	AHP1_ARATH Histidine-containing phosphotransfer protein 1
gene:evm.TU.04.1269	cds.evm.model.08.127	C71DA_SOYBN	63.819	199	71	1	117	314	307	505	1.37e-91	285	83.92	C71DA_SOYBN Cytochrome P450 71D10
gene:evm.TU.04.1269	cds.evm.model.08.127	C71DA_SOYBN	35.849	159	92	3	1	158	22	171	2.77e-29	120	64.15	C71DA_SOYBN Cytochrome P450 71D10
gene:evm.TU.04.1269	cds.evm.model.08.856	CIGR1_ORYSJ	55.806	577	222	11	1	563	1	558	0.0	605	69.32	CIGR1_ORYSJ Chitin-inducible gibberellin-responsive protein 1
gene:evm.TU.04.1454	cds.evm.model.10.1262	E1313_ARATH	40.652	460	239	6	8	465	20	447	2.05e-121	367	61.74	E1313_ARATH Glucan endo-1,3-beta-glucosidase 13
gene:evm.TU.04.1454	cds.evm.model.03.559	MYB06_ANTMA	55.587	349	101	8	1	331	1	313	1.95e-116	342	65.33	MYB06_ANTMA Myb-related protein 306
gene:evm.TU.04.1454	cds.evm.model.07.1051.1.5bd9b13c	IAA14_ARATH	59.273	275	60	7	23	292	1	228	2.84e-97	288	65.82	IAA14_ARATH Auxin-responsive protein IAA14
gene:evm.TU.04.1454	cds.evm.model.07.1051	IAA14_ARATH	60.563	284	53	7	23	303	1	228	2.89e-106	311	66.90	IAA14_ARATH Auxin-responsive protein IAA14
gene:evm.TU.04.1454	cds.evm.model.04.399	M810_ARATH	43.750	80	45	0	167	246	2	81	3.69e-13	70.1	67.50	M810_ARATH Uncharacterized mitochondrial protein AtMg00810
gene:evm.TU.04.1621	cds.evm.model.02.1924	MTM1_ARATH	62.570	358	127	3	46	396	54	411	7.58e-158	454	76.82	MTM1_ARATH Mitochondrial carrier protein MTM1
gene:evm.TU.04.1988	cds.evm.model.06.519	RPV1_VITRO	51.852	162	78	0	11	172	25	186	2.69e-47	169	67.90	RPV1_VITRO Disease resistance protein RPV1 {ECO:0000305}
gene:evm.TU.04.1300	cds.evm.model.06.519.1.5bd9b13a	RPV1_VITRO	47.328	131	62	1	2	125	57	187	4.93e-30	117	63.36	RPV1_VITRO Disease resistance protein RPV1 {ECO:0000305}
gene:evm.TU.04.1692	cds.evm.model.06.973	SCL14_ARATH	49.130	690	276	15	116	740	86	765	0.0	616	64.78	SCL14_ARATH Scarecrow-like protein 14
gene:evm.TU.04.1692	cds.evm.model.10.163	KN5C_TOBAC	75.374	1003	246	1	7	1009	4	1005	0.0	1576	86.74	KN5C_TOBAC Kinesin-like protein KIN-5C {ECO:0000305}
gene:evm.TU.04.1397	cds.evm.model.07.64	XTH1_DIOKA	75.352	284	64	3	4	283	5	286	2.57e-161	452	85.92	XTH1_DIOKA Xyloglucan endotransglucosylase protein 1 {ECO:0000305}
gene:evm.TU.04.1227	cds.novel_model_6003_5bd9a17a	DNAT1_ARATH	65.806	155	52	1	16	170	3	156	1.87e-70	213	81.29	DNAT1_ARATH 1,4-dihydroxy-2-naphthoyl-CoA thioesterase 1 {ECO:0000303|PubMed:22372525}
gene:evm.TU.04.1593	cds.novel_model_7321_5bd9a17a	RL8_SOLLC	89.147	258	28	0	1	258	1	258	2.62e-175	486	96.12	RL8_SOLLC Large ribosomal subunit protein uL2 {ECO:0000305}
gene:evm.TU.04.1232	cds.evm.model.05.1620	PTR7_ARATH	67.177	588	183	6	8	589	3	586	0.0	786	80.44	PTR7_ARATH Protein NRT1/ PTR FAMILY 6.3
gene:evm.TU.04.1809	cds.evm.model.08.1170	OTC_PEA	83.486	327	53	1	52	378	49	374	0.0	581	92.97	OTC_PEA Ornithine carbamoyltransferase, chloroplastic
gene:evm.TU.04.1809	cds.evm.model.02.51	RK31_ARATH	65.909	132	33	1	1	120	1	132	3.01e-58	179	78.03	RK31_ARATH Large ribosomal subunit protein bL31c {ECO:0000303|PubMed:36423343}
gene:evm.TU.04.1705	cds.novel_model_3866_5bd9a17a	H32_WHEAT	99.265	136	1	0	1	136	1	136	9.87e-95	271	100.00	H32_WHEAT Histone H3.2
gene:evm.TU.04.1492	cds.novel_model_2692_5bd9a17a	GSA_TOBAC	82.353	306	48	3	6	305	2	307	5.15e-178	503	88.24	GSA_TOBAC Glutamate-1-semialdehyde 2,1-aminomutase, chloroplastic
gene:evm.TU.04.1896	cds.novel_model_2693_5bd9a17a.1.5bd9b137	GSA_TOBAC	82.353	306	48	3	6	305	2	307	5.15e-178	503	88.24	GSA_TOBAC Glutamate-1-semialdehyde 2,1-aminomutase, chloroplastic
gene:evm.TU.04.1543	cds.evm.model.09.1384	Y1044_ARATH	72.879	660	154	11	1	635	1	660	0.0	954	84.24	Y1044_ARATH BTB/POZ domain-containing protein At1g30440
gene:evm.TU.04.1332	cds.evm.model.09.1445	ARFF_ORYSJ	66.848	920	271	13	4	906	6	908	0.0	1158	79.24	ARFF_ORYSJ Auxin response factor 6
gene:evm.TU.04.1952	cds.evm.model.02.2865	PER27_ARATH	64.000	325	106	3	6	330	8	321	2.13e-152	433	75.08	PER27_ARATH Peroxidase 27
gene:evm.TU.04.1576	cds.evm.model.10.257.10.5bd9b13d	BLH1_ARATH	51.216	781	224	33	1	725	1	680	0.0	559	61.08	BLH1_ARATH BEL1-like homeodomain protein 1
gene:evm.TU.04.1576	cds.evm.model.10.257.6.5bd9b13d	BLH1_ARATH	51.216	781	224	33	1	725	1	680	0.0	559	61.08	BLH1_ARATH BEL1-like homeodomain protein 1
gene:evm.TU.04.1576	cds.evm.model.10.257.14.5bd9b13d	BLH1_ARATH	51.216	781	224	33	1	725	1	680	0.0	559	61.08	BLH1_ARATH BEL1-like homeodomain protein 1
gene:evm.TU.04.1576	cds.evm.model.10.257.13.5bd9b13d	BLH1_ARATH	51.216	781	224	33	1	725	1	680	0.0	559	61.08	BLH1_ARATH BEL1-like homeodomain protein 1
gene:evm.TU.04.1527	cds.evm.model.10.257.4.5bd9b13d	BLH1_ARATH	51.216	781	224	33	1	725	1	680	0.0	559	61.08	BLH1_ARATH BEL1-like homeodomain protein 1
gene:evm.TU.04.1527	cds.evm.model.10.257.3.5bd9b13d	BLH1_ARATH	51.216	781	224	33	1	725	1	680	0.0	559	61.08	BLH1_ARATH BEL1-like homeodomain protein 1
gene:evm.TU.04.1527	cds.evm.model.10.257.11.5bd9b13d	BLH1_ARATH	51.216	781	224	33	1	725	1	680	0.0	559	61.08	BLH1_ARATH BEL1-like homeodomain protein 1
gene:evm.TU.04.1838	cds.evm.model.10.257.8.5bd9b13d	BLH1_ARATH	51.216	781	224	33	1	725	1	680	0.0	559	61.08	BLH1_ARATH BEL1-like homeodomain protein 1
gene:evm.TU.04.1738	cds.evm.model.10.257.5.5bd9b13d	BLH1_ARATH	51.216	781	224	33	1	725	1	680	0.0	559	61.08	BLH1_ARATH BEL1-like homeodomain protein 1
gene:evm.TU.04.1651	cds.evm.model.10.257.7.5bd9b13d	BLH1_ARATH	51.216	781	224	33	1	725	1	680	0.0	559	61.08	BLH1_ARATH BEL1-like homeodomain protein 1
gene:evm.TU.04.1892	cds.evm.model.10.257.12.5bd9b13d	BLH1_ARATH	51.216	781	224	33	1	725	1	680	0.0	559	61.08	BLH1_ARATH BEL1-like homeodomain protein 1
gene:evm.TU.04.1864	cds.evm.model.10.257.9.5bd9b13d	BLH1_ARATH	51.216	781	224	33	1	725	1	680	0.0	559	61.08	BLH1_ARATH BEL1-like homeodomain protein 1
gene:evm.TU.04.177	cds.evm.model.10.257.1.5bd9b13d	BLH1_ARATH	51.216	781	224	33	1	725	1	680	0.0	559	61.08	BLH1_ARATH BEL1-like homeodomain protein 1
gene:evm.TU.04.1645	cds.evm.model.10.257	BLH1_ARATH	51.216	781	224	33	1	725	1	680	0.0	559	61.08	BLH1_ARATH BEL1-like homeodomain protein 1
gene:evm.TU.04.1768	cds.evm.model.10.257.2.5bd9b13d	BLH1_ARATH	51.216	781	224	33	1	725	1	680	0.0	559	61.08	BLH1_ARATH BEL1-like homeodomain protein 1
gene:evm.TU.04.1208	cds.evm.model.06.432	GDL79_ARATH	72.997	337	91	0	24	360	28	364	0.0	540	87.24	GDL79_ARATH GDSL esterase/lipase At5g33370
gene:evm.TU.04.1812	cds.evm.model.10.599	GLTB1_ARATH	83.262	1631	263	3	1	1630	1	1622	0.0	2838	90.74	GLTB1_ARATH Ferredoxin-dependent glutamate synthase 1, chloroplastic/mitochondrial {ECO:0000305}
gene:evm.TU.04.1031	cds.evm.model.06.516	PSAL_SPIOL	78.539	219	37	3	3	215	2	216	2.35e-102	297	89.50	PSAL_SPIOL Photosystem I reaction center subunit XI, chloroplastic
gene:evm.TU.04.1617	cds.evm.model.05.1907.1.5bd9b13b	MCAT_ARATH	76.667	300	67	1	1	297	1	300	2.73e-170	476	86.33	MCAT_ARATH Mitochondrial carnitine/acylcarnitine carrier-like protein
gene:evm.TU.04.1949	cds.evm.model.05.1907	MCAT_ARATH	76.667	300	67	1	1	297	1	300	2.73e-170	476	86.33	MCAT_ARATH Mitochondrial carnitine/acylcarnitine carrier-like protein
gene:evm.TU.04.1886	cds.evm.model.07.1699	RS10B_ORYSJ	80.128	156	28	1	1	153	1	156	3.90e-78	233	88.46	RS10B_ORYSJ Small ribosomal subunit protein eS10y {ECO:0000305}
gene:evm.TU.04.1874	cds.evm.model.10.1548	MIP1B_ARATH	60.000	50	20	0	4	53	31	80	6.09e-11	61.2	64.00	MIP1B_ARATH B-box domain protein 31 {ECO:0000303|PubMed:19920209}
gene:evm.TU.04.1219	cds.evm.model.02.3175	BGAL_BRAOL	52.611	785	313	16	1	739	57	828	0.0	828	67.64	BGAL_BRAOL Beta-galactosidase
gene:evm.TU.04.1176	cds.evm.model.02.2290	RMA3_ARATH	42.105	247	118	7	1	240	1	229	1.08e-52	174	56.28	RMA3_ARATH E3 ubiquitin-protein ligase RMA3
gene:evm.TU.04.1790	cds.novel_model_5885_5bd9a17a.1.5bd9b13b	NLTP2_GOSHI	42.105	114	61	2	12	123	7	117	1.66e-22	88.2	59.65	NLTP2_GOSHI Non-specific lipid-transfer protein
gene:evm.TU.04.1525	cds.novel_model_5884_5bd9a17a	NLTP2_GOSHI	42.241	116	62	2	12	125	7	119	4.20e-23	89.7	59.48	NLTP2_GOSHI Non-specific lipid-transfer protein
gene:evm.TU.04.1331	cds.evm.model.01.1019	LAX5_MEDTR	86.151	491	63	3	1	489	3	490	0.0	882	91.85	LAX5_MEDTR Auxin transporter-like protein 5
gene:evm.TU.04.1104	cds.evm.model.06.1978	IVD_ORYSJ	88.441	372	43	0	9	380	37	408	0.0	704	95.97	IVD_ORYSJ Isovaleryl-CoA dehydrogenase, mitochondrial
gene:evm.TU.04.1151	cds.evm.model.01.966	VAB_ARATH	66.967	333	99	6	1	326	159	487	1.84e-107	325	81.08	VAB_ARATH VAN3-binding protein {ECO:0000303|PubMed:19363154}
gene:evm.TU.04.1721	cds.evm.model.03.1430	ALFC6_ARATH	87.151	358	46	0	1	358	1	358	0.0	643	91.90	ALFC6_ARATH Fructose-bisphosphate aldolase 6, cytosolic {ECO:0000305}
gene:evm.TU.04.172	cds.evm.model.06.995	CIA2_ARATH	54.206	107	39	3	54	154	323	425	1.69e-23	98.2	66.36	CIA2_ARATH Protein CHLOROPLAST IMPORT APPARATUS 2
gene:evm.TU.04.1957	cds.evm.model.02.2743	AACT1_ARATH	75.897	195	47	0	1	195	1	195	5.32e-110	323	89.23	AACT1_ARATH Acetyl-CoA acetyltransferase 1 {ECO:0000305}
gene:evm.TU.04.1676	cds.evm.model.08.1614	AGP1_ARATH	40.870	115	38	2	17	101	17	131	3.17e-11	58.9	53.04	AGP1_ARATH Classical arabinogalactan protein 1
gene:evm.TU.04.1605	cds.novel_model_230_5bd9a17a	AL2C4_ARATH	71.545	492	139	1	10	500	10	501	0.0	758	85.98	AL2C4_ARATH Aldehyde dehydrogenase family 2 member C4
gene:evm.TU.04.1973	cds.novel_model_770_5bd9a17a	TI10A_ARATH	44.404	277	111	12	1	259	1	252	4.49e-51	170	59.57	TI10A_ARATH Protein TIFY 10A {ECO:0000303|PubMed:17499004}
gene:evm.TU.04.1748	cds.novel_model_6036_5bd9a17a	RS12_HORVU	72.917	144	35	2	3	144	2	143	1.91e-73	218	86.11	RS12_HORVU Small ribosomal subunit protein eS12 {ECO:0000305}
gene:evm.TU.04.1203	cds.evm.model.06.1143.1.5bd9b13b	NPC2_ARATH	74.595	370	92	2	2	369	143	512	0.0	580	85.68	NPC2_ARATH Non-specific phospholipase C2
gene:evm.TU.04.1426	cds.evm.model.06.1143	NPC2_ARATH	73.016	504	134	2	10	513	11	512	0.0	778	85.71	NPC2_ARATH Non-specific phospholipase C2
gene:evm.TU.04.1212	cds.evm.model.06.2076	PER1_ARAHY	58.054	298	96	3	1	272	19	313	2.32e-111	328	68.79	PER1_ARAHY Cationic peroxidase 1
gene:evm.TU.04.1421	cds.evm.model.01.996_evm.model.01.997.2.5bdae6de	CRSP_ARATH	40.494	405	218	8	26	411	351	751	7.37e-84	275	57.28	CRSP_ARATH CO(2)-response secreted protease {ECO:0000303|PubMed:25043023}
gene:evm.TU.04.1358	cds.evm.model.01.996_evm.model.01.997.1.5bdae6de	SBT39_ARATH	46.467	368	174	8	1	357	1	356	1.69e-91	295	62.23	SBT39_ARATH Subtilisin-like protease SBT3.9 {ECO:0000303|PubMed:16193095}
gene:evm.TU.04.1265	cds.evm.model.01.996_evm.model.01.997	CRSP_ARATH	42.358	772	388	16	5	743	4	751	0.0	559	58.68	CRSP_ARATH CO(2)-response secreted protease {ECO:0000303|PubMed:25043023}
gene:evm.TU.04.1513	cds.novel_model_2904_5bd9a17a.1.5bd9b137	MADS4_VITVI	74.586	181	45	1	1	181	63	242	6.85e-92	270	82.87	MADS4_VITVI Agamous-like MADS-box protein MADS4 {ECO:0000305}
gene:evm.TU.04.1513	cds.novel_model_2903_5bd9a17a	MADS4_VITVI	81.070	243	45	1	1	243	1	242	4.69e-141	397	87.24	MADS4_VITVI Agamous-like MADS-box protein MADS4 {ECO:0000305}
gene:evm.TU.04.1218	cds.evm.model.10.1703	COBL4_ARATH	83.333	414	69	0	16	429	17	430	0.0	746	91.55	COBL4_ARATH COBRA-like protein 4
gene:evm.TU.04.1307	cds.evm.model.10.1887	Y3272_ARATH	67.229	415	124	5	14	418	14	426	0.0	573	78.55	Y3272_ARATH Kelch repeat-containing protein At3g27220
gene:evm.TU.04.1161	cds.evm.model.02.2351	NLTP_VIGUN	61.250	80	31	0	20	99	20	99	8.47e-31	107	77.50	NLTP_VIGUN Probable non-specific lipid-transfer protein AKCS9
gene:evm.TU.04.1622	cds.evm.model.05.505.1.5bd9b139	Y3905_ARATH	37.319	276	144	5	61	336	43	289	1.95e-29	120	57.97	Y3905_ARATH Uncharacterized protein At3g49055
gene:evm.TU.04.192	cds.evm.model.05.505	Y3905_ARATH	43.409	440	218	7	119	556	43	453	3.79e-79	260	63.64	Y3905_ARATH Uncharacterized protein At3g49055
gene:evm.TU.04.1162	cds.evm.model.01.816	CHI1_THECC	76.754	228	50	2	51	276	95	321	8.86e-129	371	86.84	CHI1_THECC Endochitinase 1
gene:evm.TU.04.1162	cds.evm.model.09.1439	HD3A_ORYSJ	87.209	86	11	0	24	109	91	176	1.25e-51	163	94.19	HD3A_ORYSJ Protein HEADING DATE 3A
gene:evm.TU.04.1247	cds.evm.model.06.718.1.5bd9b13a	H12_ARATH	70.886	79	22	1	6	83	67	145	9.86e-30	113	86.08	H12_ARATH Histone H1.2
gene:evm.TU.04.1453	cds.evm.model.06.718	H12_ARATH	67.677	99	31	1	23	120	47	145	5.50e-36	130	81.82	H12_ARATH Histone H1.2
gene:evm.TU.04.1725	cds.evm.model.04.1035	E136_ARATH	73.278	479	121	2	1	477	1	474	0.0	734	85.59	E136_ARATH Glucan endo-1,3-beta-glucosidase 6
gene:evm.TU.04.1495	cds.evm.model.04.1578	RAX3_ARATH	81.395	129	13	1	1	118	1	129	3.85e-71	228	86.05	RAX3_ARATH Transcription factor RAX3
gene:evm.TU.04.1780	cds.evm.model.01.1661	DTX48_ARATH	72.255	501	132	2	1	494	1	501	0.0	691	83.43	DTX48_ARATH Protein DETOXIFICATION 48 {ECO:0000303|PubMed:11739388}
gene:evm.TU.04.1780	cds.evm.model.08.41	RS7_AVIMR	78.421	190	41	0	1	190	1	190	2.02e-111	318	92.63	RS7_AVIMR Small ribosomal subunit protein eS7 {ECO:0000305}
gene:evm.TU.04.190	cds.novel_model_71_5bda875f	AGP23_ARATH	56.452	62	24	2	1	60	1	61	2.89e-08	47.8	67.74	AGP23_ARATH Arabinogalactan protein 23 {ECO:0000303|PubMed:12177459}
gene:evm.TU.04.1145	cds.evm.model.02.3113	BRCC3_XENTR	54.902	102	41	2	87	183	76	177	2.78e-29	118	67.65	BRCC3_XENTR Lys-63-specific deubiquitinase BRCC36
gene:evm.TU.04.1518	cds.evm.model.02.3113	BRCC3_XENTR	30.769	117	63	3	278	388	152	256	7.23e-07	53.9	51.28	BRCC3_XENTR Lys-63-specific deubiquitinase BRCC36
gene:evm.TU.04.1087	cds.novel_model_1770_5bd9a17a	GRF6_ORYSJ	42.952	454	171	18	164	549	148	581	6.74e-84	275	54.85	GRF6_ORYSJ Growth-regulating factor 6
gene:evm.TU.04.1613	cds.evm.model.09.1656	NAT2_ARATH	85.769	520	74	0	5	524	5	524	0.0	940	94.23	NAT2_ARATH Nucleobase-ascorbate transporter 2
gene:evm.TU.04.147	cds.evm.model.06.1715	GSTXA_TOBAC	73.148	216	58	0	3	218	4	219	1.07e-116	334	83.80	GSTXA_TOBAC Probable glutathione S-transferase parA
gene:evm.TU.04.1200	cds.evm.model.03.434	NFD2_ARATH	52.973	185	76	4	5	183	5	184	5.11e-55	175	67.03	NFD2_ARATH Protein NUCLEAR FUSION DEFECTIVE 2 {ECO:0000303|PubMed:16698901}
gene:evm.TU.04.1888	cds.evm.model.08.1516	VITH4_ARATH	71.134	194	50	2	21	214	11	198	3.46e-90	266	82.99	VITH4_ARATH Vacuolar iron transporter homolog 4 {ECO:0000305}
gene:evm.TU.04.1985	cds.evm.model.08.24	PSAG_ARATH	67.442	172	34	6	1	163	1	159	4.20e-68	206	75.00	PSAG_ARATH Photosystem I reaction center subunit V, chloroplastic
gene:evm.TU.04.171	cds.evm.model.08.1060	GAE1_ARATH	88.056	427	48	1	1	427	1	424	0.0	775	94.38	GAE1_ARATH UDP-glucuronate 4-epimerase 1
gene:evm.TU.04.1380	cds.evm.model.10.369	CMT1_ORYSJ	55.404	805	320	9	43	831	250	1031	0.0	892	69.81	CMT1_ORYSJ DNA (cytosine-5)-methyltransferase CMT1 {ECO:0000305}
gene:evm.TU.04.1634	cds.evm.model.01.1706.1.5bd9b136	1433B_SOYBN	85.625	160	23	0	7	166	2	161	1.62e-99	289	95.00	1433B_SOYBN 14-3-3-like protein B
gene:evm.TU.04.1406	cds.evm.model.01.1706	1433B_SOYBN	88.211	246	29	0	7	252	2	247	2.26e-164	457	95.12	1433B_SOYBN 14-3-3-like protein B
gene:evm.TU.04.1406	cds.evm.model.04.548.1.5bd9b137	FAOMT_VITVI	63.684	190	65	2	1	189	49	235	1.52e-84	252	81.05	FAOMT_VITVI Flavonoid 3',5'-methyltransferase
gene:evm.TU.04.1406	cds.evm.model.04.548	FAOMT_VITVI	62.931	232	83	1	10	241	7	235	1.70e-105	307	80.60	FAOMT_VITVI Flavonoid 3',5'-methyltransferase
gene:evm.TU.04.1406	cds.evm.model.03.705.1.5bd9b137	S404_ARATH	54.545	99	36	3	82	180	73	162	5.42e-25	97.8	66.67	S404_ARATH Protein S40-4 {ECO:0000303|PubMed:20238146}
gene:evm.TU.04.1406	cds.evm.model.03.705	S404_ARATH	54.545	99	36	3	82	180	73	162	5.42e-25	97.8	66.67	S404_ARATH Protein S40-4 {ECO:0000303|PubMed:20238146}
gene:evm.TU.04.1231	cds.evm.model.10.1334	CAPPC_FLATR	88.935	967	106	1	1	966	1	967	0.0	1774	94.52	CAPPC_FLATR Phosphoenolpyruvate carboxylase 2 {ECO:0000303|PubMed:12111227}
gene:evm.TU.04.1374	cds.novel_model_2602_5bd9a17a	C7317_PRUMU	62.786	481	159	5	42	519	50	513	0.0	607	78.17	C7317_PRUMU Cytochrome P450 736A117 {ECO:0000303|PubMed:25015725}
gene:evm.TU.04.1088	cds.evm.model.04.828	PITC_DICDI	32.065	184	113	4	79	255	73	251	4.71e-21	94.7	52.72	PITC_DICDI Phosphatidylinositol transfer protein 3
gene:evm.TU.04.1670	cds.evm.model.04.828.3.5bdae6d9	PITC_DICDI	30.263	152	91	5	79	220	73	219	4.28e-08	56.2	47.37	PITC_DICDI Phosphatidylinositol transfer protein 3
gene:evm.TU.04.1369	cds.evm.model.04.828.1.5bdae6d9	PITC_DICDI	32.240	183	112	4	79	254	73	250	3.00e-19	89.0	50.27	PITC_DICDI Phosphatidylinositol transfer protein 3
gene:evm.TU.04.1855	cds.evm.model.04.828.2.5bdae6d9	YAS2_SCHPO	34.375	96	52	3	71	157	115	208	1.23e-06	50.4	47.92	YAS2_SCHPO CRAL-TRIO domain-containing protein C3H8.02
gene:evm.TU.04.1914	cds.evm.model.10.878	3MGA_HAEIN	39.837	123	74	0	106	228	58	180	4.32e-25	100	60.98	3MGA_HAEIN DNA-3-methyladenine glycosylase
gene:evm.TU.04.1717	cds.evm.model.08.1613	AGP1_ARATH	46.269	134	42	3	17	139	17	131	8.40e-16	72.0	56.72	AGP1_ARATH Classical arabinogalactan protein 1
gene:evm.TU.04.1717	cds.evm.model.02.2316	IF2C_PHAVU	72.043	1023	239	14	2	1008	9	1000	0.0	1342	82.40	IF2C_PHAVU Translation initiation factor IF-2, chloroplastic
gene:evm.TU.04.1717	cds.evm.model.05.2056	RR6_ARATH	61.864	118	36	6	32	142	25	140	1.36e-34	122	71.19	RR6_ARATH Small ribosomal subunit protein bS6c {ECO:0000303|PubMed:36423343}
gene:evm.TU.04.1717	cds.evm.model.03.979	PER21_ARATH	74.098	305	77	2	25	328	24	327	2.13e-172	484	87.21	PER21_ARATH Peroxidase 21
gene:evm.TU.04.1717	cds.evm.model.01.850	FMO1_ARATH	40.430	512	267	11	5	484	13	518	7.39e-124	374	58.20	FMO1_ARATH Probable flavin-containing monooxygenase 1
gene:evm.TU.04.1723	cds.evm.model.07.1197	SECE1_ARATH	52.941	170	61	6	43	207	22	177	1.00e-42	144	67.65	SECE1_ARATH Preprotein translocase subunit SECE1
gene:evm.TU.04.1514	cds.evm.model.10.2212	ENL17_ARATH	53.704	162	72	2	19	179	12	171	2.48e-61	191	70.99	ENL17_ARATH Early nodulin-like protein 17 {ECO:0000303|PubMed:19897921}
gene:evm.TU.04.1803	cds.evm.model.06.1078	UBC19_ARATH	70.857	175	37	2	1	161	1	175	2.18e-83	249	79.43	UBC19_ARATH Ubiquitin-conjugating enzyme E2 19 {ECO:0000303|PubMed:12427990}
gene:evm.TU.04.1134	cds.evm.model.09.256	EBP1_SOLTU	89.948	388	37	2	1	387	1	387	0.0	687	96.13	EBP1_SOLTU ERBB-3 BINDING PROTEIN 1 {ECO:0000303|PubMed:17024182}
gene:evm.TU.04.1409	cds.novel_model_1246_5bd9a17a	IDD7_ARATH	51.582	411	128	12	18	380	45	432	4.73e-115	346	58.88	IDD7_ARATH Protein indeterminate-domain 7 {ECO:0000303|PubMed:16784536}
gene:evm.TU.04.1679	cds.novel_model_1249_5bd9a17a.3.5bd9b135	IDD7_ARATH	40.136	147	52	6	6	127	206	341	1.05e-09	61.2	46.26	IDD7_ARATH Protein indeterminate-domain 7 {ECO:0000303|PubMed:16784536}
gene:evm.TU.04.181	cds.novel_model_1248_5bd9a17a.2.5bd9b135	IDD7_ARATH	51.582	411	128	12	6	368	45	432	5.17e-115	345	58.88	IDD7_ARATH Protein indeterminate-domain 7 {ECO:0000303|PubMed:16784536}
gene:evm.TU.04.146	cds.novel_model_1247_5bd9a17a.1.5bd9b135	IDD7_ARATH	51.582	411	128	12	6	368	45	432	5.17e-115	345	58.88	IDD7_ARATH Protein indeterminate-domain 7 {ECO:0000303|PubMed:16784536}
gene:evm.TU.04.1798	cds.evm.model.03.901.2.5bd9b138	ZFP34_ARATH	68.382	272	84	1	12	281	16	287	3.84e-143	406	84.93	ZFP34_ARATH E3 ubiquitin-protein ligase RZFP34 {ECO:0000305}
gene:evm.TU.04.1225	cds.evm.model.03.901.6.5bd9b138	ZFP34_ARATH	68.382	272	84	1	12	281	16	287	3.84e-143	406	84.93	ZFP34_ARATH E3 ubiquitin-protein ligase RZFP34 {ECO:0000305}
gene:evm.TU.04.1225	cds.evm.model.03.901	ZFP34_ARATH	68.382	272	84	1	12	281	16	287	3.84e-143	406	84.93	ZFP34_ARATH E3 ubiquitin-protein ligase RZFP34 {ECO:0000305}
gene:evm.TU.04.1225	cds.evm.model.03.901.5.5bd9b138	ZFP34_ARATH	68.382	272	84	1	12	281	16	287	3.84e-143	406	84.93	ZFP34_ARATH E3 ubiquitin-protein ligase RZFP34 {ECO:0000305}
gene:evm.TU.04.1948	cds.evm.model.03.901.8.5bd9b138	ZFP34_ARATH	68.382	272	84	1	12	281	16	287	3.84e-143	406	84.93	ZFP34_ARATH E3 ubiquitin-protein ligase RZFP34 {ECO:0000305}
gene:evm.TU.04.1922	cds.evm.model.03.901.9.5bd9b138	ZFP34_ARATH	67.895	190	59	1	1	188	98	287	5.73e-96	283	82.63	ZFP34_ARATH E3 ubiquitin-protein ligase RZFP34 {ECO:0000305}
gene:evm.TU.04.1901	cds.evm.model.03.901.1.5bd9b138	ZFP34_ARATH	68.382	272	84	1	12	281	16	287	3.84e-143	406	84.93	ZFP34_ARATH E3 ubiquitin-protein ligase RZFP34 {ECO:0000305}
gene:evm.TU.04.1146	cds.evm.model.03.901.7.5bd9b138	ZFP34_ARATH	68.382	272	84	1	12	281	16	287	3.84e-143	406	84.93	ZFP34_ARATH E3 ubiquitin-protein ligase RZFP34 {ECO:0000305}
gene:evm.TU.04.1015	cds.evm.model.03.901.4.5bd9b138	ZFP34_ARATH	68.382	272	84	1	12	281	16	287	3.84e-143	406	84.93	ZFP34_ARATH E3 ubiquitin-protein ligase RZFP34 {ECO:0000305}
gene:evm.TU.04.1439	cds.evm.model.03.901.3.5bd9b138	ZFP34_ARATH	68.382	272	84	1	12	281	16	287	3.84e-143	406	84.93	ZFP34_ARATH E3 ubiquitin-protein ligase RZFP34 {ECO:0000305}
gene:evm.TU.04.1688	cds.evm.model.01.2834	SOX_ARATH	67.413	402	127	2	6	403	9	410	0.0	578	81.84	SOX_ARATH Probable sarcosine oxidase
gene:evm.TU.04.1504	cds.evm.model.01.2956	JAL3_ARATH	53.281	381	167	6	355	730	211	585	1.33e-110	351	72.18	JAL3_ARATH Jacalin-related lectin 3
gene:evm.TU.04.1521	cds.evm.model.01.2956	JAL3_ARATH	38.734	395	199	5	386	745	12	398	3.54e-70	244	55.70	JAL3_ARATH Jacalin-related lectin 3
gene:evm.TU.04.1899	cds.evm.model.01.2956	JAL3_ARATH	58.042	143	59	1	5	147	15	156	9.58e-39	155	76.22	JAL3_ARATH Jacalin-related lectin 3
gene:evm.TU.04.1941	cds.evm.model.01.2956	JAL3_ARATH	46.099	141	75	1	4	144	241	380	6.24e-30	129	64.54	JAL3_ARATH Jacalin-related lectin 3
gene:evm.TU.04.1897	cds.evm.model.01.2956	JAL3_ARATH	48.148	135	66	4	17	148	452	585	1.21e-25	115	70.37	JAL3_ARATH Jacalin-related lectin 3
gene:evm.TU.04.1796	cds.evm.model.09.1689	U88B1_STERE	51.502	466	215	5	3	468	4	458	7.94e-163	471	67.81	U88B1_STERE UDP-glycosyltransferase 88B1 {ECO:0000303|PubMed:15610349}
gene:evm.TU.04.1817	cds.evm.model.02.2366	Y1154_ARATH	76.956	473	93	7	1	469	1	461	0.0	736	87.53	Y1154_ARATH Probable serine/threonine-protein kinase At1g01540
gene:evm.TU.04.1817	cds.novel_model_7394_5bd9a17a	MADS1_VITVI	68.217	258	49	3	22	279	1	225	5.13e-120	345	76.74	MADS1_VITVI Agamous-like MADS-box protein MADS1 {ECO:0000305}
gene:evm.TU.04.1905	cds.evm.model.10.872	HS905_ARATH	82.832	798	118	5	1	797	1	780	0.0	1310	89.85	HS905_ARATH Heat shock protein 90-5, chloroplastic {ECO:0000305}
gene:evm.TU.04.1105	cds.evm.model.10.872.1.5bd9b13d	HS905_ARATH	86.846	707	83	2	16	722	84	780	0.0	1243	93.21	HS905_ARATH Heat shock protein 90-5, chloroplastic {ECO:0000305}
gene:evm.TU.04.1906	cds.evm.model.02.322	EXPA4_ARATH	85.659	258	34	1	1	258	3	257	5.43e-168	467	92.64	EXPA4_ARATH Expansin-A4
gene:evm.TU.04.1800	cds.evm.model.04.592	BAG5_ARATH	36.567	134	78	1	21	154	28	154	1.42e-19	88.2	58.96	BAG5_ARATH BAG family molecular chaperone regulator 5, mitochondrial
gene:evm.TU.04.145	cds.evm.model.10.1022	AB1K7_ARATH	75.524	715	148	8	1	708	1	695	0.0	1103	86.71	AB1K7_ARATH Protein ACTIVITY OF BC1 COMPLEX KINASE 7, chloroplastic {ECO:0000303|PubMed:22694836}
gene:evm.TU.04.1482	cds.evm.model.06.1391	DHQSD_ARATH	47.876	518	267	2	1	516	84	600	9.94e-154	454	67.57	DHQSD_ARATH Bifunctional 3-dehydroquinate dehydratase/shikimate dehydrogenase, chloroplastic {ECO:0000303|PubMed:16784230}
gene:evm.TU.04.1482	cds.evm.model.07.1318	NFYC9_ARATH	60.515	233	59	6	1	214	1	219	9.37e-85	254	68.24	NFYC9_ARATH Nuclear transcription factor Y subunit C-9
gene:evm.TU.04.1609	cds.evm.model.10.718	CMB1_DIACA	73.125	160	43	0	1	160	1	160	1.06e-77	233	83.12	CMB1_DIACA MADS-box protein CMB1
gene:evm.TU.04.1401	cds.evm.model.10.718.1.5bd9b13d.1.5bdae6df	CMB1_DIACA	61.039	231	77	4	1	223	1	226	2.81e-84	254	71.00	CMB1_DIACA MADS-box protein CMB1
gene:evm.TU.04.105	cds.evm.model.10.718.1.5bd9b13d.3.5bdae6df	MADS2_VITVI	88.608	79	9	0	1	79	1	79	2.73e-44	146	92.41	MADS2_VITVI Agamous-like MADS-box protein MADS2 {ECO:0000305}
gene:evm.TU.04.1033	cds.evm.model.10.718.1.5bd9b13d.2.5bdae6df	CMB1_DIACA	60.504	238	78	4	1	234	1	226	9.20e-86	258	69.75	CMB1_DIACA MADS-box protein CMB1
gene:evm.TU.04.1120	cds.evm.model.10.718.1.5bd9b13d	CMB1_DIACA	74.000	150	39	0	1	150	1	150	1.07e-72	220	82.67	CMB1_DIACA MADS-box protein CMB1
gene:evm.TU.04.1340	cds.evm.model.03.1581	RL12_PRUAR	93.373	166	11	0	1	166	1	166	3.03e-108	308	97.59	RL12_PRUAR Large ribosomal subunit protein uL11 {ECO:0000305}
gene:evm.TU.04.163	cds.evm.model.03.1032	ENO_RICCO	92.760	442	32	0	3	444	4	445	0.0	855	97.51	ENO_RICCO Enolase
gene:evm.TU.04.1584	cds.evm.model.06.1889	CB60B_GOSHI	42.857	539	259	17	2	515	58	572	2.62e-118	363	57.88	CB60B_GOSHI Calmodulin-binding protein 60 B {ECO:0000303|PubMed:29757140}
gene:evm.TU.04.1584	cds.evm.model.05.1173	KPPR_WHEAT	80.332	422	62	5	1	419	1	404	0.0	697	87.44	KPPR_WHEAT Phosphoribulokinase, chloroplastic
gene:evm.TU.04.1584	cds.evm.model.05.1173.1.5bd9b13a	KPPR_MESCR	79.621	211	33	1	16	226	4	204	5.13e-118	345	86.73	KPPR_MESCR Phosphoribulokinase, chloroplastic
gene:evm.TU.04.138	cds.evm.model.05.1173.1.5bd9b13a.1.5bdae6df	KPPR_MESCR	76.630	184	33	1	15	198	3	176	1.76e-96	288	84.24	KPPR_MESCR Phosphoribulokinase, chloroplastic
gene:evm.TU.04.1127	cds.evm.model.07.1070	PUB43_ARATH	26.040	745	495	24	261	960	28	761	6.43e-35	147	47.79	PUB43_ARATH U-box domain-containing protein 43
gene:evm.TU.04.1592	cds.novel_model_5002_5bd9a17a	LTD_ARATH	83.594	128	21	0	49	176	48	175	8.87e-78	232	91.41	LTD_ARATH Protein LHCP TRANSLOCATION DEFECT
gene:evm.TU.04.1764	cds.evm.model.05.1097	ACR8_ARATH	68.468	444	135	4	1	442	1	441	0.0	605	81.31	ACR8_ARATH ACT domain-containing protein ACR8 {ECO:0000305}
gene:evm.TU.04.1764	cds.evm.model.05.768	VDE_SPIOL	56.173	486	136	7	1	425	3	472	1.61e-179	512	66.46	VDE_SPIOL Violaxanthin de-epoxidase, chloroplastic {ECO:0000303|Ref.2}
gene:evm.TU.04.152	cds.novel_model_58_5bd9a17a.3.5bd9b133	STR15_ARATH	66.154	65	19	1	54	115	53	117	3.35e-22	89.0	75.38	STR15_ARATH Rhodanese-like domain-containing protein 15, chloroplastic
gene:evm.TU.04.1983	cds.novel_model_56_5bd9a17a.1.5bd9b133	STR15_ARATH	64.341	129	42	2	54	178	53	181	2.82e-55	175	77.52	STR15_ARATH Rhodanese-like domain-containing protein 15, chloroplastic
gene:evm.TU.04.1732	cds.novel_model_57_5bd9a17a.2.5bd9b133	STR15_ARATH	65.094	106	34	1	54	156	53	158	3.63e-44	147	78.30	STR15_ARATH Rhodanese-like domain-containing protein 15, chloroplastic
gene:evm.TU.04.1732	cds.novel_model_55_5bd9a17a	STR15_ARATH	64.341	129	43	1	54	179	53	181	1.69e-57	181	78.29	STR15_ARATH Rhodanese-like domain-containing protein 15, chloroplastic
gene:evm.TU.04.1017	cds.novel_model_59_5bd9a17a.4.5bd9b133	STR15_ARATH	66.154	65	19	1	7	68	53	117	1.56e-22	87.8	75.38	STR15_ARATH Rhodanese-like domain-containing protein 15, chloroplastic
gene:evm.TU.04.1314	cds.novel_model_334_5bd9a17a	DCR_ARATH	31.200	500	267	11	9	484	2	448	1.24e-64	219	48.60	DCR_ARATH BAHD acyltransferase DCR
gene:evm.TU.04.1706	cds.evm.model.07.1780	LOX15_SOLTU	63.927	876	291	6	3	868	2	862	0.0	1189	79.11	LOX15_SOLTU Probable linoleate 9S-lipoxygenase 5
gene:evm.TU.04.113	cds.evm.model.03.20	NDHT_ARATH	63.839	224	78	2	22	245	29	249	4.92e-101	296	77.23	NDHT_ARATH NAD(P)H-quinone oxidoreductase subunit T, chloroplastic {ECO:0000305}
gene:evm.TU.04.1757	cds.evm.model.03.20.2.5bd9b136	NDHT_ARATH	63.839	224	78	2	22	245	29	249	4.92e-101	296	77.23	NDHT_ARATH NAD(P)H-quinone oxidoreductase subunit T, chloroplastic {ECO:0000305}
gene:evm.TU.04.1388	cds.evm.model.03.20.1.5bd9b136	NDHT_ARATH	63.839	224	78	2	22	245	29	249	4.92e-101	296	77.23	NDHT_ARATH NAD(P)H-quinone oxidoreductase subunit T, chloroplastic {ECO:0000305}
gene:evm.TU.04.1869	cds.evm.model.04.2050	XERO1_ARATH	48.765	162	42	9	1	157	1	126	1.08e-20	85.1	53.70	XERO1_ARATH Dehydrin Xero 1
gene:evm.TU.04.1123	cds.evm.model.02.308	PERK1_ARATH	74.811	397	67	2	208	571	253	649	0.0	630	83.88	PERK1_ARATH Proline-rich receptor-like protein kinase PERK1
gene:evm.TU.04.151	cds.evm.model.02.308	PERK1_ARATH	38.028	142	47	5	65	193	65	178	4.63e-08	59.7	46.48	PERK1_ARATH Proline-rich receptor-like protein kinase PERK1
gene:evm.TU.04.1352	cds.evm.model.01.123	FENR1_PEA	84.298	363	54	2	1	363	1	360	0.0	622	92.01	FENR1_PEA Ferredoxin--NADP reductase, leaf isozyme, chloroplastic
gene:evm.TU.04.1310	cds.evm.model.06.1470	P2C25_ARATH	66.165	399	115	6	1	382	1	396	3.83e-170	483	75.69	P2C25_ARATH Probable protein phosphatase 2C 25
gene:evm.TU.04.1987	cds.evm.model.04.1685	POLX_TOBAC	49.091	110	52	2	176	281	570	679	1.18e-23	104	60.91	POLX_TOBAC Retrovirus-related Pol polyprotein from transposon TNT 1-94
gene:evm.TU.04.1934	cds.novel_model_2981_5bd9a17a.1.5bd9b137	NAT6_ARATH	86.466	532	70	1	1	530	1	532	0.0	959	94.55	NAT6_ARATH Nucleobase-ascorbate transporter 6
gene:evm.TU.04.1999	cds.novel_model_2982_5bd9a17a.4.5bd9b137	NAT6_ARATH	86.466	532	70	1	1	530	1	532	0.0	959	94.55	NAT6_ARATH Nucleobase-ascorbate transporter 6
gene:evm.TU.04.1655	cds.novel_model_2980_5bd9a17a.2.5bd9b137	NAT6_ARATH	86.466	532	70	1	1	530	1	532	0.0	959	94.55	NAT6_ARATH Nucleobase-ascorbate transporter 6
gene:evm.TU.04.1655	cds.novel_model_2978_5bd9a17a	NAT6_ARATH	86.466	532	70	1	1	530	1	532	0.0	959	94.55	NAT6_ARATH Nucleobase-ascorbate transporter 6
gene:evm.TU.04.168	cds.novel_model_2984_5bd9a17a.6.5bd9b137	NAT6_ARATH	82.738	168	29	0	1	168	134	301	6.50e-98	295	92.26	NAT6_ARATH Nucleobase-ascorbate transporter 6
gene:evm.TU.04.125	cds.novel_model_2983_5bd9a17a.5.5bd9b137	NAT6_ARATH	86.466	399	54	0	1	399	134	532	0.0	722	94.24	NAT6_ARATH Nucleobase-ascorbate transporter 6
gene:evm.TU.04.1116	cds.novel_model_2979_5bd9a17a.3.5bd9b137	NAT6_ARATH	86.466	532	70	1	1	530	1	532	0.0	959	94.55	NAT6_ARATH Nucleobase-ascorbate transporter 6
gene:evm.TU.04.1116	cds.evm.model.06.2131	NIFU2_ARATH	69.362	235	61	3	1	224	1	235	2.55e-100	293	78.30	NIFU2_ARATH NifU-like protein 2, chloroplastic
gene:evm.TU.04.1116	cds.evm.model.02.196	SKU5_ARATH	72.105	570	157	1	12	579	3	572	0.0	867	83.33	SKU5_ARATH Monocopper oxidase-like protein SKU5
gene:evm.TU.04.1390	cds.evm.model.08.1092	RS92_ARATH	92.513	187	14	0	1	187	1	187	5.17e-127	358	97.33	RS92_ARATH Small ribosomal subunit protein uS4y {ECO:0000303|PubMed:36423343}
gene:evm.TU.04.1719	cds.evm.model.03.1921	E13B_PRUPE	67.376	282	92	0	1	282	69	350	5.27e-143	408	84.04	E13B_PRUPE Glucan endo-1,3-beta-glucosidase, basic isoform
gene:evm.TU.04.1719	cds.evm.model.02.1111	ALIS3_ARATH	76.504	349	81	1	1	348	1	349	0.0	547	86.53	ALIS3_ARATH ALA-interacting subunit 3
gene:evm.TU.04.1302	cds.evm.model.08.606	PTR27_ARATH	75.690	580	131	5	2	579	6	577	0.0	841	84.83	PTR27_ARATH Protein NRT1/ PTR FAMILY 6.2
gene:evm.TU.04.1274	cds.evm.model.07.1612	PERX_NICSY	66.452	310	94	3	14	315	15	322	4.01e-144	412	77.10	PERX_NICSY Lignin-forming anionic peroxidase
gene:evm.TU.04.1883	cds.evm.model.01.668.1.5bd9b134	H2AV1_ARATH	91.304	138	10	1	1	138	1	136	1.23e-78	231	95.65	H2AV1_ARATH Histone H2A variant 1
gene:evm.TU.04.1186	cds.evm.model.01.668	H2AV1_ARATH	91.304	138	10	1	1	138	1	136	1.23e-78	231	95.65	H2AV1_ARATH Histone H2A variant 1
gene:evm.TU.04.1186	cds.evm.model.01.668.2.5bd9b134	H2AV1_ARATH	94.059	101	6	0	3	103	36	136	1.71e-64	194	97.03	H2AV1_ARATH Histone H2A variant 1
gene:evm.TU.04.1186	cds.novel_model_1977_5bd9a17a	MAOP4_ARATH	77.399	646	141	2	1	641	1	646	0.0	1040	88.39	MAOP4_ARATH NADP-dependent malic enzyme 4, chloroplastic
gene:evm.TU.04.1186	cds.evm.model.06.345	FIT_ARATH	55.152	165	63	5	2	165	159	313	3.32e-52	172	73.33	FIT_ARATH Transcription factor FER-LIKE IRON DEFICIENCY-INDUCED TRANSCRIPTION FACTOR
gene:evm.TU.04.1259	cds.evm.model.04.224	RS27A_SOLTU	76.282	156	2	1	1	121	1	156	2.46e-79	233	76.92	RS27A_SOLTU Ubiquitin-ribosomal protein eS31 fusion protein {ECO:0000305}
gene:evm.TU.04.1854	cds.evm.model.10.2227	GDL78_ARATH	61.818	330	123	1	170	496	32	361	3.29e-149	433	78.48	GDL78_ARATH GDSL esterase/lipase At5g22810
gene:evm.TU.04.1854	cds.evm.model.08.288	F3GGT_ACTCC	53.947	456	203	5	12	465	5	455	2.39e-169	487	69.52	F3GGT_ACTCC Cyanidin 3-O-galactoside 2''-O-xylosyltransferase FGGT1 {ECO:0000305}
gene:evm.TU.04.1961	cds.evm.model.07.35	PHT11_PETHY	79.362	533	106	3	4	533	3	534	0.0	870	88.18	PHT11_PETHY Low affinity inorganic phosphate transporter 1 {ECO:0000303|PubMed:18315538, ECO:0000303|PubMed:19380421}
gene:evm.TU.04.1450	cds.evm.model.05.1061	AT74_ARATH	65.753	73	25	0	1	73	172	244	3.34e-27	107	82.19	AT74_ARATH Phosphoglycerate mutase-like protein AT74 {ECO:0000305}
gene:evm.TU.04.1652	cds.evm.model.04.1205	TPPJ_ARATH	70.430	372	98	7	1	365	1	367	0.0	539	84.14	TPPJ_ARATH Probable trehalose-phosphate phosphatase J
gene:evm.TU.04.1857	cds.evm.model.01.61	L21AT_MELAZ	33.993	303	173	12	2	299	139	419	2.33e-40	149	52.81	L21AT_MELAZ Limonoid 21-O-acetyltransferse {ECO:0000303|PubMed:36701471}
gene:evm.TU.04.1164	cds.evm.model.06.1710	FAD2_VERFO	61.856	388	132	4	1	377	1	383	5.92e-180	507	76.29	FAD2_VERFO Delta(12)-fatty-acid desaturase FAD2 {ECO:0000303|PubMed:12481086}
gene:evm.TU.04.162	cds.evm.model.02.2394	ROGF3_ARATH	68.670	466	127	8	1	463	1	450	0.0	628	80.69	ROGF3_ARATH Rop guanine nucleotide exchange factor 3
gene:evm.TU.04.1751	cds.novel_model_3686_5bd9a17a.1.5bd9b138	GPPL1_ARATH	75.740	169	40	1	54	221	55	223	6.88e-92	276	87.57	GPPL1_ARATH Haloacid dehalogenase-like hydrolase domain-containing protein At4g39970
gene:evm.TU.04.1402	cds.novel_model_3685_5bd9a17a	GPPL1_ARATH	78.077	260	56	1	54	312	55	314	9.82e-150	426	88.08	GPPL1_ARATH Haloacid dehalogenase-like hydrolase domain-containing protein At4g39970
gene:evm.TU.04.1074	cds.evm.model.03.130	TL19_ARATH	67.890	218	61	2	36	244	12	229	1.75e-105	307	81.65	TL19_ARATH Thylakoid lumenal 19 kDa protein, chloroplastic
gene:evm.TU.04.1714	cds.evm.model.03.130.1.5bd9b136	TL19_ARATH	66.667	150	41	2	36	176	12	161	7.63e-65	202	81.33	TL19_ARATH Thylakoid lumenal 19 kDa protein, chloroplastic
gene:evm.TU.04.1860	cds.evm.model.09.908	EXOL7_ARATH	65.964	332	100	6	16	343	1	323	3.92e-143	410	78.92	EXOL7_ARATH Protein EXORDIUM-like 7
gene:evm.TU.04.1224	cds.evm.model.06.1816	MCU1_ARATH	64.017	239	83	2	108	343	50	288	1.23e-109	324	80.75	MCU1_ARATH Calcium uniporter protein 1, mitochondrial
gene:evm.TU.04.102	cds.evm.model.06.1049.1.5bd9b13a	LOX15_SOLTU	63.434	629	205	7	1	621	1	612	0.0	816	77.90	LOX15_SOLTU Probable linoleate 9S-lipoxygenase 5
gene:evm.TU.04.1059	cds.evm.model.06.1049	LOX15_SOLTU	65.870	879	275	7	1	871	1	862	0.0	1213	80.55	LOX15_SOLTU Probable linoleate 9S-lipoxygenase 5
gene:evm.TU.04.1059	cds.evm.model.03.859	73C11_BARVU	49.587	484	200	5	8	448	12	494	8.84e-172	494	67.36	73C11_BARVU UDP-glycosyltransferase 73C11 {ECO:0000303|PubMed:23027665}
gene:evm.TU.04.1438	cds.evm.model.02.2036	VAP13_ARATH	63.981	211	75	1	1	210	28	238	4.52e-84	257	77.25	VAP13_ARATH Vesicle-associated protein 1-3
gene:evm.TU.04.1490	cds.evm.model.01.2503	FLP1_ORYSJ	53.425	73	26	2	1	73	1	65	2.00e-15	69.3	67.12	FLP1_ORYSJ Flowering-promoting factor 1-like protein 1
gene:evm.TU.04.1213	cds.novel_model_678_5bd9a17a.2.5bd9b134	ARF2_ORYSJ	98.895	181	2	0	1	181	1	181	2.93e-133	373	100.00	ARF2_ORYSJ ADP-ribosylation factor 2
gene:evm.TU.04.1507	cds.novel_model_677_5bd9a17a.1.5bd9b134	ARF_VIGUN	100.000	152	0	0	1	152	1	152	1.53e-110	314	100.00	ARF_VIGUN ADP-ribosylation factor
gene:evm.TU.04.1540	cds.novel_model_676_5bd9a17a	ARF2_ORYSJ	98.895	181	2	0	1	181	1	181	2.93e-133	373	100.00	ARF2_ORYSJ ADP-ribosylation factor 2
gene:evm.TU.04.1646	cds.evm.model.01.187.1.5bd9b134	MSSP2_ARATH	76.486	740	160	4	1	737	1	729	0.0	1074	87.84	MSSP2_ARATH Monosaccharide-sensing protein 2 {ECO:0000305}
gene:evm.TU.04.1131	cds.evm.model.01.187	MSSP2_ARATH	76.486	740	160	4	1	737	1	729	0.0	1074	87.84	MSSP2_ARATH Monosaccharide-sensing protein 2 {ECO:0000305}
gene:evm.TU.04.1131	cds.novel_model_2245_5bd9a17a.7.5bd9b136	AAT3_ARATH	86.550	171	23	0	1	171	279	449	1.37e-107	317	94.74	AAT3_ARATH Aspartate aminotransferase 3, chloroplastic
gene:evm.TU.04.1718	cds.novel_model_2244_5bd9a17a.6.5bd9b136	AAT1_MEDSA	85.714	238	34	0	5	242	178	415	1.31e-154	439	95.80	AAT1_MEDSA Aspartate aminotransferase 1
gene:evm.TU.04.1411	cds.novel_model_2247_5bd9a17a.9.5bd9b136	AAT3_ARATH	85.034	147	22	0	1	147	279	425	5.00e-91	274	95.24	AAT3_ARATH Aspartate aminotransferase 3, chloroplastic
gene:evm.TU.04.115	cds.novel_model_2238_5bd9a17a	AAT3_ARATH	80.227	440	84	2	20	459	13	449	0.0	748	89.77	AAT3_ARATH Aspartate aminotransferase 3, chloroplastic
gene:evm.TU.04.1995	cds.novel_model_2242_5bd9a17a.5.5bd9b136	AATC_DAUCA	83.871	372	60	0	1	372	32	403	0.0	674	94.09	AATC_DAUCA Aspartate aminotransferase, cytoplasmic
gene:evm.TU.04.1972	cds.novel_model_2246_5bd9a17a.8.5bd9b136	AAT3_ARATH	86.550	171	23	0	1	171	279	449	1.37e-107	317	94.74	AAT3_ARATH Aspartate aminotransferase 3, chloroplastic
gene:evm.TU.04.1789	cds.novel_model_2239_5bd9a17a.3.5bd9b136	AATC_ORYSJ	85.156	384	57	0	37	420	21	404	0.0	699	93.23	AATC_ORYSJ Aspartate aminotransferase, cytoplasmic
gene:evm.TU.04.1937	cds.novel_model_2248_5bd9a17a.10.5bd9b136	AAT3_ARATH	55.556	54	21	2	20	73	13	63	2.38e-09	55.5	68.52	AAT3_ARATH Aspartate aminotransferase 3, chloroplastic
gene:evm.TU.04.1978	cds.novel_model_2243_5bd9a17a.4.5bd9b136	AAT3_ARATH	86.550	171	23	0	1	171	279	449	1.37e-107	317	94.74	AAT3_ARATH Aspartate aminotransferase 3, chloroplastic
gene:evm.TU.04.1672	cds.novel_model_2241_5bd9a17a.2.5bd9b136	AAT3_ARATH	86.550	171	23	0	1	171	279	449	1.37e-107	317	94.74	AAT3_ARATH Aspartate aminotransferase 3, chloroplastic
gene:evm.TU.04.1690	cds.novel_model_2240_5bd9a17a.1.5bd9b136	AAT3_ARATH	78.592	341	70	2	20	360	13	350	0.0	565	88.27	AAT3_ARATH Aspartate aminotransferase 3, chloroplastic
gene:evm.TU.04.1321	cds.novel_model_2461_5bd9a17a	H2A5_ARATH	79.333	150	31	0	1	150	1	150	1.66e-82	242	90.00	H2A5_ARATH Probable histone H2A.5
gene:evm.TU.04.1093	cds.novel_model_1919_5bd9a17a	KN14C_ARATH	82.933	416	71	0	1	416	378	793	0.0	728	90.87	KN14C_ARATH Kinesin-like protein KIN-14C {ECO:0000305}
gene:evm.TU.04.1755	cds.evm.model.05.163	Y3264_ARATH	30.435	161	100	5	357	514	347	498	5.81e-10	65.5	47.83	Y3264_ARATH Putative UPF0481 protein At3g02645
gene:evm.TU.04.1755	cds.evm.model.05.163.1.5bd9b139	Y3264_ARATH	30.435	161	100	5	357	514	347	498	5.81e-10	65.5	47.83	Y3264_ARATH Putative UPF0481 protein At3g02645
gene:evm.TU.04.1755	cds.evm.model.03.1613	PYM_ARATH	47.426	272	122	9	1	264	1	259	8.70e-59	190	60.29	PYM_ARATH Protein POLYCHOME
gene:evm.TU.04.1755	cds.evm.model.05.1787	EXLB1_ARATH	59.016	244	97	3	11	253	8	249	1.77e-105	308	75.82	EXLB1_ARATH Expansin-like B1
gene:evm.TU.04.1007	cds.evm.model.02.1881	HQGT_RAUSE	55.342	468	197	6	7	469	6	466	0.0	534	74.15	HQGT_RAUSE Hydroquinone glucosyltransferase
gene:evm.TU.04.1501	cds.evm.model.01.2631	PR5K_ARATH	53.257	261	117	4	9	267	7	264	5.15e-93	293	68.58	PR5K_ARATH PR5-like receptor kinase {ECO:0000303|PubMed:8637920}
gene:evm.TU.04.1192	cds.evm.model.01.2631.1.5bdae6e4	THLP1_ARATH	60.000	110	38	2	1	110	154	257	3.17e-38	135	71.82	THLP1_ARATH Thaumatin-like protein 1 {ECO:0000303|PubMed:15988566}
gene:evm.TU.04.1192	cds.novel_model_6937_5bd9a17a.4.5bd9b13d	SP1L1_ARATH	70.000	120	29	2	1	120	1	113	1.21e-47	151	76.67	SP1L1_ARATH Protein SPIRAL1-like 1
gene:evm.TU.04.1192	cds.novel_model_6934_5bd9a17a.3.5bd9b13d	SP1L1_ARATH	70.000	120	29	2	1	120	1	113	1.21e-47	151	76.67	SP1L1_ARATH Protein SPIRAL1-like 1
gene:evm.TU.04.1192	cds.novel_model_6938_5bd9a17a.5.5bd9b13d	SP1L1_ARATH	88.889	27	3	0	44	70	87	113	5.19e-09	51.2	88.89	SP1L1_ARATH Protein SPIRAL1-like 1
gene:evm.TU.04.153	cds.novel_model_6933_5bd9a17a	SP1L1_ARATH	70.000	120	29	2	1	120	1	113	1.21e-47	151	76.67	SP1L1_ARATH Protein SPIRAL1-like 1
gene:evm.TU.04.1055	cds.novel_model_6936_5bd9a17a.1.5bd9b13d	SP1L1_ARATH	70.000	120	29	2	1	120	1	113	1.21e-47	151	76.67	SP1L1_ARATH Protein SPIRAL1-like 1
gene:evm.TU.04.1126	cds.novel_model_6935_5bd9a17a.2.5bd9b13d	SP1L1_ARATH	70.000	120	29	2	1	120	1	113	1.21e-47	151	76.67	SP1L1_ARATH Protein SPIRAL1-like 1
gene:evm.TU.04.1984	cds.novel_model_1814_5bd9a17a	GOT_CANSA	61.905	399	147	4	1	395	1	398	1.52e-175	498	74.44	GOT_CANSA Geranylpyrophosphate:olivetolate geranyltransferase, chloroplastic {ECO:0000303|PubMed:9607329}
gene:evm.TU.04.1424	cds.novel_model_1951_5bd9a17a.1.5bd9b136	CO410_WHEAT	53.750	80	31	1	80	159	174	247	5.92e-13	68.2	58.75	CO410_WHEAT Dehydrin COR410
gene:evm.TU.04.1923	cds.novel_model_1950_5bd9a17a.2.5bd9b136	COR47_ARATH	41.221	262	105	11	12	259	24	250	4.03e-17	82.0	52.67	COR47_ARATH Dehydrin COR47
gene:evm.TU.04.1724	cds.evm.model.01.1027.3.5bd9b135	ERD7_ARATH	55.592	304	123	7	12	307	11	310	4.38e-105	318	72.70	ERD7_ARATH Protein EARLY-RESPONSIVE TO DEHYDRATION 7, chloroplastic {ECO:0000303|PubMed:8075396}
gene:evm.TU.04.1271	cds.evm.model.01.1027	ERD7_ARATH	60.987	446	162	7	12	449	11	452	0.0	534	77.35	ERD7_ARATH Protein EARLY-RESPONSIVE TO DEHYDRATION 7, chloroplastic {ECO:0000303|PubMed:8075396}
gene:evm.TU.04.1743	cds.evm.model.01.1027.1.5bd9b135	ERD7_ARATH	58.726	361	137	7	12	364	11	367	4.17e-141	411	76.18	ERD7_ARATH Protein EARLY-RESPONSIVE TO DEHYDRATION 7, chloroplastic {ECO:0000303|PubMed:8075396}
gene:evm.TU.04.1674	cds.evm.model.01.1027.2.5bd9b135	ERD7_ARATH	58.726	361	137	7	12	364	11	367	4.17e-141	411	76.18	ERD7_ARATH Protein EARLY-RESPONSIVE TO DEHYDRATION 7, chloroplastic {ECO:0000303|PubMed:8075396}
gene:evm.TU.04.1336	cds.evm.model.06.1891	SODC_IPOBA	88.816	152	17	0	1	152	1	152	2.63e-94	272	94.08	SODC_IPOBA Superoxide dismutase [Cu-Zn]
gene:evm.TU.04.1160	cds.evm.model.02.2630	NFYA3_ARATH	45.272	349	166	9	2	339	4	338	2.66e-69	223	57.59	NFYA3_ARATH Nuclear transcription factor Y subunit A-3
gene:evm.TU.04.121	cds.evm.model.06.875	E1312_ARATH	40.909	484	251	8	12	475	7	475	1.58e-116	355	60.33	E1312_ARATH Glucan endo-1,3-beta-glucosidase 12
gene:evm.TU.04.1045	cds.evm.model.03.1717	IRX9_ARATH	57.143	371	133	6	1	369	1	347	1.60e-147	424	71.70	IRX9_ARATH Beta-1,4-xylosyltransferase IRX9 {ECO:0000305}
gene:evm.TU.04.1664	cds.evm.model.08.1442	BABL_ARATH	60.156	128	47	2	1	124	1	128	1.46e-49	157	73.44	BABL_ARATH Basic blue protein
gene:evm.TU.04.1392	cds.evm.model.06.1772	H2B6_ARATH	74.667	150	9	2	1	121	1	150	4.32e-67	202	76.67	H2B6_ARATH Histone H2B.6
gene:evm.TU.04.1980	cds.evm.model.04.1932	GDL38_ARATH	73.803	355	91	1	7	359	33	387	0.0	565	88.17	GDL38_ARATH GDSL esterase/lipase At2g23540
gene:evm.TU.04.1080	cds.evm.model.04.157	C98A2_SOYBN	79.051	506	104	2	1	506	1	504	0.0	848	89.53	C98A2_SOYBN Cytochrome P450 98A2
gene:evm.TU.04.1325	cds.evm.model.01.1465	PPR3_ARATH	58.412	529	209	6	1	524	1	523	0.0	619	75.05	PPR3_ARATH Pentatricopeptide repeat-containing protein At1g02150
gene:evm.TU.04.1063	cds.novel_model_2676_5bd9a17a.1.5bd9b137	CESA8_ARATH	86.029	136	19	0	1	136	850	985	1.92e-77	249	96.32	CESA8_ARATH Cellulose synthase A catalytic subunit 8 [UDP-forming] {ECO:0000303|PubMed:11178255}
gene:evm.TU.04.1266	cds.novel_model_2675_5bd9a17a	CESA8_ARATH	89.891	366	37	0	2	367	620	985	0.0	691	96.17	CESA8_ARATH Cellulose synthase A catalytic subunit 8 [UDP-forming] {ECO:0000303|PubMed:11178255}
gene:evm.TU.04.1449	cds.evm.model.06.135	AHL9_ARATH	34.615	130	72	5	41	166	157	277	8.66e-09	57.8	51.54	AHL9_ARATH AT-hook motif nuclear-localized protein 9 {ECO:0000312|EMBL:FAA00280.1}
gene:evm.TU.04.1449	cds.evm.model.09.802	ATL73_ARATH	42.138	159	72	5	13	159	8	158	2.16e-34	121	59.12	ATL73_ARATH RING-H2 finger protein ATL73
gene:evm.TU.04.1449	cds.evm.model.01.313	STEP1_ARATH	58.219	146	54	3	3	142	2	146	4.11e-46	149	74.66	STEP1_ARATH Stress enhanced protein 1, chloroplastic {ECO:0000305}
gene:evm.TU.04.1449	cds.evm.model.06.178	LOX16_SOLTU	63.375	871	296	5	13	875	2	857	0.0	1176	79.56	LOX16_SOLTU Linoleate 9S-lipoxygenase 6
gene:evm.TU.04.1449	cds.evm.model.09.1193	LSH10_ARATH	86.400	125	17	0	47	171	24	148	1.17e-81	243	94.40	LSH10_ARATH Protein LIGHT-DEPENDENT SHORT HYPOCOTYLS 10
gene:evm.TU.04.1449	cds.evm.model.10.1565	3AT2_ARATH	33.611	360	182	9	28	337	112	464	5.93e-54	186	50.56	3AT2_ARATH Coumaroyl-CoA:anthocyanidin 3-O-glucoside-6''-O-coumaroyltransferase 2
gene:evm.TU.04.1493	cds.evm.model.02.3190	CCR1_PETHY	85.768	267	38	0	11	277	6	272	1.76e-174	487	92.51	CCR1_PETHY Cinnamoyl-CoA reductase 1 {ECO:0000303|PubMed:24985707, ECO:0000303|PubMed:25217505}
gene:evm.TU.04.1471	cds.evm.model.06.1335	GL116_ARATH	70.270	222	65	1	1	222	1	221	1.61e-112	324	83.33	GL116_ARATH Germin-like protein subfamily 1 member 16
gene:evm.TU.04.1221	cds.evm.model.03.397	Y3361_DICDI	25.316	158	112	4	12	163	138	295	2.54e-06	50.4	44.30	Y3361_DICDI Transmembrane protein DDB_G0273707/DDB_G0273361
gene:evm.TU.04.1442	cds.evm.model.05.1082.4.5bd9b13a	GLNA_VIGAC	92.135	356	28	0	1	356	1	356	0.0	688	97.19	GLNA_VIGAC Glutamine synthetase nodule isozyme
gene:evm.TU.04.1958	cds.evm.model.05.1082.2.5bd9b13a	GLNA_VIGAC	91.892	222	18	0	1	222	1	222	5.26e-152	429	96.85	GLNA_VIGAC Glutamine synthetase nodule isozyme
gene:evm.TU.04.1944	cds.evm.model.05.1082.5.5bd9b13a	GLNA1_VITVI	94.372	231	13	0	24	254	126	356	2.74e-163	459	98.70	GLNA1_VITVI Glutamine synthetase cytosolic isozyme 1
gene:evm.TU.04.1034	cds.evm.model.05.1082.6.5bd9b13a	GLNA1_VITVI	94.372	231	13	0	24	254	126	356	2.74e-163	459	98.70	GLNA1_VITVI Glutamine synthetase cytosolic isozyme 1
gene:evm.TU.04.1876	cds.evm.model.05.1082	GLNA_VIGAC	91.875	320	26	0	1	320	1	320	0.0	616	96.88	GLNA_VIGAC Glutamine synthetase nodule isozyme
gene:evm.TU.04.1294	cds.evm.model.05.1082.1.5bd9b13a	GLNA_VIGAC	89.912	228	23	0	1	228	1	228	1.03e-154	437	96.49	GLNA_VIGAC Glutamine synthetase nodule isozyme
gene:evm.TU.04.1506	cds.evm.model.05.1082.3.5bd9b13a	GLNA1_VITVI	92.749	331	24	0	2	332	26	356	0.0	643	96.68	GLNA1_VITVI Glutamine synthetase cytosolic isozyme 1
gene:evm.TU.04.1360	cds.evm.model.03.2020	PEAM1_ARATH	83.369	463	77	0	1	463	28	490	0.0	817	92.01	PEAM1_ARATH Phosphoethanolamine N-methyltransferase 1 {ECO:0000303|PubMed:11115895}
gene:evm.TU.04.1373	cds.evm.model.02.834.1.5bd9b134	AFP2_ARATH	34.951	309	153	11	50	334	60	344	1.93e-38	142	51.46	AFP2_ARATH Ninja-family protein AFP2
gene:evm.TU.04.14	cds.evm.model.02.834	AFP2_ARATH	34.951	309	153	11	50	334	60	344	1.93e-38	142	51.46	AFP2_ARATH Ninja-family protein AFP2
gene:evm.TU.04.1133	cds.evm.model.04.2191	HA22E_ARATH	71.795	39	11	0	1	39	67	105	4.49e-13	62.4	79.49	HA22E_ARATH HVA22-like protein e
gene:evm.TU.04.1133	cds.evm.model.08.671	LTG14_ARATH	68.548	124	34	2	32	154	27	146	4.09e-54	174	82.26	LTG14_ARATH Non-specific lipid transfer protein GPI-anchored 14 {ECO:0000303|PubMed:23893219}
gene:evm.TU.04.1133	cds.evm.model.01.2279	CML37_ARATH	57.353	136	58	0	12	147	50	185	2.68e-45	149	69.12	CML37_ARATH Calcium-binding protein CML37 {ECO:0000303|Ref.5}
gene:evm.TU.04.17	cds.evm.model.09.1403	E1313_ARATH	43.411	129	68	2	34	157	369	497	8.62e-30	116	61.24	E1313_ARATH Glucan endo-1,3-beta-glucosidase 13
gene:evm.TU.04.1447	cds.evm.model.03.2091	COL16_ARATH	62.376	101	30	3	5	100	3	100	1.48e-32	124	74.26	COL16_ARATH Zinc finger protein CONSTANS-LIKE 16
gene:evm.TU.04.1447	cds.evm.model.03.2091	COL16_ARATH	83.929	56	9	0	126	181	348	403	6.83e-21	92.4	87.50	COL16_ARATH Zinc finger protein CONSTANS-LIKE 16
gene:evm.TU.04.1447	cds.evm.model.05.1774.1.5bd9b13a	RK191_ARATH	45.185	135	55	5	1	135	3	118	5.06e-19	83.2	55.56	RK191_ARATH Large ribosomal subunit protein bL19cz {ECO:0000303|PubMed:36423343}
gene:evm.TU.04.1447	cds.evm.model.05.1774	RK19_SPIOL	62.348	247	74	6	1	242	1	233	9.31e-87	259	73.28	RK19_SPIOL Large ribosomal subunit protein bL19c {ECO:0000303|PubMed:28007896}
gene:evm.TU.04.1016	cds.evm.model.05.1774.2.5bd9b13a	RK191_ARATH	45.185	135	55	5	1	135	3	118	5.06e-19	83.2	55.56	RK191_ARATH Large ribosomal subunit protein bL19cz {ECO:0000303|PubMed:36423343}
gene:evm.TU.04.1025	cds.evm.model.04.88	MYB62_ARATH	86.614	127	17	0	15	141	18	144	4.82e-76	235	92.13	MYB62_ARATH Transcription factor MYB62 {ECO:0000303|PubMed:9839469}
gene:evm.TU.04.1226	cds.novel_model_5178_5bd9a17a	H4_SOYBN	100.000	103	0	0	1	103	1	103	2.97e-67	199	100.00	H4_SOYBN Histone H4
gene:evm.TU.04.1716	cds.novel_model_6390_5bd9a17a	CYPR4_CYNCA	74.338	491	121	4	151	636	2	492	0.0	761	85.95	CYPR4_CYNCA Protein CYPRO4
gene:evm.TU.04.1387	cds.evm.model.10.1971	HPPD_ARATH	73.502	434	111	2	9	439	12	444	0.0	641	83.87	HPPD_ARATH 4-hydroxyphenylpyruvate dioxygenase
gene:evm.TU.04.1881	cds.evm.model.10.1516	GNK2L_CASCR	65.517	232	71	3	43	274	19	241	3.23e-91	273	75.43	GNK2L_CASCR Antimicrobial ginkbilobin-2-like protein {ECO:0000303|Ref.1}
gene:evm.TU.04.1075	cds.evm.model.09.473	GSTX6_SOYBN	57.798	218	87	3	3	216	6	222	2.82e-82	247	71.56	GSTX6_SOYBN Probable glutathione S-transferase
gene:evm.TU.04.1075	cds.evm.model.10.1642	TBL19_ARATH	65.615	317	106	2	1	315	98	413	4.18e-160	457	79.50	TBL19_ARATH Protein trichome birefringence-like 19
gene:evm.TU.04.1075	cds.evm.model.04.334	SEOB_ARATH	33.759	705	420	18	34	706	38	727	1.08e-113	362	53.48	SEOB_ARATH Protein SIEVE ELEMENT OCCLUSION B {ECO:0000303|PubMed:20932300}
gene:evm.TU.04.1920	cds.evm.model.04.1606	ZHD1_ORYSI	58.150	227	62	5	61	259	56	277	1.05e-79	244	67.40	ZHD1_ORYSI Zinc-finger homeodomain protein 1
gene:evm.TU.04.1050	cds.evm.model.08.326	C76B6_CATRO	58.710	465	190	1	28	490	27	491	0.0	592	78.06	C76B6_CATRO Geraniol 8-hydroxylase
gene:evm.TU.04.1050	cds.evm.model.09.507	PTR28_ARATH	65.480	562	184	5	15	574	16	569	0.0	787	82.38	PTR28_ARATH Protein NRT1/ PTR FAMILY 5.6
gene:evm.TU.04.1050	cds.evm.model.02.2566	CB60B_ARATH	60.546	659	207	13	27	655	2	637	0.0	764	73.29	CB60B_ARATH Calmodulin-binding protein 60 B {ECO:0000303|PubMed:11782485}
gene:evm.TU.04.1746	cds.evm.model.03.1774	RFS2_ARATH	80.749	774	147	2	1	773	1	773	0.0	1334	89.53	RFS2_ARATH Probable galactinol--sucrose galactosyltransferase 2
gene:evm.TU.04.1273	cds.evm.model.09.35	PPO_MALDO	55.185	540	164	7	32	504	65	593	0.0	583	69.81	PPO_MALDO Polyphenol oxidase, chloroplastic
gene:evm.TU.04.1728	cds.evm.model.07.70	75L17_MALDO	45.047	424	146	9	14	356	56	473	4.02e-112	338	58.25	75L17_MALDO Phloretin 4'-O-glucosyltransferase {ECO:0000303|PubMed:27316677}
gene:evm.TU.04.1555	cds.evm.model.07.509	DCVR_CUCSA	77.184	412	87	3	10	417	11	419	0.0	639	86.41	DCVR_CUCSA Divinyl chlorophyllide a 8-vinyl-reductase, chloroplastic
gene:evm.TU.04.1615	cds.novel_model_1987_5bd9a17a	TRC_DROME	51.116	448	208	6	35	479	20	459	2.03e-150	441	68.53	TRC_DROME Serine/threonine-protein kinase tricornered {ECO:0000303|PubMed:15479641, ECO:0000312|FlyBase:FBgn0003744}
gene:evm.TU.04.1345	cds.novel_model_1989_5bd9a17a.2.5bd9b136	TRC_DROME	51.116	448	208	6	35	479	20	459	2.03e-150	441	68.53	TRC_DROME Serine/threonine-protein kinase tricornered {ECO:0000303|PubMed:15479641, ECO:0000312|FlyBase:FBgn0003744}
gene:evm.TU.04.1774	cds.novel_model_1988_5bd9a17a.1.5bd9b136	TRC_DROME	51.116	448	208	6	35	479	20	459	2.03e-150	441	68.53	TRC_DROME Serine/threonine-protein kinase tricornered {ECO:0000303|PubMed:15479641, ECO:0000312|FlyBase:FBgn0003744}
gene:evm.TU.04.1774	cds.evm.model.01.1042	HIP26_ARATH	79.221	154	31	1	1	154	1	153	1.57e-87	255	90.26	HIP26_ARATH Heavy metal-associated isoprenylated plant protein 26 {ECO:0000303|PubMed:21072340, ECO:0000303|PubMed:23368984}
gene:evm.TU.04.1774	cds.novel_model_6539_5bd9a17a	DYL2_SCHMA	45.055	91	48	1	1	91	1	89	7.17e-22	85.1	63.74	DYL2_SCHMA Probable dynein light chain
gene:evm.TU.04.1774	cds.evm.model.06.2120	CALS3_ARATH	88.820	161	18	0	71	231	1795	1955	5.26e-93	301	96.27	CALS3_ARATH Callose synthase 3
gene:evm.TU.04.1774	cds.evm.model.03.646	F3PH_ARATH	66.148	514	164	6	4	512	1	509	0.0	712	82.68	F3PH_ARATH Flavonoid 3'-monooxygenase
gene:evm.TU.04.1774	cds.evm.model.03.1086	GLYT3_ARATH	69.565	391	119	0	181	571	127	517	0.0	595	84.14	GLYT3_ARATH Probable glycosyltransferase At5g03795
gene:evm.TU.04.1067	cds.novel_model_3563_5bd9a17a.1.5bd9b138	Y5566_ARATH	79.730	74	13	2	1	73	1	73	1.58e-34	118	85.14	Y5566_ARATH Uncharacterized protein At5g65660
gene:evm.TU.04.1376	cds.novel_model_3562_5bd9a17a	Y5566_ARATH	69.343	137	35	3	1	131	1	136	4.89e-57	176	76.64	Y5566_ARATH Uncharacterized protein At5g65660
gene:evm.TU.04.1413	cds.evm.model.01.173	H2A1_SOLLC	83.562	146	21	1	1	143	1	146	1.21e-80	237	89.04	H2A1_SOLLC Histone H2A.1
gene:evm.TU.04.1413	cds.evm.model.02.1246	OSS2_PEA	33.714	175	82	5	18	170	17	179	2.15e-24	100	52.00	OSS2_PEA Organ-specific protein S2
gene:evm.TU.04.1011	cds.evm.model.02.2275	RPD6A_ARATH	81.429	140	25	1	6	144	5	144	3.53e-68	205	88.57	RPD6A_ARATH DNA-directed RNA polymerases II, IV and V subunit 6A
gene:evm.TU.04.149	cds.evm.model.06.831	ATL6_ARATH	45.946	407	155	13	16	380	15	398	1.58e-95	293	55.28	ATL6_ARATH E3 ubiquitin-protein ligase ATL6
gene:evm.TU.04.1367	cds.evm.model.05.7	RL40_BRARP	99.219	128	1	0	1	128	1	128	5.60e-91	261	99.22	RL40_BRARP Ubiquitin-ribosomal protein eL40 fusion protein {ECO:0000305}
gene:evm.TU.04.1818	cds.evm.model.04.1820	PABP4_ARATH	67.624	627	185	9	27	645	46	662	0.0	850	82.78	PABP4_ARATH Polyadenylate-binding protein 4
gene:evm.TU.04.1235	cds.novel_model_2369_5bd9a17a	RER4_ARATH	72.414	290	80	0	90	379	96	385	1.21e-159	456	87.24	RER4_ARATH Protein RETICULATA-RELATED 4, chloroplastic {ECO:0000303|PubMed:23596191}
gene:evm.TU.04.1571	cds.novel_model_2371_5bd9a17a.2.5bd9b136	RER4_ARATH	69.767	172	52	0	90	261	96	267	2.23e-85	263	86.05	RER4_ARATH Protein RETICULATA-RELATED 4, chloroplastic {ECO:0000303|PubMed:23596191}
gene:evm.TU.04.1029	cds.novel_model_2370_5bd9a17a.1.5bd9b136	RER4_ARATH	67.931	290	78	1	90	364	96	385	4.60e-146	421	82.41	RER4_ARATH Protein RETICULATA-RELATED 4, chloroplastic {ECO:0000303|PubMed:23596191}
gene:evm.TU.04.1069	cds.evm.model.08.44	SBT54_ARATH	60.610	754	277	7	20	769	29	766	0.0	922	74.01	SBT54_ARATH Subtilisin-like protease SBT5.4 {ECO:0000303|PubMed:16193095}
gene:evm.TU.04.1821	cds.evm.model.08.44	SBT54_ARATH	56.250	752	306	15	1515	2261	42	775	0.0	806	70.08	SBT54_ARATH Subtilisin-like protease SBT5.4 {ECO:0000303|PubMed:16193095}
gene:evm.TU.04.1395	cds.evm.model.08.44	SBT54_ARATH	50.139	720	301	19	819	1521	100	778	0.0	657	64.17	SBT54_ARATH Subtilisin-like protease SBT5.4 {ECO:0000303|PubMed:16193095}
gene:evm.TU.04.1460	cds.novel_model_3935_5bd9a17a	ZAT11_ARATH	53.012	83	23	4	7	87	2	70	8.67e-13	65.1	57.83	ZAT11_ARATH Zinc finger protein ZAT11
gene:evm.TU.04.1047	cds.evm.model.10.2262	IPYR6_ARATH	79.078	282	56	2	11	289	18	299	6.06e-163	457	86.52	IPYR6_ARATH Soluble inorganic pyrophosphatase 6, chloroplastic {ECO:0000303|PubMed:15135060}
gene:evm.TU.04.1551	cds.evm.model.09.775	PATL4_ARATH	52.973	555	175	13	1	484	1	540	1.56e-178	514	67.21	PATL4_ARATH Patellin-4
gene:evm.TU.04.11	cds.evm.model.02.1223	ASIL2_ARATH	35.338	133	75	3	18	141	43	173	4.14e-15	76.6	54.89	ASIL2_ARATH Trihelix transcription factor ASIL2 {ECO:0000305}
gene:evm.TU.04.1317	cds.evm.model.09.1234	ADHL6_ARATH	78.333	60	13	0	2	61	4	63	5.52e-27	103	91.67	ADHL6_ARATH Alcohol dehydrogenase-like 6
gene:evm.TU.04.194	cds.evm.model.02.2356	WRK22_ARATH	50.355	282	98	8	10	284	51	297	9.84e-78	241	60.28	WRK22_ARATH WRKY transcription factor 22
gene:evm.TU.04.1306	cds.novel_model_6189_5bd9a17a	MTS1_HUMLU	67.630	173	55	1	1	172	411	583	2.77e-79	249	82.08	MTS1_HUMLU Probable monoterpene synthase MTS1, chloroplastic {ECO:0000305}
gene:evm.TU.04.1149	cds.evm.model.04.1143	INO1_SESIN	92.941	510	36	0	1	510	1	510	0.0	997	97.65	INO1_SESIN Inositol-3-phosphate synthase
gene:evm.TU.04.1149	cds.evm.model.04.1143.1.5bd9b138.1.5bdae6db	INO1_NICPA	90.079	252	24	1	19	269	199	450	8.22e-161	462	94.44	INO1_NICPA Inositol-3-phosphate synthase
gene:evm.TU.04.1572	cds.evm.model.04.1143.3.5bd9b138	INO1_TOBAC	89.097	321	34	1	10	329	190	510	0.0	585	93.46	INO1_TOBAC Inositol-3-phosphate synthase
gene:evm.TU.04.1572	cds.evm.model.04.1143.4.5bd9b138	INO1_NICPA	95.291	446	21	0	1	446	65	510	0.0	885	97.76	INO1_NICPA Inositol-3-phosphate synthase
gene:evm.TU.04.1261	cds.evm.model.04.1143.2.5bd9b138	INO1_NICPA	94.737	380	20	0	1	380	131	510	0.0	749	97.37	INO1_NICPA Inositol-3-phosphate synthase
gene:evm.TU.04.1997	cds.evm.model.04.1143.1.5bd9b138	INO1_SESIN	92.444	450	34	0	1	450	1	450	0.0	873	97.56	INO1_SESIN Inositol-3-phosphate synthase
gene:evm.TU.04.1845	cds.evm.model.04.1143.3.5bd9b138.2.5bdae6db	INO1_MESCR	96.954	197	6	0	1	197	316	512	3.59e-137	396	98.48	INO1_MESCR Inositol-3-phosphate synthase
gene:evm.TU.04.137	cds.evm.model.03.663	PSBC_MAIZE	46.429	112	54	2	158	266	292	400	6.09e-16	83.6	58.04	PSBC_MAIZE Photosystem II CP43 reaction center protein {ECO:0000255|HAMAP-Rule:MF_01496}
gene:evm.TU.04.1175	cds.evm.model.03.74	SIGD_ARATH	57.092	282	116	3	67	347	137	414	1.86e-105	318	75.89	SIGD_ARATH RNA polymerase sigma factor sigD, chloroplastic
gene:evm.TU.04.1189	cds.evm.model.08.1866	FBK46_ARATH	41.137	299	146	8	1	271	3	299	3.93e-65	214	54.52	FBK46_ARATH F-box/kelch-repeat protein At2g44130
gene:evm.TU.04.1170	cds.evm.model.06.1457	COPT1_ARATH	53.103	145	67	1	21	164	24	168	1.17e-43	145	71.03	COPT1_ARATH Copper transporter 1
gene:evm.TU.04.1532	cds.evm.model.01.85	RER1C_ARATH	62.500	88	33	0	13	100	22	109	1.29e-31	115	77.27	RER1C_ARATH Protein RER1C
gene:evm.TU.04.1477	cds.evm.model.04.673	NAC2_ARATH	66.333	300	75	9	7	295	5	289	5.90e-128	369	74.67	NAC2_ARATH NAC domain-containing protein 2
gene:evm.TU.04.1477	cds.evm.model.03.203	DECR2_ARATH	72.148	298	81	2	1	296	1	298	2.98e-147	418	85.57	DECR2_ARATH Peroxisomal 2,4-dienoyl-CoA reductase [(3E)-enoyl-CoA-producing] {ECO:0000305}
gene:evm.TU.04.1699	cds.evm.model.03.2062	UVB31_ARATH	63.785	428	142	7	1	422	1	421	8.10e-173	493	77.10	UVB31_ARATH UV-B-induced protein At3g17800, chloroplastic {ECO:0000305}
gene:evm.TU.04.1090	cds.evm.model.03.2062.1.5bd9b139	UVB31_ARATH	63.551	428	142	8	1	421	1	421	3.39e-170	486	76.87	UVB31_ARATH UV-B-induced protein At3g17800, chloroplastic {ECO:0000305}
gene:evm.TU.04.1602	cds.evm.model.03.2062.3.5bd9b139	UVB31_ARATH	63.785	428	142	7	1	422	1	421	8.10e-173	493	77.10	UVB31_ARATH UV-B-induced protein At3g17800, chloroplastic {ECO:0000305}
gene:evm.TU.04.1928	cds.evm.model.03.2062.4.5bd9b139	UVB31_ARATH	63.785	428	142	7	1	422	1	421	8.10e-173	493	77.10	UVB31_ARATH UV-B-induced protein At3g17800, chloroplastic {ECO:0000305}
gene:evm.TU.04.1430	cds.evm.model.03.2062.2.5bd9b139	UVB31_ARATH	63.551	428	142	8	1	421	1	421	3.39e-170	486	76.87	UVB31_ARATH UV-B-induced protein At3g17800, chloroplastic {ECO:0000305}
gene:evm.TU.04.1693	cds.novel_model_4333_5bd9a17a	FACR4_ARATH	48.649	518	239	6	3	518	1	493	2.49e-167	485	66.02	FACR4_ARATH Probable fatty acyl-CoA reductase 4 {ECO:0000305}
gene:evm.TU.04.1693	cds.evm.model.05.524	PMI11_ARATH	47.000	200	97	4	10	206	6	199	1.87e-51	167	65.00	PMI11_ARATH Pectinesterase inhibitor 11 {ECO:0000305}
gene:evm.TU.04.1693	cds.evm.model.03.330	CAHC_SPIOL	56.087	230	100	1	28	257	82	310	1.65e-88	268	72.61	CAHC_SPIOL Carbonic anhydrase, chloroplastic
gene:evm.TU.04.1693	cds.evm.model.02.2655	C92C6_MAIZE	45.294	510	208	12	23	465	22	527	6.18e-148	436	62.35	C92C6_MAIZE Trimethyltridecatetraene synthase {ECO:0000303|PubMed:27662898}
gene:evm.TU.04.1693	cds.evm.model.10.941.1.5bd9b13d	GDL34_ARATH	64.211	190	68	0	1	190	161	350	7.37e-93	277	80.00	GDL34_ARATH GDSL esterase/lipase At2g04570
gene:evm.TU.04.1977	cds.evm.model.10.941	GDL34_ARATH	67.816	348	111	1	14	360	3	350	0.0	509	81.03	GDL34_ARATH GDSL esterase/lipase At2g04570
gene:evm.TU.04.1039	cds.evm.model.10.2155	TBA1_ANEPH	97.783	451	10	0	1	451	1	451	0.0	921	99.11	TBA1_ANEPH Tubulin alpha-1 chain
gene:evm.TU.04.1564	cds.evm.model.04.1329.1.5bd9b138	ACT7_ARATH	97.004	267	8	0	3	269	111	377	0.0	533	98.13	ACT7_ARATH Actin-7 {ECO:0000303|PubMed:8754679}
gene:evm.TU.04.1564	cds.evm.model.04.1329	ACT7_ARATH	98.674	377	5	0	1	377	1	377	0.0	775	99.20	ACT7_ARATH Actin-7 {ECO:0000303|PubMed:8754679}
gene:evm.TU.04.1473	cds.novel_model_2177_5bd9a17a	MYB77_ARATH	77.143	105	24	0	38	142	3	107	3.47e-55	182	86.67	MYB77_ARATH Transcription factor MYB77 {ECO:0000303|PubMed:11597504}
gene:evm.TU.04.1637	cds.evm.model.03.1999	GBLP_SOYBN	89.264	326	33	1	3	328	2	325	0.0	590	93.87	GBLP_SOYBN Small ribosomal subunit protein RACK1 {ECO:0000305}
gene:evm.TU.04.1925	cds.evm.model.03.1999.1.5bd9b139	GBLP_SOYBN	89.116	294	30	1	3	296	2	293	0.0	531	93.54	GBLP_SOYBN Small ribosomal subunit protein RACK1 {ECO:0000305}
gene:evm.TU.04.1998	cds.evm.model.02.1449	RS272_ARATH	90.909	77	7	0	1	77	1	77	9.94e-46	148	93.51	RS272_ARATH Small ribosomal subunit protein eS27y {ECO:0000303|PubMed:36423343}
gene:evm.TU.04.1066	cds.evm.model.07.659.1.5bd9b13b	PRNL2_ARATH	72.864	199	48	4	1	194	124	321	3.58e-100	295	83.92	PRNL2_ARATH Pirin-like protein 2 {ECO:0000305}
gene:evm.TU.04.1677	cds.evm.model.07.659	PIRL_SOLLC	74.296	284	73	0	44	327	7	290	9.20e-163	458	86.27	PIRL_SOLLC Pirin-like protein
gene:evm.TU.04.1772	cds.evm.model.10.236	NHL3_ARATH	56.780	236	90	5	5	234	2	231	8.48e-82	247	69.07	NHL3_ARATH NDR1/HIN1-like protein 3 {ECO:0000303|Ref.1}
gene:evm.TU.04.1919	cds.evm.model.02.2779	SCL13_ARATH	57.952	547	204	7	1	543	1	525	0.0	619	70.75	SCL13_ARATH Scarecrow-like protein 13
gene:evm.TU.04.1577	cds.evm.model.03.250.1.5bd9b137	RL172_ARATH	86.982	169	20	1	1	167	1	169	4.69e-111	316	94.67	RL172_ARATH Large ribosomal subunit protein uL22y {ECO:0000303|PubMed:36423343}
gene:evm.TU.04.1775	cds.evm.model.03.250.3.5bd9b137	RL172_ARATH	87.786	131	16	0	1	131	39	169	5.28e-87	254	96.18	RL172_ARATH Large ribosomal subunit protein uL22y {ECO:0000303|PubMed:36423343}
gene:evm.TU.04.1142	cds.evm.model.03.250.4.5bd9b137	RL172_ARATH	87.821	156	19	0	10	165	14	169	1.32e-104	300	96.15	RL172_ARATH Large ribosomal subunit protein uL22y {ECO:0000303|PubMed:36423343}
gene:evm.TU.04.1249	cds.evm.model.03.250	RL172_ARATH	88.166	169	20	0	1	169	1	169	2.54e-114	324	95.86	RL172_ARATH Large ribosomal subunit protein uL22y {ECO:0000303|PubMed:36423343}
gene:evm.TU.04.1630	cds.evm.model.03.250.2.5bd9b137	RL172_ARATH	87.786	131	16	0	1	131	39	169	5.28e-87	254	96.18	RL172_ARATH Large ribosomal subunit protein uL22y {ECO:0000303|PubMed:36423343}
gene:evm.TU.04.1799	cds.evm.model.10.1151	GATP3_SOLLC	80.478	502	94	1	2	503	19	516	0.0	854	90.44	GATP3_SOLLC Gamma aminobutyrate transaminase 3, chloroplastic
gene:evm.TU.04.1653	cds.evm.model.08.1502	WRK19_ARATH	56.500	200	83	2	224	423	91	286	7.02e-64	233	69.00	WRK19_ARATH Probable WRKY transcription factor 19
gene:evm.TU.04.1816	cds.evm.model.08.1502	WRK19_ARATH	53.061	196	87	2	305	500	96	286	8.13e-52	197	63.78	WRK19_ARATH Probable WRKY transcription factor 19
gene:evm.TU.04.1767	cds.evm.model.08.1502	WRK19_ARATH	55.263	152	63	2	350	501	91	237	3.33e-42	168	67.76	WRK19_ARATH Probable WRKY transcription factor 19
gene:evm.TU.04.1437	cds.evm.model.06.619	GME1_ORYSI	92.328	378	27	1	1	376	1	378	0.0	741	96.30	GME1_ORYSI GDP-mannose 3,5-epimerase 1
gene:evm.TU.04.1024	cds.evm.model.03.152.1.5bd9b136	CAS2_BETPL	78.802	434	87	4	1	434	1	429	0.0	712	85.94	CAS2_BETPL Cycloartenol synthase 2
gene:evm.TU.04.1042	cds.evm.model.03.152	CAS1_RICCO	81.711	760	137	2	1	759	1	759	0.0	1332	90.66	CAS1_RICCO Cycloartenol synthase
gene:evm.TU.04.1846	cds.evm.model.02.1756.1.5bd9b135	AASS_ARATH	74.090	687	177	1	2	687	12	698	0.0	1071	85.74	AASS_ARATH Alpha-aminoadipic semialdehyde synthase
gene:evm.TU.04.1382	cds.evm.model.02.1756.2.5bd9b135	AASS_ARATH	68.436	697	213	4	3	695	371	1064	0.0	964	80.49	AASS_ARATH Alpha-aminoadipic semialdehyde synthase
gene:evm.TU.04.1277	cds.evm.model.02.1756.2.5bd9b135.1.5bdae6e1	AASS_ARATH	69.184	490	145	3	5	491	578	1064	0.0	689	80.82	AASS_ARATH Alpha-aminoadipic semialdehyde synthase
gene:evm.TU.04.103	cds.evm.model.02.1756	AASS_ARATH	73.011	1056	278	4	2	1053	12	1064	0.0	1599	84.47	AASS_ARATH Alpha-aminoadipic semialdehyde synthase
gene:evm.TU.04.110	cds.evm.model.05.386	SCL8_ARATH	49.765	637	253	19	21	615	29	640	1.66e-166	492	63.89	SCL8_ARATH Scarecrow-like protein 8
gene:evm.TU.04.1903	cds.evm.model.06.1498	PPR19_ARATH	68.094	467	149	0	243	709	67	533	0.0	672	82.44	PPR19_ARATH Pentatricopeptide repeat-containing protein At1g07590, mitochondrial
gene:evm.TU.04.1468	cds.evm.model.02.2132	SCP49_ARATH	67.899	514	149	5	7	505	4	516	0.0	734	80.93	SCP49_ARATH Serine carboxypeptidase-like 49
gene:evm.TU.04.193	cds.evm.model.08.1167	CLPP6_ARATH	86.702	188	25	0	1	188	84	271	6.32e-127	360	97.34	CLPP6_ARATH ATP-dependent Clp protease proteolytic subunit 6, chloroplastic {ECO:0000303|PubMed:11299370}
gene:evm.TU.04.1481	cds.evm.model.10.200	SILD_FORIN	60.072	278	105	3	2	278	3	275	9.75e-112	326	75.90	SILD_FORIN Secoisolariciresinol dehydrogenase
gene:evm.TU.04.118	cds.evm.model.07.1847	GRPE_THEVB	39.683	189	96	1	156	344	82	252	3.15e-40	145	58.73	GRPE_THEVB Protein GrpE {ECO:0000255|HAMAP-Rule:MF_01151}
gene:evm.TU.04.1658	cds.evm.model.05.1459	GPX6_ARATH	86.705	173	23	0	68	240	58	230	1.26e-110	320	94.22	GPX6_ARATH Probable phospholipid hydroperoxide glutathione peroxidase 6, mitochondrial
gene:evm.TU.04.1878	cds.evm.model.05.1459.2.5bd9b13a	GPX6_ARATH	86.127	173	23	1	68	239	58	230	3.08e-108	314	93.64	GPX6_ARATH Probable phospholipid hydroperoxide glutathione peroxidase 6, mitochondrial
gene:evm.TU.04.1124	cds.evm.model.05.1459.1.5bd9b13a	GPX4_CITSI	87.500	168	19	2	1	167	1	167	4.46e-105	300	93.45	GPX4_CITSI Probable phospholipid hydroperoxide glutathione peroxidase
gene:evm.TU.04.1499	cds.evm.model.05.1459.3.5bd9b13a	GPX4_CITSI	88.095	168	19	1	1	168	1	167	1.80e-107	306	94.05	GPX4_CITSI Probable phospholipid hydroperoxide glutathione peroxidase
gene:evm.TU.04.129	cds.evm.model.05.1459.4.5bd9b13a	GPX6_ARATH	87.179	156	20	0	7	162	76	231	8.17e-100	289	94.87	GPX6_ARATH Probable phospholipid hydroperoxide glutathione peroxidase 6, mitochondrial
gene:evm.TU.04.1338	cds.evm.model.04.2052	PER72_ARATH	77.246	334	74	1	1	332	1	334	0.0	542	87.43	PER72_ARATH Peroxidase 72
gene:evm.TU.04.1452	cds.evm.model.07.310	G2OX2_PEA	56.981	265	110	1	3	267	28	288	4.16e-107	317	73.58	G2OX2_PEA Gibberellin 2-beta-dioxygenase 2
gene:evm.TU.04.1873	cds.novel_model_1848_5bd9a17a	L7AT_CITSI	34.519	478	269	16	1	457	1	455	4.75e-64	217	49.58	L7AT_CITSI Limonoid 7-O-acetyltransferse {ECO:0000303|PubMed:36701471}
gene:evm.TU.04.1135	cds.novel_model_1849_5bd9a17a.1.5bd9b136	L7AT_CITSI	34.519	478	269	16	1	457	1	455	4.75e-64	217	49.58	L7AT_CITSI Limonoid 7-O-acetyltransferse {ECO:0000303|PubMed:36701471}
gene:evm.TU.04.1056	cds.evm.model.05.1197	CSLD2_ORYSI	83.333	720	119	1	1	719	451	1170	0.0	1269	90.28	CSLD2_ORYSI Cellulose synthase-like protein D2
gene:evm.TU.04.1056	cds.evm.model.01.1499.4.5bd9b135	SCL1_ARATH	62.862	587	203	9	1	581	16	593	0.0	724	77.51	SCL1_ARATH Scarecrow-like protein 1
gene:evm.TU.04.1056	cds.evm.model.01.1499	SCL1_ARATH	62.862	587	203	9	1	581	16	593	0.0	724	77.51	SCL1_ARATH Scarecrow-like protein 1
gene:evm.TU.04.1913	cds.evm.model.01.1499.2.5bd9b135	SCL1_ARATH	62.862	587	203	9	1	581	16	593	0.0	724	77.51	SCL1_ARATH Scarecrow-like protein 1
gene:evm.TU.04.111	cds.evm.model.01.1499.1.5bd9b135	SCL1_ARATH	62.862	587	203	9	1	581	16	593	0.0	724	77.51	SCL1_ARATH Scarecrow-like protein 1
gene:evm.TU.04.1494	cds.evm.model.01.1499.3.5bd9b135	SCL1_ARATH	62.862	587	203	9	1	581	16	593	0.0	724	77.51	SCL1_ARATH Scarecrow-like protein 1
gene:evm.TU.04.1781	cds.evm.model.09.1672	MCM6_ARATH	75.828	815	183	5	28	837	26	831	0.0	1278	86.75	MCM6_ARATH DNA replication licensing factor MCM6
gene:evm.TU.04.1243	cds.evm.model.06.36	RL273_ARATH	64.444	135	14	1	1	101	1	135	4.09e-53	165	69.63	RL273_ARATH Large ribosomal subunit protein eL27x {ECO:0000303|PubMed:36423343}
gene:evm.TU.04.1272	cds.evm.model.04.2151	Y5848_ARATH	47.239	163	72	6	1	159	1	153	5.47e-33	118	61.96	Y5848_ARATH Uncharacterized protein At5g48480
gene:evm.TU.04.179	cds.evm.model.10.1599	OMT2_HUMLU	58.238	261	103	4	4	263	7	262	1.85e-103	308	73.56	OMT2_HUMLU Xanthohumol 4-O-methyltransferase {ECO:0000305}
gene:evm.TU.04.1070	cds.evm.model.07.510	CSPLD_POPTR	58.454	207	66	3	1	198	1	196	2.18e-68	210	75.36	CSPLD_POPTR CASP-like protein 1D1
gene:evm.TU.04.1165	cds.evm.model.02.1659	AIFA_DICDI	29.759	373	231	7	6	348	25	396	9.94e-45	161	52.01	AIFA_DICDI Apoptosis-inducing factor homolog A
gene:evm.TU.04.1165	cds.evm.model.01.550	LORF2_HUMAN	29.189	185	127	1	367	551	561	741	3.63e-17	90.5	52.43	LORF2_HUMAN LINE-1 retrotransposable element ORF2 protein
gene:evm.TU.04.1165	cds.evm.model.10.1258.1.5bd9b13d	DEGP1_ARATH	86.595	373	40	3	89	458	74	439	0.0	642	92.23	DEGP1_ARATH Protease Do-like 1, chloroplastic
gene:evm.TU.04.1165	cds.evm.model.10.1258	DEGP1_ARATH	86.863	373	40	2	89	459	74	439	0.0	648	92.49	DEGP1_ARATH Protease Do-like 1, chloroplastic
gene:evm.TU.04.1220	cds.evm.model.10.1258.2.5bd9b13d	DEGP1_ARATH	79.429	175	27	2	89	261	74	241	7.63e-93	283	88.00	DEGP1_ARATH Protease Do-like 1, chloroplastic
gene:evm.TU.04.1872	cds.evm.model.10.996	SNE_ARATH	56.522	161	58	3	3	159	4	156	2.38e-53	169	70.81	SNE_ARATH F-box protein SNE
gene:evm.TU.04.1054	cds.evm.model.04.1731	RL261_ARATH	90.411	146	14	0	1	146	1	146	2.23e-95	274	97.26	RL261_ARATH Large ribosomal subunit protein uL24z {ECO:0000303|PubMed:36423343}
gene:evm.TU.04.1627	cds.novel_model_7345_5bd9a17a	PKSG4_CANSA	99.740	385	1	0	1	385	1	385	0.0	795	99.74	PKSG4_CANSA Polyketide synthase 4
gene:evm.TU.04.1356	cds.evm.model.06.1550	BAMS1_PANGI	75.758	396	96	0	1	396	354	749	0.0	650	85.86	BAMS1_PANGI Beta-amyrin synthase 1 {ECO:0000303|PubMed:9746369}
gene:evm.TU.04.1515	cds.novel_model_4346_5bd9a17a	ZWIP3_ARATH	52.713	387	119	12	11	384	1	336	1.33e-122	361	61.76	ZWIP3_ARATH Zinc finger protein WIP3
gene:evm.TU.04.1275	cds.evm.model.07.7	PHO1_ARATH	64.655	812	248	10	1	803	1	782	0.0	1048	78.45	PHO1_ARATH Phosphate transporter PHO1 {ECO:0000303|PubMed:11971143}
gene:evm.TU.04.1275	cds.evm.model.06.280.1.5bd9b13a	NAC90_ARATH	49.640	139	44	6	1	131	115	235	9.95e-30	110	57.55	NAC90_ARATH NAC domain-containing protein 90
gene:evm.TU.04.1918	cds.evm.model.06.280	NAC90_ARATH	56.225	249	84	6	8	248	4	235	2.31e-88	264	67.87	NAC90_ARATH NAC domain-containing protein 90
gene:evm.TU.04.198	cds.evm.model.02.3155	OLEB_SHEON	28.044	271	163	8	140	391	31	288	3.51e-21	96.3	43.17	OLEB_SHEON Cis-3-alkyl-4-alkyloxetan-2-one decarboxylase {ECO:0000305}
gene:evm.TU.04.1530	cds.evm.model.10.1866	CML40_ARATH	52.027	148	55	3	1	140	6	145	4.37e-42	139	70.27	CML40_ARATH Probable calcium-binding protein CML40
gene:evm.TU.04.1530	cds.evm.model.01.1281	AL3H1_ARATH	70.747	482	141	0	10	491	1	482	0.0	728	86.31	AL3H1_ARATH Aldehyde dehydrogenase family 3 member H1
gene:evm.TU.04.1415	cds.evm.model.01.1281.1.5bd9b135	AL3H1_ARATH	70.747	482	140	1	10	490	1	482	0.0	723	86.10	AL3H1_ARATH Aldehyde dehydrogenase family 3 member H1
gene:evm.TU.04.1567	cds.evm.model.08.985	PXMP2_BOVIN	28.889	180	115	3	184	354	18	193	2.64e-17	82.8	48.33	PXMP2_BOVIN Peroxisomal membrane protein 2
gene:evm.TU.04.1502	cds.evm.model.06.1820	RK17_TOBAC	85.821	134	19	0	2	135	72	205	1.44e-83	246	94.78	RK17_TOBAC Large ribosomal subunit protein bL17c {ECO:0000305}
gene:evm.TU.04.1730	cds.evm.model.05.519.1.5bd9b139	LTI65_ARATH	31.713	432	219	21	332	732	203	589	5.67e-27	120	47.92	LTI65_ARATH Low-temperature-induced 65 kDa protein
gene:evm.TU.04.1255	cds.evm.model.05.519.2.5bd9b139	LTI65_ARATH	32.609	230	117	9	203	413	379	589	1.07e-16	85.9	51.30	LTI65_ARATH Low-temperature-induced 65 kDa protein
gene:evm.TU.04.1870	cds.evm.model.05.519.2.5bd9b139.1.5bdae6dc	LTI65_ARATH	32.609	230	117	9	236	446	379	589	1.32e-16	85.9	50.87	LTI65_ARATH Low-temperature-induced 65 kDa protein
gene:evm.TU.04.1865	cds.evm.model.05.519	LTI65_ARATH	31.713	432	219	21	333	733	203	589	5.74e-27	120	47.92	LTI65_ARATH Low-temperature-induced 65 kDa protein
gene:evm.TU.04.1389	cds.novel_model_6117_5bd9a17a	H4_SOYBN	100.000	103	0	0	1	103	1	103	2.97e-67	199	100.00	H4_SOYBN Histone H4
gene:evm.TU.04.1863	cds.evm.model.09.872	DOF51_ARATH	40.854	328	107	12	28	305	74	364	1.17e-54	186	49.70	DOF51_ARATH Dof zinc finger protein DOF5.1 {ECO:0000303|PubMed:12475498}
gene:evm.TU.04.1695	cds.evm.model.02.1906	CHLM_ARATH	78.788	297	60	3	19	315	19	312	1.23e-168	473	87.21	CHLM_ARATH Magnesium protoporphyrin IX methyltransferase, chloroplastic
gene:evm.TU.04.1078	cds.evm.model.02.1039	PER3_ARATH	52.294	327	148	5	4	323	1	326	1.32e-118	347	69.42	PER3_ARATH Peroxidase 3
gene:evm.TU.04.1533	cds.novel_model_6314_5bd9a17a.1.5bd9b13c	KPYA_RICCO	80.820	610	88	5	1	608	1	583	0.0	983	87.54	KPYA_RICCO Pyruvate kinase isozyme A, chloroplastic
gene:evm.TU.04.1418	cds.novel_model_6313_5bd9a17a	KPYA_RICCO	91.627	418	35	0	1	418	166	583	0.0	795	96.41	KPYA_RICCO Pyruvate kinase isozyme A, chloroplastic
gene:evm.TU.04.1365	cds.evm.model.03.1769	RFS2_ARATH	80.749	774	147	2	1	773	1	773	0.0	1332	89.41	RFS2_ARATH Probable galactinol--sucrose galactosyltransferase 2
gene:evm.TU.04.1215	cds.novel_model_1393_5bd9a17a.2.5bd9b135	PER12_ARATH	68.908	119	37	0	46	164	36	154	4.04e-56	182	81.51	PER12_ARATH Peroxidase 12
gene:evm.TU.04.1293	cds.novel_model_1392_5bd9a17a.1.5bd9b135	PER12_ARATH	57.983	119	47	1	1	119	235	350	1.61e-42	145	73.95	PER12_ARATH Peroxidase 12
gene:evm.TU.04.1587	cds.novel_model_1391_5bd9a17a	PER12_ARATH	64.577	319	109	2	46	364	36	350	2.24e-153	439	77.43	PER12_ARATH Peroxidase 12
gene:evm.TU.04.1101	cds.novel_model_1394_5bd9a17a.3.5bd9b135	PER12_ARATH	62.000	200	72	2	8	207	155	350	3.72e-84	256	75.00	PER12_ARATH Peroxidase 12
gene:evm.TU.04.1956	cds.novel_model_5763_5bd9a17a	TTHAT_LUPAN	44.244	443	224	10	16	443	14	448	1.15e-117	354	63.88	TTHAT_LUPAN Tetrahydroanabasine acetyltransferase {ECO:0000303|PubMed:37540741}
gene:evm.TU.04.1976	cds.evm.model.04.551	FAOMT_VITVI	64.502	231	80	1	10	240	7	235	2.63e-106	309	80.09	FAOMT_VITVI Flavonoid 3',5'-methyltransferase
gene:evm.TU.04.1441	cds.evm.model.02.3250	CHI5_ARATH	60.331	242	90	3	234	470	33	273	2.61e-99	302	71.90	CHI5_ARATH Endochitinase EP3 {ECO:0000303|PubMed:11525512}
gene:evm.TU.04.1967	cds.evm.model.02.3250	CHI5_ARATH	56.054	223	89	4	2	219	8	226	8.91e-77	244	68.16	CHI5_ARATH Endochitinase EP3 {ECO:0000303|PubMed:11525512}
gene:evm.TU.04.1466	cds.evm.model.06.1979	ARFD_ARATH	61.925	696	222	14	18	703	126	788	0.0	786	72.27	ARFD_ARATH Auxin response factor 4
gene:evm.TU.04.1359	cds.evm.model.07.334	CP1_ARATH	57.407	162	61	4	1	158	1	158	1.63e-53	169	69.14	CP1_ARATH Calcium-binding protein CP1
gene:evm.TU.04.1238	cds.evm.model.03.730	PANK2_ARATH	82.205	916	144	8	1	913	1	900	0.0	1508	89.63	PANK2_ARATH Pantothenate kinase 2 {ECO:0000303|PubMed:16897480}
gene:evm.TU.04.1238	cds.evm.model.01.2963	WAT1_ARATH	78.000	400	71	7	1	394	1	389	0.0	610	86.25	WAT1_ARATH Protein WALLS ARE THIN 1
gene:evm.TU.04.1238	cds.evm.model.01.1743.1.5bd9b136	PILS3_ARATH	59.801	403	147	4	1	403	2	389	6.13e-176	499	78.16	PILS3_ARATH Protein PIN-LIKES 3 {ECO:0000303|PubMed:22504182}
gene:evm.TU.04.1038	cds.evm.model.01.1743	PILS3_ARATH	59.801	403	147	4	1	403	2	389	6.13e-176	499	78.16	PILS3_ARATH Protein PIN-LIKES 3 {ECO:0000303|PubMed:22504182}
gene:evm.TU.04.1035	cds.evm.model.02.1745	HQGT_RAUSE	53.498	486	207	11	1	484	1	469	2.52e-175	503	71.40	HQGT_RAUSE Hydroquinone glucosyltransferase
gene:evm.TU.04.1578	cds.novel_model_5179_5bd9a17a	H4_SOYBN	100.000	103	0	0	1	103	1	103	2.97e-67	199	100.00	H4_SOYBN Histone H4
gene:evm.TU.04.1836	cds.novel_model_4874_5bd9a17a	RS3A_CICAR	89.695	262	26	1	1	262	1	261	3.28e-169	470	95.42	RS3A_CICAR Small ribosomal subunit protein eS1 {ECO:0000255|HAMAP-Rule:MF_03122}
gene:evm.TU.04.1167	cds.novel_model_949_5bd9a17a.1.5bd9b135	HMGYA_MAIZE	42.424	198	78	11	93	284	13	180	6.55e-20	90.1	50.51	HMGYA_MAIZE HMG-Y-related protein A
gene:evm.TU.04.1538	cds.novel_model_948_5bd9a17a	HMGYA_MAIZE	42.424	198	78	11	93	284	13	180	2.97e-20	91.7	50.51	HMGYA_MAIZE HMG-Y-related protein A
gene:evm.TU.04.1959	cds.novel_model_4896_5bd9a17a	RPI3_ARATH	71.480	277	72	3	25	296	2	276	8.90e-139	395	83.03	RPI3_ARATH Probable ribose-5-phosphate isomerase 3, chloroplastic
gene:evm.TU.04.1291	cds.evm.model.10.1611	TCPZA_ARATH	90.093	535	53	0	1	535	1	535	0.0	1009	97.01	TCPZA_ARATH T-complex protein 1 subunit zeta 1 {ECO:0000303|PubMed:11599560}
gene:evm.TU.04.1121	cds.evm.model.ctgX53.3	ARL8A_ARATH	92.453	53	4	0	1	53	93	145	2.11e-27	99.4	96.23	ARL8A_ARATH ADP-ribosylation factor-like protein 8a {ECO:0000303|PubMed:22174675}
gene:evm.TU.04.1152	cds.evm.model.05.2047.1.5bdae6e3	BIP4_TOBAC	93.120	407	25	1	16	422	264	667	0.0	764	96.31	BIP4_TOBAC Luminal-binding protein 4
gene:evm.TU.04.1337	cds.evm.model.05.2047	BIP5_TOBAC	92.227	669	51	1	1	669	1	668	0.0	1255	96.26	BIP5_TOBAC Luminal-binding protein 5
gene:evm.TU.04.1632	cds.novel_model_6201_5bd9a17a	NHL6_ARATH	55.985	259	105	4	1	257	1	252	1.55e-94	281	75.29	NHL6_ARATH NDR1/HIN1-like protein 6 {ECO:0000303|PubMed:26849212}
gene:evm.TU.04.1445	cds.evm.model.02.3272	DBR_TOBAC	74.780	341	84	2	3	342	4	343	0.0	534	86.51	DBR_TOBAC 2-alkenal reductase (NADP(+)-dependent)
gene:evm.TU.04.1445	cds.evm.model.03.2007	UGPI7_ARATH	36.306	157	75	4	19	171	66	201	2.83e-26	105	52.87	UGPI7_ARATH Uncharacterized GPI-anchored protein At4g28100
gene:evm.TU.04.1445	cds.evm.model.02.2870	BH068_ARATH	43.210	324	84	12	94	369	135	406	4.50e-49	173	51.54	BH068_ARATH Transcription factor bHLH68
gene:evm.TU.04.1445	cds.evm.model.04.2076	Y637_CHLL3	32.500	160	89	7	126	282	13	156	1.93e-13	70.9	50.62	Y637_CHLL3 UPF0301 protein Plut_0637 {ECO:0000255|HAMAP-Rule:MF_00758}
gene:evm.TU.04.1154	cds.evm.model.01.95	CCD32_ARATH	52.344	384	158	9	1	376	1	367	2.91e-120	355	66.93	CCD32_ARATH Cyclin-D3-2
gene:evm.TU.04.196	cds.evm.model.01.95.1.5bdae6d8	CCD31_ARATH	55.636	275	110	2	5	279	7	269	1.17e-101	304	70.55	CCD31_ARATH Cyclin-D3-1
gene:evm.TU.04.1102	cds.novel_model_2437_5bd9a17a	S17P_ARATH	84.518	394	58	2	1	392	1	393	0.0	669	90.36	S17P_ARATH Sedoheptulose-1,7-bisphosphatase, chloroplastic
gene:evm.TU.04.1102	cds.novel_model_2438_5bd9a17a.1.5bd9b136	S17P_SPIOL	81.070	243	41	2	1	243	1	238	5.47e-141	403	88.48	S17P_SPIOL Sedoheptulose-1,7-bisphosphatase, chloroplastic
gene:evm.TU.04.1102	cds.evm.model.08.1792	CIF2_ARATH	39.130	92	47	1	1	92	1	83	4.34e-14	64.3	57.61	CIF2_ARATH Protein CASPARIAN STRIP INTEGRITY FACTOR 2 {ECO:0000303|PubMed:28104889}
gene:evm.TU.04.154	cds.evm.model.03.366	SEOB_ARATH	37.500	728	432	12	4	714	8	729	1.26e-156	474	58.24	SEOB_ARATH Protein SIEVE ELEMENT OCCLUSION B {ECO:0000303|PubMed:20932300}
gene:evm.TU.04.1797	cds.evm.model.06.949	CCNB1_SOYBN	64.803	304	104	2	93	396	152	452	1.82e-142	416	80.26	CCNB1_SOYBN G2/mitotic-specific cyclin S13-6
gene:evm.TU.04.1157	cds.evm.model.01.3064	ATPF2_SPIOL	71.186	177	48	1	45	218	45	221	1.10e-78	238	83.62	ATPF2_SPIOL ATP synthase subunit b', chloroplastic
gene:evm.TU.04.1696	cds.evm.model.01.2988	SPA_SOLLC	66.258	163	46	2	157	319	6	159	2.56e-75	231	80.37	SPA_SOLLC Protein SPA, chloroplastic {ECO:0000303|PubMed:24372694}
gene:evm.TU.04.1702	cds.evm.model.08.616	Y2416_ARATH	86.139	101	12	1	31	131	1	99	1.36e-57	178	93.07	Y2416_ARATH Uncharacterized protein At2g34160
gene:evm.TU.04.1702	cds.evm.model.05.1095.1.5bd9b13a	AHL1_ARATH	65.282	337	95	11	10	326	21	355	1.95e-132	384	77.15	AHL1_ARATH AT-hook motif nuclear-localized protein 1 {ECO:0000303|PubMed:15604740}
gene:evm.TU.04.1503	cds.evm.model.05.1095.2.5bd9b13a	AHL1_ARATH	76.163	172	36	5	1	168	185	355	4.50e-81	246	88.95	AHL1_ARATH AT-hook motif nuclear-localized protein 1 {ECO:0000303|PubMed:15604740}
gene:evm.TU.04.1837	cds.evm.model.05.1095	AHL1_ARATH	65.875	337	95	10	10	328	21	355	7.68e-136	392	77.74	AHL1_ARATH AT-hook motif nuclear-localized protein 1 {ECO:0000303|PubMed:15604740}
gene:evm.TU.04.1400	cds.evm.model.02.2500	C7263_MEDTR	65.966	238	81	0	1	238	286	523	1.24e-120	356	83.19	C7263_MEDTR 11-oxo-beta-amyrin 30-oxidase
gene:evm.TU.04.1207	cds.evm.model.05.210.1.5bd9b139	BCAT2_ARATH	72.959	196	52	1	45	240	49	243	4.04e-107	317	87.76	BCAT2_ARATH Branched-chain-amino-acid aminotransferase 2, chloroplastic
gene:evm.TU.04.1419	cds.evm.model.05.210.1.5bd9b139.1.5bdae6db	BCAT2_ARATH	62.018	337	89	1	48	345	51	387	8.02e-156	445	75.67	BCAT2_ARATH Branched-chain-amino-acid aminotransferase 2, chloroplastic
gene:evm.TU.04.1779	cds.evm.model.05.210	BCAT2_ARATH	71.513	337	96	0	48	384	51	387	0.0	533	86.65	BCAT2_ARATH Branched-chain-amino-acid aminotransferase 2, chloroplastic
gene:evm.TU.04.1398	cds.evm.model.01.1003	PRP2_ARATH	39.852	271	103	12	1	259	1	223	5.57e-34	129	47.23	PRP2_ARATH Proline-rich protein 2
gene:evm.TU.04.1474	cds.novel_model_3965_5bd9a17a	RLA1_MAIZE	65.625	64	21	1	1	63	1	64	8.77e-23	88.6	82.81	RLA1_MAIZE Large ribosomal subunit protein P1 {ECO:0000305}
gene:evm.TU.04.1569	cds.novel_model_3967_5bd9a17a.2.5bd9b139	RLA1_MAIZE	62.385	109	39	2	1	107	1	109	2.33e-27	99.4	76.15	RLA1_MAIZE Large ribosomal subunit protein P1 {ECO:0000305}
gene:evm.TU.04.148	cds.novel_model_3966_5bd9a17a.3.5bd9b139	RLA11_ARATH	60.748	107	41	1	4	109	6	112	3.46e-29	104	73.83	RLA11_ARATH Large ribosomal subunit protein P1w {ECO:0000303|PubMed:36423343}
gene:evm.TU.04.1234	cds.novel_model_3968_5bd9a17a.1.5bd9b139	RLA1_MAIZE	58.716	109	41	2	1	105	1	109	3.00e-27	99.4	72.48	RLA1_MAIZE Large ribosomal subunit protein P1 {ECO:0000305}
gene:evm.TU.04.1234	cds.evm.model.10.1286	RL11_MEDSA	97.790	181	4	0	1	181	1	181	2.11e-130	365	98.90	RL11_MEDSA Large ribosomal subunit protein uL5 {ECO:0000305}
gene:evm.TU.04.1234	cds.evm.model.01.1257.1.5bd9b135	ASPA_ARATH	61.538	429	146	5	69	493	60	473	0.0	524	74.83	ASPA_ARATH Aspartyl protease family protein At5g10770
gene:evm.TU.04.1234	cds.evm.model.01.1257	ASPA_ARATH	56.410	429	146	6	69	471	60	473	2.72e-161	467	69.70	ASPA_ARATH Aspartyl protease family protein At5g10770
gene:evm.TU.04.1254	cds.evm.model.05.2146	NIP51_ARATH	79.273	275	52	4	30	303	34	304	5.69e-153	433	86.91	NIP51_ARATH Probable aquaporin NIP5-1
gene:evm.TU.04.1258	cds.evm.model.06.1762	PCP_ESCF3	29.255	188	112	5	10	196	3	170	2.46e-14	72.4	44.15	PCP_ESCF3 Pyrrolidone-carboxylate peptidase {ECO:0000255|HAMAP-Rule:MF_00417}
gene:evm.TU.04.1258	cds.evm.model.02.2769	SAT1_ARATH	68.722	227	71	0	2	228	58	284	1.74e-108	317	80.18	SAT1_ARATH Serine acetyltransferase 1, chloroplastic
gene:evm.TU.04.1611	cds.evm.model.02.2980.1.5bdae6e4	WRKY6_ARATH	54.507	477	109	17	1	453	157	549	6.95e-129	388	64.15	WRKY6_ARATH WRKY transcription factor 6 {ECO:0000303|PubMed:11722756}
gene:evm.TU.04.1804	cds.evm.model.02.2980	WRKY6_ARATH	49.466	655	184	27	1	614	1	549	1.78e-151	451	59.54	WRKY6_ARATH WRKY transcription factor 6 {ECO:0000303|PubMed:11722756}
gene:evm.TU.04.1825	cds.evm.model.02.2590	MRNC_SYNY3	43.448	145	71	4	1	144	1	135	4.55e-26	99.8	58.62	MRNC_SYNY3 Mini-ribonuclease 3 {ECO:0000255|HAMAP-Rule:MF_01468}
gene:evm.TU.04.1685	cds.evm.model.10.2012	PDF1_ARATH	48.148	189	73	5	112	296	134	301	3.41e-42	150	58.20	PDF1_ARATH Protodermal factor 1
gene:evm.TU.04.1280	cds.evm.model.10.2012.1.5bd9b13e	PDF1_ARATH	48.148	189	73	5	74	258	134	301	1.53e-42	150	58.20	PDF1_ARATH Protodermal factor 1
gene:evm.TU.04.1341	cds.evm.model.02.1244.5.5bd9b135	LNK3_ARATH	40.000	95	56	1	214	308	163	256	3.37e-10	63.5	56.84	LNK3_ARATH Protein LNK3 {ECO:0000303|PubMed:23818596}
gene:evm.TU.04.132	cds.evm.model.02.1244.2.5bd9b135	LNK3_ARATH	40.000	95	56	1	185	279	163	256	2.25e-10	63.9	56.84	LNK3_ARATH Protein LNK3 {ECO:0000303|PubMed:23818596}
gene:evm.TU.04.1519	cds.evm.model.02.1244.1.5bd9b135	LNK3_ARATH	40.000	95	56	1	185	279	163	256	2.25e-10	63.9	56.84	LNK3_ARATH Protein LNK3 {ECO:0000303|PubMed:23818596}
gene:evm.TU.04.1519	cds.evm.model.02.1244.4.5bd9b135	LNK3_ARATH	40.000	95	56	1	214	308	163	256	3.37e-10	63.5	56.84	LNK3_ARATH Protein LNK3 {ECO:0000303|PubMed:23818596}
gene:evm.TU.04.1519	cds.evm.model.02.1244.6.5bd9b135	LNK3_ARATH	40.000	95	56	1	214	308	163	256	3.37e-10	63.5	56.84	LNK3_ARATH Protein LNK3 {ECO:0000303|PubMed:23818596}
gene:evm.TU.04.1519	cds.evm.model.02.1244	LNK3_ARATH	40.000	95	56	1	185	279	163	256	2.25e-10	63.9	56.84	LNK3_ARATH Protein LNK3 {ECO:0000303|PubMed:23818596}
gene:evm.TU.04.1968	cds.evm.model.02.1244.3.5bd9b135	LNK3_ARATH	40.000	95	56	1	185	279	163	256	2.25e-10	63.9	56.84	LNK3_ARATH Protein LNK3 {ECO:0000303|PubMed:23818596}
gene:evm.TU.04.1141	cds.evm.model.01.1106	STAD6_ARATH	66.116	363	110	3	27	378	29	389	2.01e-179	506	79.89	STAD6_ARATH Stearoyl-[acyl-carrier-protein] 9-desaturase 6, chloroplastic
gene:evm.TU.04.1246	cds.novel_model_2093_5bd9a17a	TL29_SOLLC	75.072	345	84	2	5	348	2	345	0.0	522	84.93	TL29_SOLLC Thylakoid lumenal 29 kDa protein, chloroplastic
gene:evm.TU.04.1871	cds.evm.model.08.364	FAD6C_BRANA	77.156	429	97	1	12	439	14	442	0.0	699	86.71	FAD6C_BRANA Omega-6 fatty acid desaturase, chloroplastic {ECO:0000303|PubMed:8066133}
gene:evm.TU.04.1776	cds.evm.model.10.2025	PME41_ARATH	48.563	348	168	4	268	611	232	572	2.42e-113	353	67.82	PME41_ARATH Probable pectinesterase/pectinesterase inhibitor 41
gene:evm.TU.04.195	cds.evm.model.07.1707	ICI_LINUS	50.769	65	32	0	3	67	4	68	1.87e-17	71.6	66.15	ICI_LINUS Proteinase inhibitor
gene:evm.TU.04.1023	cds.evm.model.06.1729	SG29A_ARATH	65.000	60	21	0	39	98	43	102	8.18e-19	81.3	85.00	SG29A_ARATH SAGA-associated factor 29 homolog A {ECO:0000305}
gene:evm.TU.04.1205	cds.evm.model.03.2065	DCYD1_ORYSJ	71.503	193	54	1	11	203	221	412	3.07e-94	284	84.97	DCYD1_ORYSJ D-cysteine desulfhydrase 1, mitochondrial {ECO:0000303|PubMed:37499960}
gene:evm.TU.04.1412	cds.evm.model.03.2065.2.5bd9b139	DCYD1_ORYSJ	71.503	193	54	1	11	203	221	412	3.07e-94	284	84.97	DCYD1_ORYSJ D-cysteine desulfhydrase 1, mitochondrial {ECO:0000303|PubMed:37499960}
gene:evm.TU.04.1412	cds.evm.model.03.2065.3.5bd9b139	DCYD1_ORYSJ	71.503	193	54	1	11	203	221	412	3.07e-94	284	84.97	DCYD1_ORYSJ D-cysteine desulfhydrase 1, mitochondrial {ECO:0000303|PubMed:37499960}
gene:evm.TU.04.1318	cds.evm.model.03.2065.1.5bd9b139	DCYD1_ORYSJ	71.503	193	54	1	11	203	221	412	3.07e-94	284	84.97	DCYD1_ORYSJ D-cysteine desulfhydrase 1, mitochondrial {ECO:0000303|PubMed:37499960}
gene:evm.TU.04.1318	cds.evm.model.10.1993	GPAT1_ARATH	58.726	424	159	9	1	415	131	547	5.03e-174	501	77.12	GPAT1_ARATH Glycerol-3-phosphate acyltransferase 1
gene:evm.TU.04.1071	cds.evm.model.02.2843	ANRPN_VITVI	78.338	337	72	1	1	336	1	337	0.0	572	92.28	ANRPN_VITVI Anthocyanidin reductase ((2S)-flavan-3-ol-forming) {ECO:0000250|UniProtKB:Q5FB34}
gene:evm.TU.04.1823	cds.evm.model.08.271	RS24_ARATH	91.031	223	20	0	43	265	41	263	1.32e-150	424	95.96	RS24_ARATH Small ribosomal subunit protein uS5w {ECO:0000303|PubMed:36423343}
gene:evm.TU.04.167	cds.evm.model.02.1931	LRKS5_ARATH	40.345	637	327	20	54	676	50	647	2.24e-144	439	60.13	LRKS5_ARATH Probable L-type lectin-domain containing receptor kinase S.5
gene:evm.TU.04.1890	cds.novel_model_5369_5bd9a17a.1.5bd9b13a	RL37A_GOSHI	82.143	56	6	1	1	52	1	56	1.29e-23	88.6	83.93	RL37A_GOSHI Large ribosomal subunit protein eL43 {ECO:0000305}
gene:evm.TU.04.141	cds.novel_model_5368_5bd9a17a.4.5bd9b13a	RL37A_GOSHI	98.913	92	1	0	1	92	1	92	2.47e-60	181	98.91	RL37A_GOSHI Large ribosomal subunit protein eL43 {ECO:0000305}
gene:evm.TU.04.1384	cds.novel_model_5372_5bd9a17a.5.5bd9b13a	RL372_ORYSJ	97.183	71	2	0	1	71	1	71	5.62e-45	142	100.00	RL372_ORYSJ Large ribosomal subunit protein eL43y {ECO:0000305}
gene:evm.TU.04.123	cds.novel_model_5370_5bd9a17a.3.5bd9b13a	RL37A_GOSHI	98.438	64	1	0	1	64	29	92	1.61e-40	130	98.44	RL37A_GOSHI Large ribosomal subunit protein eL43 {ECO:0000305}
gene:evm.TU.04.1773	cds.novel_model_5367_5bd9a17a	RL37A_GOSHI	98.913	92	1	0	1	92	1	92	2.47e-60	181	98.91	RL37A_GOSHI Large ribosomal subunit protein eL43 {ECO:0000305}
gene:evm.TU.04.1792	cds.novel_model_5371_5bd9a17a.2.5bd9b13a	RL37A_GOSHI	98.438	64	1	0	1	64	29	92	1.61e-40	130	98.44	RL37A_GOSHI Large ribosomal subunit protein eL43 {ECO:0000305}
gene:evm.TU.04.1240	cds.evm.model.01.1392.1.5bd9b135	F16P2_SPIOL	88.496	339	37	1	1	337	1	339	0.0	625	93.51	F16P2_SPIOL Fructose-1,6-bisphosphatase, cytosolic
gene:evm.TU.04.1848	cds.evm.model.01.1392.3.5bd9b135	F16P2_SPIOL	88.502	287	33	0	11	297	53	339	0.0	533	94.43	F16P2_SPIOL Fructose-1,6-bisphosphatase, cytosolic
gene:evm.TU.04.1553	cds.evm.model.01.1392.2.5bd9b135	F16P2_SPIOL	91.573	178	15	0	1	178	162	339	7.58e-122	350	96.63	F16P2_SPIOL Fructose-1,6-bisphosphatase, cytosolic
gene:evm.TU.04.142	cds.evm.model.01.1392	F16P2_BETVU	89.086	339	37	0	1	339	1	339	0.0	634	94.99	F16P2_BETVU Fructose-1,6-bisphosphatase, cytosolic
gene:evm.TU.04.176	cds.novel_model_7040_5bd9a17a.1.5bd9b13d	CLPS1_ARATH	56.790	81	34	1	1	80	1	81	7.28e-24	91.3	71.60	CLPS1_ARATH ATP-dependent Clp protease adapter protein CLPS1, chloroplastic {ECO:0000303|Ref.6}
gene:evm.TU.04.1932	cds.novel_model_7039_5bd9a17a	CLPS1_ARATH	75.000	160	38	2	1	159	1	159	9.57e-87	253	88.12	CLPS1_ARATH ATP-dependent Clp protease adapter protein CLPS1, chloroplastic {ECO:0000303|Ref.6}
gene:evm.TU.04.157	cds.evm.model.02.57.1.5bd9b133	MCA1_ARATH	68.232	362	103	4	3	360	14	367	2.69e-176	497	80.66	MCA1_ARATH Metacaspase-1
gene:evm.TU.04.1163	cds.evm.model.02.57	MCA1_ARATH	68.508	362	103	3	3	361	14	367	5.97e-179	503	80.94	MCA1_ARATH Metacaspase-1
gene:evm.TU.04.1279	cds.evm.model.02.57.2.5bd9b133	MCA1_ARATH	74.561	228	55	2	1	225	140	367	3.91e-122	353	88.16	MCA1_ARATH Metacaspase-1
gene:evm.TU.04.1279	cds.evm.model.10.141	HBPL1_ARATH	70.677	266	77	1	29	293	43	308	1.25e-131	379	88.35	HBPL1_ARATH Heme-binding-like protein At3g10130, chloroplastic
gene:evm.TU.04.1245	cds.novel_model_1313_5bd9a17a.1.5bd9b135	OXS3_ARATH	54.762	84	33	3	89	167	72	155	7.50e-16	74.3	66.67	OXS3_ARATH Protein OXIDATIVE STRESS 3 {ECO:0000303|PubMed:18980652}
gene:evm.TU.04.1819	cds.novel_model_1312_5bd9a17a	OXS3_ARATH	54.762	84	34	2	89	168	72	155	8.54e-18	79.3	67.86	OXS3_ARATH Protein OXIDATIVE STRESS 3 {ECO:0000303|PubMed:18980652}
gene:evm.TU.04.1589	cds.evm.model.09.1150	PDC1_PEA	86.444	568	77	0	18	585	26	593	0.0	1037	93.84	PDC1_PEA Pyruvate decarboxylase 1
gene:evm.TU.04.1582	cds.evm.model.06.1769	ACLA2_ORYSJ	90.071	423	42	0	1	423	1	423	0.0	800	95.51	ACLA2_ORYSJ ATP-citrate synthase alpha chain protein 2
gene:evm.TU.04.1312	cds.evm.model.04.48	TATC_PEA	73.214	336	81	3	37	365	20	353	8.72e-157	447	83.63	TATC_PEA Sec-independent protein translocase protein TATC, chloroplastic
gene:evm.TU.04.1933	cds.novel_model_210_5bd9a17a	GLYT5_ARATH	30.769	156	76	6	1	127	133	285	5.35e-14	73.2	48.72	GLYT5_ARATH Probable glycosyltransferase At5g20260
gene:evm.TU.04.1606	cds.evm.model.02.2144	NFD4_ARATH	23.933	539	384	13	23	553	43	563	2.48e-25	114	42.86	NFD4_ARATH Protein NUCLEAR FUSION DEFECTIVE 4 {ECO:0000303|PubMed:16698901}
gene:evm.TU.04.13	cds.evm.model.08.195	XTH23_ARATH	69.504	282	83	3	6	287	5	283	2.27e-143	417	84.40	XTH23_ARATH Probable xyloglucan endotransglucosylase/hydrolase protein 23
gene:evm.TU.04.1348	cds.evm.model.08.195	XTH23_ARATH	61.338	269	102	2	266	533	16	283	1.34e-113	341	75.46	XTH23_ARATH Probable xyloglucan endotransglucosylase/hydrolase protein 23
gene:evm.TU.04.1830	cds.evm.model.07.1171	APS1_ARATH	82.869	467	74	4	1	466	1	462	0.0	785	88.87	APS1_ARATH ATP sulfurylase 1, chloroplastic
gene:evm.TU.04.1440	cds.novel_model_7132_5bd9a17a	PPA27_ARATH	78.920	389	82	0	1	389	223	611	0.0	672	89.20	PPA27_ARATH Probable inactive purple acid phosphatase 27
gene:evm.TU.04.1440	cds.evm.model.07.1807	ENPL_CATRO	84.493	819	125	2	265	1083	1	817	0.0	1306	92.19	ENPL_CATRO Endoplasmin homolog
gene:evm.TU.04.1440	cds.evm.model.04.502.1.5bd9b137	TIF9_ARATH	48.750	160	75	3	5	163	39	192	6.94e-37	129	65.00	TIF9_ARATH Protein TIFY 9
gene:evm.TU.04.1440	cds.evm.model.04.502	TIF9_ARATH	48.990	198	92	4	1	195	1	192	1.33e-51	167	67.17	TIF9_ARATH Protein TIFY 9
gene:evm.TU.04.1440	cds.evm.model.06.1922	H4_SOYBN	100.000	103	0	0	1	103	1	103	2.97e-67	199	100.00	H4_SOYBN Histone H4
gene:evm.TU.04.1092	cds.evm.model.03.1555.2.5bdae6e0	HIP5_ARATH	41.743	218	86	12	4	191	180	386	2.09e-25	103	52.75	HIP5_ARATH Heavy metal-associated isoprenylated plant protein 5 {ECO:0000303|PubMed:21072340, ECO:0000303|PubMed:23368984}
gene:evm.TU.04.1229	cds.evm.model.03.1555	HIP6_ARATH	45.024	422	133	18	1	353	1	392	6.13e-73	234	54.74	HIP6_ARATH Heavy metal-associated isoprenylated plant protein 6 {ECO:0000303|PubMed:21072340, ECO:0000303|PubMed:23368984}
gene:evm.TU.04.1511	cds.evm.model.03.1555.1.5bdae6e0	HIP5_ARATH	41.743	218	86	12	4	191	180	386	2.09e-25	103	52.75	HIP5_ARATH Heavy metal-associated isoprenylated plant protein 5 {ECO:0000303|PubMed:21072340, ECO:0000303|PubMed:23368984}
gene:evm.TU.04.187	cds.evm.model.08.1888	KO1_ARATH	65.625	480	163	2	38	516	30	508	0.0	671	82.08	KO1_ARATH Ent-kaurene oxidase, chloroplastic
gene:evm.TU.04.1820	cds.evm.model.04.910	CSD_STAAN	24.138	348	230	9	78	421	24	341	3.16e-19	94.7	45.11	CSD_STAAN Probable cysteine desulfurase
gene:evm.TU.04.1815	cds.evm.model.03.845	U73D1_ARATH	59.639	498	186	7	14	501	13	505	0.0	612	76.51	U73D1_ARATH UDP-glycosyltransferase 73D1
gene:evm.TU.04.1849	cds.evm.model.06.1771	H2B6_ARATH	73.333	150	11	2	1	121	1	150	1.08e-65	198	76.00	H2B6_ARATH Histone H2B.6
gene:evm.TU.04.1636	cds.evm.model.07.51	ACCH1_ARATH	51.437	348	126	4	21	326	19	365	5.29e-122	358	66.95	ACCH1_ARATH 1-aminocyclopropane-1-carboxylate oxidase homolog 1
gene:evm.TU.04.1808	cds.evm.model.05.179	P2C57_ARATH	62.595	393	141	6	1	392	1	388	5.62e-178	503	78.88	P2C57_ARATH Protein phosphatase 2C 57 {ECO:0000303|PubMed:19021904}
gene:evm.TU.04.1808	cds.evm.model.08.219	PR1_MEDTR	62.745	153	57	0	28	180	21	173	2.77e-69	211	74.51	PR1_MEDTR Pathogenesis-related protein PR-1
gene:evm.TU.04.15	cds.evm.model.02.2645	GRF5_ARATH	38.860	386	153	12	6	328	7	372	1.17e-63	210	50.52	GRF5_ARATH Growth-regulating factor 5
gene:evm.TU.04.1334	cds.evm.model.ctgX21.6	ICR1_ARATH	51.414	389	133	16	1	378	1	344	3.86e-87	270	67.10	ICR1_ARATH Interactor of constitutive active ROPs 1
gene:evm.TU.04.1143	cds.evm.model.04.2437	CDC21_ARATH	80.349	458	83	6	1	452	1	457	0.0	757	89.74	CDC21_ARATH Cell division cycle 20.1, cofactor of APC complex
gene:evm.TU.04.1143	cds.novel_model_1816_5bd9a17a.1.5bd9b136	GOT_CANSA	58.396	399	133	3	1	367	1	398	4.94e-157	449	68.42	GOT_CANSA Geranylpyrophosphate:olivetolate geranyltransferase, chloroplastic {ECO:0000303|PubMed:9607329}
gene:evm.TU.04.1143	cds.novel_model_1815_5bd9a17a	GOT_CANSA	62.657	399	147	2	1	398	1	398	7.25e-177	501	73.68	GOT_CANSA Geranylpyrophosphate:olivetolate geranyltransferase, chloroplastic {ECO:0000303|PubMed:9607329}
gene:evm.TU.04.1143	cds.novel_model_1421_5bd9a17a.1.5bd9b135	ATHB7_ARATH	48.305	236	96	9	102	318	30	258	3.07e-52	175	63.14	ATHB7_ARATH Homeobox-leucine zipper protein ATHB-7
gene:evm.TU.04.1143	cds.novel_model_1422_5bd9a17a.2.5bd9b135	ATHB7_ARATH	72.727	99	27	0	102	200	30	128	6.22e-44	150	88.89	ATHB7_ARATH Homeobox-leucine zipper protein ATHB-7
gene:evm.TU.04.1143	cds.novel_model_1420_5bd9a17a	ATHB7_ARATH	48.305	236	98	8	102	320	30	258	6.64e-54	180	63.56	ATHB7_ARATH Homeobox-leucine zipper protein ATHB-7
gene:evm.TU.04.1143	cds.evm.model.01.814	LOG5_ARATH	78.855	227	43	1	4	225	2	228	2.04e-125	357	86.34	LOG5_ARATH Cytokinin riboside 5'-monophosphate phosphoribohydrolase LOG5
gene:evm.TU.04.1115	cds.evm.model.02.629	WTR14_ARATH	61.582	354	134	2	10	362	3	355	1.87e-156	447	77.68	WTR14_ARATH WAT1-related protein At2g39510
gene:evm.TU.04.10	cds.evm.model.01.554	MCM7_ARATH	85.056	716	107	0	2	717	1	716	0.0	1285	93.16	MCM7_ARATH DNA replication licensing factor MCM7
gene:evm.TU.04.1385	cds.evm.model.01.2384	CCR12_ARATH	50.190	526	192	13	1	513	1	469	2.61e-149	440	63.69	CCR12_ARATH Serine/threonine-protein kinase-like protein At1g28390
gene:evm.TU.04.1681	cds.evm.model.10.763	LAR_DESUN	66.163	331	104	2	1	331	1	323	7.60e-167	474	80.97	LAR_DESUN Leucoanthocyanidin reductase
gene:evm.TU.04.1432	cds.evm.model.10.763.1.5bd9b13d	LAR_DESUN	64.251	207	66	2	1	207	1	199	6.54e-94	283	78.26	LAR_DESUN Leucoanthocyanidin reductase
gene:evm.TU.04.1329	cds.evm.model.03.1995	GBLP_SOYBN	89.264	326	33	1	3	328	2	325	0.0	590	93.87	GBLP_SOYBN Small ribosomal subunit protein RACK1 {ECO:0000305}
gene:evm.TU.04.1329	cds.evm.model.09.122	ARP4_ARATH	75.112	446	101	4	1	442	1	440	0.0	715	86.77	ARP4_ARATH Actin-related protein 4 {ECO:0000303|PubMed:11891255}
gene:evm.TU.04.1618	cds.evm.model.ctgX3.3.1.5bd9b13d	AIM1_ARATH	74.334	713	183	0	6	718	7	719	0.0	1086	87.38	AIM1_ARATH Peroxisomal fatty acid beta-oxidation multifunctional protein AIM1 {ECO:0000305}
gene:evm.TU.04.1342	cds.evm.model.ctgX3.3	AIM1_ARATH	74.334	713	183	0	89	801	7	719	0.0	1083	87.38	AIM1_ARATH Peroxisomal fatty acid beta-oxidation multifunctional protein AIM1 {ECO:0000305}
gene:evm.TU.04.1601	cds.evm.model.01.844	HC244_ARATH	83.500	400	57	4	2	399	3	395	0.0	654	90.00	HC244_ARATH Protein HIGH CHLOROPHYLL FLUORESCENCE PHENOTYPE 244, chloroplastic {ECO:0000303|PubMed:23027666}
gene:evm.TU.04.1729	cds.evm.model.09.226	IMB1_ARATH	60.161	871	338	8	280	1146	1	866	0.0	1049	76.58	IMB1_ARATH Importin subunit beta-1 {ECO:0000305}
gene:evm.TU.04.1483	cds.evm.model.04.1129	STEP2_ARATH	54.545	209	79	5	1	200	1	202	5.50e-68	209	69.86	STEP2_ARATH Stress enhanced protein 2, chloroplastic {ECO:0000305}
gene:evm.TU.04.1483	cds.evm.model.02.1696	NAC43_ARATH	69.672	244	55	6	1	240	2	230	8.96e-113	334	78.28	NAC43_ARATH NAC domain-containing protein 43
gene:evm.TU.04.1156	cds.novel_model_3657_5bd9a17a	U91A1_ARATH	52.495	461	206	6	17	465	10	469	5.75e-172	494	69.63	U91A1_ARATH UDP-glycosyltransferase 91A1
gene:evm.TU.04.1610	cds.evm.model.08.1448	PSD3_ARATH	74.167	600	147	4	13	607	28	624	0.0	932	86.50	PSD3_ARATH Phosphatidylserine decarboxylase proenzyme 3
gene:evm.TU.04.1610	cds.evm.model.01.1006.1.5bd9b135	CYPH_LUPLU	86.628	172	23	0	1	172	1	172	2.27e-112	319	93.02	CYPH_LUPLU Peptidyl-prolyl cis-trans isomerase
gene:evm.TU.04.1372	cds.evm.model.01.1006	CYPH_LUPLU	86.628	172	23	0	1	172	1	172	2.27e-112	319	93.02	CYPH_LUPLU Peptidyl-prolyl cis-trans isomerase
gene:evm.TU.04.1731	cds.evm.model.08.1735	GC1_ARATH	80.731	301	58	0	1	301	46	346	0.0	516	89.70	GC1_ARATH Epimerase family protein SDR39U1 homolog, chloroplastic {ECO:0000305}
gene:evm.TU.04.1068	cds.evm.model.06.634.1.5bd9b13a	PGP1B_ARATH	78.167	371	68	5	1	367	1	362	0.0	551	85.44	PGP1B_ARATH Phosphoglycolate phosphatase 1B, chloroplastic
gene:evm.TU.04.1834	cds.evm.model.06.634.2.5bd9b13a	PGP1B_ARATH	77.898	371	68	5	1	366	1	362	0.0	548	85.18	PGP1B_ARATH Phosphoglycolate phosphatase 1B, chloroplastic
gene:evm.TU.04.140	cds.evm.model.06.634.2.5bd9b13a.1.5bdae6db	PGP1B_ARATH	67.677	198	52	4	1	195	1	189	9.21e-73	227	77.27	PGP1B_ARATH Phosphoglycolate phosphatase 1B, chloroplastic
gene:evm.TU.04.1237	cds.evm.model.06.634.3.5bd9b13a	PGP1B_ARATH	78.437	371	68	4	1	368	1	362	0.0	557	85.71	PGP1B_ARATH Phosphoglycolate phosphatase 1B, chloroplastic
gene:evm.TU.04.1994	cds.evm.model.06.634.2.5bd9b13a.2.5bdae6db	PGP1B_ARATH	67.677	198	52	4	1	195	1	189	9.21e-73	227	77.27	PGP1B_ARATH Phosphoglycolate phosphatase 1B, chloroplastic
gene:evm.TU.04.1284	cds.evm.model.06.634	PGP1B_ARATH	78.226	372	68	5	1	369	1	362	0.0	553	85.48	PGP1B_ARATH Phosphoglycolate phosphatase 1B, chloroplastic
gene:evm.TU.04.1313	cds.evm.model.10.1908	RL44_GOSHI	98.095	105	2	0	137	241	1	105	1.03e-69	212	99.05	RL44_GOSHI Large ribosomal subunit protein eL42 {ECO:0000305}
gene:evm.TU.04.1308	cds.evm.model.07.1781	LOX15_SOLTU	62.371	776	265	7	1	764	1	761	0.0	1021	78.22	LOX15_SOLTU Probable linoleate 9S-lipoxygenase 5
gene:evm.TU.04.126	cds.evm.model.06.1356	RBOHB_SOLTU	76.464	871	191	6	35	905	11	867	0.0	1414	87.83	RBOHB_SOLTU Respiratory burst oxidase homolog protein B
gene:evm.TU.04.1710	cds.evm.model.04.402	CXE11_ARATH	56.494	462	130	7	1	402	1	451	1.75e-170	496	67.97	CXE11_ARATH Probable carboxylesterase 11
gene:evm.TU.04.1710	cds.evm.model.01.590.1.5bd9b134	LACS1_ARATH	66.616	659	220	0	2	660	1	659	0.0	954	82.70	LACS1_ARATH Long chain acyl-CoA synthetase 1
gene:evm.TU.04.106	cds.evm.model.01.590	LACS1_ARATH	66.616	659	220	0	2	660	1	659	0.0	954	82.70	LACS1_ARATH Long chain acyl-CoA synthetase 1
gene:evm.TU.04.1190	cds.evm.model.02.2692	SBT15_ARATH	78.600	757	151	3	290	1043	27	775	0.0	1228	89.56	SBT15_ARATH Subtilisin-like protease SBT1.5 {ECO:0000303|PubMed:16193095}
gene:evm.TU.04.1747	cds.evm.model.03.1978.2.5bd9b139	LCYB_SOLLC	82.087	508	83	2	1	508	1	500	0.0	862	88.78	LCYB_SOLLC Lycopene beta cyclase, chloroplastic
gene:evm.TU.04.1747	cds.evm.model.03.1978.1.5bd9b139	LCYB_SOLLC	82.087	508	83	2	1	508	1	500	0.0	862	88.78	LCYB_SOLLC Lycopene beta cyclase, chloroplastic
gene:evm.TU.04.1747	cds.evm.model.03.1978	LCYB_SOLLC	82.087	508	83	2	1	508	1	500	0.0	862	88.78	LCYB_SOLLC Lycopene beta cyclase, chloroplastic
gene:evm.TU.04.1747	cds.evm.model.10.1593	PB27A_ARATH	70.896	134	37	1	43	174	41	174	4.75e-62	192	82.09	PB27A_ARATH Photosystem II repair protein PSB27-H1, chloroplastic
gene:evm.TU.04.1747	cds.evm.model.10.532	PGIP_PYRCO	63.664	333	117	4	1	332	1	330	7.71e-142	407	75.08	PGIP_PYRCO Polygalacturonase inhibitor
gene:evm.TU.04.1747	cds.evm.model.04.963	ALDH_LINUS	81.599	538	98	1	18	554	14	551	0.0	946	91.82	ALDH_LINUS Probable aldehyde dehydrogenase
gene:evm.TU.04.1747	cds.evm.model.04.963.1.5bd9b137	ALDH_LINUS	84.320	338	53	0	1	338	214	551	0.0	618	94.08	ALDH_LINUS Probable aldehyde dehydrogenase
gene:evm.TU.04.1747	cds.evm.model.08.1044	TET8_ARATH	67.547	265	86	0	1	265	1	265	2.11e-134	383	81.51	TET8_ARATH Tetraspanin-8
gene:evm.TU.04.1747	cds.evm.model.01.1039	MSI3_ARATH	68.170	399	122	2	1	394	1	399	0.0	585	83.21	MSI3_ARATH WD-40 repeat-containing protein MSI3
gene:evm.TU.04.1747	cds.evm.model.01.2132.1.5bd9b136	GLGB2_PEA	80.920	739	137	4	48	783	39	776	0.0	1233	88.50	GLGB2_PEA 1,4-alpha-glucan-branching enzyme 1, chloroplastic/amyloplastic
gene:evm.TU.04.1537	cds.evm.model.01.2132	GLGB2_PEA	80.920	739	137	4	48	783	39	776	0.0	1233	88.50	GLGB2_PEA 1,4-alpha-glucan-branching enzyme 1, chloroplastic/amyloplastic
gene:evm.TU.04.1794	cds.evm.model.02.1136	FAX2_ARATH	70.339	118	35	0	96	213	123	240	4.39e-51	168	85.59	FAX2_ARATH Protein FATTY ACID EXPORT 2, chloroplastic {ECO:0000303|PubMed:25646734}
gene:evm.TU.04.1862	cds.evm.model.10.1802	PPI1_ARATH	24.934	377	253	7	838	1193	79	446	6.48e-25	115	50.40	PPI1_ARATH Proton pump-interactor 1
gene:evm.TU.04.1778	cds.evm.model.03.986	UBI2P_PETCR	100.000	458	0	0	1	458	1	458	0.0	905	100.00	UBI2P_PETCR Polyubiquitin
gene:evm.TU.04.1778	cds.evm.model.03.986.3.5bd9b138	UBI2P_PETCR	100.000	382	0	0	1	382	77	458	0.0	755	100.00	UBI2P_PETCR Polyubiquitin
gene:evm.TU.04.1620	cds.evm.model.03.986.3.5bd9b138	UBI2P_PETCR	100.000	380	0	0	1	380	1	380	0.0	750	100.00	UBI2P_PETCR Polyubiquitin
gene:evm.TU.04.1921	cds.evm.model.03.986.2.5bd9b138	UBQ11_ARATH	100.000	226	0	0	1	226	1	226	1.34e-161	448	100.00	UBQ11_ARATH Polyubiquitin 11
gene:evm.TU.04.1423	cds.evm.model.03.986.2.5bd9b138	UBQ11_ARATH	99.346	153	1	0	1	153	77	229	2.07e-104	304	99.35	UBQ11_ARATH Polyubiquitin 11
gene:evm.TU.04.1563	cds.evm.model.03.986.1.5bd9b138	UBI2P_PETCR	100.000	306	0	0	1	306	153	458	0.0	606	100.00	UBI2P_PETCR Polyubiquitin
gene:evm.TU.04.1009	cds.evm.model.03.986.1.5bd9b138	UBI2P_PETCR	100.000	304	0	0	1	304	1	304	0.0	601	100.00	UBI2P_PETCR Polyubiquitin
gene:evm.TU.04.1635	cds.evm.model.03.986.1.5bd9b138	UBI2P_PETCR	100.000	304	0	0	1	304	77	380	0.0	601	100.00	UBI2P_PETCR Polyubiquitin
gene:evm.TU.04.155	cds.evm.model.06.1448.3.5bd9b13b	XB31_ARATH	72.926	229	49	4	38	256	229	454	6.54e-111	330	80.79	XB31_ARATH Putative E3 ubiquitin-protein ligase XBAT31
gene:evm.TU.04.1736	cds.evm.model.06.1448.2.5bd9b13b	XB31_ARATH	74.339	378	84	4	3	370	80	454	0.0	578	85.19	XB31_ARATH Putative E3 ubiquitin-protein ligase XBAT31
gene:evm.TU.04.1230	cds.evm.model.06.1448.1.5bd9b13b	XB31_ARATH	70.241	457	110	5	1	434	1	454	0.0	652	81.40	XB31_ARATH Putative E3 ubiquitin-protein ligase XBAT31
gene:evm.TU.04.1230	cds.evm.model.06.1448	XB31_ARATH	72.648	457	112	4	1	447	1	454	0.0	685	84.03	XB31_ARATH Putative E3 ubiquitin-protein ligase XBAT31
gene:evm.TU.04.139	cds.evm.model.05.144	4CL2_SOYBN	71.629	571	146	7	1	567	1	559	0.0	806	84.59	4CL2_SOYBN 4-coumarate--CoA ligase 2
gene:evm.TU.04.1260	cds.evm.model.09.1629	SBT56_ARATH	60.769	780	285	7	32	800	22	791	0.0	953	73.85	SBT56_ARATH Subtilisin-like protease SBT5.6 {ECO:0000303|PubMed:16193095}
gene:evm.TU.04.1094	cds.evm.model.04.590	SAU32_ARATH	34.286	105	59	3	37	132	15	118	3.58e-08	52.4	47.62	SAU32_ARATH Auxin-responsive protein SAUR32 {ECO:0000305}
gene:evm.TU.04.1026	cds.evm.model.05.247	PSBB_MORIN	92.000	50	4	0	43	92	160	209	1.78e-24	99.0	94.00	PSBB_MORIN Photosystem II CP47 reaction center protein {ECO:0000255|HAMAP-Rule:MF_01495}
gene:evm.TU.04.1909	cds.novel_model_1100_5bd9a17a	BRG3_ARATH	29.565	345	188	11	1	306	1	329	5.83e-30	119	46.38	BRG3_ARATH Probable BOI-related E3 ubiquitin-protein ligase 3
gene:evm.TU.04.1021	cds.novel_model_1101_5bd9a17a.1.5bd9b135	BRG3_ARATH	36.620	142	80	4	3	140	196	331	1.42e-16	77.8	56.34	BRG3_ARATH Probable BOI-related E3 ubiquitin-protein ligase 3
gene:evm.TU.04.1021	cds.novel_model_6843_5bd9a17a	PGIP_PYRCO	69.069	333	100	3	1	333	1	330	3.03e-160	453	80.18	PGIP_PYRCO Polygalacturonase inhibitor
gene:evm.TU.04.1021	cds.evm.model.05.1145	ALLB3_BETPN	65.196	204	65	2	1	204	8	205	1.07e-82	247	76.47	ALLB3_BETPN Calcium-binding allergen Bet v 3
gene:evm.TU.04.1665	cds.evm.model.04.393	SAT_CATRO	35.193	466	232	18	2	451	4	415	2.48e-69	229	52.36	SAT_CATRO Stemmadenine O-acetyltransferase {ECO:0000303|PubMed:29511102}
gene:evm.TU.04.1665	cds.evm.model.05.1260.4.5bd9b13a	MADS3_VITVI	73.810	84	22	0	1	84	1	84	3.15e-37	128	84.52	MADS3_VITVI Agamous-like MADS-box protein MADS3 {ECO:0000305}
gene:evm.TU.04.1665	cds.evm.model.05.1260.3.5bd9b13a	MADS3_VITVI	66.897	145	47	1	1	145	1	144	1.85e-60	190	80.00	MADS3_VITVI Agamous-like MADS-box protein MADS3 {ECO:0000305}
gene:evm.TU.04.1541	cds.evm.model.05.1260.2.5bd9b13a	MADS3_VITVI	55.825	206	89	2	1	205	1	205	1.65e-68	212	72.82	MADS3_VITVI Agamous-like MADS-box protein MADS3 {ECO:0000305}
gene:evm.TU.04.1720	cds.evm.model.05.1260	MADS3_VITVI	54.762	210	88	3	1	210	1	203	1.44e-68	213	72.38	MADS3_VITVI Agamous-like MADS-box protein MADS3 {ECO:0000305}
gene:evm.TU.04.1720	cds.evm.model.05.1260.1.5bd9b13a	MADS3_VITVI	55.825	206	88	3	1	204	1	205	6.71e-68	211	73.30	MADS3_VITVI Agamous-like MADS-box protein MADS3 {ECO:0000305}
gene:evm.TU.04.1377	cds.evm.model.05.1260.1.5bdae6e0	MADS3_VITVI	40.909	154	84	3	16	169	57	203	5.66e-27	105	62.34	MADS3_VITVI Agamous-like MADS-box protein MADS3 {ECO:0000305}
gene:evm.TU.04.1701	cds.evm.model.08.523	COBRA_ARATH	80.233	430	84	1	7	435	6	435	0.0	753	90.47	COBRA_ARATH Protein COBRA
gene:evm.TU.04.1434	cds.evm.model.02.1346.1.5bd9b135	PRXQ_POPJC	78.873	213	45	0	1	213	1	213	1.58e-116	333	87.32	PRXQ_POPJC Peroxiredoxin Q, chloroplastic
gene:evm.TU.04.1583	cds.evm.model.02.1346	PRXQ_POPJC	78.873	213	45	0	1	213	1	213	1.58e-116	333	87.32	PRXQ_POPJC Peroxiredoxin Q, chloroplastic
gene:evm.TU.04.108	cds.novel_model_3852_5bd9a17a	H32_WHEAT	99.265	136	1	0	1	136	1	136	9.87e-95	271	100.00	H32_WHEAT Histone H3.2
gene:evm.TU.04.1588	cds.evm.model.07.1060	PNSB5_ARATH	58.571	210	80	2	7	209	3	212	7.58e-90	265	76.19	PNSB5_ARATH Photosynthetic NDH subunit of subcomplex B 5, chloroplastic {ECO:0000303|PubMed:21785130}
gene:evm.TU.04.1049	cds.evm.model.08.1578	NMO_BACSU	28.011	357	188	10	13	323	14	347	1.43e-31	124	46.78	NMO_BACSU Probable nitronate monooxygenase
gene:evm.TU.04.1811	cds.evm.model.09.746	FG3H_SOYBN	51.535	456	198	2	3	436	2	456	4.49e-171	490	68.86	FG3H_SOYBN UDP-glycosyltransferase 79B30 {ECO:0000303|PubMed:26002063}
gene:evm.TU.04.1129	cds.evm.model.03.1805	CHLH_ARATH	84.465	1384	167	6	1	1339	1	1381	0.0	2428	91.40	CHLH_ARATH Magnesium-chelatase subunit ChlH, chloroplastic
gene:evm.TU.04.1765	cds.novel_model_3404_5bd9a17a	MO3_ARATH	42.822	411	211	7	3	402	7	404	1.34e-104	318	58.39	MO3_ARATH Monooxygenase 3 {ECO:0000303|PubMed:10216258}
gene:evm.TU.04.1323	cds.novel_model_2306_5bd9a17a	SPSA1_CITUN	74.337	1056	238	10	1	1043	1	1036	0.0	1593	84.38	SPSA1_CITUN Probable sucrose-phosphate synthase 1
gene:evm.TU.04.1428	cds.evm.model.05.2114.1.5bd9b13b	ATG8F_ARATH	92.373	118	9	0	1	118	1	118	1.84e-76	224	97.46	ATG8F_ARATH Autophagy-related protein 8f
gene:evm.TU.04.1349	cds.evm.model.05.2114.2.5bd9b13b	ATG8F_ARATH	92.373	118	9	0	1	118	1	118	1.84e-76	224	97.46	ATG8F_ARATH Autophagy-related protein 8f
gene:evm.TU.04.1169	cds.evm.model.05.2114	ATG8F_ARATH	92.373	118	9	0	1	118	1	118	1.84e-76	224	97.46	ATG8F_ARATH Autophagy-related protein 8f
gene:evm.TU.04.1404	cds.evm.model.09.557	DOF35_ARATH	43.919	148	73	4	29	168	16	161	5.84e-33	123	62.16	DOF35_ARATH Dof zinc finger protein DOF3.5
gene:evm.TU.04.1801	cds.evm.model.10.2244	AGO5_ARATH	61.715	828	296	9	21	839	181	996	0.0	1048	75.97	AGO5_ARATH Protein argonaute 5
gene:evm.TU.04.1626	cds.evm.model.02.1531	MIOX4_ARATH	73.292	322	80	2	1	321	1	317	2.09e-176	493	82.61	MIOX4_ARATH Inositol oxygenase 4
gene:evm.TU.04.1626	cds.evm.model.02.1531.1.5bdae6e0	MIOX4_ARATH	81.659	229	42	0	1	229	89	317	3.48e-143	405	90.39	MIOX4_ARATH Inositol oxygenase 4
gene:evm.TU.04.1626	cds.evm.model.04.2359	PSB28_ORYSJ	65.934	182	57	2	2	182	3	180	8.70e-80	238	78.02	PSB28_ORYSJ Photosystem II reaction center PSB28 protein, chloroplastic
gene:evm.TU.04.1626	cds.evm.model.07.131	EF1A_VICFA	95.526	447	20	0	1	447	1	447	0.0	895	99.33	EF1A_VICFA Elongation factor 1-alpha
gene:evm.TU.04.1626	cds.evm.model.07.1501	CML7_ARATH	77.333	150	34	0	1	150	1	150	1.66e-80	237	93.33	CML7_ARATH Calmodulin-like protein 7
gene:evm.TU.04.1626	cds.evm.model.04.1211.1.5bd9b138	RAP24_ARATH	48.813	379	139	13	1	371	1	332	1.55e-84	263	58.84	RAP24_ARATH Ethylene-responsive transcription factor RAP2-4
gene:evm.TU.04.1626	cds.evm.model.04.1211	RAP24_ARATH	49.714	350	129	11	1	342	22	332	1.22e-81	254	59.71	RAP24_ARATH Ethylene-responsive transcription factor RAP2-4
gene:evm.TU.04.1202	cds.evm.model.05.482.1.5bd9b139	ACFR1_ARATH	67.204	186	51	3	1	176	54	239	2.59e-81	243	80.11	ACFR1_ARATH Transmembrane ascorbate ferrireductase 1
gene:evm.TU.04.1128	cds.evm.model.05.482.2.5bd9b139	ACFR1_ARATH	66.667	180	52	2	3	174	60	239	3.58e-79	238	80.00	ACFR1_ARATH Transmembrane ascorbate ferrireductase 1
gene:evm.TU.04.1597	cds.evm.model.05.482	ACFR1_ARATH	65.690	239	74	2	1	231	1	239	8.64e-111	320	81.17	ACFR1_ARATH Transmembrane ascorbate ferrireductase 1
gene:evm.TU.04.1769	cds.evm.model.04.418	PSBY_SPIOL	58.333	204	65	6	10	208	11	199	2.54e-63	197	69.12	PSBY_SPIOL Photosystem II reaction center proteins PsbY, chloroplastic
gene:evm.TU.04.1463	cds.evm.model.09.264	SRC2_ARATH	35.669	157	81	8	14	162	6	150	2.24e-11	65.5	50.32	SRC2_ARATH Protein SRC2 homolog {ECO:0000305}
gene:evm.TU.04.1383	cds.evm.model.05.1890.1.5bd9b13b.1.5bdae6e3	FDC2_ARATH	53.571	56	21	2	41	91	29	84	1.89e-09	54.7	66.07	FDC2_ARATH Ferredoxin C 2, chloroplastic {ECO:0000303|PubMed:20966083}
gene:evm.TU.04.1383	cds.evm.model.05.1890.2.5bd9b13b	FDC2_ARATH	64.286	70	21	1	41	106	29	98	1.35e-23	92.0	75.71	FDC2_ARATH Ferredoxin C 2, chloroplastic {ECO:0000303|PubMed:20966083}
gene:evm.TU.04.1383	cds.evm.model.05.1890	FDC2_ARATH	79.085	153	28	1	41	189	29	181	1.41e-86	255	88.24	FDC2_ARATH Ferredoxin C 2, chloroplastic {ECO:0000303|PubMed:20966083}
gene:evm.TU.04.1383	cds.evm.model.05.1890.1.5bd9b13b	FDC2_ARATH	75.610	123	26	1	41	159	29	151	2.72e-62	193	86.18	FDC2_ARATH Ferredoxin C 2, chloroplastic {ECO:0000303|PubMed:20966083}
gene:evm.TU.04.1383	cds.novel_model_6083_5bd9a17a	RCCR_ARATH	50.347	288	131	2	22	307	41	318	9.19e-93	281	70.83	RCCR_ARATH Red chlorophyll catabolite reductase, chloroplastic {ECO:0000303|PubMed:10743659}
gene:evm.TU.04.1223	cds.evm.model.09.439.2.5bd9b13c	R35A3_ARATH	92.857	112	8	0	1	112	1	112	3.06e-74	218	97.32	R35A3_ARATH Large ribosomal subunit protein eL33y {ECO:0000303|PubMed:36423343}
gene:evm.TU.04.1174	cds.evm.model.09.439.1.5bd9b13c	R35A3_ARATH	90.476	105	10	0	1	105	1	105	3.48e-66	198	94.29	R35A3_ARATH Large ribosomal subunit protein eL33y {ECO:0000303|PubMed:36423343}
gene:evm.TU.04.1707	cds.evm.model.09.439	R35A3_ARATH	92.857	112	8	0	1	112	1	112	3.06e-74	218	97.32	R35A3_ARATH Large ribosomal subunit protein eL33y {ECO:0000303|PubMed:36423343}
gene:evm.TU.04.1996	cds.novel_model_1859_5bd9a17a.1.5bd9b136	GLO15_ORYSI	62.500	184	69	0	67	250	64	247	4.25e-80	255	77.72	GLO15_ORYSI Very-long-chain aldehyde decarbonylase GL1-5 {ECO:0000305}
gene:evm.TU.04.1722	cds.novel_model_1861_5bd9a17a.3.5bd9b136	CER1_ARATH	62.319	69	25	1	1	69	1	68	9.43e-24	97.4	79.71	CER1_ARATH Very-long-chain aldehyde decarbonylase CER1 {ECO:0000305}
gene:evm.TU.04.1661	cds.novel_model_1860_5bd9a17a.2.5bd9b136	GLO14_ORYSJ	59.292	113	46	0	64	176	61	173	8.15e-43	156	78.76	GLO14_ORYSJ Very-long-chain aldehyde decarbonylase GL1-4 {ECO:0000305}
gene:evm.TU.04.1839	cds.novel_model_1858_5bd9a17a	GLO15_ORYSI	58.333	564	223	5	67	627	64	618	0.0	689	74.47	GLO15_ORYSI Very-long-chain aldehyde decarbonylase GL1-5 {ECO:0000305}
gene:evm.TU.04.1824	cds.evm.model.09.298	TLPH_ORYSJ	69.369	222	67	1	23	243	30	251	7.81e-110	319	83.78	TLPH_ORYSJ Thaumatin-like protein
gene:evm.TU.04.1969	cds.evm.model.04.2166	OXI1_ARATH	62.388	335	96	5	15	328	12	337	2.07e-124	400	72.84	OXI1_ARATH Serine/threonine-protein kinase OXI1
gene:evm.TU.04.1211	cds.evm.model.02.1973	GSTX4_TOBAC	70.183	218	64	1	5	221	4	221	8.64e-114	327	84.40	GSTX4_TOBAC Probable glutathione S-transferase
gene:evm.TU.04.1211	cds.evm.model.01.2001	CER1_ARATH	60.692	636	231	6	1	633	1	620	0.0	791	78.46	CER1_ARATH Very-long-chain aldehyde decarbonylase CER1 {ECO:0000305}
gene:evm.TU.04.1616	cds.evm.model.01.2223	GPX1_PEA	68.220	236	65	4	1	235	1	227	2.88e-99	306	77.54	GPX1_PEA Phospholipid hydroperoxide glutathione peroxidase, chloroplastic
gene:evm.TU.04.1727	cds.evm.model.03.214	EF2_ARATH	94.425	843	47	0	1	843	1	843	0.0	1672	97.03	EF2_ARATH Elongation factor 2 {ECO:0000305}
gene:evm.TU.04.127	cds.evm.model.04.1682	GT17_ARATH	60.592	439	134	7	62	497	46	448	0.0	545	73.80	GT17_ARATH Probable xyloglucan galactosyltransferase GT17 {ECO:0000305}
gene:evm.TU.04.1216	cds.evm.model.06.1738	CIPKB_ARATH	67.160	405	113	8	1	401	1	389	0.0	546	81.98	CIPKB_ARATH CBL-interacting serine/threonine-protein kinase 11
gene:evm.TU.04.1479	cds.evm.model.06.1738.1.5bd9b13b	ENGB_RUEST	41.429	210	121	1	386	593	6	215	4.94e-47	167	61.43	ENGB_RUEST Probable GTP-binding protein EngB {ECO:0000255|HAMAP-Rule:MF_00321}
gene:evm.TU.04.1479	cds.evm.model.09.359.1.5bd9b13c.1.5bdae6d9	CB4B_ARATH	81.410	156	28	1	13	167	13	168	7.97e-90	268	88.46	CB4B_ARATH Chlorophyll a-b binding protein CP29.2, chloroplastic
gene:evm.TU.04.1479	cds.evm.model.09.359	CB4B_ARATH	85.315	286	41	1	1	285	1	286	2.19e-176	491	91.26	CB4B_ARATH Chlorophyll a-b binding protein CP29.2, chloroplastic
gene:evm.TU.04.1479	cds.evm.model.09.359.1.5bd9b13c	CB4B_ARATH	80.240	167	32	1	1	166	1	167	5.27e-89	265	88.02	CB4B_ARATH Chlorophyll a-b binding protein CP29.2, chloroplastic
gene:evm.TU.04.1196	cds.evm.model.10.944	ASOL_BRANA	55.962	520	216	5	28	537	24	540	0.0	560	70.00	ASOL_BRANA L-ascorbate oxidase homolog
gene:evm.TU.04.1766	cds.evm.model.10.944.1.5bd9b13d	ASOL_BRANA	52.459	305	137	4	1	300	239	540	6.33e-101	310	65.90	ASOL_BRANA L-ascorbate oxidase homolog
gene:evm.TU.04.1343	cds.evm.model.02.2491	HEBP2_HUMAN	29.936	157	87	4	29	172	49	195	8.30e-14	69.7	47.77	HEBP2_HUMAN Heme-binding protein 2
gene:evm.TU.04.1682	cds.evm.model.02.1453	NHL1_ARATH	34.872	195	113	6	36	228	16	198	9.20e-29	110	51.79	NHL1_ARATH NDR1/HIN1-like protein 1 {ECO:0000303|Ref.1}
gene:evm.TU.04.1355	cds.evm.model.05.834	BAG1_ARATH	54.601	326	120	7	21	341	39	341	4.90e-108	322	67.79	BAG1_ARATH BAG family molecular chaperone regulator 1
gene:evm.TU.04.1355	cds.evm.model.09.887	RNHX1_ARATH	25.424	354	227	6	139	475	15	348	2.33e-28	124	43.50	RNHX1_ARATH Putative ribonuclease H protein At1g65750
gene:evm.TU.04.1057	cds.evm.model.06.792	GL115_ARATH	71.171	222	61	2	1	222	1	219	2.05e-110	318	82.43	GL115_ARATH Germin-like protein subfamily 1 member 15
gene:evm.TU.04.1198	cds.evm.model.03.851.1.5bd9b137	U73C1_ARATH	50.973	257	116	2	10	256	10	266	4.70e-85	265	69.26	U73C1_ARATH UDP-glycosyltransferase 73C1
gene:evm.TU.04.1214	cds.evm.model.03.851	U73C3_ARATH	53.766	478	204	6	10	473	14	488	0.0	523	72.18	U73C3_ARATH UDP-glycosyltransferase 73C3
gene:evm.TU.04.134	cds.evm.model.07.259	PPA1_SOLLC	38.647	207	126	1	3	209	50	255	1.18e-53	175	61.84	PPA1_SOLLC Acid phosphatase 1
gene:evm.TU.04.1139	cds.evm.model.01.2291	KNAP2_MALDO	67.726	409	70	7	1	359	1	397	3.85e-179	505	74.33	KNAP2_MALDO Homeobox protein knotted-1-like 2
gene:evm.TU.04.1828	cds.evm.model.02.3090	GLYK_ARATH	71.204	382	109	1	7	387	75	456	0.0	580	82.46	GLYK_ARATH D-glycerate 3-kinase, chloroplastic {ECO:0000305}
gene:evm.TU.04.1446	cds.evm.model.07.1565.1.5bd9b13c	UAH_ARATH	81.095	402	74	2	32	431	32	433	0.0	641	89.80	UAH_ARATH Ureidoglycolate hydrolase {ECO:0000303|PubMed:23940254}
gene:evm.TU.04.1708	cds.evm.model.07.1565	UAH_ARATH	81.348	445	81	2	32	474	32	476	0.0	721	90.56	UAH_ARATH Ureidoglycolate hydrolase {ECO:0000303|PubMed:23940254}
gene:evm.TU.04.1194	cds.evm.model.03.72	RK1_ARATH	67.742	372	87	10	1	367	1	344	4.91e-169	478	79.03	RK1_ARATH Large ribosomal subunit protein uL1c {ECO:0000303|PubMed:36423343}
gene:evm.TU.04.1353	cds.evm.model.01.2997	DFC_ARATH	42.236	161	91	1	1	159	1	161	2.84e-34	120	54.66	DFC_ARATH Protein DOWNSTREAM OF FLC
gene:evm.TU.04.1558	cds.evm.model.09.1539	LRP6A_ARATH	55.312	320	127	5	61	366	101	418	5.84e-114	341	73.44	LRP6A_ARATH La-related protein 6A
gene:evm.TU.04.1558	cds.evm.model.08.725	DUT_ARATH	82.317	164	28	1	46	209	4	166	1.12e-92	271	89.63	DUT_ARATH Deoxyuridine 5'-triphosphate nucleotidohydrolase
gene:evm.TU.04.1558	cds.evm.model.02.1680.2.5bd9b135	CYB5_TOBAC	56.061	132	58	0	3	134	2	133	1.50e-55	172	77.27	CYB5_TOBAC Cytochrome b5
gene:evm.TU.04.1558	cds.evm.model.02.1680.1.5bd9b135	CYB5_TOBAC	56.061	132	58	0	3	134	2	133	1.50e-55	172	77.27	CYB5_TOBAC Cytochrome b5
gene:evm.TU.04.1558	cds.evm.model.02.1680	CYB5_TOBAC	56.061	132	58	0	3	134	2	133	1.50e-55	172	77.27	CYB5_TOBAC Cytochrome b5
gene:evm.TU.04.1979	cds.evm.model.06.288	NHL10_ARATH	30.814	172	114	3	59	229	39	206	1.85e-19	87.0	52.91	NHL10_ARATH NDR1/HIN1-like protein 10 {ECO:0000303|PubMed:14666423}
gene:evm.TU.04.1248	cds.evm.model.07.1367	PSE1_ARATH	60.331	242	93	3	1	241	1	240	4.80e-100	295	74.79	PSE1_ARATH Protein LEAD-SENSITIVE 1 {ECO:0000303|PubMed:27335453}
gene:evm.TU.04.1844	cds.evm.model.07.1367.1.5bd9b13c	PSE1_ARATH	58.264	242	91	4	1	234	1	240	1.15e-93	278	72.31	PSE1_ARATH Protein LEAD-SENSITIVE 1 {ECO:0000303|PubMed:27335453}
gene:evm.TU.04.1844	cds.evm.model.09.1097	ETFA_ARATH	78.248	331	72	0	11	341	33	363	0.0	530	87.31	ETFA_ARATH Electron transfer flavoprotein subunit alpha, mitochondrial
gene:evm.TU.04.1844	cds.evm.model.03.257	ASPGB_ARATH	83.129	326	54	1	1	326	1	325	0.0	556	89.26	ASPGB_ARATH Probable isoaspartyl peptidase/L-asparaginase 2
gene:evm.TU.04.1844	cds.evm.model.02.3115	BCCP_NOSS1	32.620	187	101	6	92	264	6	181	4.30e-10	60.8	45.99	BCCP_NOSS1 Biotin carboxyl carrier protein of acetyl-CoA carboxylase
gene:evm.TU.04.1844	cds.evm.model.02.2850	CRK25_ARATH	41.926	675	347	12	26	678	8	659	3.95e-166	495	57.93	CRK25_ARATH Cysteine-rich receptor-like protein kinase 25
gene:evm.TU.04.1201	cds.evm.model.09.1461	MTEF1_ARATH	40.945	254	148	1	53	306	22	273	2.47e-63	204	65.35	MTEF1_ARATH Transcription termination factor MTEF1, chloroplastic {ECO:0000305}
gene:evm.TU.04.1201	cds.evm.model.01.410	PME41_ARATH	64.151	583	178	11	14	579	4	572	0.0	743	77.02	PME41_ARATH Probable pectinesterase/pectinesterase inhibitor 41
gene:evm.TU.04.1037	cds.novel_model_2769_5bd9a17a	RL172_ARATH	89.655	174	17	1	1	174	1	173	7.20e-115	326	93.68	RL172_ARATH Large ribosomal subunit protein uL22y {ECO:0000303|PubMed:36423343}
gene:evm.TU.04.1528	cds.evm.model.02.3239	WAK5_ARATH	48.968	339	150	9	1	334	166	486	1.20e-89	290	62.24	WAK5_ARATH Wall-associated receptor kinase 5
gene:evm.TU.04.1098	cds.evm.model.02.3239	WAK5_ARATH	32.292	192	106	7	231	420	533	702	4.46e-15	81.3	48.44	WAK5_ARATH Wall-associated receptor kinase 5
gene:evm.TU.04.1667	cds.evm.model.03.1506	TFL1_ARATH	71.875	64	18	0	1	64	8	71	5.64e-27	102	89.06	TFL1_ARATH Protein TERMINAL FLOWER 1
gene:evm.TU.04.1316	cds.evm.model.10.1712	FERON_ARATH	55.380	316	126	6	38	353	521	821	2.80e-105	335	67.72	FERON_ARATH Receptor-like protein kinase FERONIA {ECO:0000303|PubMed:17673660}
gene:evm.TU.04.16	cds.evm.model.01.2022	AHL23_ARATH	73.029	241	49	5	1	231	1	235	2.88e-86	261	78.42	AHL23_ARATH AT-hook motif nuclear-localized protein 23 {ECO:0000312|EMBL:FAA00294.1}
gene:evm.TU.04.1305	cds.evm.model.06.1471	WAT1_ARATH	80.308	325	57	3	1	320	1	323	0.0	528	88.31	WAT1_ARATH Protein WALLS ARE THIN 1
gene:evm.TU.04.130	cds.evm.model.02.1498	PETS_ARATH	54.926	406	152	14	1	397	1	384	1.47e-121	384	70.44	PETS_ARATH Polyprotein of EF-Ts, chloroplastic {ECO:0000303|PubMed:15548736}
gene:evm.TU.04.1895	cds.evm.model.08.1094	T11L1_HUMAN	29.121	182	98	7	616	790	43	200	3.67e-10	67.8	47.80	T11L1_HUMAN T-complex protein 11-like protein 1
gene:evm.TU.04.1951	cds.evm.model.08.483	CB60E_ARATH	63.830	611	178	12	9	588	1	599	0.0	754	75.45	CB60E_ARATH Calmodulin-binding protein 60 E {ECO:0000303|PubMed:11782485}
gene:evm.TU.04.1760	cds.evm.model.04.556	BTF3_ARATH	85.430	151	21	1	1	151	1	150	2.55e-89	260	90.73	BTF3_ARATH Basic transcription factor 3 {ECO:0000303|PubMed:2320128}
gene:evm.TU.04.1405	cds.evm.model.06.1559	NAA25_ARATH	65.697	997	322	6	1	990	64	1047	0.0	1311	79.24	NAA25_ARATH N-terminal acetyltransferase B complex auxiliary subunit NAA25 {ECO:0000303|PubMed:25966763}
gene:evm.TU.04.1405	cds.novel_model_7049_5bd9a17a	MLP28_ARATH	50.000	316	150	4	2	310	17	331	1.70e-108	322	70.25	MLP28_ARATH MLP-like protein 28
gene:evm.TU.04.1405	cds.novel_model_7049_5bd9a17a	MLP28_ARATH	50.000	152	75	1	4	154	181	332	5.13e-46	161	71.05	MLP28_ARATH MLP-like protein 28
gene:evm.TU.04.1405	cds.novel_model_2624_5bd9a17a.1.5bd9b137	NADA_ARATH	78.846	364	73	2	2	365	353	712	0.0	601	88.46	NADA_ARATH Quinolinate synthase, chloroplastic {ECO:0000303|PubMed:16698895}
gene:evm.TU.04.124	cds.novel_model_2623_5bd9a17a	NADA_ARATH	73.715	681	170	6	41	717	40	715	0.0	1036	85.90	NADA_ARATH Quinolinate synthase, chloroplastic {ECO:0000303|PubMed:16698895}
gene:evm.TU.04.1813	cds.evm.model.10.1320	TBL1_ARATH	45.609	353	163	11	67	398	196	540	6.23e-97	303	62.04	TBL1_ARATH Protein trichome birefringence-like 1
gene:evm.TU.04.1777	cds.novel_model_3464_5bd9a17a	2MMP_ARATH	58.592	355	126	7	3	351	6	345	5.73e-139	403	71.83	2MMP_ARATH Metalloendoproteinase 2-MMP {ECO:0000303|PubMed:10574937}
gene:evm.TU.04.1073	cds.evm.model.02.3097	RSZ32_ARATH	59.866	299	96	8	1	291	1	283	1.08e-87	266	66.56	RSZ32_ARATH Serine/arginine-rich splicing factor RS2Z32
gene:evm.TU.04.1678	cds.evm.model.05.2031	ERF61_ARATH	41.538	325	117	9	18	276	18	335	1.53e-42	151	50.15	ERF61_ARATH Ethylene-responsive transcription factor ERF061
gene:evm.TU.04.1064	cds.evm.model.03.283.1.5bd9b137	TIC62_ARATH	50.311	644	250	11	1	582	1	636	5.58e-176	515	61.49	TIC62_ARATH Protein TIC 62, chloroplastic {ECO:0000303|PubMed:12426385}
gene:evm.TU.04.1946	cds.evm.model.03.283	TIC62_ARATH	50.233	645	250	12	1	583	1	636	5.44e-174	510	61.40	TIC62_ARATH Protein TIC 62, chloroplastic {ECO:0000303|PubMed:12426385}
gene:evm.TU.04.1019	cds.evm.model.03.283.2.5bd9b137	TIC62_ARATH	50.233	645	250	12	1	583	1	636	5.44e-174	510	61.40	TIC62_ARATH Protein TIC 62, chloroplastic {ECO:0000303|PubMed:12426385}
gene:evm.TU.04.1366	cds.novel_model_6122_5bd9a17a	H4_SOYBN	100.000	103	0	0	1	103	1	103	2.97e-67	199	100.00	H4_SOYBN Histone H4
gene:evm.TU.04.1945	cds.evm.model.02.1471.2.5bd9b135	RLA11_ARATH	60.909	110	41	1	2	109	3	112	1.04e-26	98.2	75.45	RLA11_ARATH Large ribosomal subunit protein P1w {ECO:0000303|PubMed:36423343}
gene:evm.TU.04.1489	cds.evm.model.02.1471.4.5bd9b135	RLA11_ARATH	61.818	110	42	0	2	111	3	112	9.11e-30	105	77.27	RLA11_ARATH Large ribosomal subunit protein P1w {ECO:0000303|PubMed:36423343}
gene:evm.TU.04.1083	cds.evm.model.02.1471.3.5bd9b135	RLA11_ARATH	61.818	110	42	0	2	111	3	112	9.11e-30	105	77.27	RLA11_ARATH Large ribosomal subunit protein P1w {ECO:0000303|PubMed:36423343}
gene:evm.TU.04.166	cds.evm.model.02.1471	RLA11_ARATH	61.818	110	42	0	2	111	3	112	9.11e-30	105	77.27	RLA11_ARATH Large ribosomal subunit protein P1w {ECO:0000303|PubMed:36423343}
gene:evm.TU.04.175	cds.evm.model.02.1471.1.5bd9b135	RLA1_MAIZE	65.625	64	22	0	1	64	1	64	2.24e-23	90.5	84.38	RLA1_MAIZE Large ribosomal subunit protein P1 {ECO:0000305}
gene:evm.TU.04.1206	cds.evm.model.07.254	PRP19_ORYSJ	75.240	521	128	1	1	521	1	520	0.0	830	86.56	PRP19_ORYSJ Pre-mRNA-processing factor 19 {ECO:0000305}
gene:evm.TU.04.1546	cds.evm.model.01.2335.2.5bd9b136	1433_PEA	91.176	204	18	0	3	206	6	209	1.82e-137	389	97.06	1433_PEA 14-3-3-like protein
gene:evm.TU.04.170	cds.evm.model.01.2335	1433_PEA	94.118	255	15	0	3	257	6	260	2.27e-180	498	98.04	1433_PEA 14-3-3-like protein
gene:evm.TU.04.1619	cds.evm.model.01.2335.1.5bd9b136	1433_PEA	93.776	241	12	1	1	238	1	241	1.22e-166	464	97.51	1433_PEA 14-3-3-like protein
gene:evm.TU.04.1926	cds.evm.model.09.137	LTP1_MORNI	76.923	91	21	0	26	116	1	91	4.07e-46	146	90.11	LTP1_MORNI Non-specific lipid-transfer protein 1 {ECO:0000303|PubMed:19958316}
gene:evm.TU.04.1030	cds.evm.model.06.2011	REV_ARATH	81.551	851	144	6	1	847	1	842	0.0	1433	90.60	REV_ARATH Homeobox-leucine zipper protein REVOLUTA {ECO:0000303|PubMed:7555701}
gene:evm.TU.04.1523	cds.evm.model.09.1542	KASC1_ARATH	86.013	479	57	3	1	475	1	473	0.0	840	91.86	KASC1_ARATH 3-oxoacyl-[acyl-carrier-protein] synthase I, chloroplastic
gene:evm.TU.04.1754	cds.evm.model.06.1693.5.5bd9b13b	RL10_VITRI	90.710	183	17	0	1	183	38	220	3.75e-124	351	95.63	RL10_VITRI Large ribosomal subunit protein uL16 {ECO:0000305}
gene:evm.TU.04.1267	cds.evm.model.06.1693.2.5bd9b13b	RL10_VITRI	91.364	220	18	1	1	219	1	220	1.36e-150	420	95.91	RL10_VITRI Large ribosomal subunit protein uL16 {ECO:0000305}
gene:evm.TU.04.1032	cds.evm.model.06.1693.7.5bd9b13b	RL10_EUPES	97.015	134	4	0	1	134	38	171	1.04e-92	271	99.25	RL10_EUPES Large ribosomal subunit protein uL16 {ECO:0000305}
gene:evm.TU.04.1585	cds.evm.model.06.1693	RL10_VITRI	91.818	220	18	0	1	220	1	220	1.38e-153	427	96.36	RL10_VITRI Large ribosomal subunit protein uL16 {ECO:0000305}
gene:evm.TU.04.144	cds.evm.model.06.1693.6.5bd9b13b	RL10_EUPES	97.015	134	4	0	1	134	38	171	1.04e-92	271	99.25	RL10_EUPES Large ribosomal subunit protein uL16 {ECO:0000305}
gene:evm.TU.04.1548	cds.evm.model.06.1693.3.5bd9b13b	RL10_VITRI	91.818	220	18	0	1	220	1	220	1.38e-153	427	96.36	RL10_VITRI Large ribosomal subunit protein uL16 {ECO:0000305}
gene:evm.TU.04.1394	cds.evm.model.06.1693.1.5bd9b13b	RL10_VITRI	91.818	220	18	0	1	220	1	220	1.38e-153	427	96.36	RL10_VITRI Large ribosomal subunit protein uL16 {ECO:0000305}
gene:evm.TU.04.1137	cds.evm.model.06.1693.4.5bd9b13b	RL10_EUPES	97.661	171	4	0	1	171	1	171	2.03e-122	347	99.42	RL10_EUPES Large ribosomal subunit protein uL16 {ECO:0000305}
gene:evm.TU.04.1887	cds.evm.model.06.500	UGPA_MUSAC	85.529	463	67	0	14	476	5	467	0.0	812	92.87	UGPA_MUSAC UTP--glucose-1-phosphate uridylyltransferase
gene:evm.TU.04.1457	cds.evm.model.08.609	NH2L1_XENLA	80.469	128	25	0	1	128	1	128	1.28e-72	215	90.62	NH2L1_XENLA NHP2-like protein 1
gene:evm.TU.04.1096	cds.evm.model.09.60	RAA1B_ARATH	87.615	218	25	2	1	218	1	216	2.83e-138	389	94.04	RAA1B_ARATH Ras-related protein RABA1b
gene:evm.TU.04.1814	cds.evm.model.05.764	ACBP_RICCO	83.333	90	15	0	1	90	1	90	5.57e-51	157	92.22	ACBP_RICCO Acyl-CoA-binding protein
gene:evm.TU.04.1885	cds.evm.model.05.764.1.5bd9b139	ACBP_RICCO	83.333	90	14	1	1	89	1	90	6.40e-49	152	91.11	ACBP_RICCO Acyl-CoA-binding protein
gene:evm.TU.04.1416	cds.evm.model.04.16	GT14A_ARATH	33.333	87	42	2	7	93	365	435	4.14e-06	47.4	42.53	GT14A_ARATH Beta-glucuronosyltransferase GlcAT14A {ECO:0000305}
gene:evm.TU.04.1880	cds.evm.model.01.1634	PTR14_ARATH	71.452	599	159	6	1	596	1	590	0.0	871	84.47	PTR14_ARATH Protein NRT1/ PTR FAMILY 7.3
gene:evm.TU.04.1077	cds.evm.model.07.227	AMT11_ARATH	80.120	498	92	3	5	502	1	491	0.0	813	88.35	AMT11_ARATH Ammonium transporter 1 member 1
gene:evm.TU.04.1077	cds.evm.model.06.1745	MYB59_ARATH	46.400	125	39	4	29	127	44	166	6.27e-23	95.1	52.80	MYB59_ARATH Transcription factor MYB59
gene:evm.TU.04.1077	cds.evm.model.09.744	OPA3_SCHPO	43.636	110	57	3	6	111	6	114	4.67e-20	86.3	64.55	OPA3_SCHPO OPA3-like protein
gene:evm.TU.04.1082	cds.evm.model.10.1590	GH310_ARATH	70.990	586	167	3	18	601	7	591	0.0	882	84.47	GH310_ARATH Indole-3-acetic acid-amido synthetase GH3.10 {ECO:0000305}
gene:evm.TU.04.1867	cds.evm.model.05.1650.1.5bdae6e1	YAB5_ORYSJ	50.754	199	71	5	14	187	11	207	3.02e-55	179	60.80	YAB5_ORYSJ Protein YABBY 5
gene:evm.TU.04.1891	cds.evm.model.05.1650	YAB5_ORYSJ	50.388	258	90	7	14	235	11	266	2.99e-76	234	62.02	YAB5_ORYSJ Protein YABBY 5
gene:evm.TU.04.1488	cds.evm.model.05.1650.1.5bd9b13a	YAB1_ARATH	56.497	177	58	7	1	170	65	229	9.57e-51	165	68.93	YAB1_ARATH Axial regulator YABBY 1
gene:evm.TU.04.1752	cds.evm.model.05.1650.2.5bd9b13a	YAB1_ARATH	75.701	107	23	3	28	131	123	229	3.06e-50	162	86.92	YAB1_ARATH Axial regulator YABBY 1
gene:evm.TU.04.122	cds.evm.model.06.562	FLAP1_ARATH	63.814	409	121	9	3	403	2	391	9.14e-156	447	75.06	FLAP1_ARATH FLUCTUATING-LIGHT-ACCLIMATION protein 1, chloroplastic {ECO:0000303|PubMed:29016945}
gene:evm.TU.04.1109	cds.evm.model.08.1982	SRG1_ARATH	54.945	182	81	1	1	181	99	280	3.26e-69	217	75.82	SRG1_ARATH Protein SRG1
gene:evm.TU.04.1109	cds.evm.model.06.1050	LOX15_SOLTU	72.970	862	230	3	1	860	2	862	0.0	1352	86.89	LOX15_SOLTU Probable linoleate 9S-lipoxygenase 5
gene:evm.TU.04.1270	cds.novel_model_7386_5bd9a17a	MPH1_ORYSJ	62.687	67	25	0	6	72	5	71	1.36e-25	103	83.58	MPH1_ORYSJ Myb family transcription factor MPH1 {ECO:0000305}
gene:evm.TU.04.1737	cds.evm.model.04.124	NDHL_ARATH	52.941	187	84	2	2	188	6	188	6.84e-70	213	71.66	NDHL_ARATH NAD(P)H-quinone oxidoreductase subunit L, chloroplastic
gene:evm.TU.04.1344	cds.evm.model.07.244	IAA13_ARATH	52.727	220	70	9	69	285	44	232	3.27e-62	199	67.27	IAA13_ARATH Auxin-responsive protein IAA13
gene:evm.TU.04.1879	cds.evm.model.09.570	RR5_ARATH	77.255	255	56	1	10	262	49	303	1.06e-140	400	86.27	RR5_ARATH Small ribosomal subunit protein uS5c {ECO:0000303|PubMed:36423343}
gene:evm.TU.04.1843	cds.evm.model.07.876	Y1710_ARATH	40.367	327	92	17	1	326	228	452	3.45e-39	149	50.46	Y1710_ARATH Uncharacterized protein At1g65710 {ECO:0000305}
gene:evm.TU.04.1703	cds.evm.model.07.876.1.5bdae6d9	Y1710_ARATH	51.282	117	32	5	57	172	360	452	1.37e-19	90.5	60.68	Y1710_ARATH Uncharacterized protein At1g65710 {ECO:0000305}
gene:evm.TU.04.1861	cds.evm.model.06.473	CYTA_HELAN	44.304	79	36	3	19	97	4	74	7.92e-12	59.3	60.76	CYTA_HELAN Cysteine proteinase inhibitor A
gene:evm.TU.04.1191	cds.evm.model.05.111	MET1_ARATH	40.299	67	39	1	98	163	93	159	1.86e-06	52.0	59.70	MET1_ARATH Protein MET1, chloroplastic {ECO:0000303|PubMed:25587003}
gene:evm.TU.04.1850	cds.evm.model.05.111.1.5bd9b139	MET1_ARATH	40.299	67	39	1	98	163	93	159	1.50e-07	53.1	59.70	MET1_ARATH Protein MET1, chloroplastic {ECO:0000303|PubMed:25587003}
gene:evm.TU.04.1547	cds.evm.model.04.930	CHIC_SOLLC	63.636	319	95	2	26	343	20	318	4.98e-151	431	76.18	CHIC_SOLLC Basic 30 kDa endochitinase
gene:evm.TU.04.1642	cds.novel_model_6469_5bd9a17a	NLTP2_GOSHI	63.866	119	41	1	1	117	1	119	9.93e-47	149	79.83	NLTP2_GOSHI Non-specific lipid-transfer protein
gene:evm.TU.04.1241	cds.novel_model_6470_5bd9a17a.1.5bd9b13c	NLTP2_GOSHI	65.000	120	40	1	1	118	1	120	4.41e-48	152	80.83	NLTP2_GOSHI Non-specific lipid-transfer protein
gene:evm.TU.04.1749	cds.novel_model_6471_5bd9a17a.2.5bd9b13c	NLTP2_GOSHI	64.957	117	39	1	1	115	1	117	1.26e-46	149	80.34	NLTP2_GOSHI Non-specific lipid-transfer protein
gene:evm.TU.04.159	cds.evm.model.01.470.1.5bd9b134	PETM_SPIOL	86.111	36	5	0	87	122	1	36	1.24e-13	63.2	94.44	PETM_SPIOL Cytochrome b6-f complex subunit 7
gene:evm.TU.04.1335	cds.evm.model.01.470.2.5bd9b134	PETM_SPIOL	86.111	36	5	0	87	122	1	36	1.24e-13	63.2	94.44	PETM_SPIOL Cytochrome b6-f complex subunit 7
gene:evm.TU.04.1335	cds.evm.model.01.470	PETM_SPIOL	86.111	36	5	0	87	122	1	36	1.24e-13	63.2	94.44	PETM_SPIOL Cytochrome b6-f complex subunit 7
gene:evm.TU.04.1657	cds.novel_model_4603_5bd9a17a	G3OX1_ARATH	47.337	338	162	4	16	343	23	354	7.00e-101	304	63.02	G3OX1_ARATH Gibberellin 3-beta-dioxygenase 1
gene:evm.TU.04.1250	cds.novel_model_600_5bda875f	PER46_ARATH	63.240	321	114	1	16	336	10	326	7.83e-148	422	76.32	PER46_ARATH Peroxidase 46
gene:evm.TU.04.1573	cds.novel_model_602_5bda875f.2.5bdae6e0	PER18_ARATH	60.000	160	63	1	1	159	170	329	3.83e-62	197	74.38	PER18_ARATH Peroxidase 18
gene:evm.TU.04.1357	cds.novel_model_601_5bda875f.1.5bdae6e0	PER46_ARATH	64.062	128	42	1	16	143	10	133	1.09e-53	176	79.69	PER46_ARATH Peroxidase 46
gene:evm.TU.04.1251	cds.evm.model.02.2695	FAB1B_ARATH	59.537	1856	627	31	5	1812	8	1787	0.0	2039	71.34	FAB1B_ARATH 1-phosphatidylinositol-3-phosphate 5-kinase FAB1B
gene:evm.TU.04.1251	cds.evm.model.10.2047.1.5bd9b13e	FDH_SOLTU	83.819	309	48	1	1	309	1	307	0.0	528	91.59	FDH_SOLTU Formate dehydrogenase, mitochondrial {ECO:0000255|HAMAP-Rule:MF_03210, ECO:0000303|Ref.1}
gene:evm.TU.04.160	cds.evm.model.10.2047	FDH_SOLTU	85.379	383	54	1	1	383	1	381	0.0	678	92.43	FDH_SOLTU Formate dehydrogenase, mitochondrial {ECO:0000255|HAMAP-Rule:MF_03210, ECO:0000303|Ref.1}
gene:evm.TU.04.1991	cds.evm.model.03.1337	RFA1B_ARATH	70.455	616	159	2	7	621	6	599	0.0	935	84.58	RFA1B_ARATH Replication protein A 70 kDa DNA-binding subunit B
gene:evm.TU.04.1233	cds.novel_model_3277_5bd9a17a.4.5bd9b138	ISCAP_ARATH	78.049	82	17	1	46	127	53	133	9.45e-41	137	86.59	ISCAP_ARATH Iron-sulfur assembly protein IscA, chloroplastic
gene:evm.TU.04.1079	cds.novel_model_3274_5bd9a17a.3.5bd9b138	ISCAP_ARATH	83.721	129	20	1	46	174	53	180	1.64e-77	231	90.70	ISCAP_ARATH Iron-sulfur assembly protein IscA, chloroplastic
gene:evm.TU.04.1393	cds.novel_model_3276_5bd9a17a.1.5bd9b138	ISCAP_ARATH	80.620	129	20	2	46	170	53	180	1.40e-71	216	87.60	ISCAP_ARATH Iron-sulfur assembly protein IscA, chloroplastic
gene:evm.TU.04.1010	cds.novel_model_3275_5bd9a17a.2.5bd9b138	ISCAP_ARATH	83.594	128	18	1	46	170	53	180	3.21e-76	228	90.62	ISCAP_ARATH Iron-sulfur assembly protein IscA, chloroplastic
gene:evm.TU.04.1048	cds.novel_model_3273_5bd9a17a	ISCAP_ARATH	90.625	96	9	0	1	96	85	180	2.07e-62	190	94.79	ISCAP_ARATH Iron-sulfur assembly protein IscA, chloroplastic
gene:evm.TU.04.1178	cds.evm.model.05.722	EMS1_ARATH	61.868	1167	387	7	141	1304	79	1190	0.0	1397	75.24	EMS1_ARATH Leucine-rich repeat receptor protein kinase EMS1 {ECO:0000305}
gene:evm.TU.04.1711	cds.evm.model.05.722	EMS1_ARATH	38.284	781	426	12	41	780	25	790	1.32e-112	385	54.16	EMS1_ARATH Leucine-rich repeat receptor protein kinase EMS1 {ECO:0000305}
gene:evm.TU.04.1319	cds.evm.model.07.1596	TYDC_PAPSO	72.515	513	119	3	24	532	16	510	0.0	780	82.26	TYDC_PAPSO Tyrosine decarboxylase {ECO:0000303|PubMed:23204519}
gene:evm.TU.04.1264	cds.evm.model.08.1498	MRT4_BOVIN	50.249	201	99	1	16	216	9	208	9.17e-65	204	68.16	MRT4_BOVIN mRNA turnover protein 4 homolog {ECO:0000250|UniProtKB:P33201}
gene:evm.TU.04.120	cds.evm.model.10.765.3.5bd9b13d.1.5bdae6df	STT7_ARATH	88.070	285	34	0	1	285	225	509	3.85e-179	508	95.09	STT7_ARATH Serine/threonine-protein kinase STN7, chloroplastic
gene:evm.TU.04.1910	cds.evm.model.10.765.3.5bd9b13d	STT7_ARATH	83.578	341	53	1	1	341	225	562	0.0	578	93.26	STT7_ARATH Serine/threonine-protein kinase STN7, chloroplastic
gene:evm.TU.04.1793	cds.evm.model.10.765	STT7_ARATH	78.417	556	109	5	36	588	15	562	0.0	888	89.03	STT7_ARATH Serine/threonine-protein kinase STN7, chloroplastic
gene:evm.TU.04.1568	cds.evm.model.10.765.4.5bd9b13d	STT7_ARATH	86.707	331	44	0	1	331	179	509	0.0	590	94.26	STT7_ARATH Serine/threonine-protein kinase STN7, chloroplastic
gene:evm.TU.04.1566	cds.evm.model.10.765.2.5bd9b13d	STT7_ARATH	83.578	341	53	1	1	341	225	562	0.0	578	93.26	STT7_ARATH Serine/threonine-protein kinase STN7, chloroplastic
gene:evm.TU.04.1000	cds.evm.model.10.765.5.5bd9b13d	STT7_ARATH	82.979	329	53	1	1	329	237	562	0.0	553	93.01	STT7_ARATH Serine/threonine-protein kinase STN7, chloroplastic
gene:evm.TU.04.1085	cds.evm.model.10.765.1.5bd9b13d	STT7_ARATH	83.578	341	53	1	1	341	225	562	0.0	578	93.26	STT7_ARATH Serine/threonine-protein kinase STN7, chloroplastic
gene:evm.TU.04.1691	cds.evm.model.04.1030	MLX56_MORAL	63.066	287	97	4	26	304	122	407	5.63e-129	377	75.96	MLX56_MORAL Mulatexin {ECO:0000303|PubMed:19476960}
gene:evm.TU.04.1363	cds.evm.model.10.105	HTH_ARATH	41.852	540	242	13	61	541	62	588	1.84e-127	388	58.70	HTH_ARATH Protein HOTHEAD
gene:evm.TU.04.1496	cds.evm.model.01.1017	DNJ11_ARATH	50.943	106	42	2	6	110	65	161	1.87e-30	108	67.92	DNJ11_ARATH Chaperone protein dnaJ 11, chloroplastic
gene:evm.TU.04.1505	cds.evm.model.01.1427	LERK3_ORYSJ	36.968	752	393	19	386	1073	75	809	2.04e-140	446	53.72	LERK3_ORYSJ G-type lectin S-receptor-like serine/threonine-protein kinase LECRK3 {ECO:0000305}
gene:evm.TU.04.1675	cds.evm.model.09.917	LCAT4_ARATH	69.388	539	154	5	1	534	1	533	0.0	782	83.86	LCAT4_ARATH Lecithin-cholesterol acyltransferase-like 4
gene:evm.TU.04.1107	cds.evm.model.10.1145	CSTM6_ARATH	72.222	54	12	1	16	69	21	71	4.22e-20	78.6	75.93	CSTM6_ARATH Protein CYSTEINE-RICH TRANSMEMBRANE MODULE 6 {ECO:0000303|PubMed:29272523}
gene:evm.TU.04.1915	cds.evm.model.10.1145.1.5bd9b13d	CSTM6_ARATH	72.222	54	12	1	16	69	21	71	4.22e-20	78.6	75.93	CSTM6_ARATH Protein CYSTEINE-RICH TRANSMEMBRANE MODULE 6 {ECO:0000303|PubMed:29272523}
gene:evm.TU.04.1480	cds.novel_model_6069_5bd9a17a.1.5bd9b13b	AKR2_ORYSJ	79.348	92	17	1	1	90	260	351	5.15e-46	153	85.87	AKR2_ORYSJ Probable aldo-keto reductase 2
gene:evm.TU.04.1741	cds.novel_model_6068_5bd9a17a	AKR2_ORYSJ	81.818	341	59	2	5	342	11	351	0.0	584	89.44	AKR2_ORYSJ Probable aldo-keto reductase 2
gene:evm.TU.04.1552	cds.evm.model.07.1125	LRX6_ARATH	64.706	340	118	2	35	373	48	386	1.37e-146	426	76.76	LRX6_ARATH Leucine-rich repeat extensin-like protein 6
gene:evm.TU.04.1669	cds.evm.model.03.318.1.5bd9b137.2.5bdae6db	DXR_CANSA	90.722	194	18	0	1	194	278	471	2.02e-130	377	97.94	DXR_CANSA 1-deoxy-D-xylulose-5-phosphate reductoisomerase, chloroplastic {ECO:0000303|PubMed:28355238}
gene:evm.TU.04.1179	cds.evm.model.03.318.1.5bd9b137.3.5bdae6db	DXR_CANSA	90.722	194	18	0	1	194	278	471	2.02e-130	377	97.94	DXR_CANSA 1-deoxy-D-xylulose-5-phosphate reductoisomerase, chloroplastic {ECO:0000303|PubMed:28355238}
gene:evm.TU.04.1786	cds.evm.model.03.318.1.5bd9b137.4.5bdae6db	DXR_CANSA	90.722	194	18	0	1	194	278	471	2.02e-130	377	97.94	DXR_CANSA 1-deoxy-D-xylulose-5-phosphate reductoisomerase, chloroplastic {ECO:0000303|PubMed:28355238}
gene:evm.TU.04.1822	cds.evm.model.03.318.1.5bd9b137.1.5bdae6db	DXR_CANSA	90.722	194	18	0	1	194	278	471	2.02e-130	377	97.94	DXR_CANSA 1-deoxy-D-xylulose-5-phosphate reductoisomerase, chloroplastic {ECO:0000303|PubMed:28355238}
gene:evm.TU.10.1640	cds.evm.model.03.318	DXR_CANSA	90.890	472	42	1	1	472	1	471	0.0	898	96.82	DXR_CANSA 1-deoxy-D-xylulose-5-phosphate reductoisomerase, chloroplastic {ECO:0000303|PubMed:28355238}
gene:evm.TU.10.1646	cds.evm.model.03.318.1.5bd9b137	DXR_CANSA	91.975	324	25	1	1	324	149	471	0.0	625	97.84	DXR_CANSA 1-deoxy-D-xylulose-5-phosphate reductoisomerase, chloroplastic {ECO:0000303|PubMed:28355238}
gene:evm.TU.10.164	cds.evm.model.02.1661	URIC1_CANLI	75.000	308	76	1	1	307	1	308	1.28e-174	488	84.42	URIC1_CANLI Uricase-2 isozyme 1
gene:evm.TU.10.1647	cds.evm.model.06.2008	PIP22_ARATH	86.014	286	37	2	1	286	1	283	2.86e-177	493	90.21	PIP22_ARATH Aquaporin PIP2-2
gene:evm.TU.10.1641	cds.evm.model.01.2333	SAPK2_ORYSI	86.275	255	35	0	4	258	1	255	6.18e-168	481	95.29	SAPK2_ORYSI Serine/threonine-protein kinase SAPK2
gene:evm.TU.10.1643	cds.evm.model.08.1923	NEPRN_NEPVE	41.451	386	193	14	34	413	20	378	1.46e-93	289	59.07	NEPRN_NEPVE Protein neprosin {ECO:0000303|PubMed:27481162}
gene:evm.TU.10.1648	cds.evm.model.02.628	WTR14_ARATH	62.733	322	120	0	2	323	3	324	2.05e-149	427	77.95	WTR14_ARATH WAT1-related protein At2g39510
gene:evm.TU.10.1645	cds.evm.model.08.1943	CHIC_ARATH	29.682	283	167	12	4	271	28	293	1.20e-24	105	47.70	CHIC_ARATH Class V chitinase {ECO:0000303|PubMed:22936594}
gene:evm.TU.10.1642	cds.novel_model_4246_5bd9a17a	LRK10_WHEAT	42.131	610	277	23	32	578	34	630	3.84e-141	427	60.33	LRK10_WHEAT Rust resistance kinase Lr10 {ECO:0000312|EMBL:AAC49629.1}
gene:evm.TU.10.1644	cds.evm.model.09.1587	YZ37_SYNY3	32.209	326	205	6	10	332	9	321	5.66e-32	125	46.01	YZ37_SYNY3 Uncharacterized sugar kinase slr0537
gene:evm.TU.10.1649	cds.evm.model.01.2509	PAP8_ARATH	72.864	199	54	0	71	269	41	239	2.72e-103	303	84.92	PAP8_ARATH Probable plastid-lipid-associated protein 8, chloroplastic
gene:evm.TU.01.469	cds.evm.model.01.2509.1.5bd9b136.1.5bdae6e4	PAP8_ARATH	65.789	76	26	0	39	114	41	116	2.99e-26	100	76.32	PAP8_ARATH Probable plastid-lipid-associated protein 8, chloroplastic
gene:evm.TU.07.1742	cds.evm.model.01.2509.1.5bd9b136	PAP8_ARATH	68.889	135	42	0	39	173	41	175	4.03e-63	197	82.22	PAP8_ARATH Probable plastid-lipid-associated protein 8, chloroplastic
gene:evm.TU.01.1641	cds.novel_model_600_5bd9a17a	FL3H_PETCR	85.841	339	48	0	13	351	5	343	0.0	626	93.81	FL3H_PETCR Flavanone 3-dioxygenase
gene:evm.TU.01.1641	cds.novel_model_601_5bd9a17a.1.5bd9b134	FL3H_MATIN	50.794	63	14	2	1	63	312	357	1.82e-10	57.4	66.67	FL3H_MATIN Naringenin,2-oxoglutarate 3-dioxygenase
gene:evm.TU.01.1641	cds.evm.model.03.86.2.5bd9b136	TEEBE_ARATH	65.505	287	99	0	1	287	80	366	9.50e-138	396	78.75	TEEBE_ARATH Protein TEEBE {ECO:0000303|PubMed:29238286}
gene:evm.TU.07.1506	cds.evm.model.03.86.1.5bd9b136	TEEBE_ARATH	61.878	181	68	1	17	196	19	199	9.65e-77	237	76.24	TEEBE_ARATH Protein TEEBE {ECO:0000303|PubMed:29238286}
gene:evm.TU.07.1506	cds.evm.model.03.86	TEEBE_ARATH	63.218	348	127	1	17	363	19	366	1.98e-161	459	76.72	TEEBE_ARATH Protein TEEBE {ECO:0000303|PubMed:29238286}
gene:evm.TU.07.1506	cds.evm.model.04.356	FABG_CUPLA	78.378	296	59	2	30	322	27	320	1.98e-156	443	88.18	FABG_CUPLA 3-oxoacyl-[acyl-carrier-protein] reductase, chloroplastic
gene:evm.TU.07.1506	cds.evm.model.07.82	GLYC4_ARATH	82.900	462	42	1	1	425	1	462	0.0	798	88.31	GLYC4_ARATH Serine hydroxymethyltransferase 4 {ECO:0000303|PubMed:10806255}
gene:evm.TU.07.1506	cds.evm.model.10.28.2.5bd9b13c	SERC3_BOVIN	33.229	319	155	12	9	278	162	471	1.99e-42	154	51.72	SERC3_BOVIN Serine incorporator 3
gene:evm.TU.07.1506	cds.evm.model.10.28	SERIC_NEMVE	32.527	455	254	16	3	413	10	455	1.26e-57	198	49.67	SERIC_NEMVE Probable serine incorporator
gene:evm.TU.07.1506	cds.evm.model.10.28.1.5bd9b13c	SERIC_NEMVE	32.527	455	253	16	3	412	10	455	1.83e-56	195	49.45	SERIC_NEMVE Probable serine incorporator
gene:evm.TU.07.1506	cds.evm.model.05.1800	MCM2_ORYSI	80.564	957	152	8	4	930	7	959	0.0	1509	88.82	MCM2_ORYSI DNA replication licensing factor MCM2
gene:evm.TU.07.1506	cds.evm.model.01.513	PRB1_ARATH	64.103	156	53	2	17	172	9	161	1.77e-69	211	77.56	PRB1_ARATH Pathogenesis-related protein 1 {ECO:0000303|PubMed:11725949}
gene:evm.TU.07.1506	cds.evm.model.04.269	PHT21_ARATH	74.167	480	71	3	248	678	112	587	0.0	657	81.04	PHT21_ARATH Inorganic phosphate transporter 2-1, chloroplastic
gene:evm.TU.07.1506	cds.evm.model.03.868.1.5bd9b138	TP1A_MALDO	58.130	246	101	2	1	245	2	246	1.62e-103	303	73.58	TP1A_MALDO Thaumatin-like protein 1a
gene:evm.TU.07.1506	cds.evm.model.03.868	TP1A_MALDO	58.130	246	101	2	1	245	2	246	1.62e-103	303	73.58	TP1A_MALDO Thaumatin-like protein 1a
gene:evm.TU.07.1506	cds.evm.model.09.809	CHI5_ARATH	56.071	280	113	3	1	277	1	273	5.02e-113	329	69.64	CHI5_ARATH Endochitinase EP3 {ECO:0000303|PubMed:11525512}
gene:evm.TU.07.1506	cds.evm.model.01.675.1.5bd9b134	IN37_SPIOL	81.686	344	61	2	1	342	1	344	0.0	548	89.24	IN37_SPIOL 2-methyl-6-phytyl-1,4-hydroquinone methyltransferase, chloroplastic
gene:evm.TU.07.1506	cds.evm.model.01.675.2.5bd9b134	IN37_SPIOL	76.562	192	43	2	1	190	1	192	3.73e-88	266	85.42	IN37_SPIOL 2-methyl-6-phytyl-1,4-hydroquinone methyltransferase, chloroplastic
gene:evm.TU.07.1506	cds.evm.model.01.675.3.5bd9b134	IN37_SPIOL	81.686	344	61	2	1	342	1	344	0.0	548	89.24	IN37_SPIOL 2-methyl-6-phytyl-1,4-hydroquinone methyltransferase, chloroplastic
gene:evm.TU.08.855	cds.evm.model.01.675	IN37_SPIOL	81.686	344	61	2	1	342	1	344	0.0	548	89.24	IN37_SPIOL 2-methyl-6-phytyl-1,4-hydroquinone methyltransferase, chloroplastic
gene:evm.TU.09.1266	cds.evm.model.04.611.1.5bd9b137	WRK75_ARATH	81.319	91	13	1	116	202	54	144	4.49e-50	162	91.21	WRK75_ARATH Probable WRKY transcription factor 75
gene:evm.TU.09.1261	cds.evm.model.04.611.1.5bd9b137.1.5bdae6d8	WRK75_ARATH	100.000	34	0	0	116	149	54	87	1.99e-18	79.7	100.00	WRK75_ARATH Probable WRKY transcription factor 75
gene:evm.TU.09.126	cds.evm.model.04.611.2.5bd9b137	WRK75_ARATH	84.615	91	13	1	116	205	54	144	7.60e-53	169	94.51	WRK75_ARATH Probable WRKY transcription factor 75
gene:evm.TU.09.1263	cds.evm.model.04.611	WRK75_ARATH	85.714	91	13	0	116	206	54	144	1.71e-55	176	95.60	WRK75_ARATH Probable WRKY transcription factor 75
gene:evm.TU.09.1264	cds.evm.model.07.1803	RNS3_ARATH	51.515	198	93	3	372	568	27	222	1.95e-71	231	68.18	RNS3_ARATH Ribonuclease 3
gene:evm.TU.09.1260	cds.evm.model.09.1318	CASL1_CANSA	59.287	533	204	5	8	533	16	542	0.0	614	75.23	CASL1_CANSA Cannabidiolic acid synthase-like 1
gene:evm.TU.09.1265	cds.evm.model.02.2240	BASS2_ARATH	77.986	427	70	6	1	421	1	409	0.0	616	84.78	BASS2_ARATH Sodium/pyruvate cotransporter BASS2, chloroplastic
gene:evm.TU.09.1262	cds.evm.model.03.400	ISPD_MENPI	59.608	255	102	1	12	266	6	259	2.45e-93	278	69.02	ISPD_MENPI (-)-isopiperitenol/(-)-carveol dehydrogenase, mitochondrial
gene:evm.TU.09.1269	cds.novel_model_3917_5bd9a17a.1.5bd9b139	UGPI7_ARATH	34.555	191	98	5	38	224	30	197	7.63e-32	120	52.36	UGPI7_ARATH Uncharacterized GPI-anchored protein At4g28100
gene:evm.TU.09.1268	cds.novel_model_3916_5bd9a17a	UGPI7_ARATH	40.217	276	132	7	38	309	30	276	4.29e-59	195	55.80	UGPI7_ARATH Uncharacterized GPI-anchored protein At4g28100
gene:evm.TU.09.1267	cds.evm.model.10.1608	RD23D_ARATH	73.352	349	79	3	1	349	44	378	3.38e-168	476	79.94	RD23D_ARATH Ubiquitin receptor RAD23d
gene:evm.TU.01.1797	cds.evm.model.02.2973	CSC1_ARATH	74.021	766	198	1	1	766	1	765	0.0	1176	86.29	CSC1_ARATH Calcium permeable stress-gated cation channel 1 {ECO:0000303|PubMed:24503647}
gene:evm.TU.02.1331	cds.evm.model.10.232	PLPK2_ARATH	35.577	104	57	4	9	107	15	113	4.05e-09	53.5	51.92	PLPK2_ARATH Protein PELPK2 {ECO:0000305}
gene:evm.TU.02.1331	cds.evm.model.05.935	OSL3_ARATH	71.008	238	61	4	10	241	5	240	7.05e-118	339	77.73	OSL3_ARATH Osmotin-like protein OSM34
gene:evm.TU.02.1331	cds.evm.model.06.1838	CP41B_ARATH	90.173	346	34	0	20	365	33	378	0.0	655	96.82	CP41B_ARATH Chloroplast stem-loop binding protein of 41 kDa b, chloroplastic
gene:evm.TU.02.1331	cds.evm.model.07.1631	EIF3I_ARATH	79.573	328	65	1	1	326	1	328	0.0	536	90.85	EIF3I_ARATH Eukaryotic translation initiation factor 3 subunit I {ECO:0000255|HAMAP-Rule:MF_03008}
gene:evm.TU.02.1331	cds.evm.model.10.2255	CSP4_ARATH	54.645	183	62	3	4	165	13	195	5.32e-38	132	65.57	CSP4_ARATH Cold shock domain-containing protein 4
gene:evm.TU.02.1331	cds.evm.model.06.976	GL117_ARATH	71.628	215	59	1	8	220	5	219	3.09e-107	310	81.86	GL117_ARATH Germin-like protein subfamily 1 member 17
gene:evm.TU.02.1331	cds.evm.model.07.143	CYB5B_ARATH	79.699	133	27	0	1	133	1	133	5.65e-80	234	93.23	CYB5B_ARATH Cytochrome b5 isoform B {ECO:0000303|PubMed:19054355}
gene:evm.TU.02.1331	cds.novel_model_6537_5bd9a17a	GSTX6_SOYBN	60.377	212	81	3	3	211	6	217	1.41e-83	250	73.11	GSTX6_SOYBN Probable glutathione S-transferase
gene:evm.TU.02.1331	cds.evm.model.02.444	GPAT5_ARATH	73.131	495	131	2	3	495	8	502	0.0	749	83.23	GPAT5_ARATH Glycerol-3-phosphate acyltransferase 5
gene:evm.TU.02.1331	cds.evm.model.02.1052	LOR6_ARATH	57.143	126	46	3	1	122	1	122	7.43e-45	147	77.78	LOR6_ARATH Protein LURP-one-related 6
gene:evm.TU.01.1577	cds.evm.model.08.1657	CCL11_HUMLU	72.727	550	146	2	1	549	1	547	0.0	835	84.36	CCL11_HUMLU Probable CoA ligase CCL11 {ECO:0000305|PubMed:23300257}
gene:novel_gene_2937_5bd9a17a	cds.evm.model.02.2759	MP705_ARATH	61.475	488	137	6	1	486	57	495	0.0	534	74.39	MP705_ARATH Microtubule-associated protein 70-5
gene:evm.TU.01.621	cds.evm.model.04.1891	PLP1_ARATH	57.778	360	150	2	13	371	13	371	1.41e-151	437	75.56	PLP1_ARATH Patatin-like protein 1
gene:evm.TU.09.400	cds.evm.model.08.214	XTH25_ARATH	77.165	127	24	1	16	137	33	159	2.63e-69	213	88.98	XTH25_ARATH Probable xyloglucan endotransglucosylase/hydrolase protein 25
gene:evm.TU.03.233	cds.evm.model.07.1576	SODF3_ARATH	76.712	219	51	0	44	262	45	263	1.25e-130	373	88.58	SODF3_ARATH Superoxide dismutase [Fe] 3, chloroplastic {ECO:0000303|PubMed:18996978, ECO:0000303|PubMed:9765550}
gene:evm.TU.03.233	cds.novel_model_2988_5bd9a17a	PSI1_ARATH	54.790	668	268	13	1	647	1	655	0.0	683	71.11	PSI1_ARATH Protein PSK SIMULATOR 1 {ECO:0000303|PubMed:25062973}
gene:evm.TU.03.233	cds.novel_model_2989_5bd9a17a.1.5bd9b137	PSI1_ARATH	55.164	397	153	9	1	381	268	655	4.15e-138	411	72.80	PSI1_ARATH Protein PSK SIMULATOR 1 {ECO:0000303|PubMed:25062973}
gene:evm.TU.07.1819	cds.novel_model_2990_5bd9a17a.2.5bd9b137	PSI1_ARATH	33.051	118	68	5	1	112	1	113	7.33e-07	50.1	48.31	PSI1_ARATH Protein PSK SIMULATOR 1 {ECO:0000303|PubMed:25062973}
gene:evm.TU.07.1482	cds.evm.model.02.1591.2.5bd9b135	RL31_PERFR	90.517	116	11	0	5	120	6	121	1.01e-71	212	94.83	RL31_PERFR Large ribosomal subunit protein eL31 {ECO:0000305}
gene:evm.TU.05.697	cds.evm.model.02.1591.3.5bd9b135	RL313_ARATH	87.500	72	9	0	1	72	48	119	3.74e-40	130	93.06	RL313_ARATH Large ribosomal subunit protein eL31x {ECO:0000303|PubMed:36423343}
gene:evm.TU.02.1184	cds.evm.model.02.1591	RL31_PERFR	90.517	116	11	0	5	120	6	121	1.01e-71	212	94.83	RL31_PERFR Large ribosomal subunit protein eL31 {ECO:0000305}
gene:evm.TU.02.1184	cds.evm.model.02.1591.1.5bd9b135	RL31_PERFR	90.517	116	11	0	5	120	6	121	1.01e-71	212	94.83	RL31_PERFR Large ribosomal subunit protein eL31 {ECO:0000305}
gene:evm.TU.02.1184	cds.novel_model_4950_5bd9a17a	LSH1_ARATH	93.893	131	8	0	55	185	24	154	3.57e-80	240	96.95	LSH1_ARATH Protein LIGHT-DEPENDENT SHORT HYPOCOTYLS 1
gene:evm.TU.10.1893	cds.novel_model_4951_5bd9a17a.1.5bd9b13a	LSH1_ARATH	93.893	131	8	0	55	185	24	154	3.57e-80	240	96.95	LSH1_ARATH Protein LIGHT-DEPENDENT SHORT HYPOCOTYLS 1
gene:evm.TU.10.1893	cds.evm.model.04.1752	PER51_ARATH	70.339	236	66	1	145	376	94	329	1.28e-118	350	83.47	PER51_ARATH Peroxidase 51
gene:novel_gene_1817_5bd9a17a	cds.evm.model.10.325	PIOX_TOBAC	77.365	296	67	0	1	296	346	641	1.31e-171	492	87.50	PIOX_TOBAC Alpha-dioxygenase PIOX {ECO:0000305}
gene:novel_gene_1817_5bd9a17a	cds.evm.model.07.280	Y5185_ARATH	66.265	498	144	8	1	491	1	481	0.0	633	78.11	Y5185_ARATH Probable receptor-like protein kinase At5g18500
gene:novel_gene_1817_5bd9a17a	cds.evm.model.07.1353.1.5bd9b13c	RL34_TOBAC	95.798	119	5	0	1	119	1	119	1.58e-79	232	99.16	RL34_TOBAC Large ribosomal subunit protein eL34 {ECO:0000305}
gene:novel_gene_1817_5bd9a17a	cds.evm.model.07.1353	RL34_TOBAC	95.798	119	5	0	1	119	1	119	1.58e-79	232	99.16	RL34_TOBAC Large ribosomal subunit protein eL34 {ECO:0000305}
gene:evm.TU.09.1354	cds.evm.model.08.1381	Y2104_ARATH	66.006	353	109	5	1	343	1	352	7.74e-165	466	78.47	Y2104_ARATH Uncharacterized methyltransferase At2g41040, chloroplastic
gene:evm.TU.09.1355	cds.novel_model_6967_5bd9a17a	TPT_ARATH	81.707	328	58	1	97	424	80	405	0.0	562	90.85	TPT_ARATH Triose phosphate/phosphate translocator TPT, chloroplastic
gene:evm.TU.09.1358	cds.novel_model_6968_5bd9a17a.1.5bd9b13d	TPT_ORYSJ	86.034	179	25	0	114	292	103	281	3.28e-107	321	92.18	TPT_ORYSJ Triose phosphate/phosphate translocator TPT, chloroplastic
gene:evm.TU.09.135	cds.evm.model.10.1820	GRXC8_ARATH	64.286	140	33	4	1	123	1	140	9.71e-52	162	75.00	GRXC8_ARATH Glutaredoxin-C8
gene:evm.TU.09.1359	cds.evm.model.03.120	CESA3_ARATH	85.833	1080	138	6	1	1080	1	1065	0.0	1907	91.94	CESA3_ARATH Cellulose synthase A catalytic subunit 3 [UDP-forming] {ECO:0000303|PubMed:11178255, ECO:0000303|PubMed:12068120}
gene:evm.TU.09.1356	cds.evm.model.01.935	RRFC_SPIOL	73.029	241	64	1	36	276	32	271	3.30e-128	367	88.80	RRFC_SPIOL Ribosome-recycling factor, chloroplastic
gene:evm.TU.09.1352	cds.evm.model.01.935.1.5bd9b135	RRFC_SPIOL	72.614	241	64	2	36	275	32	271	1.18e-125	361	88.38	RRFC_SPIOL Ribosome-recycling factor, chloroplastic
gene:evm.TU.09.1350	cds.evm.model.01.935.1.5bdae6de	RRFC_ARATH	89.333	150	16	0	1	150	126	275	3.14e-91	268	97.33	RRFC_ARATH Ribosome-recycling factor, chloroplastic
gene:evm.TU.09.1353	cds.evm.model.07.374	SUS2_ARATH	82.234	788	140	0	1	788	9	796	0.0	1384	90.74	SUS2_ARATH Sucrose synthase 2
gene:evm.TU.09.1357	cds.evm.model.09.676	GDL84_ARATH	75.000	136	31	1	1	136	2	134	2.87e-68	209	80.15	GDL84_ARATH GDSL esterase/lipase At5g45920
gene:evm.TU.09.1351	cds.evm.model.08.1663	PLPK1_ARATH	54.908	326	110	8	5	293	34	359	5.08e-67	216	69.33	PLPK1_ARATH Protein PELPK1 {ECO:0000305}
gene:evm.TU.02.2758	cds.evm.model.10.1776	G3PA1_ARATH	87.624	404	42	1	1	404	1	396	0.0	684	93.56	G3PA1_ARATH Glyceraldehyde-3-phosphate dehydrogenase GAPA1, chloroplastic
gene:evm.TU.09.131	cds.evm.model.02.2055	RS202_ARATH	91.803	122	10	0	1	122	1	122	6.63e-77	226	93.44	RS202_ARATH Small ribosomal subunit protein uS10y {ECO:0000303|PubMed:36423343}
gene:evm.TU.09.1315	cds.evm.model.01.1143	ERECT_ARATH	79.590	975	190	4	5	979	10	975	0.0	1586	89.74	ERECT_ARATH LRR receptor-like serine/threonine-protein kinase ERECTA {ECO:0000303|PubMed:8624444}
gene:evm.TU.09.1319	cds.evm.model.09.138	LTP1_MORNI	78.022	91	20	0	28	118	1	91	3.38e-46	147	91.21	LTP1_MORNI Non-specific lipid-transfer protein 1 {ECO:0000303|PubMed:19958316}
gene:evm.TU.09.1311	cds.evm.model.09.138.1.5bd9b13c	LTP1_MORNI	76.923	91	21	0	28	118	1	91	3.94e-45	144	89.01	LTP1_MORNI Non-specific lipid-transfer protein 1 {ECO:0000303|PubMed:19958316}
gene:evm.TU.09.131	cds.evm.model.01.1700.4.5bd9b136	RD21A_ARATH	68.696	230	67	3	15	239	8	237	1.07e-111	331	83.48	RD21A_ARATH Cysteine proteinase RD21A {ECO:0000305}
gene:evm.TU.09.131	cds.evm.model.01.1700.3.5bd9b136	RD21A_ARATH	68.696	230	67	3	15	239	8	237	1.07e-111	331	83.48	RD21A_ARATH Cysteine proteinase RD21A {ECO:0000305}
gene:evm.TU.09.1317	cds.evm.model.01.1700.2.5bd9b136	RD21A_ARATH	68.696	230	67	3	15	239	8	237	1.07e-111	331	83.48	RD21A_ARATH Cysteine proteinase RD21A {ECO:0000305}
gene:evm.TU.09.1312	cds.evm.model.01.1700	RD21A_ARATH	70.989	455	126	4	15	464	8	461	0.0	657	85.27	RD21A_ARATH Cysteine proteinase RD21A {ECO:0000305}
gene:evm.TU.09.1316	cds.evm.model.01.1700.3.5bd9b136.1.5bdae6e2	RD21A_ARATH	59.740	154	57	3	13	161	6	159	2.92e-57	189	77.92	RD21A_ARATH Cysteine proteinase RD21A {ECO:0000305}
gene:evm.TU.09.1314	cds.evm.model.01.1700.1.5bd9b136	RD21A_ARATH	70.549	455	127	5	15	463	8	461	0.0	646	84.84	RD21A_ARATH Cysteine proteinase RD21A {ECO:0000305}
gene:evm.TU.09.1313	cds.evm.model.03.125	DTX43_ARATH	64.603	517	161	5	28	535	15	518	0.0	630	77.56	DTX43_ARATH Protein DETOXIFICATION 43 {ECO:0000303|PubMed:11739388}
gene:evm.TU.09.1310	cds.evm.model.04.98	RK15_ARATH	73.208	265	52	6	1	253	1	258	1.72e-124	358	80.75	RK15_ARATH Large ribosomal subunit protein uL15c {ECO:0000303|PubMed:36423343}
gene:evm.TU.09.1318	cds.evm.model.10.1517	UCC1_ARATH	42.208	154	80	3	1	146	1	153	7.06e-36	130	62.34	UCC1_ARATH Uclacyanin 1 {ECO:0000303|PubMed:9761472}
gene:novel_gene_292_5bd9a17a	cds.evm.model.08.1999	DRL27_ARATH	28.150	984	602	36	13	952	5	927	8.00e-83	292	47.76	DRL27_ARATH Disease resistance protein At4g27190
gene:evm.TU.01.2034	cds.evm.model.04.1703	SMD1B_ARATH	94.737	95	5	0	1	95	1	95	6.13e-61	185	98.95	SMD1B_ARATH Small nuclear ribonucleoprotein SmD1b {ECO:0000303|PubMed:15575968}
gene:novel_gene_3077_5bd9a17a	cds.evm.model.02.2304	CRPK1_ARATH	75.595	336	82	0	17	352	10	345	0.0	541	87.50	CRPK1_ARATH Cold-responsive protein kinase 1 {ECO:0000303|PubMed:28344081}
gene:novel_gene_3816_5bd9a17a	cds.evm.model.02.2295	MTBC1_VITVI	79.588	534	88	2	2	533	3	517	0.0	860	89.14	MTBC1_VITVI Probable bifunctional methylthioribulose-1-phosphate dehydratase/enolase-phosphatase E1 1 {ECO:0000255|HAMAP-Rule:MF_03118}
gene:evm.TU.10.1617	cds.evm.model.10.1598	OMT1_HUMLU	50.936	267	115	6	1	265	1	253	4.11e-82	253	70.79	OMT1_HUMLU Desmethylxanthohumol 6'-O-methyltransferase {ECO:0000305}
gene:novel_gene_1010_5bd9a17a	cds.evm.model.05.567	ERF25_ARATH	57.000	200	63	4	60	257	53	231	2.38e-57	186	66.00	ERF25_ARATH Ethylene-responsive transcription factor ERF025
gene:novel_gene_1010_5bd9a17a	cds.evm.model.01.2916	ZHD6_ARATH	41.860	215	83	4	22	200	41	249	3.30e-45	163	56.28	ZHD6_ARATH Zinc-finger homeodomain protein 6
gene:novel_gene_1010_5bd9a17a	cds.evm.model.08.1241	DDPS2_ARATH	72.458	236	65	0	83	318	75	310	4.79e-132	380	87.29	DDPS2_ARATH Dehydrodolichyl diphosphate synthase 2
gene:evm.TU.06.922	cds.evm.model.04.1547	BH025_ARATH	37.405	393	172	14	1	388	1	324	6.70e-65	213	56.74	BH025_ARATH Transcription factor bHLH25
gene:evm.TU.06.922	cds.evm.model.02.1284	UP3_ARATH	50.558	269	111	5	3	265	2	254	3.90e-88	266	70.26	UP3_ARATH Stress-response A/B barrel domain-containing protein UP3 {ECO:0000305}
gene:evm.TU.06.922	cds.novel_model_7483_5bd9a17a	Y5278_ARATH	40.110	182	91	4	1	179	1	167	1.74e-30	112	56.59	Y5278_ARATH Uncharacterized protein PAM68-like
gene:evm.TU.06.922	cds.evm.model.05.1701	EF102_ARATH	45.000	340	145	6	1	338	1	300	1.44e-73	232	55.88	EF102_ARATH Ethylene-responsive transcription factor 5
gene:evm.TU.06.922	cds.novel_model_1244_5bd9a17a.1.5bd9b135	IAA27_ARATH	53.823	327	81	12	1	281	3	305	8.94e-98	292	63.30	IAA27_ARATH Auxin-responsive protein IAA27
gene:evm.TU.06.922	cds.novel_model_1243_5bd9a17a	IAA27_ARATH	57.798	327	88	12	1	301	3	305	2.20e-111	327	68.20	IAA27_ARATH Auxin-responsive protein IAA27
gene:evm.TU.06.922	cds.evm.model.05.2061	NRPA_SOYBN	57.447	376	129	9	5	368	2	358	1.79e-122	360	68.35	NRPA_SOYBN DCD domain-containing protein NRP-A {ECO:0000305}
gene:evm.TU.06.922	cds.evm.model.06.1797	PIF3_ARATH	36.728	599	217	20	1	558	1	478	1.10e-79	264	49.42	PIF3_ARATH Transcription factor PIF3 {ECO:0000305}
gene:evm.TU.06.922	cds.evm.model.08.39	DNJ11_ARATH	45.872	109	55	2	56	163	56	161	1.45e-23	93.6	61.47	DNJ11_ARATH Chaperone protein dnaJ 11, chloroplastic
gene:evm.TU.06.922	cds.novel_model_6041_5bd9a17a	RSI1_SOLLC	69.697	99	27	1	1	99	1	96	1.13e-45	145	79.80	RSI1_SOLLC Protein RSI-1
gene:evm.TU.07.1233	cds.evm.model.03.106	ATAB2_ARATH	70.604	381	105	2	1	381	1	374	0.0	550	83.20	ATAB2_ARATH Protein TAB2 homolog, chloroplastic {ECO:0000305}
gene:evm.TU.02.458	cds.evm.model.08.758	KCS11_ARATH	64.113	496	173	2	9	500	15	509	0.0	691	81.45	KCS11_ARATH 3-ketoacyl-CoA synthase 11 {ECO:0000303|PubMed:18465198}
gene:evm.TU.07.353	cds.novel_model_6033_5bd9a17a	TCTP_FRAAN	87.647	170	19	1	1	168	1	170	4.32e-105	300	92.35	TCTP_FRAAN Translationally-controlled tumor protein homolog
gene:evm.TU.09.912	cds.evm.model.07.665	DML_EUBBA	41.216	296	163	5	84	378	2	287	1.80e-71	228	62.50	DML_EUBBA 2,3-dimethylmalate lyase {ECO:0000312|EMBL:ABC88406.1}
gene:evm.TU.06.983	cds.evm.model.04.1749	SCL32_ARATH	59.174	218	73	4	17	234	9	210	2.86e-78	249	72.48	SCL32_ARATH Scarecrow-like protein 32
gene:evm.TU.06.983	cds.evm.model.04.1749	SCL32_ARATH	64.167	120	39	2	233	351	293	409	6.06e-49	172	81.67	SCL32_ARATH Scarecrow-like protein 32
gene:evm.TU.06.983	cds.evm.model.04.1657	MTDH_FRAAN	78.693	352	75	0	449	800	5	356	0.0	561	89.49	MTDH_FRAAN Probable mannitol dehydrogenase
gene:evm.TU.01.478	cds.evm.model.01.2536	REL2_ORYSJ	28.101	516	335	6	150	631	244	757	4.17e-59	215	50.58	REL2_ORYSJ Protein ROLLING AND ERECT LEAF 2 {ECO:0000303|PubMed:27473144}
gene:evm.TU.01.478	cds.evm.model.01.2536	REL2_ORYSJ	47.368	57	30	0	1	57	1	57	3.91e-08	60.5	68.42	REL2_ORYSJ Protein ROLLING AND ERECT LEAF 2 {ECO:0000303|PubMed:27473144}
gene:evm.TU.01.478	cds.novel_model_5114_5bd9a17a	VPE_RICCO	76.337	486	111	3	7	490	14	497	0.0	791	86.83	VPE_RICCO Vacuolar-processing enzyme
gene:evm.TU.01.478	cds.novel_model_5115_5bd9a17a.1.5bd9b13a	VPE_RICCO	77.492	311	67	2	1	309	188	497	0.0	525	88.42	VPE_RICCO Vacuolar-processing enzyme
gene:evm.TU.01.478	cds.evm.model.09.1450	Y1614_ARATH	45.951	531	224	17	1	495	231	734	3.04e-142	431	63.28	Y1614_ARATH G-type lectin S-receptor-like serine/threonine-protein kinase At1g61400
gene:evm.TU.01.478	cds.evm.model.01.1474	R18A2_ARATH	90.449	178	17	0	1	178	1	178	3.07e-120	340	94.94	R18A2_ARATH Large ribosomal subunit protein eL20y {ECO:0000303|PubMed:36423343}
gene:evm.TU.01.478	cds.evm.model.09.815	IQD9_ARATH	54.348	276	109	5	1	272	1	263	2.25e-90	272	68.48	IQD9_ARATH Protein IQ-DOMAIN 9 {ECO:0000303|PubMed:16368012}
gene:evm.TU.01.478	cds.novel_model_5764_5bd9a17a	TTHAT_LUPAN	41.515	330	174	9	1	315	123	448	4.83e-78	248	62.12	TTHAT_LUPAN Tetrahydroanabasine acetyltransferase {ECO:0000303|PubMed:37540741}
gene:novel_gene_3855_5bd9a17a	cds.evm.model.03.473	TC32B_BRANA	42.238	277	146	3	2	265	34	309	5.21e-70	221	61.73	TC32B_BRANA Short-chain dehydrogenase TIC 32 B, chloroplastic {ECO:0000305}
gene:evm.TU.06.766	cds.evm.model.07.383	RL192_ARATH	84.615	208	32	0	1	208	1	208	7.04e-127	359	89.42	RL192_ARATH Large ribosomal subunit protein eL19z {ECO:0000303|PubMed:36423343}
gene:evm.TU.10.751	cds.evm.model.07.1200	FDC1_ARATH	69.784	139	36	2	20	152	16	154	1.69e-64	197	82.73	FDC1_ARATH Ferredoxin C 1, chloroplastic {ECO:0000303|PubMed:20966083}
gene:evm.TU.10.751	cds.novel_model_4553_5bd9a17a.1.5bd9b139	PDC4_ARATH	68.702	524	149	4	66	589	41	549	0.0	759	81.87	PDC4_ARATH Pyruvate decarboxylase 4
gene:evm.TU.10.751	cds.novel_model_4554_5bd9a17a.2.5bd9b139	PDC2_TOBAC	76.963	191	43	1	67	257	27	216	2.18e-102	314	87.96	PDC2_TOBAC Pyruvate decarboxylase 2
gene:evm.TU.02.2925	cds.novel_model_4552_5bd9a17a	PDC2_ORYSI	68.522	575	165	5	67	641	45	603	0.0	819	80.87	PDC2_ORYSI Pyruvate decarboxylase 2
gene:evm.TU.01.1689	cds.evm.model.10.1541	Y4230_ARATH	72.010	418	105	5	675	1088	443	852	0.0	583	82.30	Y4230_ARATH G-type lectin S-receptor-like serine/threonine-protein kinase At4g03230
gene:evm.TU.01.1689	cds.evm.model.10.1541	Y4230_ARATH	56.585	410	168	5	95	497	23	429	2.05e-155	486	72.44	Y4230_ARATH G-type lectin S-receptor-like serine/threonine-protein kinase At4g03230
gene:evm.TU.01.168	cds.evm.model.07.301	P2C13_ARATH	56.533	398	145	10	1	386	1	382	9.15e-147	424	71.36	P2C13_ARATH Probable protein phosphatase 2C 13
gene:evm.TU.01.1681	cds.novel_model_3857_5bd9a17a	H32_WHEAT	99.265	136	1	0	1	136	1	136	9.87e-95	271	100.00	H32_WHEAT Histone H3.2
gene:evm.TU.01.1688	cds.evm.model.03.300	NDK2_TOBAC	73.128	227	54	3	9	230	8	232	3.64e-110	318	79.74	NDK2_TOBAC Nucleoside diphosphate kinase 2, chloroplastic
gene:evm.TU.01.1680	cds.evm.model.03.300.1.5bd9b137	NDK2_TOBAC	67.105	152	43	3	9	155	8	157	3.20e-58	184	75.00	NDK2_TOBAC Nucleoside diphosphate kinase 2, chloroplastic
gene:evm.TU.01.1680	cds.evm.model.08.337	MUPS1_ARATH	53.672	354	147	7	217	562	1	345	7.24e-107	333	70.06	MUPS1_ARATH Protein MULTIPOLAR SPINDLE 1 {ECO:0000303|PubMed:19500302}
gene:evm.TU.01.1687	cds.evm.model.01.26	ZDH11_ARATH	64.021	189	66	2	16	203	117	304	1.60e-74	233	81.48	ZDH11_ARATH Protein S-acyltransferase 10
gene:evm.TU.01.1686	cds.evm.model.09.12	UBC24_ARATH	50.885	904	370	16	20	886	20	886	0.0	867	67.70	UBC24_ARATH Probable ubiquitin-conjugating enzyme E2 24 {ECO:0000303|PubMed:16339806}
gene:evm.TU.01.1683	cds.evm.model.05.552	POLX_TOBAC	30.539	167	82	2	1	133	1075	1241	6.94e-10	60.8	36.53	POLX_TOBAC Retrovirus-related Pol polyprotein from transposon TNT 1-94
gene:evm.TU.01.1684	cds.novel_model_4215_5bd9a17a.1.5bd9b139	CO3_ORYSJ	47.917	48	25	0	217	264	267	314	1.19e-07	55.5	72.92	CO3_ORYSJ Zinc finger protein CO3 {ECO:0000305}
gene:evm.TU.01.1685	cds.novel_model_4214_5bd9a17a	CO3_ORYSJ	38.095	84	50	1	196	279	233	314	6.00e-09	59.7	58.33	CO3_ORYSJ Zinc finger protein CO3 {ECO:0000305}
gene:evm.TU.01.1682	cds.novel_model_4217_5bd9a17a.4.5bd9b139	CO3_ORYSJ	38.095	84	50	1	159	242	233	314	4.40e-09	59.3	58.33	CO3_ORYSJ Zinc finger protein CO3 {ECO:0000305}
gene:evm.TU.01.1682	cds.novel_model_4220_5bd9a17a.6.5bd9b139	CO3_ORYSJ	38.095	84	50	1	159	242	233	314	4.40e-09	59.3	58.33	CO3_ORYSJ Zinc finger protein CO3 {ECO:0000305}
gene:evm.TU.01.460	cds.novel_model_4218_5bd9a17a.3.5bd9b139	CO3_ORYSJ	38.095	84	50	1	148	231	233	314	3.73e-09	59.3	58.33	CO3_ORYSJ Zinc finger protein CO3 {ECO:0000305}
gene:evm.TU.07.1590	cds.novel_model_4216_5bd9a17a.5.5bd9b139	CO3_ORYSJ	38.095	84	50	1	159	242	233	314	4.40e-09	59.3	58.33	CO3_ORYSJ Zinc finger protein CO3 {ECO:0000305}
gene:evm.TU.01.2756	cds.novel_model_3714_5bd9a17a.3.5bd9b138	RL192_ARATH	88.108	185	22	0	1	185	1	185	2.35e-117	334	92.97	RL192_ARATH Large ribosomal subunit protein eL19z {ECO:0000303|PubMed:36423343}
gene:evm.TU.04.1924	cds.novel_model_3713_5bd9a17a.2.5bd9b138	RL192_ARATH	88.108	185	22	0	1	185	1	185	2.35e-117	334	92.97	RL192_ARATH Large ribosomal subunit protein eL19z {ECO:0000303|PubMed:36423343}
gene:evm.TU.07.744	cds.novel_model_3711_5bd9a17a	RL192_ARATH	84.135	208	33	0	1	208	1	208	4.02e-126	357	88.94	RL192_ARATH Large ribosomal subunit protein eL19z {ECO:0000303|PubMed:36423343}
gene:evm.TU.07.744	cds.novel_model_3712_5bd9a17a.1.5bd9b138	RL192_ARATH	84.375	128	20	0	2	129	81	208	9.63e-72	216	86.72	RL192_ARATH Large ribosomal subunit protein eL19z {ECO:0000303|PubMed:36423343}
gene:evm.TU.07.744	cds.evm.model.03.1179	ALA9_ARATH	69.263	1194	356	5	1	1187	2	1191	0.0	1760	83.67	ALA9_ARATH Putative phospholipid-transporting ATPase 9 {ECO:0000303|PubMed:11402198}
gene:evm.TU.07.744	cds.evm.model.02.3081	COB21_ARATH	68.966	290	89	1	2	290	10	299	2.39e-147	439	81.38	COB21_ARATH Coatomer subunit beta'-1
gene:evm.TU.07.744	cds.evm.model.07.81	75L17_MALDO	59.480	269	88	5	112	363	202	466	7.19e-102	312	73.23	75L17_MALDO Phloretin 4'-O-glucosyltransferase {ECO:0000303|PubMed:27316677}
gene:evm.TU.07.744	cds.evm.model.07.81	75L17_MALDO	41.818	110	51	4	7	115	4	101	2.41e-16	83.6	62.73	75L17_MALDO Phloretin 4'-O-glucosyltransferase {ECO:0000303|PubMed:27316677}
gene:evm.TU.07.744	cds.evm.model.01.114	CYQ32_CATRO	53.516	512	220	6	1	511	1	495	0.0	545	70.12	CYQ32_CATRO Cytochrome P450 81Q32 {ECO:0000303|PubMed:24710322}
gene:evm.TU.09.1608	cds.evm.model.01.449	HSD1B_ARATH	41.477	176	82	4	5	160	61	235	3.04e-37	134	60.80	HSD1B_ARATH 11-beta-hydroxysteroid dehydrogenase 1B
gene:evm.TU.02.3264	cds.evm.model.07.420	LEA5_CITSI	50.962	104	40	5	3	104	1	95	1.25e-21	84.7	67.31	LEA5_CITSI Late embryogenesis abundant protein Lea5
gene:evm.TU.04.314	cds.evm.model.08.403	AUR1_ARATH	91.126	293	25	1	1	292	1	293	0.0	551	95.22	AUR1_ARATH Serine/threonine-protein kinase Aurora-1
gene:evm.TU.08.948	cds.evm.model.10.1956	PIL13_ORYSJ	48.069	233	105	5	326	556	183	401	2.73e-55	195	63.95	PIL13_ORYSJ Transcription factor PHYTOCHROME INTERACTING FACTOR-LIKE 13 {ECO:0000303|PubMed:17485859}
gene:evm.TU.09.698	cds.evm.model.01.2973	GLOX1_ARATH	47.124	539	265	13	17	547	88	614	8.73e-163	479	63.27	GLOX1_ARATH Aldehyde oxidase GLOX1 {ECO:0000305}
gene:evm.TU.09.698	cds.evm.model.01.228	PREP1_ARATH	82.096	983	165	2	78	1050	99	1080	0.0	1706	91.56	PREP1_ARATH Presequence protease 1, chloroplastic/mitochondrial
gene:evm.TU.09.69	cds.evm.model.01.98	EB1C_ARATH	64.183	349	97	7	1	342	1	328	3.25e-147	421	73.64	EB1C_ARATH Microtubule-associated protein RP/EB family member 1C
gene:evm.TU.09.696	cds.evm.model.04.46	RL273_ARATH	86.667	135	18	0	1	135	1	135	2.51e-84	245	93.33	RL273_ARATH Large ribosomal subunit protein eL27x {ECO:0000303|PubMed:36423343}
gene:evm.TU.09.692	cds.evm.model.10.1807	ICE1_ARATH	60.484	496	127	12	50	514	37	494	4.56e-164	477	68.55	ICE1_ARATH Transcription factor ICE1
gene:evm.TU.09.695	cds.evm.model.03.1029	PRX2E_ARATH	59.836	244	74	3	1	230	1	234	2.55e-96	283	75.00	PRX2E_ARATH Peroxiredoxin-2E, chloroplastic
gene:evm.TU.09.690	cds.evm.model.10.1280	PER70_MAIZE	65.863	249	82	2	47	292	73	321	1.18e-115	338	78.71	PER70_MAIZE Peroxidase 70
gene:evm.TU.09.693	cds.evm.model.09.1089	CAAT2_ARATH	66.613	623	160	4	17	599	12	626	0.0	832	79.13	CAAT2_ARATH Cationic amino acid transporter 2, vacuolar
gene:evm.TU.09.699	cds.evm.model.07.159	ILVD_ARATH	80.656	610	104	3	1	598	1	608	0.0	1003	87.87	ILVD_ARATH Dihydroxy-acid dehydratase, chloroplastic {ECO:0000303|PubMed:29995859}
gene:evm.TU.09.691	cds.evm.model.07.1079	GME1_ORYSJ	92.722	371	27	0	2	372	8	378	0.0	735	96.50	GME1_ORYSJ GDP-mannose 3,5-epimerase 1
gene:evm.TU.09.694	cds.evm.model.07.953	AHL20_ARATH	62.338	231	60	5	43	252	57	281	1.99e-71	223	71.00	AHL20_ARATH AT-hook motif nuclear-localized protein 20 {ECO:0000312|EMBL:FAA00291.1}
gene:evm.TU.09.697	cds.evm.model.05.1584.4.5bd9b13a	CAOG1_ARATH	61.849	595	222	4	72	664	52	643	0.0	778	76.97	CAOG1_ARATH Amine oxidase [copper-containing] gamma 1 {ECO:0000303|PubMed:31862580}
gene:evm.TU.01.738	cds.evm.model.05.1584.2.5bd9b13a	CAOG1_ARATH	61.849	595	222	4	72	664	52	643	0.0	778	76.97	CAOG1_ARATH Amine oxidase [copper-containing] gamma 1 {ECO:0000303|PubMed:31862580}
gene:evm.TU.01.738	cds.evm.model.05.1584.1.5bd9b13a	CAOG1_ARATH	55.872	281	122	2	72	351	52	331	5.31e-105	327	74.02	CAOG1_ARATH Amine oxidase [copper-containing] gamma 1 {ECO:0000303|PubMed:31862580}
gene:evm.TU.01.738	cds.evm.model.05.1584	CAOG1_ARATH	63.126	659	238	4	72	728	52	707	0.0	885	77.85	CAOG1_ARATH Amine oxidase [copper-containing] gamma 1 {ECO:0000303|PubMed:31862580}
gene:evm.TU.02.1966	cds.evm.model.05.1584.3.5bd9b13a	CAOG1_ARATH	57.754	374	156	2	72	444	52	424	2.21e-156	462	74.60	CAOG1_ARATH Amine oxidase [copper-containing] gamma 1 {ECO:0000303|PubMed:31862580}
gene:evm.TU.02.1966	cds.evm.model.05.1584.5.5bd9b13a	CAOG1_ARATH	57.796	372	155	2	72	442	52	422	2.91e-155	460	74.46	CAOG1_ARATH Amine oxidase [copper-containing] gamma 1 {ECO:0000303|PubMed:31862580}
gene:evm.TU.02.1966	cds.evm.model.01.2655.1.5bd9b136	NDHM_VITVI	70.513	156	35	5	13	163	1	150	9.32e-68	207	79.49	NDHM_VITVI NAD(P)H-quinone oxidoreductase subunit M, chloroplastic {ECO:0000305}
gene:evm.TU.02.1966	cds.evm.model.01.2655	NDHM_VITVI	75.962	208	39	5	13	215	1	202	1.86e-107	310	83.65	NDHM_VITVI NAD(P)H-quinone oxidoreductase subunit M, chloroplastic {ECO:0000305}
gene:evm.TU.02.1966	cds.evm.model.01.2655.2.5bd9b136	NDHM_VITVI	75.962	208	39	5	13	215	1	202	1.86e-107	310	83.65	NDHM_VITVI NAD(P)H-quinone oxidoreductase subunit M, chloroplastic {ECO:0000305}
gene:evm.TU.02.1966	cds.evm.model.07.646	AKR2_ORYSJ	77.745	337	71	3	2	336	14	348	0.0	556	90.50	AKR2_ORYSJ Probable aldo-keto reductase 2
gene:evm.TU.02.1966	
gene:novel_gene_210_5bd9a17a	
gene:evm.TU.04.1745	
gene:evm.TU.04.1744	
gene:evm.TU.04.1742	
gene:evm.TU.04.174	
gene:evm.TU.04.1740	
gene:evm.TU.04.1748	
gene:evm.TU.04.1743	
gene:evm.TU.04.1746	
gene:evm.TU.04.1747	
gene:evm.TU.04.1747	
gene:evm.TU.04.1747	
gene:evm.TU.04.1747	
gene:evm.TU.04.1747	
gene:evm.TU.04.1747	
gene:evm.TU.04.1747	
gene:evm.TU.04.1747	
gene:evm.TU.04.1747	
gene:evm.TU.04.1747	
gene:evm.TU.04.1749	
gene:evm.TU.04.1741	
gene:evm.TU.04.425	
gene:novel_gene_2014_5bd9a17a	
gene:evm.TU.05.2034	
gene:novel_gene_1933_5bd9a17a	
gene:evm.TU.01.1151	
gene:evm.TU.01.1151	
gene:evm.TU.01.1151	
gene:evm.TU.01.1151	
gene:evm.TU.01.1151	
gene:evm.TU.01.1151	
gene:evm.TU.01.1151	
gene:evm.TU.01.1151	
gene:evm.TU.01.1151	
gene:evm.TU.01.1151	
gene:evm.TU.01.1151	
gene:evm.TU.01.1151	
gene:evm.TU.01.1151	
gene:evm.TU.01.1151	
gene:evm.TU.01.1151	
gene:evm.TU.01.1151	
gene:evm.TU.01.1151	
gene:evm.TU.01.1151	
gene:evm.TU.01.1151	
gene:evm.TU.01.2249	
gene:evm.TU.01.2249	
gene:evm.TU.01.2249	
gene:evm.TU.01.2249	
gene:evm.TU.01.2249	
gene:evm.TU.01.2249	
gene:evm.TU.01.2249	
gene:evm.TU.01.2249	
gene:evm.TU.01.2249	
gene:evm.TU.01.2249	
gene:evm.TU.01.2242	
gene:evm.TU.01.224	
gene:evm.TU.01.2243	
gene:evm.TU.01.2245	
gene:evm.TU.01.2241	
gene:evm.TU.01.2246	
gene:evm.TU.01.2248	
gene:evm.TU.01.2247	
gene:evm.TU.01.2244	
gene:evm.TU.01.2240	
gene:evm.TU.01.2423	
gene:evm.TU.01.1593	
gene:novel_gene_549_5bd9a17a	
gene:novel_gene_549_5bd9a17a	
gene:evm.TU.02.2440	
gene:evm.TU.08.1845	
gene:evm.TU.08.1844	
gene:evm.TU.08.184	
gene:evm.TU.08.1843	
gene:evm.TU.08.1849	
gene:evm.TU.08.1846	
gene:evm.TU.08.1840	
gene:evm.TU.08.1847	
gene:evm.TU.08.1848	
gene:evm.TU.08.1841	
gene:evm.TU.08.1842	
gene:novel_gene_2078_5bd9a17a	
gene:novel_gene_2078_5bd9a17a	
gene:evm.TU.07.1064	
gene:evm.TU.05.1022	
gene:evm.TU.05.1029	
gene:evm.TU.05.1025	
gene:evm.TU.05.1026	
gene:evm.TU.05.102	
gene:evm.TU.05.1023	
gene:evm.TU.05.1027	
gene:evm.TU.05.1024	
gene:evm.TU.05.1021	
gene:evm.TU.05.1021	
gene:evm.TU.05.1028	
gene:evm.TU.05.1020	
gene:evm.TU.05.1022	
gene:evm.TU.05.1029	
gene:evm.TU.05.1025	
gene:evm.TU.05.1026	
gene:evm.TU.05.102	
gene:evm.TU.05.1023	
gene:evm.TU.05.1027	
gene:evm.TU.05.1024	
gene:evm.TU.05.1021	
gene:evm.TU.05.1021	
gene:evm.TU.05.1028	
gene:evm.TU.05.1020	
gene:evm.TU.10.1248	
gene:evm.TU.10.2286	
gene:evm.TU.02.522	
gene:novel_gene_1043_5bd9a17a	
gene:evm.TU.06.1990	
gene:evm.TU.08.1877	
gene:evm.TU.04.2318	
gene:evm.TU.10.117	
gene:evm.TU.10.1176	
gene:evm.TU.10.1178	
gene:evm.TU.10.1171	
gene:evm.TU.10.117	
gene:evm.TU.10.117	
gene:evm.TU.10.1170	
gene:evm.TU.10.1172	
gene:evm.TU.10.1175	
gene:evm.TU.10.1175	
gene:evm.TU.10.1175	
gene:evm.TU.10.1174	
gene:evm.TU.10.1177	
gene:evm.TU.10.1173	
gene:evm.TU.10.1179	
gene:evm.TU.10.1653	
gene:evm.TU.10.1984	
gene:evm.TU.01.1448	
gene:evm.TU.04.2117	
gene:novel_gene_2176_5bd9a17a	
gene:novel_gene_2176_5bd9a17a	
gene:novel_gene_2176_5bd9a17a	
gene:novel_gene_2176_5bd9a17a	
gene:novel_gene_2176_5bd9a17a	
gene:novel_gene_2176_5bd9a17a	
gene:novel_gene_2176_5bd9a17a	
gene:evm.TU.01.1418	
gene:evm.TU.01.1418	
gene:evm.TU.01.1418	
gene:evm.TU.01.1418	
gene:evm.TU.01.1414	
gene:evm.TU.01.1414	
gene:evm.TU.01.1414	
gene:evm.TU.01.1412	
gene:evm.TU.01.141	
gene:evm.TU.01.1417	
gene:evm.TU.01.1417	
gene:evm.TU.01.1417	
gene:evm.TU.01.1417	
gene:evm.TU.01.1417	
gene:evm.TU.01.1417	
gene:evm.TU.01.1417	
gene:evm.TU.01.1417	
gene:evm.TU.01.1417	
gene:evm.TU.01.1416	
gene:evm.TU.01.1411	
gene:evm.TU.01.1415	
gene:evm.TU.01.1415	
gene:evm.TU.01.1419	
gene:evm.TU.01.1413	
gene:evm.TU.01.1410	
gene:novel_gene_3503_5bd9a17a	
gene:evm.TU.10.1672	
gene:evm.TU.09.659	
gene:evm.TU.09.659	
gene:evm.TU.10.713	
gene:evm.TU.08.803	
gene:evm.TU.01.750	
gene:evm.TU.05.1671	
gene:evm.TU.05.1671	
gene:evm.TU.05.1671	
gene:evm.TU.05.1671	
gene:evm.TU.05.1671	
gene:evm.TU.05.1671	
gene:evm.TU.05.1671	
gene:evm.TU.05.1671	
gene:evm.TU.05.1671	
gene:evm.TU.05.1671	
gene:evm.TU.04.2389	
gene:novel_gene_92_5bd9a17a	
gene:evm.TU.01.1484	
gene:evm.TU.01.1484	
gene:evm.TU.01.1484	
gene:evm.TU.01.1484	
gene:evm.TU.01.1484	
gene:evm.TU.05.938	
gene:evm.TU.04.280	
gene:novel_gene_646_5bd9a17a	
gene:evm.TU.08.1745	
gene:evm.TU.01.2489	
gene:evm.TU.04.2260	
gene:evm.TU.07.1659	
gene:evm.TU.02.2516	
gene:evm.TU.02.2729	
gene:novel_gene_464_5bd9a17a	
gene:evm.TU.06.1258	
gene:evm.TU.04.1795	
gene:evm.TU.01.863	
gene:evm.TU.01.863	
gene:evm.TU.01.863	
gene:evm.TU.10.2032	
gene:evm.TU.10.2032	
gene:evm.TU.10.2032	
gene:evm.TU.10.2032	
gene:evm.TU.10.2032	
gene:evm.TU.10.2032	
gene:evm.TU.10.2032	
gene:evm.TU.10.2032	
gene:evm.TU.10.2032	
gene:evm.TU.10.2032	
gene:evm.TU.10.2032	
gene:evm.TU.10.2032	
gene:evm.TU.10.2032	
gene:evm.TU.10.2032	
gene:evm.TU.10.2032	
gene:evm.TU.10.2032	
gene:evm.TU.10.2032	
gene:evm.TU.10.2032	
gene:evm.TU.10.2032	
gene:evm.TU.10.2032	
gene:evm.TU.10.2032	
gene:evm.TU.10.2032	
gene:evm.TU.10.2032	
gene:evm.TU.10.2032	
gene:evm.TU.01.837	
gene:evm.TU.01.833	
gene:evm.TU.01.835	
gene:evm.TU.01.83	
gene:evm.TU.01.839	
gene:evm.TU.01.830	
gene:evm.TU.01.832	
gene:evm.TU.01.831	
gene:evm.TU.01.838	
gene:evm.TU.01.836	
gene:evm.TU.01.834	
gene:evm.TU.01.2752	
gene:novel_gene_2523_5bd9a17a	
gene:novel_gene_2523_5bd9a17a	
gene:evm.TU.02.1999	
gene:evm.TU.02.1999	
gene:evm.TU.02.1999	
gene:evm.TU.04.724	
gene:evm.TU.01.2771	
gene:evm.TU.01.2771	
gene:evm.TU.03.169	
gene:evm.TU.03.1690	
gene:evm.TU.03.1694	
gene:evm.TU.03.1695	
gene:evm.TU.03.1696	
gene:evm.TU.03.1696	
gene:evm.TU.03.1696	
gene:evm.TU.03.1698	
gene:evm.TU.03.1692	
gene:evm.TU.03.1693	
gene:evm.TU.03.1699	
gene:evm.TU.03.1691	
gene:evm.TU.03.1697	
gene:evm.TU.08.1127	
gene:novel_gene_1091_5bd9a17a	
gene:novel_gene_1091_5bd9a17a	
gene:evm.TU.06.768	
gene:evm.TU.06.768	
gene:evm.TU.06.768	
gene:evm.TU.06.768	
gene:evm.TU.06.768	
gene:evm.TU.06.768	
gene:evm.TU.06.768	
gene:evm.TU.06.768	
gene:evm.TU.06.768	
gene:evm.TU.06.768	
gene:evm.TU.06.768	
gene:evm.TU.06.768	
gene:evm.TU.06.768	
gene:evm.TU.06.768	
gene:evm.TU.06.768	
gene:evm.TU.06.768	
gene:evm.TU.06.768	
gene:evm.TU.06.768	
gene:evm.TU.06.768	
gene:evm.TU.06.768	
gene:evm.TU.06.768	
gene:evm.TU.06.768	
gene:evm.TU.06.768	
gene:evm.TU.06.768	
gene:evm.TU.06.768	
gene:evm.TU.06.768	
gene:evm.TU.06.768	
gene:evm.TU.06.768	
gene:evm.TU.06.768	
gene:evm.TU.06.768	
gene:evm.TU.06.768	
gene:evm.TU.06.768	
gene:evm.TU.06.768	
gene:evm.TU.06.768	
gene:evm.TU.08.280	
gene:novel_gene_2819_5bd9a17a	
gene:evm.TU.01.139	
gene:evm.TU.01.1396	
gene:evm.TU.01.139	
gene:evm.TU.01.139	
gene:evm.TU.01.1395	
gene:evm.TU.01.1390	
gene:evm.TU.01.1390	
gene:evm.TU.01.1390	
gene:evm.TU.01.1390	
gene:evm.TU.01.1390	
gene:evm.TU.01.1390	
gene:evm.TU.01.1390	
gene:evm.TU.01.1390	
gene:evm.TU.01.1397	
gene:evm.TU.01.1391	
gene:evm.TU.01.1398	
gene:evm.TU.01.1398	
gene:evm.TU.01.1398	
gene:evm.TU.01.1398	
gene:evm.TU.01.1399	
gene:evm.TU.01.1392	
gene:evm.TU.01.1392	
gene:evm.TU.01.1392	
gene:evm.TU.01.1392	
gene:evm.TU.01.1393	
gene:evm.TU.01.1394	
gene:evm.TU.05.1648	
gene:novel_gene_2304_5bd9a17a	
gene:evm.TU.05.728	
gene:evm.TU.05.728	
gene:evm.TU.05.728	
gene:evm.TU.05.728	
gene:evm.TU.05.728	
gene:evm.TU.05.728	
gene:evm.TU.04.1993	
gene:evm.TU.06.2042	
gene:evm.TU.06.2042	
gene:evm.TU.10.2288	
gene:evm.TU.10.2288	
gene:evm.TU.10.2288	
gene:evm.TU.10.2288	
gene:evm.TU.10.2288	
gene:evm.TU.09.485	
gene:evm.TU.09.482	
gene:evm.TU.09.484	
gene:evm.TU.09.483	
gene:evm.TU.09.48	
gene:evm.TU.09.486	
gene:evm.TU.09.487	
gene:evm.TU.09.480	
gene:evm.TU.09.489	
gene:evm.TU.09.488	
gene:evm.TU.09.481	
gene:evm.TU.09.539	
gene:evm.TU.01.2263	
gene:evm.TU.01.2263	
gene:evm.TU.01.2268	
gene:evm.TU.01.2267	
gene:evm.TU.01.2267	
gene:evm.TU.01.2267	
gene:evm.TU.01.226	
gene:evm.TU.01.2265	
gene:evm.TU.01.2262	
gene:evm.TU.01.2264	
gene:evm.TU.01.2261	
gene:evm.TU.01.2269	
gene:evm.TU.01.2266	
gene:evm.TU.01.2260	
gene:evm.TU.09.217	
gene:evm.TU.09.1091	
gene:evm.TU.04.1856	
gene:evm.TU.04.1856	
gene:evm.TU.04.1856	
gene:evm.TU.04.1856	
gene:evm.TU.04.1856	
gene:evm.TU.01.1108	
gene:evm.TU.02.1846	
gene:evm.TU.07.209	
gene:evm.TU.08.719	
gene:evm.TU.03.1793	
gene:evm.TU.10.1073	
gene:evm.TU.10.1073	
gene:evm.TU.10.1073	
gene:evm.TU.08.1665	
gene:evm.TU.08.1665	
gene:evm.TU.08.1665	
gene:evm.TU.08.1665	
gene:evm.TU.08.1665	
gene:evm.TU.01.2094	
gene:evm.TU.10.1449	
gene:evm.TU.01.2476	
gene:evm.TU.01.1533	
gene:evm.TU.01.1533	
gene:evm.TU.01.1533	
gene:evm.TU.01.1533	
gene:evm.TU.01.1533	
gene:evm.TU.01.1533	
gene:evm.TU.01.1533	
gene:evm.TU.09.216	
gene:evm.TU.05.250	
gene:evm.TU.08.1157	
gene:evm.TU.10.1968	
gene:evm.TU.04.1362	
gene:evm.TU.04.1364	
gene:evm.TU.04.1368	
gene:evm.TU.04.1361	
gene:evm.TU.04.136	
gene:evm.TU.04.1369	
gene:evm.TU.04.1360	
gene:evm.TU.04.1367	
gene:evm.TU.04.1365	
gene:evm.TU.04.1366	
gene:evm.TU.04.1363	
gene:novel_gene_3182_5bd9a17a	
gene:evm.TU.02.2512	
gene:evm.TU.04.2177	
gene:evm.TU.02.814	
gene:evm.TU.02.814	
gene:evm.TU.02.814	
gene:evm.TU.10.1076	
gene:evm.TU.02.365	
gene:evm.TU.02.365	
gene:evm.TU.02.365	
gene:evm.TU.02.365	
gene:evm.TU.02.365	
gene:evm.TU.02.365	
gene:evm.TU.09.855	
gene:evm.TU.05.1466	
gene:evm.TU.05.1466	
gene:evm.TU.01.436	
gene:evm.TU.01.438	
gene:evm.TU.01.43	
gene:evm.TU.01.437	
gene:evm.TU.01.437	
gene:evm.TU.01.437	
gene:evm.TU.01.431	
gene:evm.TU.01.430	
gene:evm.TU.01.432	
gene:evm.TU.01.432	
gene:evm.TU.01.433	
gene:evm.TU.01.434	
gene:evm.TU.01.439	
gene:evm.TU.01.435	
gene:evm.TU.10.1483	
gene:evm.TU.04.1893	
gene:evm.TU.02.2594	
gene:evm.TU.02.756	
gene:evm.TU.08.639	
gene:evm.TU.06.2108	
gene:evm.TU.09.868	
gene:evm.TU.09.864	
gene:evm.TU.09.862	
gene:evm.TU.09.861	
gene:evm.TU.09.863	
gene:evm.TU.09.866	
gene:evm.TU.09.86	
gene:evm.TU.09.860	
gene:evm.TU.09.865	
gene:evm.TU.09.867	
gene:evm.TU.09.869	
gene:evm.TU.06.455	
gene:evm.TU.02.3064	
gene:novel_gene_756_5bd9a17a	
gene:novel_gene_756_5bd9a17a	
gene:evm.TU.04.408	
gene:evm.TU.02.2718	
gene:evm.TU.02.3160	
gene:evm.TU.02.3054	
gene:evm.TU.09.919	
gene:evm.TU.02.2478	
gene:evm.TU.08.1746	
gene:evm.TU.02.3114	
gene:evm.TU.02.2682	
gene:evm.TU.10.1969	
gene:evm.TU.06.2019	
gene:evm.TU.06.1950	
gene:novel_gene_3553_5bd9a17a	
gene:evm.TU.08.1200	
gene:evm.TU.07.1592	
gene:evm.TU.02.2945	
gene:evm.TU.09.243	
gene:evm.TU.04.331	
gene:evm.TU.07.434	
gene:evm.TU.07.422	
gene:evm.TU.07.1380	
gene:evm.TU.07.1388	
gene:evm.TU.07.1382	
gene:evm.TU.07.138	
gene:evm.TU.07.1387	
gene:evm.TU.07.1386	
gene:evm.TU.07.1384	
gene:evm.TU.07.1385	
gene:evm.TU.07.1389	
gene:evm.TU.07.1383	
gene:evm.TU.07.1381	
gene:evm.TU.08.1266	
gene:evm.TU.02.2953	
gene:evm.TU.02.2953	
gene:evm.TU.02.2953	
gene:novel_gene_3702_5bd9a17a	
gene:evm.TU.01.3032	
gene:evm.TU.02.3198	
gene:evm.TU.02.3281	
gene:novel_gene_1909_5bd9a17a	
gene:evm.TU.01.360	
gene:evm.TU.03.1434	
gene:evm.TU.03.1437	
gene:evm.TU.03.143	
gene:evm.TU.03.1433	
gene:evm.TU.03.1433	
gene:evm.TU.03.1436	
gene:evm.TU.03.1435	
gene:evm.TU.03.1439	
gene:evm.TU.03.1432	
gene:evm.TU.03.1432	
gene:evm.TU.03.1432	
gene:evm.TU.03.1432	
gene:evm.TU.03.1438	
gene:evm.TU.03.1430	
gene:evm.TU.03.1431	
gene:evm.TU.07.597	
gene:evm.TU.02.3068	
gene:evm.TU.10.1960	
gene:evm.TU.02.3196	
gene:evm.TU.04.2192	
gene:evm.TU.04.2192	
gene:evm.TU.05.1623	
gene:evm.TU.02.2793	
gene:evm.TU.04.632	
gene:evm.TU.08.433	
gene:evm.TU.07.714	
gene:evm.TU.10.1443	
gene:evm.TU.08.1582	
gene:evm.TU.06.712	
gene:evm.TU.07.1711	
gene:evm.TU.06.903	
gene:novel_gene_1407_5bd9a17a	
gene:evm.TU.06.1543	
gene:evm.TU.08.1045	
gene:evm.TU.07.1878	
gene:evm.TU.05.1092	
gene:evm.TU.02.3111	
gene:evm.TU.08.1796	
gene:evm.TU.10.1863	
gene:evm.TU.07.1818	
gene:evm.TU.02.2311	
gene:evm.TU.10.1890	
gene:evm.TU.01.1438	
gene:novel_gene_2614_5bd9a17a	
gene:evm.TU.07.1821	
gene:evm.TU.01.1030	
gene:evm.TU.07.1665	
gene:evm.TU.06.908	
gene:evm.TU.06.908	
gene:evm.TU.06.908	
gene:evm.TU.10.1251	
gene:evm.TU.02.729	
gene:evm.TU.02.729	
gene:evm.TU.02.729	
gene:evm.TU.02.729	
gene:evm.TU.02.729	
gene:evm.TU.02.729	
gene:evm.TU.02.723	
gene:evm.TU.02.723	
gene:evm.TU.02.727	
gene:evm.TU.02.726	
gene:evm.TU.02.72	
gene:evm.TU.02.720	
gene:evm.TU.02.720	
gene:evm.TU.02.722	
gene:evm.TU.02.725	
gene:evm.TU.02.728	
gene:evm.TU.02.721	
gene:evm.TU.02.721	
gene:evm.TU.02.721	
gene:evm.TU.02.724	
gene:evm.TU.08.129	
gene:evm.TU.08.1293	
gene:evm.TU.08.1297	
gene:evm.TU.08.1298	
gene:evm.TU.08.1294	
gene:evm.TU.08.1290	
gene:evm.TU.08.1296	
gene:evm.TU.08.1291	
gene:evm.TU.08.1292	
gene:evm.TU.08.1295	
gene:evm.TU.08.1299	
gene:novel_gene_1676_5bd9a17a	
gene:novel_gene_1676_5bd9a17a	
gene:novel_gene_1676_5bd9a17a	
gene:novel_gene_1676_5bd9a17a	
gene:novel_gene_2280_5bd9a17a	
gene:evm.TU.08.1959	
gene:evm.TU.03.445	
gene:evm.TU.06.1588	
gene:evm.TU.10.2231	
gene:evm.TU.02.2507	
gene:evm.TU.07.847	
gene:evm.TU.07.847	
gene:evm.TU.07.847	
gene:evm.TU.02.2517	
gene:evm.TU.ctgX7.3	
gene:novel_gene_2412_5bd9a17a	
gene:evm.TU.02.1875	
gene:evm.TU.02.1875	
gene:evm.TU.02.1875	
gene:evm.TU.02.1875	
gene:evm.TU.02.1875	
gene:evm.TU.02.1875	
gene:evm.TU.02.1875	
gene:evm.TU.02.1875	
gene:evm.TU.02.1875	
gene:evm.TU.02.1875	
gene:evm.TU.02.1858	
gene:evm.TU.04.1894	
gene:evm.TU.06.1622	
gene:evm.TU.06.1622	
gene:evm.TU.06.1622	
gene:evm.TU.06.1622	
gene:evm.TU.06.1622	
gene:evm.TU.06.1622	
gene:evm.TU.06.1622	
gene:evm.TU.06.1622	
gene:evm.TU.06.1622	
gene:evm.TU.06.1622	
gene:evm.TU.06.1622	
gene:evm.TU.06.1622	
gene:evm.TU.06.1622	
gene:evm.TU.06.1622	
gene:evm.TU.06.1622	
gene:evm.TU.09.773	
gene:novel_gene_1853_5bd9a17a	
gene:evm.TU.05.1646	
gene:evm.TU.05.1646	
gene:evm.TU.05.1646	
gene:evm.TU.01.549	
gene:evm.TU.01.549	
gene:evm.TU.01.549	
gene:evm.TU.01.549	
gene:evm.TU.01.549	
gene:evm.TU.01.549	
gene:evm.TU.05.1548	
gene:evm.TU.05.1548	
gene:evm.TU.05.1548	
gene:novel_gene_1814_5bd9a17a	
gene:novel_gene_1814_5bd9a17a	
gene:evm.TU.04.2173	
gene:evm.TU.10.1835	
gene:evm.TU.08.1001	
gene:evm.TU.07.690	
gene:evm.TU.07.697	
gene:evm.TU.07.693	
gene:evm.TU.07.69	
gene:evm.TU.07.698	
gene:evm.TU.07.696	
gene:evm.TU.07.696	
gene:evm.TU.07.694	
gene:evm.TU.07.699	
gene:evm.TU.07.692	
gene:evm.TU.07.691	
gene:evm.TU.07.695	
gene:evm.TU.02.973	
gene:evm.TU.02.973	
gene:evm.TU.02.979	
gene:evm.TU.02.974	
gene:evm.TU.02.97	
gene:evm.TU.02.972	
gene:evm.TU.02.977	
gene:evm.TU.02.978	
gene:evm.TU.02.970	
gene:evm.TU.02.970	
gene:evm.TU.02.975	
gene:evm.TU.02.975	
gene:evm.TU.02.975	
gene:evm.TU.02.976	
gene:evm.TU.02.971	
gene:evm.TU.10.1564	
gene:evm.TU.10.156	
gene:evm.TU.10.1560	
gene:evm.TU.10.1566	
gene:evm.TU.10.1563	
gene:evm.TU.10.1569	
gene:evm.TU.10.1562	
gene:evm.TU.10.1567	
gene:evm.TU.10.1565	
gene:evm.TU.10.1568	
gene:evm.TU.10.1561	
gene:novel_gene_550_5bd9a17a	
gene:novel_gene_550_5bd9a17a	
gene:evm.TU.01.2939	
gene:evm.TU.04.1181	
gene:novel_gene_1348_5bd9a17a	
gene:evm.TU.01.865	
gene:evm.TU.02.3015	
gene:evm.TU.04.295	
gene:evm.TU.04.297	
gene:evm.TU.04.29	
gene:evm.TU.04.293	
gene:evm.TU.04.294	
gene:evm.TU.04.299	
gene:evm.TU.04.298	
gene:evm.TU.04.290	
gene:evm.TU.04.292	
gene:evm.TU.04.291	
gene:evm.TU.04.296	
gene:evm.TU.01.2808	
gene:evm.TU.01.2802	
gene:evm.TU.01.2801	
gene:evm.TU.01.280	
gene:evm.TU.01.2803	
gene:evm.TU.01.2800	
gene:evm.TU.01.2806	
gene:evm.TU.01.2805	
gene:evm.TU.01.2809	
gene:evm.TU.01.2804	
gene:evm.TU.01.2807	
gene:evm.TU.04.2047	
gene:evm.TU.02.1910	
gene:evm.TU.07.1843	
gene:evm.TU.05.2108	
gene:evm.TU.05.2108	
gene:evm.TU.05.2108	
gene:evm.TU.05.2108	
gene:evm.TU.05.2108	
gene:evm.TU.05.2108	
gene:evm.TU.05.2108	
gene:evm.TU.05.2108	
gene:evm.TU.05.2108	
gene:evm.TU.02.2436	
gene:evm.TU.01.1510	
gene:evm.TU.01.1510	
gene:evm.TU.01.1510	
gene:evm.TU.04.1554	
gene:evm.TU.04.1554	
gene:evm.TU.04.1554	
gene:novel_gene_1991_5bd9a17a	
gene:evm.TU.10.205	
gene:evm.TU.10.2055	
gene:evm.TU.10.2052	
gene:evm.TU.10.2052	
gene:evm.TU.10.2052	
gene:evm.TU.10.2052	
gene:evm.TU.10.2054	
gene:evm.TU.10.205	
gene:evm.TU.10.205	
gene:evm.TU.10.2058	
gene:evm.TU.10.2057	
gene:evm.TU.10.2051	
gene:evm.TU.10.2059	
gene:evm.TU.10.2056	
gene:evm.TU.10.2053	
gene:evm.TU.10.2050	
gene:evm.TU.08.867	
gene:evm.TU.09.1370	
gene:evm.TU.03.1018	
gene:evm.TU.10.1754	
gene:evm.TU.01.795	
gene:evm.TU.01.494	
gene:evm.TU.02.2688	
gene:evm.TU.08.1224	
gene:evm.TU.01.1304	
gene:evm.TU.07.1562	
gene:evm.TU.07.1562	
gene:evm.TU.07.1562	
gene:evm.TU.07.1561	
gene:evm.TU.07.1563	
gene:evm.TU.07.1566	
gene:evm.TU.07.156	
gene:evm.TU.07.1569	
gene:evm.TU.07.1560	
gene:evm.TU.07.1565	
gene:evm.TU.07.1565	
gene:evm.TU.07.1568	
gene:evm.TU.07.1568	
gene:evm.TU.07.1567	
gene:evm.TU.07.1564	
gene:evm.TU.09.1557	
gene:novel_gene_164_5bd9a17a	
gene:evm.TU.02.2661	
gene:evm.TU.ctgX18.2	
gene:evm.TU.02.2698	
gene:evm.TU.02.2197	
gene:evm.TU.02.2193	
gene:evm.TU.02.2192	
gene:evm.TU.02.219	
gene:evm.TU.02.2190	
gene:evm.TU.02.2190	
gene:evm.TU.02.2199	
gene:evm.TU.02.2195	
gene:evm.TU.02.2195	
gene:evm.TU.02.2195	
gene:evm.TU.02.2195	
gene:evm.TU.02.2194	
gene:evm.TU.02.2196	
gene:evm.TU.02.2191	
gene:evm.TU.02.2198	
gene:novel_gene_1412_5bd9a17a	
gene:evm.TU.07.421	
gene:evm.TU.03.778	
gene:evm.TU.06.2043	
gene:evm.TU.01.1040	
gene:evm.TU.01.2283	
gene:novel_gene_4006_5bd9a17a	
gene:novel_gene_4006_5bd9a17a	
gene:novel_gene_4006_5bd9a17a	
gene:novel_gene_4006_5bd9a17a	
gene:evm.TU.06.1002	
gene:evm.TU.06.1002	
gene:evm.TU.06.1002	
gene:evm.TU.08.1815	
gene:evm.TU.06.303	
gene:evm.TU.06.303	
gene:evm.TU.06.303	
gene:evm.TU.02.1812	
gene:evm.TU.02.1810	
gene:evm.TU.02.1819	
gene:evm.TU.02.181	
gene:evm.TU.02.1813	
gene:evm.TU.02.1815	
gene:evm.TU.02.1818	
gene:evm.TU.02.1811	
gene:evm.TU.02.1816	
gene:evm.TU.02.1814	
gene:evm.TU.02.1817	
gene:evm.TU.03.2077	
gene:evm.TU.07.1482	
gene:evm.TU.07.1487	
gene:evm.TU.07.148	
gene:evm.TU.07.1480	
gene:evm.TU.07.1486	
gene:evm.TU.07.1488	
gene:evm.TU.07.1483	
gene:evm.TU.07.1481	
gene:evm.TU.07.1489	
gene:evm.TU.07.1485	
gene:evm.TU.07.1484	
gene:evm.TU.10.1172	
gene:evm.TU.06.1188	
gene:evm.TU.06.1188	
gene:evm.TU.06.1188	
gene:evm.TU.06.1188	
gene:evm.TU.06.1188	
gene:evm.TU.06.1188	
gene:evm.TU.06.1188	
gene:evm.TU.06.1188	
gene:evm.TU.06.1188	
gene:evm.TU.06.1188	
gene:evm.TU.06.1188	
gene:evm.TU.06.1188	
gene:evm.TU.06.1188	
gene:evm.TU.03.536	
gene:evm.TU.03.536	
gene:evm.TU.03.536	
gene:evm.TU.06.2124	
gene:evm.TU.04.1148	
gene:evm.TU.04.1140	
gene:evm.TU.04.1140	
gene:evm.TU.04.1140	
gene:evm.TU.04.1147	
gene:evm.TU.04.114	
gene:evm.TU.04.1144	
gene:evm.TU.04.1145	
gene:evm.TU.04.1146	
gene:evm.TU.04.1149	
gene:evm.TU.04.1149	
gene:evm.TU.04.1142	
gene:evm.TU.04.1141	
gene:evm.TU.04.1143	
gene:evm.TU.04.1143	
gene:evm.TU.04.1143	
gene:evm.TU.04.1143	
gene:evm.TU.04.1143	
gene:evm.TU.04.1143	
gene:evm.TU.04.1143	
gene:evm.TU.09.1026	
gene:evm.TU.09.1021	
gene:evm.TU.09.1027	
gene:evm.TU.09.1025	
gene:evm.TU.09.102	
gene:evm.TU.09.1028	
gene:evm.TU.09.1022	
gene:evm.TU.09.1023	
gene:evm.TU.09.1024	
gene:evm.TU.09.1029	
gene:evm.TU.09.1020	
gene:novel_gene_2018_5bd9a17a	
gene:evm.TU.06.248	
gene:evm.TU.06.248	
gene:evm.TU.06.248	
gene:evm.TU.04.770	
gene:evm.TU.08.1715	
gene:evm.TU.09.1497	
gene:evm.TU.01.1941	
gene:evm.TU.06.1821	
gene:evm.TU.08.1935	
gene:evm.TU.02.2210	
gene:evm.TU.01.3068	
gene:novel_gene_2878_5bd9a17a	
gene:evm.TU.02.1191	
gene:evm.TU.02.1106	
gene:evm.TU.02.1106	
gene:evm.TU.02.1103	
gene:evm.TU.02.1103	
gene:evm.TU.02.1103	
gene:evm.TU.02.1158	
gene:evm.TU.02.1126	
gene:evm.TU.02.1125	
gene:evm.TU.02.1156	
gene:evm.TU.02.1108	
gene:evm.TU.02.112	
gene:evm.TU.02.1172	
gene:evm.TU.02.1101	
gene:evm.TU.02.1101	
gene:evm.TU.02.1150	
gene:evm.TU.02.1197	
gene:evm.TU.02.1119	
gene:evm.TU.02.1119	
gene:evm.TU.02.1119	
gene:evm.TU.02.1144	
gene:evm.TU.02.1178	
gene:evm.TU.02.117	
gene:evm.TU.02.1193	
gene:evm.TU.02.1168	
gene:evm.TU.02.1187	
gene:evm.TU.02.1127	
gene:evm.TU.02.1164	
gene:evm.TU.02.1129	
gene:evm.TU.02.1184	
gene:evm.TU.02.1184	
gene:evm.TU.02.1194	
gene:evm.TU.02.1180	
gene:evm.TU.02.1132	
gene:evm.TU.02.1102	
gene:evm.TU.02.1102	
gene:evm.TU.02.1102	
gene:evm.TU.02.1102	
gene:evm.TU.02.1102	
gene:evm.TU.02.1104	
gene:evm.TU.02.1152	
gene:evm.TU.02.1163	
gene:evm.TU.02.1167	
gene:evm.TU.02.1176	
gene:evm.TU.02.1176	
gene:evm.TU.02.1176	
gene:evm.TU.02.1176	
gene:evm.TU.02.1162	
gene:evm.TU.02.1109	
gene:evm.TU.02.111	
gene:evm.TU.02.1105	
gene:evm.TU.02.1160	
gene:evm.TU.02.1182	
gene:evm.TU.02.1198	
gene:evm.TU.02.1107	
gene:evm.TU.02.11	
gene:evm.TU.02.1110	
gene:evm.TU.02.1157	
gene:evm.TU.02.1181	
gene:evm.TU.02.1155	
gene:evm.TU.02.1192	
gene:evm.TU.02.1192	
gene:evm.TU.02.1128	
gene:evm.TU.02.1190	
gene:evm.TU.02.1151	
gene:evm.TU.02.1142	
gene:evm.TU.02.1142	
gene:evm.TU.02.1142	
gene:evm.TU.02.1142	
gene:evm.TU.02.1161	
gene:evm.TU.02.1143	
gene:evm.TU.02.1143	
gene:evm.TU.02.119	
gene:evm.TU.02.1112	
gene:evm.TU.02.1147	
gene:evm.TU.02.1185	
gene:evm.TU.02.1123	
gene:evm.TU.02.1138	
gene:evm.TU.02.1148	
gene:evm.TU.02.1114	
gene:evm.TU.02.1166	
gene:evm.TU.02.116	
gene:evm.TU.02.1113	
gene:evm.TU.02.1145	
gene:evm.TU.02.1140	
gene:evm.TU.02.1120	
gene:evm.TU.02.114	
gene:evm.TU.02.1131	
gene:evm.TU.02.1196	
gene:evm.TU.02.1115	
gene:evm.TU.02.1171	
gene:evm.TU.02.115	
gene:evm.TU.02.1159	
gene:evm.TU.02.1183	
gene:evm.TU.02.1165	
gene:evm.TU.02.1177	
gene:evm.TU.02.1122	
gene:evm.TU.02.1141	
gene:evm.TU.02.1121	
gene:evm.TU.02.1133	
gene:evm.TU.02.1149	
gene:evm.TU.02.1195	
gene:evm.TU.02.1117	
gene:evm.TU.02.1134	
gene:evm.TU.02.1199	
gene:evm.TU.02.1174	
gene:evm.TU.02.1173	
gene:evm.TU.02.113	
gene:evm.TU.02.1170	
gene:evm.TU.02.1118	
gene:evm.TU.02.1130	
gene:evm.TU.02.1111	
gene:evm.TU.02.1186	
gene:evm.TU.02.1146	
gene:evm.TU.02.1153	
gene:evm.TU.02.1169	
gene:evm.TU.02.1100	
gene:evm.TU.02.1154	
gene:evm.TU.02.1116	
gene:evm.TU.02.1116	
gene:evm.TU.02.1116	
gene:evm.TU.02.1116	
gene:evm.TU.02.1116	
gene:evm.TU.02.1116	
gene:evm.TU.02.1116	
gene:evm.TU.02.1116	
gene:evm.TU.02.1116	
gene:evm.TU.02.1116	
gene:evm.TU.02.1116	
gene:evm.TU.02.1116	
gene:evm.TU.02.1188	
gene:evm.TU.02.1188	
gene:evm.TU.02.1188	
gene:evm.TU.02.1188	
gene:evm.TU.02.1188	
gene:evm.TU.02.1188	
gene:evm.TU.02.1188	
gene:evm.TU.02.1139	
gene:evm.TU.02.1136	
gene:evm.TU.02.1137	
gene:evm.TU.02.110	
gene:evm.TU.02.1175	
gene:evm.TU.02.118	
gene:evm.TU.02.1189	
gene:evm.TU.02.1179	
gene:evm.TU.02.1135	
gene:evm.TU.02.1135	
gene:evm.TU.02.1135	
gene:evm.TU.02.1124	
gene:evm.TU.02.1124	
gene:evm.TU.02.1124	
gene:evm.TU.09.306	
gene:evm.TU.09.306	
gene:evm.TU.09.306	
gene:evm.TU.09.306	
gene:evm.TU.04.1990	
gene:evm.TU.02.2364	
gene:evm.TU.09.443	
gene:evm.TU.01.82	
gene:evm.TU.01.82	
gene:evm.TU.01.82	
gene:evm.TU.01.827	
gene:evm.TU.01.827	
gene:evm.TU.01.823	
gene:evm.TU.01.829	
gene:evm.TU.01.82	
gene:evm.TU.01.82	
gene:evm.TU.01.82	
gene:evm.TU.01.822	
gene:evm.TU.01.824	
gene:evm.TU.01.825	
gene:evm.TU.01.828	
gene:evm.TU.01.821	
gene:evm.TU.01.820	
gene:evm.TU.01.826	
gene:evm.TU.01.827	
gene:evm.TU.01.827	
gene:evm.TU.01.823	
gene:evm.TU.01.829	
gene:evm.TU.01.82	
gene:evm.TU.01.82	
gene:evm.TU.01.82	
gene:evm.TU.01.822	
gene:evm.TU.01.824	
gene:evm.TU.01.825	
gene:evm.TU.01.828	
gene:evm.TU.01.821	
gene:evm.TU.01.820	
gene:evm.TU.01.826	
gene:evm.TU.04.1565	
gene:evm.TU.04.1565	
gene:evm.TU.04.1565	
gene:evm.TU.04.1565	
gene:evm.TU.04.1565	
gene:evm.TU.04.1565	
gene:evm.TU.04.1565	
gene:evm.TU.04.1565	
gene:evm.TU.04.1565	
gene:evm.TU.04.1565	
gene:evm.TU.04.1565	
gene:evm.TU.04.1565	
gene:evm.TU.04.1565	
gene:evm.TU.04.1565	
gene:evm.TU.04.1565	
gene:evm.TU.08.301	
gene:evm.TU.02.1402	
gene:evm.TU.02.1402	
gene:evm.TU.02.1402	
gene:evm.TU.07.1646	
gene:novel_gene_1797_5bd9a17a	
gene:novel_gene_1797_5bd9a17a	
gene:evm.TU.01.2768	
gene:evm.TU.03.183	
gene:evm.TU.03.1835	
gene:evm.TU.03.183	
gene:evm.TU.03.183	
gene:evm.TU.03.183	
gene:evm.TU.03.183	
gene:evm.TU.03.1837	
gene:evm.TU.03.1831	
gene:evm.TU.03.1839	
gene:evm.TU.03.1838	
gene:evm.TU.03.1838	
gene:evm.TU.03.1838	
gene:evm.TU.03.1832	
gene:evm.TU.03.1830	
gene:evm.TU.03.1833	
gene:evm.TU.03.1834	
gene:evm.TU.03.1836	
gene:evm.TU.03.183	
gene:evm.TU.03.183	
gene:evm.TU.10.364	
gene:evm.TU.10.36	
gene:evm.TU.10.36	
gene:evm.TU.10.368	
gene:evm.TU.10.368	
gene:evm.TU.10.365	
gene:evm.TU.10.362	
gene:evm.TU.10.362	
gene:evm.TU.10.367	
gene:evm.TU.10.361	
gene:evm.TU.10.369	
gene:evm.TU.10.366	
gene:evm.TU.10.363	
gene:evm.TU.10.363	
gene:evm.TU.10.360	
gene:evm.TU.10.36	
gene:evm.TU.05.1070	
gene:evm.TU.05.1070	
gene:evm.TU.09.1576	
gene:evm.TU.07.450	
gene:evm.TU.07.1595	
gene:evm.TU.05.413	
gene:evm.TU.01.2363	
gene:evm.TU.01.457	
gene:novel_gene_1098_5bd9a17a	
gene:novel_gene_1098_5bd9a17a	
gene:novel_gene_1098_5bd9a17a	
gene:novel_gene_836_5bd9a17a	
gene:novel_gene_836_5bd9a17a	
gene:novel_gene_836_5bd9a17a	
gene:evm.TU.10.1618	
gene:evm.TU.03.1734	
gene:evm.TU.02.508	
gene:evm.TU.05.876	
gene:evm.TU.04.1417	
gene:evm.TU.04.1417	
gene:evm.TU.04.1417	
gene:evm.TU.08.296	
gene:evm.TU.08.295	
gene:evm.TU.08.292	
gene:evm.TU.08.29	
gene:evm.TU.08.294	
gene:evm.TU.08.293	
gene:evm.TU.08.299	
gene:evm.TU.08.297	
gene:evm.TU.08.291	
gene:evm.TU.08.298	
gene:evm.TU.08.290	
gene:evm.TU.10.885	
gene:evm.TU.04.357	
gene:novel_gene_1927_5bd9a17a	
gene:evm.TU.01.400	
gene:evm.TU.01.400	
gene:evm.TU.01.400	
gene:evm.TU.07.246	
gene:evm.TU.01.2517	
gene:evm.TU.09.635	
gene:evm.TU.09.639	
gene:evm.TU.09.631	
gene:evm.TU.09.633	
gene:evm.TU.09.630	
gene:evm.TU.09.637	
gene:evm.TU.09.63	
gene:evm.TU.09.638	
gene:evm.TU.09.636	
gene:evm.TU.09.634	
gene:evm.TU.09.632	
gene:evm.TU.02.981	
gene:evm.TU.02.2470	
gene:evm.TU.04.1931	
gene:evm.TU.08.1797	
gene:evm.TU.08.1790	
gene:evm.TU.08.1796	
gene:evm.TU.08.179	
gene:evm.TU.08.1793	
gene:evm.TU.08.1795	
gene:evm.TU.08.1791	
gene:evm.TU.08.1798	
gene:evm.TU.08.1792	
gene:evm.TU.08.1799	
gene:evm.TU.08.1794	
gene:evm.TU.08.821	
gene:evm.TU.04.2434	
gene:evm.TU.04.1907	
gene:evm.TU.08.790	
gene:evm.TU.07.357	
gene:novel_gene_725_5bd9a17a	
gene:evm.TU.10.390	
gene:evm.TU.02.543	
gene:evm.TU.05.941	
gene:evm.TU.05.941	
gene:evm.TU.05.941	
gene:evm.TU.02.2267	
gene:evm.TU.09.462	
gene:evm.TU.ctgX6.7	
gene:evm.TU.01.2198	
gene:evm.TU.05.1613	
gene:evm.TU.09.200	
gene:evm.TU.01.365	
gene:novel_gene_2480_5bd9a17a	
gene:evm.TU.08.1461	
gene:evm.TU.02.2600	
gene:novel_gene_3261_5bd9a17a	
gene:evm.TU.01.1386	
gene:evm.TU.03.331	
gene:evm.TU.01.2940	
gene:evm.TU.10.1603	
gene:novel_gene_3484_5bd9a17a	
gene:novel_gene_3484_5bd9a17a	
gene:evm.TU.04.1125	
gene:evm.TU.04.1125	
gene:evm.TU.04.1125	
gene:evm.TU.04.1122	
gene:evm.TU.04.112	
gene:evm.TU.04.1120	
gene:evm.TU.04.1127	
gene:evm.TU.04.1123	
gene:evm.TU.04.1126	
gene:evm.TU.04.1124	
gene:evm.TU.04.1121	
gene:evm.TU.04.1129	
gene:evm.TU.04.1128	
gene:evm.TU.09.959	
gene:evm.TU.09.455	
gene:evm.TU.09.455	
gene:evm.TU.09.455	
gene:evm.TU.09.455	
gene:evm.TU.09.455	
gene:evm.TU.09.455	
gene:evm.TU.09.455	
gene:evm.TU.09.455	
gene:evm.TU.09.455	
gene:evm.TU.09.455	
gene:evm.TU.08.284	
gene:evm.TU.01.2003	
gene:evm.TU.01.2003	
gene:evm.TU.01.2003	
gene:evm.TU.09.1488	
gene:evm.TU.04.317	
gene:evm.TU.04.1327	
gene:evm.TU.06.1722	
gene:evm.TU.06.1722	
gene:evm.TU.06.1722	
gene:evm.TU.04.1982	
gene:evm.TU.03.843	
gene:evm.TU.03.843	
gene:evm.TU.03.843	
gene:evm.TU.04.2240	
gene:evm.TU.08.378	
gene:evm.TU.07.1299	
gene:novel_gene_3087_5bd9a17a	
gene:evm.TU.03.964	
gene:evm.TU.03.964	
gene:evm.TU.03.964	
gene:evm.TU.03.96	
gene:evm.TU.03.960	
gene:evm.TU.03.960	
gene:evm.TU.03.968	
gene:evm.TU.03.968	
gene:evm.TU.03.968	
gene:evm.TU.03.968	
gene:evm.TU.03.961	
gene:evm.TU.03.963	
gene:evm.TU.03.967	
gene:evm.TU.03.966	
gene:evm.TU.03.965	
gene:evm.TU.03.965	
gene:evm.TU.03.965	
gene:evm.TU.03.969	
gene:evm.TU.03.962	
gene:novel_gene_3317_5bd9a17a	
gene:evm.TU.07.1744	
gene:evm.TU.01.2852	
gene:evm.TU.07.1375	
gene:novel_gene_2708_5bd9a17a	
gene:evm.TU.09.285	
gene:novel_gene_3074_5bd9a17a	
gene:novel_gene_3853_5bd9a17a	
gene:evm.TU.03.943	
gene:novel_gene_3781_5bd9a17a	
gene:evm.TU.07.1670	
gene:evm.TU.07.1173	
gene:evm.TU.02.1087	
gene:evm.TU.10.1789	
gene:evm.TU.05.708	
gene:evm.TU.02.3080	
gene:novel_gene_3155_5bd9a17a	
gene:evm.TU.10.2175	
gene:evm.TU.06.240	
gene:evm.TU.02.3254	
gene:novel_gene_2849_5bd9a17a	
gene:evm.TU.03.439	
gene:evm.TU.03.439	
gene:evm.TU.03.439	
gene:evm.TU.08.1522	
gene:evm.TU.08.1522	
gene:evm.TU.08.1522	
gene:evm.TU.04.1536	
gene:evm.TU.04.1536	
gene:evm.TU.04.1536	
gene:evm.TU.04.1536	
gene:evm.TU.04.1536	
gene:evm.TU.04.1536	
gene:evm.TU.04.1536	
gene:evm.TU.10.1437	
gene:novel_gene_1290_5bd9a17a	
gene:novel_gene_1290_5bd9a17a	
gene:novel_gene_1290_5bd9a17a	
gene:novel_gene_1290_5bd9a17a	
gene:novel_gene_1290_5bd9a17a	
gene:novel_gene_1290_5bd9a17a	
gene:evm.TU.06.588	
gene:novel_gene_1194_5bd9a17a	
gene:novel_gene_1194_5bd9a17a	
gene:novel_gene_847_5bd9a17a	
gene:novel_gene_847_5bd9a17a	
gene:evm.TU.03.2102	
gene:evm.TU.01.1043	
gene:evm.TU.01.1043	
gene:evm.TU.01.1043	
gene:evm.TU.08.1931	
gene:novel_gene_3020_5bd9a17a	
gene:novel_gene_3020_5bd9a17a	
gene:evm.TU.08.1012	
gene:evm.TU.10.1957	
gene:evm.TU.03.155	
gene:evm.TU.03.155	
gene:evm.TU.03.155	
gene:evm.TU.03.155	
gene:evm.TU.03.1556	
gene:evm.TU.03.155	
gene:evm.TU.03.155	
gene:evm.TU.03.155	
gene:evm.TU.03.155	
gene:evm.TU.03.155	
gene:evm.TU.03.155	
gene:evm.TU.03.155	
gene:evm.TU.03.155	
gene:evm.TU.03.1559	
gene:evm.TU.03.1551	
gene:evm.TU.03.1557	
gene:evm.TU.03.1552	
gene:evm.TU.03.1558	
gene:evm.TU.03.1558	
gene:evm.TU.03.1550	
gene:evm.TU.03.1550	
gene:evm.TU.03.1550	
gene:evm.TU.03.1553	
gene:evm.TU.03.1554	
gene:evm.TU.03.1555	
gene:evm.TU.03.1555	
gene:evm.TU.03.1555	
gene:evm.TU.03.155	
gene:evm.TU.03.155	
gene:evm.TU.03.155	
gene:evm.TU.03.155	
gene:evm.TU.07.1693	
gene:evm.TU.08.1585	
gene:evm.TU.08.1275	
gene:evm.TU.02.2075	
gene:evm.TU.01.1073	
gene:evm.TU.01.1073	
gene:evm.TU.02.3084	
gene:novel_gene_3432_5bd9a17a	
gene:evm.TU.06.1700	
gene:evm.TU.02.481	
gene:evm.TU.02.480	
gene:evm.TU.02.489	
gene:evm.TU.02.485	
gene:evm.TU.02.488	
gene:evm.TU.02.483	
gene:evm.TU.02.48	
gene:evm.TU.02.482	
gene:evm.TU.02.487	
gene:evm.TU.02.484	
gene:evm.TU.02.486	
gene:evm.TU.01.1408	
gene:evm.TU.01.1408	
gene:evm.TU.10.1823	
gene:evm.TU.08.1074	
gene:evm.TU.10.1553	
gene:evm.TU.06.1553	
gene:evm.TU.02.2367	
gene:evm.TU.08.846	
gene:evm.TU.07.490	
gene:evm.TU.07.491	
gene:evm.TU.07.495	
gene:evm.TU.07.498	
gene:evm.TU.07.49	
gene:evm.TU.07.494	
gene:evm.TU.07.496	
gene:evm.TU.07.493	
gene:evm.TU.07.497	
gene:evm.TU.07.492	
gene:evm.TU.07.499	
gene:evm.TU.01.802	
gene:evm.TU.09.1254	
gene:evm.TU.10.1926	
gene:novel_gene_3014_5bd9a17a	
gene:evm.TU.09.280	
gene:evm.TU.05.1685	
gene:evm.TU.05.1685	
gene:evm.TU.05.1685	
gene:novel_gene_3974_5bd9a17a	
gene:novel_gene_3974_5bd9a17a	
gene:novel_gene_3974_5bd9a17a	
gene:novel_gene_3974_5bd9a17a	
gene:evm.TU.04.2085	
gene:evm.TU.04.2085	
gene:evm.TU.06.1424_evm.TU.06.1425	
gene:evm.TU.06.1424_evm.TU.06.1425	
gene:evm.TU.06.1424_evm.TU.06.1425	
gene:evm.TU.06.1424_evm.TU.06.1425	
gene:evm.TU.06.1424_evm.TU.06.1425	
gene:evm.TU.06.1424_evm.TU.06.1425	
gene:evm.TU.06.1424_evm.TU.06.1425	
gene:evm.TU.06.1424_evm.TU.06.1425	
gene:evm.TU.06.1424_evm.TU.06.1425	
gene:evm.TU.08.737	
gene:evm.TU.04.2106	
gene:evm.TU.01.970	
gene:novel_gene_3070_5bd9a17a	
gene:evm.TU.06.700	
gene:evm.TU.06.700	
gene:evm.TU.06.700	
gene:evm.TU.06.449	
gene:evm.TU.09.1700	
gene:evm.TU.09.1701	
gene:evm.TU.09.170	
gene:evm.TU.09.1703	
gene:evm.TU.09.1704	
gene:evm.TU.09.1702	
gene:novel_gene_2479_5bd9a17a	
gene:novel_gene_2479_5bd9a17a	
gene:evm.TU.01.1992	
gene:evm.TU.05.348	
gene:evm.TU.09.954	
gene:evm.TU.09.1555	
gene:evm.TU.09.231	
gene:evm.TU.06.2098	
gene:evm.TU.06.2013	
gene:evm.TU.06.2057	
gene:evm.TU.06.2049	
gene:evm.TU.06.2039	
gene:evm.TU.06.2024	
gene:evm.TU.06.2009	
gene:evm.TU.06.2052	
gene:evm.TU.06.2087	
gene:evm.TU.06.2001	
gene:evm.TU.06.2051	
gene:evm.TU.06.2053	
gene:evm.TU.06.2059	
gene:evm.TU.06.2067	
gene:evm.TU.06.2073	
gene:evm.TU.06.2073	
gene:evm.TU.06.2073	
gene:evm.TU.06.2073	
gene:evm.TU.06.203	
gene:evm.TU.06.2085	
gene:evm.TU.06.2066	
gene:evm.TU.06.2090	
gene:evm.TU.06.2090	
gene:evm.TU.06.204	
gene:evm.TU.06.2097	
gene:evm.TU.06.2027	
gene:evm.TU.06.2065	
gene:evm.TU.06.2030	
gene:evm.TU.06.2042	
gene:evm.TU.06.2028	
gene:evm.TU.06.2088	
gene:evm.TU.06.2019	
gene:evm.TU.06.2069	
gene:evm.TU.06.2022	
gene:evm.TU.06.2043	
gene:evm.TU.06.2077	
gene:evm.TU.06.2002	
gene:evm.TU.06.2061	
gene:evm.TU.06.208	
gene:evm.TU.06.2012	
gene:evm.TU.06.2035	
gene:evm.TU.06.2091	
gene:evm.TU.06.2071	
gene:evm.TU.06.2056	
gene:evm.TU.06.2084	
gene:evm.TU.06.2041	
gene:evm.TU.06.2099	
gene:evm.TU.06.20	
gene:evm.TU.06.2094	
gene:evm.TU.06.2020	
gene:evm.TU.06.209	
gene:evm.TU.06.2015	
gene:evm.TU.06.2081	
gene:evm.TU.06.2055	
gene:evm.TU.06.2060	
gene:evm.TU.06.2007	
gene:evm.TU.06.2050	
gene:evm.TU.06.2047	
gene:evm.TU.06.2003	
gene:evm.TU.06.2093	
gene:evm.TU.06.2080	
gene:evm.TU.06.2080	
gene:evm.TU.06.2080	
gene:evm.TU.06.2080	
gene:evm.TU.06.2080	
gene:evm.TU.06.2026	
gene:evm.TU.06.2032	
gene:evm.TU.06.2075	
gene:evm.TU.06.2068	
gene:evm.TU.06.201	
gene:evm.TU.06.207	
gene:evm.TU.06.2040	
gene:evm.TU.06.2072	
gene:evm.TU.06.2072	
gene:evm.TU.06.2072	
gene:evm.TU.06.2072	
gene:evm.TU.06.2044	
gene:evm.TU.06.2096	
gene:evm.TU.06.2046	
gene:evm.TU.06.2064	
gene:evm.TU.06.2038	
gene:evm.TU.06.2058	
gene:evm.TU.06.2070	
gene:evm.TU.06.2092	
gene:evm.TU.06.2074	
gene:evm.TU.06.2048	
gene:evm.TU.06.2033	
gene:evm.TU.06.2062	
gene:evm.TU.06.2045	
gene:evm.TU.06.200	
gene:evm.TU.06.200	
gene:evm.TU.06.2000	
gene:evm.TU.06.2005	
gene:evm.TU.06.2010	
gene:evm.TU.06.2076	
gene:evm.TU.06.2021	
gene:evm.TU.06.2083	
gene:evm.TU.06.206	
gene:evm.TU.06.206	
gene:evm.TU.06.2079	
gene:evm.TU.06.2095	
gene:evm.TU.06.2063	
gene:evm.TU.06.2029	
gene:evm.TU.06.2034	
gene:evm.TU.06.2006	
gene:evm.TU.06.2037	
gene:evm.TU.06.2023	
gene:evm.TU.06.2054	
gene:evm.TU.06.2089	
gene:evm.TU.06.2014	
gene:evm.TU.06.2031	
gene:evm.TU.06.2011	
gene:evm.TU.06.2036	
gene:evm.TU.06.2017	
gene:evm.TU.06.2025	
gene:evm.TU.06.2008	
gene:evm.TU.06.2004	
gene:evm.TU.06.2078	
gene:evm.TU.06.2078	
gene:evm.TU.06.2082	
gene:evm.TU.06.2086	
gene:evm.TU.06.2016	
gene:evm.TU.06.202	
gene:evm.TU.06.2018	
gene:evm.TU.06.205	
gene:evm.TU.06.205	
gene:evm.TU.08.424	
gene:evm.TU.02.956	
gene:evm.TU.02.956	
gene:evm.TU.02.956	
gene:evm.TU.02.956	
gene:evm.TU.02.956	
gene:evm.TU.02.956	
gene:evm.TU.02.956	
gene:evm.TU.02.956	
gene:evm.TU.02.956	
gene:evm.TU.02.956	
gene:evm.TU.01.1521	
gene:evm.TU.05.1632	
gene:novel_gene_3605_5bd9a17a	
gene:novel_gene_3605_5bd9a17a	
gene:novel_gene_3605_5bd9a17a	
gene:novel_gene_3605_5bd9a17a	
gene:novel_gene_3605_5bd9a17a	
gene:evm.TU.07.1723	
gene:evm.TU.03.938	
gene:evm.TU.03.938	
gene:evm.TU.03.938	
gene:evm.TU.02.3038	
gene:evm.TU.01.1272	
gene:evm.TU.01.1272	
gene:evm.TU.01.1272	
gene:evm.TU.10.823	
gene:evm.TU.03.381	
gene:evm.TU.03.1486	
gene:evm.TU.10.1855	
gene:evm.TU.07.887	
gene:evm.TU.07.887	
gene:evm.TU.07.887	
gene:evm.TU.07.887	
gene:evm.TU.07.887	
gene:evm.TU.07.887	
gene:evm.TU.07.887	
gene:evm.TU.06.715	
gene:evm.TU.06.715	
gene:evm.TU.06.715	
gene:evm.TU.06.715	
gene:evm.TU.06.715	
gene:evm.TU.01.372	
gene:evm.TU.05.1370	
gene:evm.TU.05.1376	
gene:evm.TU.05.1376	
gene:evm.TU.05.1376	
gene:evm.TU.05.1373	
gene:evm.TU.05.1375	
gene:evm.TU.05.1378	
gene:evm.TU.05.1378	
gene:evm.TU.05.1378	
gene:evm.TU.05.1372	
gene:evm.TU.05.137	
gene:evm.TU.05.1377	
gene:evm.TU.05.1374	
gene:evm.TU.05.1371	
gene:evm.TU.05.1379	
gene:evm.TU.05.1379	
gene:evm.TU.03.666	
gene:evm.TU.03.666	
gene:evm.TU.03.666	
gene:evm.TU.03.666	
gene:evm.TU.03.660	
gene:evm.TU.03.667	
gene:evm.TU.03.661	
gene:evm.TU.03.669	
gene:evm.TU.03.668	
gene:evm.TU.03.66	
gene:evm.TU.03.665	
gene:evm.TU.03.664	
gene:evm.TU.03.662	
gene:evm.TU.03.663	
gene:evm.TU.01.1997	
gene:evm.TU.04.534	
gene:evm.TU.04.534	
gene:evm.TU.04.534	
gene:evm.TU.04.534	
gene:evm.TU.04.534	
gene:evm.TU.04.534	
gene:evm.TU.04.534	
gene:evm.TU.04.534	
gene:evm.TU.04.534	
gene:evm.TU.04.2421	
gene:evm.TU.08.1211	
gene:evm.TU.05.1169	
gene:evm.TU.02.1228	
gene:evm.TU.06.1377	
gene:evm.TU.03.2069	
gene:evm.TU.03.2068	
gene:evm.TU.03.2061	
gene:evm.TU.03.2063	
gene:evm.TU.03.2063	
gene:evm.TU.03.2063	
gene:evm.TU.03.2063	
gene:evm.TU.03.2063	
gene:evm.TU.03.2063	
gene:evm.TU.03.2063	
gene:evm.TU.03.2063	
gene:evm.TU.03.2063	
gene:evm.TU.03.2063	
gene:evm.TU.03.2063	
gene:evm.TU.03.206	
gene:evm.TU.03.2067	
gene:evm.TU.03.2066	
gene:evm.TU.03.2062	
gene:evm.TU.03.2062	
gene:evm.TU.03.2062	
gene:evm.TU.03.2062	
gene:evm.TU.03.2062	
gene:evm.TU.03.2065	
gene:evm.TU.03.2065	
gene:evm.TU.03.2065	
gene:evm.TU.03.2065	
gene:evm.TU.03.2060	
gene:evm.TU.03.2060	
gene:evm.TU.03.2064	
gene:evm.TU.02.1891	
gene:novel_gene_3983_5bd9a17a	
gene:evm.TU.07.1589	
gene:evm.TU.10.848	
gene:evm.TU.08.1611	
gene:evm.TU.08.1884	
gene:evm.TU.06.431	
gene:novel_gene_1845_5bd9a17a	
gene:novel_gene_1845_5bd9a17a	
gene:evm.TU.05.1913	
gene:evm.TU.01.1021	
gene:evm.TU.10.1354	
gene:evm.TU.01.467	
gene:evm.TU.04.2383	
gene:evm.TU.04.2381	
gene:evm.TU.04.2380	
gene:evm.TU.04.2382	
gene:evm.TU.04.2389	
gene:evm.TU.04.2386	
gene:evm.TU.04.238	
gene:evm.TU.04.2384	
gene:evm.TU.04.2388	
gene:evm.TU.04.2387	
gene:evm.TU.04.2385	
gene:evm.TU.10.443	
gene:evm.TU.10.443	
gene:evm.TU.10.443	
gene:evm.TU.06.1960	
gene:novel_gene_2978_5bd9a17a	
gene:novel_gene_2978_5bd9a17a	
gene:novel_gene_2978_5bd9a17a	
gene:evm.TU.02.2509	
gene:evm.TU.10.1169	
gene:evm.TU.10.1190	
gene:evm.TU.10.1190	
gene:evm.TU.10.1190	
gene:evm.TU.10.1190	
gene:evm.TU.10.1190	
gene:evm.TU.10.1190	
gene:evm.TU.10.1190	
gene:evm.TU.10.1190	
gene:evm.TU.10.1190	
gene:evm.TU.10.1190	
gene:evm.TU.10.1190	
gene:evm.TU.10.1190	
gene:evm.TU.10.1190	
gene:evm.TU.10.1190	
gene:evm.TU.08.928	
gene:evm.TU.08.923	
gene:evm.TU.08.927	
gene:evm.TU.08.926	
gene:evm.TU.08.92	
gene:evm.TU.08.925	
gene:evm.TU.08.920	
gene:evm.TU.08.929	
gene:evm.TU.08.921	
gene:evm.TU.08.924	
gene:evm.TU.08.922	
gene:evm.TU.04.1617	
gene:evm.TU.09.1535	
gene:evm.TU.10.1886	
gene:evm.TU.10.1888	
gene:evm.TU.10.1883	
gene:evm.TU.10.1880	
gene:evm.TU.10.188	
gene:evm.TU.10.1885	
gene:evm.TU.10.1882	
gene:evm.TU.10.1889	
gene:evm.TU.10.1881	
gene:evm.TU.10.1887	
gene:evm.TU.10.1884	
gene:evm.TU.06.1330	
gene:novel_gene_2697_5bd9a17a	
gene:novel_gene_521_5bda875f	
gene:novel_gene_521_5bda875f	
gene:novel_gene_521_5bda875f	
gene:novel_gene_521_5bda875f	
gene:novel_gene_521_5bda875f	
gene:evm.TU.02.1800	
gene:evm.TU.08.1073	
gene:evm.TU.02.735	
gene:evm.TU.04.2082	
gene:evm.TU.08.1974	
gene:evm.TU.06.1813	
gene:evm.TU.03.540	
gene:evm.TU.02.2834	
gene:evm.TU.04.1176	
gene:evm.TU.02.509	
gene:evm.TU.02.509	
gene:evm.TU.02.509	
gene:evm.TU.02.509	
gene:evm.TU.02.509	
gene:evm.TU.02.509	
gene:evm.TU.09.1113	
gene:evm.TU.06.425	
gene:evm.TU.06.420	
gene:evm.TU.06.427	
gene:evm.TU.06.421	
gene:evm.TU.06.42	
gene:evm.TU.06.424	
gene:evm.TU.06.422	
gene:evm.TU.06.426	
gene:evm.TU.06.429	
gene:evm.TU.06.423	
gene:evm.TU.06.428	
gene:evm.TU.02.737	
gene:evm.TU.02.2138	
gene:evm.TU.07.1886	
gene:evm.TU.05.341	
gene:evm.TU.05.341	
gene:evm.TU.05.341	
gene:evm.TU.02.2787	
gene:novel_gene_4005_5bd9a17a	
gene:novel_gene_4005_5bd9a17a	
gene:novel_gene_4005_5bd9a17a	
gene:evm.TU.07.1315	
gene:evm.TU.07.1315	
gene:evm.TU.07.1315	
gene:evm.TU.07.1315	
gene:evm.TU.07.1315	
gene:evm.TU.07.1315	
gene:evm.TU.07.1315	
gene:evm.TU.07.1315	
gene:evm.TU.07.1315	
gene:evm.TU.07.1315	
gene:evm.TU.07.1315	
gene:novel_gene_539_5bd9a17a	
gene:evm.TU.02.514	
gene:novel_gene_2414_5bd9a17a	
gene:evm.TU.10.1339	
gene:evm.TU.01.1026	
gene:evm.TU.07.370	
gene:evm.TU.07.522	
gene:evm.TU.02.2723	
gene:evm.TU.02.2873	
gene:evm.TU.01.2998	
gene:evm.TU.01.2815	
gene:novel_gene_178_5bd9a17a	
gene:novel_gene_178_5bd9a17a	
gene:novel_gene_178_5bd9a17a	
gene:novel_gene_178_5bd9a17a	
gene:novel_gene_178_5bd9a17a	
gene:novel_gene_178_5bd9a17a	
gene:novel_gene_178_5bd9a17a	
gene:evm.TU.02.2909	
gene:evm.TU.07.1243	
gene:evm.TU.07.1243	
gene:evm.TU.07.1243	
gene:evm.TU.ctgX30.6	
gene:evm.TU.01.717	
gene:novel_gene_3382_5bd9a17a	
gene:evm.TU.03.134	
gene:evm.TU.03.1341	
gene:evm.TU.03.1340	
gene:evm.TU.03.1349	
gene:evm.TU.03.1347	
gene:evm.TU.03.134	
gene:evm.TU.03.134	
gene:evm.TU.03.134	
gene:evm.TU.03.134	
gene:evm.TU.03.134	
gene:evm.TU.03.134	
gene:evm.TU.03.1346	
gene:evm.TU.03.1348	
gene:evm.TU.03.1348	
gene:evm.TU.03.1342	
gene:evm.TU.03.1345	
gene:evm.TU.03.1343	
gene:evm.TU.03.1344	
gene:evm.TU.03.134	
gene:evm.TU.03.134	
gene:evm.TU.03.134	
gene:evm.TU.03.134	
gene:evm.TU.10.2169	
gene:novel_gene_1236_5bd9a17a	
gene:evm.TU.02.2970	
gene:evm.TU.01.2983	
gene:evm.TU.07.842	
gene:evm.TU.07.841	
gene:evm.TU.07.847	
gene:evm.TU.07.847	
gene:evm.TU.07.848	
gene:evm.TU.07.84	
gene:evm.TU.07.849	
gene:evm.TU.07.843	
gene:evm.TU.07.844	
gene:evm.TU.07.845	
gene:evm.TU.07.846	
gene:evm.TU.07.846	
gene:evm.TU.07.846	
gene:evm.TU.07.846	
gene:evm.TU.07.840	
gene:evm.TU.10.661	
gene:evm.TU.10.661	
gene:evm.TU.10.661	
gene:evm.TU.10.85	
gene:evm.TU.10.858	
gene:evm.TU.10.858	
gene:evm.TU.10.858	
gene:evm.TU.10.855	
gene:evm.TU.10.859	
gene:evm.TU.10.85	
gene:evm.TU.10.85	
gene:evm.TU.10.85	
gene:evm.TU.10.854	
gene:evm.TU.10.856	
gene:evm.TU.10.857	
gene:evm.TU.10.853	
gene:evm.TU.10.851	
gene:evm.TU.10.850	
gene:evm.TU.10.852	
gene:evm.TU.10.85	
gene:novel_gene_2004_5bd9a17a	
gene:novel_gene_2004_5bd9a17a	
gene:evm.TU.02.3220	
gene:evm.TU.10.686	
gene:novel_gene_554_5bd9a17a	
gene:novel_gene_2177_5bd9a17a	
gene:evm.TU.02.777	
gene:evm.TU.02.777	
gene:evm.TU.02.777	
gene:evm.TU.05.339	
gene:evm.TU.01.1212	
gene:evm.TU.01.1212	
gene:evm.TU.01.1212	
gene:evm.TU.04.1161	
gene:evm.TU.07.628	
gene:evm.TU.01.2932	
gene:evm.TU.07.258	
gene:evm.TU.02.2804	
gene:evm.TU.07.1403	
gene:evm.TU.02.2643	
gene:novel_gene_2115_5bd9a17a	
gene:evm.TU.09.1585	
gene:evm.TU.02.2757	
gene:evm.TU.06.220	
gene:evm.TU.06.220	
gene:evm.TU.06.220	
gene:evm.TU.06.790	
gene:evm.TU.10.1785	
gene:evm.TU.03.228	
gene:evm.TU.04.1162	
gene:evm.TU.04.1162	
gene:evm.TU.04.1162	
gene:evm.TU.09.1668	
gene:novel_gene_365_5bd9a17a	
gene:novel_gene_365_5bd9a17a	
gene:evm.TU.06.2111	
gene:evm.TU.06.2111	
gene:evm.TU.06.2111	
gene:evm.TU.09.474	
gene:novel_gene_4008_5bd9a17a	
gene:evm.TU.02.2487	
gene:evm.TU.08.247	
gene:evm.TU.04.1725	
gene:evm.TU.06.2055	
gene:evm.TU.07.648	
gene:evm.TU.07.648	
gene:evm.TU.07.648	
gene:novel_gene_1907_5bd9a17a	
gene:novel_gene_1907_5bd9a17a	
gene:novel_gene_1907_5bd9a17a	
gene:novel_gene_1907_5bd9a17a	
gene:novel_gene_1907_5bd9a17a	
gene:novel_gene_1907_5bd9a17a	
gene:novel_gene_1907_5bd9a17a	
gene:novel_gene_1907_5bd9a17a	
gene:novel_gene_1907_5bd9a17a	
gene:novel_gene_1907_5bd9a17a	
gene:novel_gene_1907_5bd9a17a	
gene:novel_gene_1907_5bd9a17a	
gene:novel_gene_1907_5bd9a17a	
gene:novel_gene_1907_5bd9a17a	
gene:novel_gene_1907_5bd9a17a	
gene:novel_gene_1907_5bd9a17a	
gene:novel_gene_1907_5bd9a17a	
gene:novel_gene_1907_5bd9a17a	
gene:novel_gene_1907_5bd9a17a	
gene:novel_gene_1907_5bd9a17a	
gene:evm.TU.01.2942	
gene:evm.TU.01.925	
gene:evm.TU.01.925	
gene:evm.TU.01.921	
gene:evm.TU.01.928	
gene:evm.TU.01.929	
gene:evm.TU.01.929	
gene:evm.TU.01.924	
gene:evm.TU.01.927	
gene:evm.TU.01.92	
gene:evm.TU.01.922	
gene:evm.TU.01.923	
gene:evm.TU.01.920	
gene:evm.TU.01.926	
gene:evm.TU.10.1853	
gene:evm.TU.02.2998	
gene:evm.TU.02.2998	
gene:evm.TU.02.2998	
gene:evm.TU.02.1461	
gene:evm.TU.02.2772	
gene:evm.TU.02.2777	
gene:evm.TU.02.2775	
gene:evm.TU.02.277	
gene:evm.TU.02.2776	
gene:evm.TU.02.2770	
gene:evm.TU.02.2779	
gene:evm.TU.02.2771	
gene:evm.TU.02.2773	
gene:evm.TU.02.2774	
gene:evm.TU.02.2778	
gene:evm.TU.07.1357	
gene:evm.TU.01.1323	
gene:evm.TU.02.2439	
gene:evm.TU.05.1279	
gene:evm.TU.05.1279	
gene:evm.TU.05.1279	
gene:evm.TU.06.1272	
gene:evm.TU.06.1279	
gene:evm.TU.06.1279	
gene:evm.TU.06.1273	
gene:evm.TU.06.127	
gene:evm.TU.06.1277	
gene:evm.TU.06.1275	
gene:evm.TU.06.1275	
gene:evm.TU.06.1275	
gene:evm.TU.06.1278	
gene:evm.TU.06.1274	
gene:evm.TU.06.1270	
gene:evm.TU.06.1276	
gene:evm.TU.06.1271	
gene:evm.TU.01.1914	
gene:evm.TU.04.530_evm.TU.04.529	
gene:evm.TU.01.3037	
gene:evm.TU.09.1088	
gene:evm.TU.01.597	
gene:evm.TU.10.540	
gene:evm.TU.10.540	
gene:evm.TU.10.540	
gene:novel_gene_2792_5bd9a17a	
gene:novel_gene_2792_5bd9a17a	
gene:novel_gene_2792_5bd9a17a	
gene:novel_gene_2792_5bd9a17a	
gene:novel_gene_2792_5bd9a17a	
gene:novel_gene_2792_5bd9a17a	
gene:evm.TU.09.1070	
gene:novel_gene_777_5bd9a17a	
gene:novel_gene_777_5bd9a17a	
gene:evm.TU.02.2597	
gene:evm.TU.08.1795	
gene:evm.TU.02.1933	
gene:evm.TU.07.1688	
gene:novel_gene_724_5bd9a17a	
gene:evm.TU.08.504	
gene:evm.TU.02.2532	
gene:evm.TU.02.3216	
gene:evm.TU.02.544	
gene:evm.TU.02.544	
gene:evm.TU.02.544	
gene:evm.TU.02.544	
gene:evm.TU.02.544	
gene:evm.TU.02.544	
gene:evm.TU.02.544	
gene:evm.TU.01.2742	
gene:evm.TU.01.2151	
gene:evm.TU.01.787	
gene:evm.TU.08.1055	
gene:evm.TU.08.1057	
gene:evm.TU.08.1053	
gene:evm.TU.08.1059	
gene:evm.TU.08.1056	
gene:evm.TU.08.1051	
gene:evm.TU.08.1052	
gene:evm.TU.08.105	
gene:evm.TU.08.1054	
gene:evm.TU.08.1050	
gene:evm.TU.08.1058	
gene:evm.TU.06.296	
gene:evm.TU.10.1383	
gene:novel_gene_134_5bd9a17a	
gene:evm.TU.10.1896	
gene:novel_gene_2483_5bd9a17a	
gene:novel_gene_2483_5bd9a17a	
gene:novel_gene_2483_5bd9a17a	
gene:evm.TU.01.1189	
gene:evm.TU.06.380	
gene:evm.TU.04.2121	
gene:evm.TU.02.2902	
gene:novel_gene_276_5bda875f	
gene:evm.TU.02.3033	
gene:evm.TU.02.3033	
gene:evm.TU.05.1334	
gene:evm.TU.01.1153	
gene:novel_gene_3627_5bd9a17a	
gene:novel_gene_3627_5bd9a17a	
gene:novel_gene_3627_5bd9a17a	
gene:novel_gene_3627_5bd9a17a	
gene:evm.TU.06.2047	
gene:evm.TU.06.2047	
gene:novel_gene_2362_5bd9a17a	
gene:evm.TU.01.2443	
gene:evm.TU.06.1975	
gene:evm.TU.10.1300	
gene:evm.TU.04.1146	
gene:evm.TU.10.2236	
gene:evm.TU.10.2236	
gene:evm.TU.09.376	
gene:evm.TU.08.1969	
gene:evm.TU.08.1962	
gene:evm.TU.08.1960	
gene:evm.TU.08.1961	
gene:evm.TU.08.1967	
gene:evm.TU.08.1964	
gene:evm.TU.08.196	
gene:evm.TU.08.1963	
gene:evm.TU.08.1966	
gene:evm.TU.08.1965	
gene:evm.TU.08.1968	
gene:novel_gene_1143_5bd9a17a	
gene:evm.TU.02.783	
gene:evm.TU.08.1580	
gene:evm.TU.01.2984	
gene:evm.TU.05.664	
gene:evm.TU.05.664	
gene:evm.TU.05.664	
gene:evm.TU.09.489	
gene:evm.TU.02.595	
gene:novel_gene_891_5bd9a17a	
gene:novel_gene_891_5bd9a17a	
gene:novel_gene_891_5bd9a17a	
gene:novel_gene_891_5bd9a17a	
gene:evm.TU.02.546	
gene:evm.TU.02.2125	
gene:novel_gene_3893_5bd9a17a	
gene:evm.TU.02.2253	
gene:evm.TU.06.1930	
gene:evm.TU.07.1594	
gene:evm.TU.10.1610	
gene:evm.TU.01.1491	
gene:evm.TU.01.1491	
gene:evm.TU.01.1491	
gene:evm.TU.02.1166	
gene:evm.TU.09.1438	
gene:evm.TU.10.1666	
gene:evm.TU.06.639	
gene:evm.TU.02.2154	
gene:evm.TU.07.1813	
gene:evm.TU.03.379	
gene:evm.TU.03.379	
gene:evm.TU.03.379	
gene:evm.TU.09.1618	
gene:novel_gene_3864_5bd9a17a	
gene:evm.TU.04.1817	
gene:evm.TU.04.1817	
gene:evm.TU.04.1817	
gene:evm.TU.01.1362	
gene:evm.TU.01.1362	
gene:evm.TU.01.1362	
gene:evm.TU.01.1362	
gene:evm.TU.01.1362	
gene:evm.TU.01.1362	
gene:evm.TU.01.1362	
gene:evm.TU.01.1362	
gene:evm.TU.01.1362	
gene:evm.TU.01.1362	
gene:evm.TU.09.913	
gene:evm.TU.02.2993	
gene:evm.TU.10.1506	
gene:novel_gene_2988_5bd9a17a	
gene:novel_gene_2988_5bd9a17a	
gene:novel_gene_2988_5bd9a17a	
gene:evm.TU.02.977	
gene:evm.TU.02.3101	
gene:evm.TU.04.1906	
gene:evm.TU.04.1800	
gene:evm.TU.02.2190	
gene:evm.TU.02.2190	
gene:evm.TU.02.2190	
gene:evm.TU.08.830	
gene:evm.TU.01.2958	
gene:evm.TU.07.1401	
gene:evm.TU.07.1401	
gene:evm.TU.07.1401	
gene:evm.TU.07.1401	
gene:evm.TU.07.1401	
gene:evm.TU.06.1656	
gene:evm.TU.08.735	
gene:novel_gene_1110_5bd9a17a	
gene:novel_gene_1110_5bd9a17a	
gene:evm.TU.01.2861	
gene:evm.TU.10.1374	
gene:evm.TU.08.238	
gene:evm.TU.10.1757	
gene:novel_gene_3256_5bd9a17a	
gene:evm.TU.02.2189	
gene:evm.TU.06.1707	
gene:evm.TU.02.1350	
gene:evm.TU.02.1350	
gene:evm.TU.02.1350	
gene:evm.TU.02.1350	
gene:evm.TU.02.1350	
gene:evm.TU.08.1563	
gene:evm.TU.08.1566	
gene:evm.TU.08.1564	
gene:evm.TU.08.1561	
gene:evm.TU.08.1565	
gene:evm.TU.08.156	
gene:evm.TU.08.1568	
gene:evm.TU.08.1562	
gene:evm.TU.08.1569	
gene:evm.TU.08.1560	
gene:evm.TU.08.1567	
gene:evm.TU.06.607	
gene:evm.TU.03.462	
gene:evm.TU.03.462	
gene:evm.TU.03.462	
gene:evm.TU.03.462	
gene:evm.TU.03.462	
gene:evm.TU.06.1779	
gene:evm.TU.01.110_evm.TU.01.111_evm.TU.01.113	
gene:evm.TU.01.110_evm.TU.01.111_evm.TU.01.113	
gene:evm.TU.01.110_evm.TU.01.111_evm.TU.01.113	
gene:evm.TU.01.110_evm.TU.01.111_evm.TU.01.113	
gene:evm.TU.01.110_evm.TU.01.111_evm.TU.01.113	
gene:evm.TU.01.110_evm.TU.01.111_evm.TU.01.113	
gene:evm.TU.01.110_evm.TU.01.111_evm.TU.01.113	
gene:evm.TU.10.1163	
gene:evm.TU.01.1398	
gene:evm.TU.01.1398	
gene:evm.TU.01.1398	
gene:evm.TU.01.1398	
gene:evm.TU.01.1398	
gene:evm.TU.01.1398	
gene:evm.TU.01.1398	
gene:evm.TU.01.1398	
gene:evm.TU.08.807	
gene:evm.TU.05.1249	
gene:evm.TU.05.1249	
gene:evm.TU.05.1249	
gene:evm.TU.10.1597	
gene:evm.TU.10.704	
gene:evm.TU.10.704	
gene:evm.TU.10.704	
gene:evm.TU.02.911	
gene:evm.TU.02.992	
gene:evm.TU.02.992	
gene:evm.TU.02.992	
gene:evm.TU.02.992	
gene:evm.TU.02.2926	
gene:evm.TU.06.238	
gene:evm.TU.06.238	
gene:evm.TU.06.238	
gene:evm.TU.06.1987	
gene:evm.TU.02.3283	
gene:evm.TU.08.718	
gene:evm.TU.02.1571	
gene:evm.TU.10.1752	
gene:novel_gene_924_5bd9a17a	
gene:novel_gene_924_5bd9a17a	
gene:novel_gene_924_5bd9a17a	
gene:evm.TU.01.1964	
gene:evm.TU.09.509	
gene:evm.TU.09.505	
gene:evm.TU.09.504	
gene:evm.TU.09.506	
gene:evm.TU.09.502	
gene:evm.TU.09.50	
gene:evm.TU.09.500	
gene:evm.TU.09.508	
gene:evm.TU.09.501	
gene:evm.TU.09.507	
gene:evm.TU.09.503	
gene:evm.TU.09.509	
gene:evm.TU.09.505	
gene:evm.TU.09.504	
gene:evm.TU.09.506	
gene:evm.TU.09.502	
gene:evm.TU.09.50	
gene:evm.TU.09.500	
gene:evm.TU.09.508	
gene:evm.TU.09.501	
gene:evm.TU.09.507	
gene:evm.TU.09.503	
gene:evm.TU.08.1708	
gene:evm.TU.05.2014	
gene:evm.TU.05.2014	
gene:evm.TU.09.1087	
gene:evm.TU.02.345	
gene:evm.TU.02.345	
gene:evm.TU.02.345	
gene:evm.TU.02.345	
gene:evm.TU.02.345	
gene:evm.TU.ctgX8.11	
gene:evm.TU.03.546	
gene:evm.TU.03.1052	
gene:evm.TU.01.801	
gene:evm.TU.01.2080	
gene:evm.TU.01.538	
gene:evm.TU.01.2805	
gene:evm.TU.08.863	
gene:evm.TU.10.1790	
gene:evm.TU.02.3259	
gene:novel_gene_1417_5bd9a17a	
gene:evm.TU.07.338	
gene:evm.TU.03.1878	
gene:evm.TU.03.1873	
gene:evm.TU.03.1879	
gene:evm.TU.03.1877	
gene:evm.TU.03.1872	
gene:evm.TU.03.1874	
gene:evm.TU.03.1876	
gene:evm.TU.03.187	
gene:evm.TU.03.1871	
gene:evm.TU.03.1871	
gene:evm.TU.03.1871	
gene:evm.TU.03.1875	
gene:evm.TU.03.1870	
gene:evm.TU.06.862	
gene:evm.TU.06.862	
gene:evm.TU.06.862	
gene:evm.TU.06.862	
gene:evm.TU.06.862	
gene:evm.TU.07.1834	
gene:novel_gene_1312_5bd9a17a	
gene:evm.TU.07.305	
gene:evm.TU.07.1208	
gene:novel_gene_4004_5bd9a17a	
gene:evm.TU.02.3112	
gene:evm.TU.02.969	
gene:evm.TU.02.821	
gene:evm.TU.02.821	
gene:evm.TU.02.821	
gene:evm.TU.01.1264	
gene:evm.TU.01.1264	
gene:evm.TU.01.1264	
gene:evm.TU.ctgX76.1	
gene:evm.TU.ctgX76.1	
gene:evm.TU.ctgX76.1	
gene:evm.TU.ctgX76.1	
gene:evm.TU.ctgX76.1	
gene:evm.TU.10.1717	
gene:novel_gene_1878_5bd9a17a	
gene:novel_gene_2768_5bd9a17a	
gene:novel_gene_2768_5bd9a17a	
gene:evm.TU.09.375	
gene:evm.TU.07.242	
gene:evm.TU.03.1436	
gene:evm.TU.05.2000	
gene:evm.TU.05.2000	
gene:evm.TU.05.2000	
gene:evm.TU.05.2000	
gene:evm.TU.05.2000	
gene:evm.TU.05.2000	
gene:evm.TU.05.2000	
gene:evm.TU.05.2000	
gene:evm.TU.05.2000	
gene:evm.TU.05.2000	
gene:evm.TU.05.2000	
gene:evm.TU.05.2000	
gene:evm.TU.05.2000	
gene:novel_gene_1377_5bd9a17a	
gene:novel_gene_1377_5bd9a17a	
gene:novel_gene_1377_5bd9a17a	
gene:novel_gene_1377_5bd9a17a	
gene:evm.TU.07.394	
gene:novel_gene_862_5bd9a17a	
gene:evm.TU.02.1478	
gene:evm.TU.02.709	
gene:evm.TU.02.709	
gene:evm.TU.02.709	
gene:evm.TU.02.709	
gene:evm.TU.02.709	
gene:evm.TU.02.1405	
gene:evm.TU.10.1391	
gene:evm.TU.05.312	
gene:evm.TU.05.312	
gene:evm.TU.05.312	
gene:evm.TU.05.312	
gene:evm.TU.05.312	
gene:evm.TU.05.312	
gene:evm.TU.05.312	
gene:evm.TU.05.312	
gene:evm.TU.05.312	
gene:evm.TU.05.312	
gene:evm.TU.01.1024	
gene:evm.TU.01.1024	
gene:evm.TU.01.1025	
gene:evm.TU.01.1025	
gene:evm.TU.01.1025	
gene:evm.TU.01.1025	
gene:evm.TU.01.1025	
gene:evm.TU.01.1021	
gene:evm.TU.01.1026	
gene:evm.TU.01.1023	
gene:evm.TU.01.1028	
gene:evm.TU.01.1028	
gene:evm.TU.01.102	
gene:evm.TU.01.1029	
gene:evm.TU.01.1027	
gene:evm.TU.01.1027	
gene:evm.TU.01.1027	
gene:evm.TU.01.1027	
gene:evm.TU.01.1020	
gene:evm.TU.01.1022	
gene:novel_gene_3508_5bd9a17a	
gene:novel_gene_3508_5bd9a17a	
gene:novel_gene_3508_5bd9a17a	
gene:novel_gene_3508_5bd9a17a	
gene:novel_gene_3508_5bd9a17a	
gene:novel_gene_3508_5bd9a17a	
gene:novel_gene_3508_5bd9a17a	
gene:novel_gene_3508_5bd9a17a	
gene:novel_gene_3508_5bd9a17a	
gene:evm.TU.05.1905	
gene:evm.TU.04.1274	
gene:evm.TU.05.874	
gene:evm.TU.05.874	
gene:evm.TU.05.874	
gene:evm.TU.05.874	
gene:evm.TU.05.874	
gene:evm.TU.04.1186	
gene:evm.TU.04.1186	
gene:evm.TU.04.1186	
gene:evm.TU.04.1186	
gene:evm.TU.04.1186	
gene:evm.TU.04.1186	
gene:evm.TU.04.1186	
gene:evm.TU.04.1259	
gene:evm.TU.02.2646	
gene:evm.TU.05.2139	
gene:evm.TU.08.1782	
gene:evm.TU.04.1854	
gene:evm.TU.04.1854	
gene:evm.TU.04.1854	
gene:novel_gene_2788_5bd9a17a	
gene:evm.TU.04.544	
gene:evm.TU.04.1961	
gene:evm.TU.04.2272	
gene:evm.TU.06.222	
gene:evm.TU.06.227	
gene:evm.TU.06.227	
gene:evm.TU.06.227	
gene:evm.TU.06.227	
gene:evm.TU.06.225	
gene:evm.TU.06.225	
gene:evm.TU.06.225	
gene:evm.TU.06.228	
gene:evm.TU.06.220	
gene:evm.TU.06.220	
gene:evm.TU.06.224	
gene:evm.TU.06.229	
gene:evm.TU.06.22	
gene:evm.TU.06.22	
gene:evm.TU.06.22	
gene:evm.TU.06.223	
gene:evm.TU.06.223	
gene:evm.TU.06.221	
gene:evm.TU.06.226	
gene:evm.TU.06.22	
gene:evm.TU.06.22	
gene:evm.TU.01.1814	
gene:novel_gene_1530_5bd9a17a	
gene:novel_gene_1530_5bd9a17a	
gene:novel_gene_1530_5bd9a17a	
gene:novel_gene_1530_5bd9a17a	
gene:evm.TU.04.939	
gene:evm.TU.04.934	
gene:evm.TU.04.935	
gene:evm.TU.04.937	
gene:evm.TU.04.933	
gene:evm.TU.04.931	
gene:evm.TU.04.93	
gene:evm.TU.04.938	
gene:evm.TU.04.932	
gene:evm.TU.04.930	
gene:evm.TU.04.936	
gene:evm.TU.10.1467	
gene:evm.TU.08.1958	
gene:evm.TU.05.2138	
gene:evm.TU.05.2138	
gene:evm.TU.05.2138	
gene:evm.TU.05.2138	
gene:evm.TU.05.2138	
gene:evm.TU.05.2138	
gene:evm.TU.05.2138	
gene:evm.TU.05.2138	
gene:evm.TU.05.2138	
gene:novel_gene_1175_5bd9a17a	
gene:evm.TU.06.899	
gene:evm.TU.02.2080	
gene:evm.TU.08.1182	
gene:novel_gene_1088_5bd9a17a	
gene:evm.TU.05.665	
gene:evm.TU.01.559	
gene:evm.TU.01.749	
gene:evm.TU.10.1540	
gene:evm.TU.02.3130	
gene:novel_gene_589_5bda875f	
gene:novel_gene_589_5bda875f	
gene:evm.TU.05.1806	
gene:evm.TU.05.1806	
gene:evm.TU.05.1806	
gene:evm.TU.05.1806	
gene:evm.TU.05.1806	
gene:evm.TU.05.1806	
gene:evm.TU.05.1806	
gene:evm.TU.04.833	
gene:evm.TU.10.1316	
gene:evm.TU.05.1865	
gene:evm.TU.05.1865	
gene:evm.TU.05.1865	
gene:evm.TU.05.1865	
gene:evm.TU.05.1865	
gene:evm.TU.05.1865	
gene:evm.TU.05.1865	
gene:evm.TU.05.1865	
gene:evm.TU.05.1865	
gene:evm.TU.05.1865	
gene:evm.TU.08.585	
gene:evm.TU.08.522	
gene:evm.TU.08.591	
gene:evm.TU.08.583	
gene:evm.TU.08.540	
gene:evm.TU.08.511	
gene:evm.TU.08.580	
gene:evm.TU.08.552	
gene:evm.TU.08.535	
gene:evm.TU.08.557	
gene:evm.TU.08.555	
gene:evm.TU.08.533	
gene:evm.TU.08.53	
gene:evm.TU.08.514	
gene:evm.TU.08.54	
gene:evm.TU.08.565	
gene:evm.TU.08.570	
gene:evm.TU.08.526	
gene:evm.TU.08.562	
gene:evm.TU.08.517	
gene:evm.TU.08.579	
gene:evm.TU.08.579	
gene:evm.TU.08.501	
gene:evm.TU.08.589	
gene:evm.TU.08.590	
gene:evm.TU.08.513	
gene:evm.TU.08.577	
gene:evm.TU.08.578	
gene:evm.TU.08.546	
gene:evm.TU.08.531	
gene:evm.TU.08.576	
gene:evm.TU.08.566	
gene:evm.TU.08.566	
gene:evm.TU.08.56	
gene:evm.TU.08.543	
gene:evm.TU.08.534	
gene:evm.TU.08.563	
gene:evm.TU.08.500	
gene:evm.TU.08.592	
gene:evm.TU.08.530	
gene:evm.TU.08.587	
gene:evm.TU.08.515	
gene:evm.TU.08.551	
gene:evm.TU.08.516	
gene:evm.TU.08.537	
gene:evm.TU.08.544	
gene:evm.TU.08.507	
gene:evm.TU.08.560	
gene:evm.TU.08.504	
gene:evm.TU.08.59	
gene:evm.TU.08.556	
gene:evm.TU.08.599	
gene:evm.TU.08.528	
gene:evm.TU.08.581	
gene:evm.TU.08.567	
gene:evm.TU.08.520	
gene:evm.TU.08.532	
gene:evm.TU.08.572	
gene:evm.TU.08.538	
gene:evm.TU.08.588	
gene:evm.TU.08.558	
gene:evm.TU.08.559	
gene:evm.TU.08.506	
gene:evm.TU.08.5	
gene:evm.TU.08.571	
gene:evm.TU.08.52	
gene:evm.TU.08.529	
gene:evm.TU.08.569	
gene:evm.TU.08.57	
gene:evm.TU.08.593	
gene:evm.TU.08.582	
gene:evm.TU.08.574	
gene:evm.TU.08.598	
gene:evm.TU.08.561	
gene:evm.TU.08.509	
gene:evm.TU.08.50	
gene:evm.TU.08.519	
gene:evm.TU.08.584	
gene:evm.TU.08.518	
gene:evm.TU.08.524	
gene:evm.TU.08.539	
gene:evm.TU.08.542	
gene:evm.TU.08.553	
gene:evm.TU.08.594	
gene:evm.TU.08.554	
gene:evm.TU.08.502	
gene:evm.TU.08.564	
gene:evm.TU.08.510	
gene:evm.TU.08.508	
gene:evm.TU.08.595	
gene:evm.TU.08.525	
gene:evm.TU.08.547	
gene:evm.TU.08.545	
gene:evm.TU.08.541	
gene:evm.TU.08.568	
gene:evm.TU.08.536	
gene:evm.TU.08.575	
gene:evm.TU.08.586	
gene:evm.TU.08.550	
gene:evm.TU.08.58	
gene:evm.TU.08.521	
gene:evm.TU.08.523	
gene:evm.TU.08.549	
gene:evm.TU.08.597	
gene:evm.TU.08.505	
gene:evm.TU.08.548	
gene:evm.TU.08.512	
gene:evm.TU.08.573	
gene:evm.TU.08.55	
gene:evm.TU.08.51	
gene:evm.TU.08.527	
gene:evm.TU.08.596	
gene:evm.TU.08.503	
gene:evm.TU.03.790	
gene:evm.TU.04.698	
gene:evm.TU.04.1027	
gene:evm.TU.04.1020	
gene:evm.TU.04.1020	
gene:evm.TU.04.1020	
gene:evm.TU.04.1022	
gene:evm.TU.04.1028	
gene:evm.TU.04.102	
gene:evm.TU.04.1025	
gene:evm.TU.04.1029	
gene:evm.TU.04.1024	
gene:evm.TU.04.1023	
gene:evm.TU.04.1026	
gene:evm.TU.04.1021	
gene:evm.TU.04.1021	
gene:evm.TU.04.1021	
gene:evm.TU.07.398	
gene:evm.TU.01.919	
gene:evm.TU.01.919	
gene:evm.TU.01.919	
gene:evm.TU.04.1438	
gene:evm.TU.05.1618	
gene:evm.TU.10.1450	
gene:evm.TU.09.1612	
gene:novel_gene_3154_5bd9a17a	
gene:evm.TU.01.506	
gene:evm.TU.02.2474	
gene:evm.TU.06.2040	
gene:novel_gene_1458_5bd9a17a	
gene:evm.TU.06.736	
gene:novel_gene_2424_5bd9a17a	
gene:novel_gene_2424_5bd9a17a	
gene:evm.TU.09.1659	
gene:evm.TU.02.2833	
gene:evm.TU.02.2833	
gene:evm.TU.02.2833	
gene:evm.TU.02.2833	
gene:evm.TU.02.2833	
gene:evm.TU.02.2833	
gene:evm.TU.02.2833	
gene:evm.TU.02.2833	
gene:evm.TU.02.2833	
gene:evm.TU.02.2833	
gene:evm.TU.08.1954	
gene:evm.TU.10.2116	
gene:evm.TU.10.2116	
gene:evm.TU.10.2116	
gene:evm.TU.08.1160	
gene:evm.TU.08.1166	
gene:evm.TU.08.1162	
gene:evm.TU.08.1163	
gene:evm.TU.08.1169	
gene:evm.TU.08.1165	
gene:evm.TU.08.116	
gene:evm.TU.08.1168	
gene:evm.TU.08.1164	
gene:evm.TU.08.1161	
gene:evm.TU.08.1167	
gene:evm.TU.05.2092	
gene:evm.TU.05.2092	
gene:evm.TU.05.2092	
gene:evm.TU.02.482	
gene:novel_gene_3241_5bd9a17a	
gene:evm.TU.08.1575	
gene:evm.TU.01.318	
gene:evm.TU.01.318	
gene:evm.TU.01.318	
gene:novel_gene_977_5bd9a17a	
gene:novel_gene_977_5bd9a17a	
gene:novel_gene_977_5bd9a17a	
gene:novel_gene_977_5bd9a17a	
gene:novel_gene_977_5bd9a17a	
gene:evm.TU.09.1052	
gene:evm.TU.10.1555	
gene:evm.TU.10.1556	
gene:evm.TU.10.1554	
gene:evm.TU.10.1551	
gene:evm.TU.10.1553	
gene:evm.TU.10.1550	
gene:evm.TU.10.1559	
gene:evm.TU.10.155	
gene:evm.TU.10.155	
gene:evm.TU.10.1557	
gene:evm.TU.10.1558	
gene:evm.TU.10.1552	
gene:evm.TU.10.155	
gene:evm.TU.08.248	
gene:evm.TU.08.1549	
gene:evm.TU.07.416	
gene:evm.TU.07.412	
gene:evm.TU.07.413	
gene:evm.TU.07.418	
gene:evm.TU.07.417	
gene:evm.TU.07.411	
gene:evm.TU.07.419	
gene:evm.TU.07.41	
gene:evm.TU.07.410	
gene:evm.TU.07.414	
gene:evm.TU.07.415	
gene:evm.TU.02.3044	
gene:evm.TU.04.2448	
gene:evm.TU.10.1800	
gene:evm.TU.10.1805	
gene:evm.TU.10.180	
gene:evm.TU.10.1801	
gene:evm.TU.10.1804	
gene:evm.TU.10.1804	
gene:evm.TU.10.1809	
gene:evm.TU.10.1808	
gene:evm.TU.10.1806	
gene:evm.TU.10.1802	
gene:evm.TU.10.1803	
gene:evm.TU.10.1807	
gene:evm.TU.03.2072	
gene:evm.TU.03.2072	
gene:evm.TU.03.2072	
gene:evm.TU.03.2072	
gene:evm.TU.03.2072	
gene:evm.TU.03.2072	
gene:evm.TU.03.2072	
gene:evm.TU.03.2072	
gene:evm.TU.02.2396	
gene:evm.TU.04.442	
gene:evm.TU.04.446	
gene:evm.TU.04.440	
gene:evm.TU.04.440	
gene:evm.TU.04.440	
gene:evm.TU.04.440	
gene:evm.TU.04.448	
gene:evm.TU.04.448	
gene:evm.TU.04.443	
gene:evm.TU.04.441	
gene:evm.TU.04.444	
gene:evm.TU.04.44	
gene:evm.TU.04.445	
gene:evm.TU.04.445	
gene:evm.TU.04.445	
gene:evm.TU.04.445	
gene:evm.TU.04.445	
gene:evm.TU.04.447	
gene:evm.TU.04.449	
gene:evm.TU.10.919	
gene:evm.TU.10.919	
gene:evm.TU.07.769	
gene:evm.TU.07.769	
gene:evm.TU.07.769	
gene:evm.TU.07.769	
gene:evm.TU.07.769	
gene:evm.TU.01.1191	
gene:evm.TU.01.1191	
gene:evm.TU.09.1219	
gene:evm.TU.07.1221	
gene:evm.TU.07.1221	
gene:evm.TU.07.1221	
gene:evm.TU.07.1227	
gene:evm.TU.07.1227	
gene:evm.TU.07.1227	
gene:evm.TU.07.1222	
gene:evm.TU.07.1222	
gene:evm.TU.07.1222	
gene:evm.TU.07.1222	
gene:evm.TU.07.1225	
gene:evm.TU.07.1226	
gene:evm.TU.07.1224	
gene:evm.TU.07.1223	
gene:evm.TU.07.1223	
gene:evm.TU.07.1223	
gene:evm.TU.07.1229	
gene:evm.TU.07.122	
gene:evm.TU.07.1220	
gene:evm.TU.07.1228	
gene:evm.TU.06.907	
gene:evm.TU.10.264	
gene:evm.TU.06.1837	
gene:evm.TU.06.2072	
gene:evm.TU.06.2072	
gene:evm.TU.06.2072	
gene:evm.TU.06.2072	
gene:evm.TU.06.2072	
gene:evm.TU.06.2072	
gene:evm.TU.06.2072	
gene:evm.TU.04.2019	
gene:evm.TU.04.1718	
gene:novel_gene_2959_5bd9a17a	
gene:novel_gene_2959_5bd9a17a	
gene:novel_gene_2959_5bd9a17a	
gene:evm.TU.07.649	
gene:evm.TU.01.1145	
gene:novel_gene_3863_5bd9a17a	
gene:novel_gene_3863_5bd9a17a	
gene:evm.TU.01.1162	
gene:evm.TU.01.1162	
gene:evm.TU.01.1162	
gene:evm.TU.01.1162	
gene:evm.TU.01.1162	
gene:evm.TU.01.1162	
gene:evm.TU.01.1162	
gene:evm.TU.01.1162	
gene:evm.TU.02.2344	
gene:evm.TU.07.309	
gene:evm.TU.08.1901	
gene:evm.TU.06.946	
gene:evm.TU.07.1828	
gene:evm.TU.07.1828	
gene:evm.TU.05.310	
gene:evm.TU.10.806	
gene:evm.TU.10.806	
gene:evm.TU.07.1710	
gene:evm.TU.07.1717	
gene:evm.TU.07.1718	
gene:evm.TU.07.1714	
gene:evm.TU.07.1711	
gene:evm.TU.07.1716	
gene:evm.TU.07.1712	
gene:evm.TU.07.171	
gene:evm.TU.07.1719	
gene:evm.TU.07.1713	
gene:evm.TU.07.1715	
gene:evm.TU.08.282	
gene:evm.TU.08.280	
gene:evm.TU.08.281	
gene:evm.TU.08.284	
gene:evm.TU.08.287	
gene:evm.TU.08.283	
gene:evm.TU.08.28	
gene:evm.TU.08.286	
gene:evm.TU.08.289	
gene:evm.TU.08.285	
gene:evm.TU.08.288	
gene:evm.TU.02.1443	
gene:evm.TU.03.1706	
gene:evm.TU.10.1841	
gene:evm.TU.06.1511	
gene:evm.TU.06.1746	
gene:evm.TU.08.1310	
gene:evm.TU.08.1649	
gene:evm.TU.06.1480	
gene:evm.TU.06.1480	
gene:evm.TU.06.1480	
gene:evm.TU.06.1806	
gene:evm.TU.09.1584	
gene:evm.TU.09.1586	
gene:evm.TU.09.1585	
gene:evm.TU.09.1583	
gene:evm.TU.09.1588	
gene:evm.TU.09.158	
gene:evm.TU.09.1581	
gene:evm.TU.09.1589	
gene:evm.TU.09.1587	
gene:evm.TU.09.1582	
gene:evm.TU.09.1580	
gene:evm.TU.02.3088	
gene:novel_gene_3392_5bd9a17a	
gene:evm.TU.01.879	
gene:novel_gene_1877_5bd9a17a	
gene:novel_gene_1877_5bd9a17a	
gene:novel_gene_1877_5bd9a17a	
gene:evm.TU.03.260	
gene:evm.TU.03.2022	
gene:evm.TU.07.1306	
gene:evm.TU.06.2064	
gene:evm.TU.02.1055	
gene:evm.TU.01.1443	
gene:evm.TU.01.1445	
gene:evm.TU.01.1442	
gene:evm.TU.01.1449	
gene:evm.TU.01.1440	
gene:evm.TU.01.1440	
gene:evm.TU.01.1440	
gene:evm.TU.01.1448	
gene:evm.TU.01.1447	
gene:evm.TU.01.1446	
gene:evm.TU.01.144	
gene:evm.TU.01.1441	
gene:evm.TU.01.1444	
gene:evm.TU.07.587	
gene:evm.TU.07.585	
gene:evm.TU.07.582	
gene:evm.TU.07.584	
gene:evm.TU.07.581	
gene:evm.TU.07.581	
gene:evm.TU.07.580	
gene:evm.TU.07.580	
gene:evm.TU.07.58	
gene:evm.TU.07.586	
gene:evm.TU.07.586	
gene:evm.TU.07.586	
gene:evm.TU.07.588	
gene:evm.TU.07.588	
gene:evm.TU.07.583	
gene:evm.TU.07.589	
gene:evm.TU.07.1736	
gene:evm.TU.07.1104	
gene:evm.TU.07.1104	
gene:evm.TU.07.1104	
gene:evm.TU.01.2088	
gene:evm.TU.08.723	
gene:evm.TU.06.916	
gene:evm.TU.01.1735	
gene:evm.TU.05.321	
gene:novel_gene_222_5bd9a17a	
gene:novel_gene_222_5bd9a17a	
gene:evm.TU.06.1909	
gene:novel_gene_1061_5bd9a17a	
gene:novel_gene_1061_5bd9a17a	
gene:evm.TU.10.1191_evm.TU.10.1192	
gene:evm.TU.10.1191_evm.TU.10.1192	
gene:evm.TU.10.1191_evm.TU.10.1192	
gene:evm.TU.10.1566	
gene:evm.TU.04.1217	
gene:evm.TU.04.1210	
gene:evm.TU.04.1219	
gene:evm.TU.04.1212	
gene:evm.TU.04.1218	
gene:evm.TU.04.1213	
gene:evm.TU.04.121	
gene:evm.TU.04.1215	
gene:evm.TU.04.1211	
gene:evm.TU.04.1211	
gene:evm.TU.04.1216	
gene:evm.TU.04.1214	
gene:evm.TU.01.2677	
gene:evm.TU.10.1274	
gene:evm.TU.03.1469	
gene:evm.TU.03.1466	
gene:evm.TU.03.1463	
gene:evm.TU.03.1460	
gene:evm.TU.03.1460	
gene:evm.TU.03.1460	
gene:evm.TU.03.1464	
gene:evm.TU.03.146	
gene:evm.TU.03.1462	
gene:evm.TU.03.1467	
gene:evm.TU.03.1468	
gene:evm.TU.03.1465	
gene:evm.TU.03.1461	
gene:evm.TU.10.2239	
gene:evm.TU.09.568	
gene:evm.TU.08.1966	
gene:evm.TU.04.1664	
gene:evm.TU.10.857	
gene:evm.TU.02.2656	
gene:evm.TU.10.2191	
gene:evm.TU.01.445	
gene:evm.TU.01.445	
gene:evm.TU.01.445	
gene:evm.TU.01.445	
gene:evm.TU.01.445	
gene:evm.TU.01.445	
gene:evm.TU.01.445	
gene:evm.TU.01.445	
gene:evm.TU.01.445	
gene:evm.TU.01.445	
gene:evm.TU.01.445	
gene:evm.TU.01.445	
gene:evm.TU.01.445	
gene:evm.TU.01.445	
gene:evm.TU.01.445	
gene:evm.TU.01.445	
gene:evm.TU.01.445	
gene:evm.TU.01.2970	
gene:novel_gene_2940_5bd9a17a	
gene:evm.TU.01.2569	
gene:evm.TU.01.2561	
gene:evm.TU.01.2565	
gene:evm.TU.01.2566	
gene:evm.TU.01.2564	
gene:evm.TU.01.2560	
gene:evm.TU.01.2567	
gene:evm.TU.01.2568	
gene:evm.TU.01.2562	
gene:evm.TU.01.256	
gene:evm.TU.01.2563	
gene:evm.TU.01.2563	
gene:evm.TU.01.2563	
gene:evm.TU.01.2563	
gene:evm.TU.05.520	
gene:evm.TU.05.523	
gene:evm.TU.05.522	
gene:evm.TU.05.526	
gene:evm.TU.05.52	
gene:evm.TU.05.529	
gene:evm.TU.05.529	
gene:evm.TU.05.525	
gene:evm.TU.05.524	
gene:evm.TU.05.521	
gene:evm.TU.05.527	
gene:evm.TU.05.528	
gene:evm.TU.04.2133	
gene:evm.TU.04.2139	
gene:evm.TU.04.2134	
gene:evm.TU.04.2132	
gene:evm.TU.04.213	
gene:evm.TU.04.2130	
gene:evm.TU.04.2135	
gene:evm.TU.04.2138	
gene:evm.TU.04.2131	
gene:evm.TU.04.2137	
gene:evm.TU.04.2136	
gene:novel_gene_3352_5bd9a17a	
gene:novel_gene_3352_5bd9a17a	
gene:novel_gene_3352_5bd9a17a	
gene:novel_gene_3352_5bd9a17a	
gene:evm.TU.10.1026	
gene:evm.TU.10.1026	
gene:evm.TU.10.1026	
gene:evm.TU.ctgX29.1	
gene:evm.TU.07.1617	
gene:evm.TU.02.3045	
gene:evm.TU.02.3217	
gene:evm.TU.05.1767	
gene:evm.TU.02.3035	
gene:evm.TU.ctgX3.15	
gene:evm.TU.ctgX3.15	
gene:evm.TU.ctgX3.15	
gene:evm.TU.02.2410	
gene:evm.TU.01.951	
gene:evm.TU.01.951	
gene:evm.TU.01.951	
gene:evm.TU.01.635	
gene:evm.TU.01.635	
gene:evm.TU.02.3279	
gene:novel_gene_685_5bd9a17a	
gene:novel_gene_685_5bd9a17a	
gene:novel_gene_685_5bd9a17a	
gene:novel_gene_685_5bd9a17a	
gene:novel_gene_685_5bd9a17a	
gene:evm.TU.08.1322	
gene:evm.TU.10.2049	
gene:evm.TU.10.2049	
gene:evm.TU.10.2049	
gene:novel_gene_3998_5bd9a17a	
gene:evm.TU.02.3099	
gene:evm.TU.02.705	
gene:evm.TU.01.1742	
gene:novel_gene_2841_5bd9a17a	
gene:evm.TU.05.356	
gene:evm.TU.05.356	
gene:evm.TU.05.356	
gene:evm.TU.05.356	
gene:evm.TU.05.356	
gene:evm.TU.05.356	
gene:evm.TU.05.356	
gene:evm.TU.05.356	
gene:evm.TU.05.356	
gene:evm.TU.02.3202	
gene:novel_gene_2235_5bd9a17a	
gene:novel_gene_2235_5bd9a17a	
gene:novel_gene_2235_5bd9a17a	
gene:novel_gene_2235_5bd9a17a	
gene:evm.TU.01.740	
gene:evm.TU.01.740	
gene:evm.TU.01.740	
gene:novel_gene_3841_5bd9a17a	
gene:novel_gene_3841_5bd9a17a	
gene:novel_gene_3841_5bd9a17a	
gene:evm.TU.01.1534	
gene:novel_gene_3475_5bd9a17a	
gene:evm.TU.03.119	
gene:evm.TU.03.1197	
gene:evm.TU.03.1193	
gene:evm.TU.03.1193	
gene:evm.TU.03.1193	
gene:evm.TU.03.1192	
gene:evm.TU.03.1198	
gene:evm.TU.03.1190	
gene:evm.TU.03.119	
gene:evm.TU.03.119	
gene:evm.TU.03.1196	
gene:evm.TU.03.1199	
gene:evm.TU.03.1195	
gene:evm.TU.03.1194	
gene:evm.TU.03.1191	
gene:evm.TU.08.1098	
gene:evm.TU.04.1133	
gene:evm.TU.04.1133	
gene:evm.TU.04.1133	
gene:evm.TU.04.1133	
gene:evm.TU.04.1133	
gene:novel_gene_2857_5bd9a17a	
gene:novel_gene_2857_5bd9a17a	
gene:novel_gene_2857_5bd9a17a	
gene:novel_gene_2857_5bd9a17a	
gene:evm.TU.02.2019	
gene:evm.TU.07.263	
gene:evm.TU.06.1911	
gene:evm.TU.05.322	
gene:evm.TU.05.327	
gene:evm.TU.05.325	
gene:evm.TU.05.326	
gene:evm.TU.05.323	
gene:evm.TU.05.324	
gene:evm.TU.05.320	
gene:evm.TU.05.328	
gene:evm.TU.05.321	
gene:evm.TU.05.329	
gene:evm.TU.05.32	
gene:evm.TU.03.1779	
gene:evm.TU.03.1779	
gene:evm.TU.03.1779	
gene:evm.TU.10.1846	
gene:evm.TU.02.63	
gene:evm.TU.02.639	
gene:evm.TU.02.631	
gene:evm.TU.02.633	
gene:evm.TU.02.630	
gene:evm.TU.02.63	
gene:evm.TU.02.63	
gene:evm.TU.02.637	
gene:evm.TU.02.632	
gene:evm.TU.02.635	
gene:evm.TU.02.638	
gene:evm.TU.02.634	
gene:evm.TU.02.636	
gene:evm.TU.10.1288	
gene:evm.TU.02.1007	
gene:evm.TU.02.1007	
gene:evm.TU.02.1007	
gene:evm.TU.02.1007	
gene:evm.TU.02.1007	
gene:evm.TU.02.1007	
gene:evm.TU.02.1007	
gene:evm.TU.04.1447	
gene:evm.TU.04.1447	
gene:evm.TU.04.1447	
gene:evm.TU.04.1447	
gene:evm.TU.04.1447	
gene:evm.TU.04.1447	
gene:evm.TU.04.1447	
gene:evm.TU.06.2152	
gene:evm.TU.06.2152	
gene:evm.TU.06.2152	
gene:evm.TU.06.2152	
gene:evm.TU.06.2152	
gene:evm.TU.06.2152	
gene:evm.TU.06.2152	
gene:evm.TU.04.2012	
gene:evm.TU.01.1731	
gene:evm.TU.01.1731	
gene:evm.TU.01.1731	
gene:evm.TU.10.1930	
gene:evm.TU.09.1676	
gene:novel_gene_1114_5bd9a17a	
gene:novel_gene_183_5bd9a17a	
gene:evm.TU.02.2831	
gene:evm.TU.02.2831	
gene:evm.TU.02.2831	
gene:evm.TU.02.2831	
gene:evm.TU.02.2831	
gene:evm.TU.03.1075	
gene:evm.TU.03.1075	
gene:evm.TU.03.1075	
gene:evm.TU.01.1963	
gene:evm.TU.01.1966	
gene:evm.TU.01.1965	
gene:evm.TU.01.1967	
gene:evm.TU.01.1964	
gene:evm.TU.01.1961	
gene:evm.TU.01.196	
gene:evm.TU.01.1969	
gene:evm.TU.01.1968	
gene:evm.TU.01.1960	
gene:evm.TU.01.1962	
gene:evm.TU.09.998	
gene:evm.TU.10.2274	
gene:evm.TU.10.2274	
gene:evm.TU.10.2274	
gene:evm.TU.10.2274	
gene:evm.TU.10.2274	
gene:evm.TU.09.1538	
gene:evm.TU.02.2291	
gene:evm.TU.02.2282	
gene:evm.TU.07.1304	
gene:evm.TU.08.299	
gene:evm.TU.09.233	
gene:evm.TU.10.535	
gene:evm.TU.10.1413	
gene:evm.TU.10.317	
gene:evm.TU.03.789	
gene:evm.TU.05.1934	
gene:evm.TU.04.2446	
gene:evm.TU.08.1108	
gene:evm.TU.08.1103	
gene:evm.TU.08.1107	
gene:evm.TU.08.1109	
gene:evm.TU.08.1101	
gene:evm.TU.08.110	
gene:evm.TU.08.1102	
gene:evm.TU.08.1100	
gene:evm.TU.08.1105	
gene:evm.TU.08.1104	
gene:evm.TU.08.1106	
gene:evm.TU.10.404	
gene:evm.TU.10.404	
gene:evm.TU.10.404	
gene:evm.TU.10.404	
gene:evm.TU.10.404	
gene:evm.TU.08.1089	
gene:evm.TU.08.305	
gene:novel_gene_2127_5bd9a17a	
gene:evm.TU.02.3031	
gene:novel_gene_549_5bda875f	
gene:evm.TU.06.550	
gene:evm.TU.06.1154	
gene:evm.TU.07.367	
gene:evm.TU.04.1774	
gene:evm.TU.04.1774	
gene:evm.TU.04.1774	
gene:evm.TU.04.1774	
gene:evm.TU.04.1774	
gene:evm.TU.04.1774	
gene:evm.TU.04.1774	
gene:evm.TU.04.1774	
gene:evm.TU.04.1774	
gene:evm.TU.04.1774	
gene:evm.TU.04.1774	
gene:evm.TU.04.1774	
gene:evm.TU.04.1774	
gene:evm.TU.06.956	
gene:evm.TU.02.2419	
gene:novel_gene_3942_5bd9a17a	
gene:novel_gene_3942_5bd9a17a	
gene:evm.TU.02.2043	
gene:evm.TU.02.2043	
gene:evm.TU.02.2043	
gene:evm.TU.07.1765	
gene:evm.TU.07.993	
gene:evm.TU.02.930	
gene:evm.TU.02.930	
gene:evm.TU.02.930	
gene:evm.TU.02.930	
gene:evm.TU.02.930	
gene:evm.TU.02.930	
gene:evm.TU.02.930	
gene:evm.TU.02.930	
gene:evm.TU.02.930	
gene:evm.TU.02.930	
gene:evm.TU.02.930	
gene:evm.TU.02.930	
gene:evm.TU.02.930	
gene:evm.TU.04.327	
gene:evm.TU.10.1562	
gene:evm.TU.05.1254	
gene:evm.TU.06.1866	
gene:evm.TU.07.1708	
gene:evm.TU.03.337	
gene:novel_gene_2039_5bd9a17a	
gene:novel_gene_634_5bd9a17a	
gene:novel_gene_634_5bd9a17a	
gene:novel_gene_1521_5bd9a17a	
gene:novel_gene_1521_5bd9a17a	
gene:novel_gene_1521_5bd9a17a	
gene:evm.TU.03.652	
gene:evm.TU.10.1894	
gene:evm.TU.05.1815	
gene:evm.TU.05.1815	
gene:evm.TU.05.1815	
gene:evm.TU.05.1815	
gene:evm.TU.05.1815	
gene:evm.TU.06.1725	
gene:evm.TU.06.1725	
gene:evm.TU.06.1725	
gene:evm.TU.06.1725	
gene:evm.TU.06.1725	
gene:evm.TU.06.1725	
gene:evm.TU.06.1725	
gene:evm.TU.06.1725	
gene:evm.TU.06.1725	
gene:evm.TU.06.1725	
gene:evm.TU.06.1725	
gene:evm.TU.06.1725	
gene:evm.TU.08.524	
gene:evm.TU.08.836	
gene:evm.TU.08.836	
gene:evm.TU.08.836	
gene:evm.TU.02.1177	
gene:evm.TU.01.2121	
gene:evm.TU.01.2121	
gene:evm.TU.01.2121	
gene:evm.TU.01.2121	
gene:evm.TU.01.2121	
gene:evm.TU.01.2121	
gene:evm.TU.01.2121	
gene:evm.TU.02.3234	
gene:evm.TU.06.2123	
gene:evm.TU.06.2123	
gene:evm.TU.06.2123	
gene:evm.TU.01.418	
gene:novel_gene_3408_5bd9a17a	
gene:evm.TU.10.534	
gene:evm.TU.06.470	
gene:evm.TU.06.471	
gene:evm.TU.06.471	
gene:evm.TU.06.471	
gene:evm.TU.06.471	
gene:evm.TU.06.476	
gene:evm.TU.06.477	
gene:evm.TU.06.47	
gene:evm.TU.06.474	
gene:evm.TU.06.478	
gene:evm.TU.06.479	
gene:evm.TU.06.473	
gene:evm.TU.06.472	
gene:evm.TU.06.475	
gene:novel_gene_94_5bd9a17a	
gene:evm.TU.10.1756	
gene:evm.TU.03.448	
gene:evm.TU.01.2857	
gene:novel_gene_622_5bd9a17a	
gene:novel_gene_622_5bd9a17a	
gene:novel_gene_622_5bd9a17a	
gene:evm.TU.02.2570	
gene:novel_gene_2354_5bd9a17a	
gene:evm.TU.10.1567	
gene:evm.TU.07.819	
gene:evm.TU.07.819	
gene:evm.TU.07.819	
gene:evm.TU.05.1347	
gene:evm.TU.02.3208	
gene:novel_gene_3305_5bd9a17a	
gene:novel_gene_3305_5bd9a17a	
gene:novel_gene_3305_5bd9a17a	
gene:novel_gene_3305_5bd9a17a	
gene:novel_gene_3305_5bd9a17a	
gene:evm.TU.06.782	
gene:evm.TU.10.814	
gene:evm.TU.06.1439	
gene:novel_gene_1501_5bd9a17a	
gene:novel_gene_1501_5bd9a17a	
gene:evm.TU.04.984	
gene:evm.TU.10.2115	
gene:evm.TU.10.2115	
gene:evm.TU.10.2115	
gene:evm.TU.10.2115	
gene:evm.TU.10.2115	
gene:evm.TU.06.2139	
gene:evm.TU.07.331	
gene:evm.TU.03.1530	
gene:evm.TU.03.1530	
gene:evm.TU.03.1530	
gene:evm.TU.03.1530	
gene:evm.TU.03.1530	
gene:evm.TU.10.1928	
gene:evm.TU.04.1110	
gene:evm.TU.04.1197	
gene:evm.TU.04.1106	
gene:evm.TU.04.1106	
gene:evm.TU.04.1106	
gene:evm.TU.04.1106	
gene:evm.TU.04.1106	
gene:evm.TU.04.1180	
gene:evm.TU.04.1155	
gene:evm.TU.04.1111	
gene:evm.TU.04.1132	
gene:evm.TU.04.116	
gene:evm.TU.04.1183	
gene:evm.TU.04.1148	
gene:evm.TU.04.1125	
gene:evm.TU.04.1125	
gene:evm.TU.04.1125	
gene:evm.TU.04.1136	
gene:evm.TU.04.1153	
gene:evm.TU.04.1185	
gene:evm.TU.04.1114	
gene:evm.TU.04.1114	
gene:evm.TU.04.1171	
gene:evm.TU.04.1166	
gene:evm.TU.04.1140	
gene:evm.TU.04.1140	
gene:evm.TU.04.1140	
gene:evm.TU.04.1187	
gene:evm.TU.04.1159	
gene:evm.TU.04.1188	
gene:evm.TU.04.1172	
gene:evm.TU.04.1158	
gene:evm.TU.04.1199	
gene:evm.TU.04.1199	
gene:evm.TU.04.1199	
gene:evm.TU.04.1199	
gene:evm.TU.04.1100	
gene:evm.TU.04.1150	
gene:evm.TU.04.1184	
gene:evm.TU.04.1168	
gene:evm.TU.04.1168	
gene:evm.TU.04.1168	
gene:evm.TU.04.1168	
gene:evm.TU.04.1168	
gene:evm.TU.04.1113	
gene:evm.TU.04.1118	
gene:evm.TU.04.1118	
gene:evm.TU.04.1118	
gene:evm.TU.04.1118	
gene:evm.TU.04.1118	
gene:evm.TU.04.1118	
gene:evm.TU.04.1118	
gene:evm.TU.04.1195	
gene:evm.TU.04.117	
gene:evm.TU.04.1103	
gene:evm.TU.04.1177	
gene:evm.TU.04.1117	
gene:evm.TU.04.1182	
gene:evm.TU.04.1119	
gene:evm.TU.04.1138	
gene:evm.TU.04.1173	
gene:evm.TU.04.1173	
gene:evm.TU.04.1173	
gene:evm.TU.04.1108	
gene:evm.TU.04.1181	
gene:evm.TU.04.1130	
gene:evm.TU.04.1147	
gene:evm.TU.04.114	
gene:evm.TU.04.1112	
gene:evm.TU.04.1112	
gene:evm.TU.04.1193	
gene:evm.TU.04.1122	
gene:evm.TU.04.119	
gene:evm.TU.04.112	
gene:evm.TU.04.1144	
gene:evm.TU.04.1176	
gene:evm.TU.04.1104	
gene:evm.TU.04.1151	
gene:evm.TU.04.1161	
gene:evm.TU.04.1162	
gene:evm.TU.04.1162	
gene:evm.TU.04.1145	
gene:evm.TU.04.1134	
gene:evm.TU.04.1146	
gene:evm.TU.04.1105	
gene:evm.TU.04.1120	
gene:evm.TU.04.1127	
gene:evm.TU.04.113	
gene:evm.TU.04.1123	
gene:evm.TU.04.1116	
gene:evm.TU.04.1116	
gene:evm.TU.04.1116	
gene:evm.TU.04.1186	
gene:evm.TU.04.1186	
gene:evm.TU.04.1186	
gene:evm.TU.04.1186	
gene:evm.TU.04.1164	
gene:evm.TU.04.1131	
gene:evm.TU.04.1131	
gene:evm.TU.04.115	
gene:evm.TU.04.1192	
gene:evm.TU.04.1192	
gene:evm.TU.04.1192	
gene:evm.TU.04.1192	
gene:evm.TU.04.1126	
gene:evm.TU.04.1160	
gene:evm.TU.04.1133	
gene:evm.TU.04.1133	
gene:evm.TU.04.1133	
gene:evm.TU.04.11	
gene:evm.TU.04.1149	
gene:evm.TU.04.1149	
gene:evm.TU.04.1175	
gene:evm.TU.04.1189	
gene:evm.TU.04.1170	
gene:evm.TU.04.1142	
gene:evm.TU.04.110	
gene:evm.TU.04.118	
gene:evm.TU.04.1124	
gene:evm.TU.04.1135	
gene:evm.TU.04.111	
gene:evm.TU.04.1165	
gene:evm.TU.04.1165	
gene:evm.TU.04.1165	
gene:evm.TU.04.1165	
gene:evm.TU.04.1101	
gene:evm.TU.04.1167	
gene:evm.TU.04.1121	
gene:evm.TU.04.1152	
gene:evm.TU.04.1154	
gene:evm.TU.04.1102	
gene:evm.TU.04.1102	
gene:evm.TU.04.1102	
gene:evm.TU.04.1157	
gene:evm.TU.04.1141	
gene:evm.TU.04.1163	
gene:evm.TU.04.1143	
gene:evm.TU.04.1143	
gene:evm.TU.04.1143	
gene:evm.TU.04.1143	
gene:evm.TU.04.1143	
gene:evm.TU.04.1143	
gene:evm.TU.04.1143	
gene:evm.TU.04.1115	
gene:evm.TU.04.1156	
gene:evm.TU.04.1190	
gene:evm.TU.04.1129	
gene:evm.TU.04.1169	
gene:evm.TU.04.1128	
gene:evm.TU.04.1174	
gene:evm.TU.04.1196	
gene:evm.TU.04.1198	
gene:evm.TU.04.1139	
gene:evm.TU.04.1194	
gene:evm.TU.04.1137	
gene:evm.TU.04.1109	
gene:evm.TU.04.1109	
gene:evm.TU.04.1191	
gene:evm.TU.04.1178	
gene:evm.TU.04.1107	
gene:evm.TU.04.1179	
gene:novel_gene_3056_5bd9a17a	
gene:novel_gene_3056_5bd9a17a	
gene:evm.TU.08.936	
gene:evm.TU.08.936	
gene:evm.TU.08.936	
gene:evm.TU.08.1699	
gene:evm.TU.09.1211	
gene:evm.TU.01.626	
gene:evm.TU.01.626	
gene:evm.TU.01.626	
gene:evm.TU.01.626	
gene:evm.TU.01.626	
gene:evm.TU.01.626	
gene:evm.TU.01.626	
gene:evm.TU.08.715	
gene:evm.TU.03.1602	
gene:evm.TU.03.1602	
gene:evm.TU.03.1602	
gene:evm.TU.10.1704	
gene:novel_gene_620_5bd9a17a	
gene:evm.TU.02.646	
gene:evm.TU.07.540	
gene:evm.TU.07.545	
gene:evm.TU.07.549	
gene:evm.TU.07.542	
gene:evm.TU.07.54	
gene:evm.TU.07.546	
gene:evm.TU.07.543	
gene:evm.TU.07.544	
gene:evm.TU.07.548	
gene:evm.TU.07.541	
gene:evm.TU.07.547	
gene:evm.TU.10.2268	
gene:evm.TU.10.2265	
gene:evm.TU.10.2263	
gene:evm.TU.10.2260	
gene:evm.TU.10.2269	
gene:evm.TU.10.2269	
gene:evm.TU.10.2269	
gene:evm.TU.10.2269	
gene:evm.TU.10.226	
gene:evm.TU.10.2267	
gene:evm.TU.10.2262	
gene:evm.TU.10.2266	
gene:evm.TU.10.2261	
gene:evm.TU.10.2264	
gene:evm.TU.01.569	
gene:evm.TU.01.569	
gene:evm.TU.01.569	
gene:evm.TU.01.569	
gene:evm.TU.01.569	
gene:evm.TU.05.1606	
gene:evm.TU.09.899	
gene:novel_gene_3255_5bd9a17a	
gene:evm.TU.10.1462	
gene:evm.TU.09.1541	
gene:evm.TU.02.1678	
gene:novel_gene_686_5bd9a17a	
gene:evm.TU.02.2530	
gene:evm.TU.03.1731	
gene:evm.TU.10.501	
gene:evm.TU.09.550	
gene:evm.TU.09.559	
gene:evm.TU.09.556	
gene:evm.TU.09.552	
gene:evm.TU.09.554	
gene:evm.TU.09.558	
gene:evm.TU.09.55	
gene:evm.TU.09.555	
gene:evm.TU.09.551	
gene:evm.TU.09.553	
gene:evm.TU.09.557	
gene:novel_gene_3446_5bd9a17a	
gene:evm.TU.10.1269	
gene:evm.TU.01.655	
gene:novel_gene_3970_5bd9a17a	
gene:evm.TU.07.1123	
gene:evm.TU.07.1121	
gene:evm.TU.07.1122	
gene:evm.TU.07.1120	
gene:evm.TU.07.1126	
gene:evm.TU.07.112	
gene:evm.TU.07.1128	
gene:evm.TU.07.1127	
gene:evm.TU.07.1127	
gene:evm.TU.07.1125	
gene:evm.TU.07.1124	
gene:evm.TU.07.1129	
gene:novel_gene_1097_5bd9a17a	
gene:novel_gene_2887_5bd9a17a	
gene:novel_gene_2887_5bd9a17a	
gene:evm.TU.04.869	
gene:evm.TU.06.1299	
gene:evm.TU.06.1299	
gene:evm.TU.06.1299	
gene:evm.TU.06.1299	
gene:evm.TU.06.1299	
gene:evm.TU.08.1965	
gene:evm.TU.02.2221	
gene:evm.TU.02.2990	
gene:evm.TU.07.1787	
gene:novel_gene_3844_5bd9a17a	
gene:evm.TU.09.417	
gene:evm.TU.09.173	
gene:evm.TU.04.434	
gene:evm.TU.04.433	
gene:evm.TU.04.439	
gene:evm.TU.04.436	
gene:evm.TU.04.431	
gene:evm.TU.04.437	
gene:evm.TU.04.43	
gene:evm.TU.04.430	
gene:evm.TU.04.438	
gene:evm.TU.04.438	
gene:evm.TU.04.432	
gene:evm.TU.04.435	
gene:novel_gene_838_5bd9a17a_novel_gene_839_5bd9a17a	
gene:evm.TU.09.674	
gene:evm.TU.05.2132	
gene:evm.TU.04.876	
gene:evm.TU.04.878	
gene:evm.TU.04.873	
gene:evm.TU.04.875	
gene:evm.TU.04.875	
gene:evm.TU.04.875	
gene:evm.TU.04.870	
gene:evm.TU.04.87	
gene:evm.TU.04.877	
gene:evm.TU.04.871	
gene:evm.TU.04.872	
gene:evm.TU.04.874	
gene:evm.TU.04.879	
gene:evm.TU.06.793	
gene:evm.TU.01.323	
gene:evm.TU.01.323	
gene:evm.TU.01.323	
gene:novel_gene_3383_5bd9a17a	
gene:novel_gene_3383_5bd9a17a	
gene:novel_gene_3383_5bd9a17a	
gene:evm.TU.02.2058	
gene:evm.TU.03.1725	
gene:evm.TU.07.1217	
gene:evm.TU.04.877	
gene:novel_gene_3047_5bd9a17a	
gene:novel_gene_3047_5bd9a17a	
gene:novel_gene_3047_5bd9a17a	
gene:novel_gene_3047_5bd9a17a	
gene:evm.TU.06.1752	
gene:evm.TU.10.772	
gene:evm.TU.03.363	
gene:evm.TU.03.363	
gene:evm.TU.03.363	
gene:novel_gene_2059_5bd9a17a	
gene:evm.TU.05.1827	
gene:novel_gene_3345_5bd9a17a	
gene:evm.TU.08.1733	
gene:evm.TU.06.1324	
gene:evm.TU.02.1917	
gene:evm.TU.06.896	
gene:evm.TU.02.3262	
gene:evm.TU.10.348	
gene:evm.TU.10.348	
gene:evm.TU.10.348	
gene:evm.TU.10.348	
gene:evm.TU.10.348	
gene:evm.TU.04.2286	
gene:evm.TU.10.1724	
gene:evm.TU.06.925	
gene:evm.TU.06.925	
gene:evm.TU.06.925	
gene:novel_gene_3148_5bd9a17a	
gene:evm.TU.08.429	
gene:evm.TU.07.733	
gene:evm.TU.07.737	
gene:evm.TU.07.732	
gene:evm.TU.07.734	
gene:evm.TU.07.734	
gene:evm.TU.07.736	
gene:evm.TU.07.735	
gene:evm.TU.07.73	
gene:evm.TU.07.738	
gene:evm.TU.07.739	
gene:evm.TU.07.739	
gene:evm.TU.07.730	
gene:evm.TU.07.731	
gene:evm.TU.10.1793	
gene:evm.TU.09.1558	
gene:evm.TU.03.595	
gene:evm.TU.03.592	
gene:evm.TU.03.593	
gene:evm.TU.03.599	
gene:evm.TU.03.590	
gene:evm.TU.03.597	
gene:evm.TU.03.591	
gene:evm.TU.03.59	
gene:evm.TU.03.596	
gene:evm.TU.03.594	
gene:evm.TU.03.598	
gene:evm.TU.03.934	
gene:novel_gene_2599_5bd9a17a	
gene:novel_gene_2599_5bd9a17a	
gene:evm.TU.04.1919	
gene:evm.TU.01.1798	
gene:evm.TU.01.1798	
gene:evm.TU.01.1798	
gene:novel_gene_566_5bd9a17a	
gene:evm.TU.02.2119	
gene:evm.TU.09.232	
gene:evm.TU.08.907	
gene:evm.TU.08.909	
gene:evm.TU.08.900	
gene:evm.TU.08.906	
gene:evm.TU.08.905	
gene:evm.TU.08.904	
gene:evm.TU.08.90	
gene:evm.TU.08.901	
gene:evm.TU.08.903	
gene:evm.TU.08.908	
gene:evm.TU.08.902	
gene:novel_gene_832_5bd9a17a	
gene:novel_gene_2187_5bd9a17a	
gene:novel_gene_2187_5bd9a17a	
gene:novel_gene_2187_5bd9a17a	
gene:novel_gene_3186_5bd9a17a	
gene:novel_gene_3186_5bd9a17a	
gene:evm.TU.07.1724	
gene:evm.TU.ctgX21.2	
gene:evm.TU.ctgX21.2	
gene:evm.TU.ctgX21.2	
gene:evm.TU.07.1901	
gene:evm.TU.03.1045	
gene:evm.TU.03.1045	
gene:evm.TU.03.1045	
gene:evm.TU.03.2051	
gene:evm.TU.03.2051	
gene:evm.TU.03.2051	
gene:evm.TU.08.1763	
gene:evm.TU.02.1638	
gene:evm.TU.06.979	
gene:evm.TU.06.979	
gene:evm.TU.06.979	
gene:evm.TU.04.2266	
gene:evm.TU.07.1859	
gene:evm.TU.07.1855	
gene:evm.TU.07.1850	
gene:evm.TU.07.1851	
gene:evm.TU.07.1852	
gene:evm.TU.07.1854	
gene:evm.TU.07.185	
gene:evm.TU.07.1857	
gene:evm.TU.07.1858	
gene:evm.TU.07.1853	
gene:evm.TU.07.1856	
gene:novel_gene_116_5bd9a17a	
gene:evm.TU.02.2877	
gene:evm.TU.06.2045	
gene:evm.TU.06.1900	
gene:evm.TU.06.1900	
gene:evm.TU.02.2713	
gene:evm.TU.06.1890	
gene:evm.TU.10.1544	
gene:evm.TU.02.2370	
gene:novel_gene_2320_5bd9a17a	
gene:evm.TU.02.1909	
gene:evm.TU.07.1704	
gene:evm.TU.02.624	
gene:evm.TU.07.513	
gene:evm.TU.03.1011	
gene:evm.TU.10.496	
gene:novel_gene_1551_5bd9a17a	
gene:novel_gene_1551_5bd9a17a	
gene:novel_gene_1551_5bd9a17a	
gene:novel_gene_1551_5bd9a17a	
gene:evm.TU.06.1878	
gene:evm.TU.05.2095	
gene:evm.TU.02.1046	
gene:evm.TU.02.1046	
gene:evm.TU.02.1046	
gene:evm.TU.02.2642	
gene:evm.TU.05.1586	
gene:evm.TU.01.976	
gene:evm.TU.01.755	
gene:evm.TU.01.755	
gene:evm.TU.01.755	
gene:evm.TU.01.755	
gene:evm.TU.01.755	
gene:evm.TU.01.755	
gene:evm.TU.01.755	
gene:evm.TU.01.755	
gene:evm.TU.01.755	
gene:evm.TU.04.1846	
gene:evm.TU.04.2040	
gene:evm.TU.01.2447	
gene:evm.TU.07.205	
gene:evm.TU.06.2104	
gene:evm.TU.04.2375	
gene:evm.TU.06.1812	
gene:evm.TU.02.2986	
gene:evm.TU.02.1598	
gene:evm.TU.05.291	
gene:evm.TU.07.1128	
gene:evm.TU.07.409	
gene:evm.TU.07.408	
gene:evm.TU.07.405	
gene:evm.TU.07.401	
gene:evm.TU.07.400	
gene:evm.TU.07.406	
gene:evm.TU.07.403	
gene:evm.TU.07.40	
gene:evm.TU.07.40	
gene:evm.TU.07.407	
gene:evm.TU.07.402	
gene:evm.TU.07.404	
gene:evm.TU.07.40	
gene:evm.TU.03.317	
gene:evm.TU.06.852	
gene:evm.TU.05.1737	
gene:evm.TU.02.2756	
gene:evm.TU.02.494	
gene:evm.TU.02.494	
gene:evm.TU.02.494	
gene:evm.TU.02.494	
gene:evm.TU.02.494	
gene:evm.TU.02.1986	
gene:evm.TU.02.2641	
gene:evm.TU.02.2649	
gene:evm.TU.02.2640	
gene:evm.TU.02.2644	
gene:evm.TU.02.2643	
gene:evm.TU.02.2647	
gene:evm.TU.02.2646	
gene:evm.TU.02.2642	
gene:evm.TU.02.264	
gene:evm.TU.02.2645	
gene:evm.TU.02.2648	
gene:evm.TU.01.1426	
gene:evm.TU.01.1426	
gene:evm.TU.01.1426	
gene:novel_gene_141_5bd9a17a	
gene:novel_gene_141_5bd9a17a	
gene:novel_gene_141_5bd9a17a	
gene:novel_gene_141_5bd9a17a	
gene:evm.TU.04.349	
gene:evm.TU.06.1584	
gene:evm.TU.06.1584	
gene:evm.TU.06.1584	
gene:evm.TU.06.1584	
gene:evm.TU.06.1584	
gene:evm.TU.06.1584	
gene:evm.TU.06.1584	
gene:evm.TU.06.1584	
gene:evm.TU.06.1584	
gene:evm.TU.06.1584	
gene:evm.TU.01.1833	
gene:evm.TU.10.1205	
gene:evm.TU.08.1223	
gene:evm.TU.08.1224	
gene:evm.TU.08.1220	
gene:evm.TU.08.1227	
gene:evm.TU.08.1228	
gene:evm.TU.08.1222	
gene:evm.TU.08.1221	
gene:evm.TU.08.122	
gene:evm.TU.08.1226	
gene:evm.TU.08.1225	
gene:evm.TU.08.1229	
gene:evm.TU.02.632	
gene:novel_gene_2194_5bd9a17a	
gene:novel_gene_2194_5bd9a17a	
gene:evm.TU.05.563	
gene:evm.TU.10.1975	
gene:evm.TU.07.1447	
gene:evm.TU.07.1443	
gene:evm.TU.07.1440	
gene:evm.TU.07.1444	
gene:evm.TU.07.1449	
gene:evm.TU.07.1448	
gene:evm.TU.07.144	
gene:evm.TU.07.1441	
gene:evm.TU.07.1446	
gene:evm.TU.07.1442	
gene:evm.TU.07.1445	
gene:evm.TU.08.809	
gene:evm.TU.05.769	
gene:evm.TU.06.327	
gene:evm.TU.04.1110	
gene:evm.TU.04.1111	
gene:evm.TU.04.1114	
gene:evm.TU.04.1114	
gene:evm.TU.04.1113	
gene:evm.TU.04.1118	
gene:evm.TU.04.1118	
gene:evm.TU.04.1118	
gene:evm.TU.04.1118	
gene:evm.TU.04.1118	
gene:evm.TU.04.1118	
gene:evm.TU.04.1118	
gene:evm.TU.04.1117	
gene:evm.TU.04.1119	
gene:evm.TU.04.1112	
gene:evm.TU.04.1112	
gene:evm.TU.04.1116	
gene:evm.TU.04.1116	
gene:evm.TU.04.1116	
gene:evm.TU.04.111	
gene:evm.TU.04.1115	
gene:novel_gene_3388_5bd9a17a	
gene:evm.TU.09.1654	
gene:evm.TU.09.1650	
gene:evm.TU.09.1658	
gene:evm.TU.09.1659	
gene:evm.TU.09.1657	
gene:evm.TU.09.1653	
gene:evm.TU.09.165	
gene:evm.TU.09.1652	
gene:evm.TU.09.1656	
gene:evm.TU.09.1655	
gene:evm.TU.09.1651	
gene:evm.TU.10.1074	
gene:evm.TU.10.1074	
gene:evm.TU.10.1074	
gene:novel_gene_1593_5bd9a17a	
gene:evm.TU.05.816	
gene:evm.TU.09.702	
gene:evm.TU.06.1022	
gene:novel_gene_2521_5bd9a17a	
gene:evm.TU.09.442	
gene:novel_gene_3036_5bd9a17a	
gene:evm.TU.03.1100	
gene:evm.TU.02.2891	
gene:evm.TU.04.604	
gene:evm.TU.04.606	
gene:evm.TU.04.608	
gene:evm.TU.04.609	
gene:evm.TU.04.602	
gene:evm.TU.04.601	
gene:evm.TU.04.605	
gene:evm.TU.04.60	
gene:evm.TU.04.603	
gene:evm.TU.04.607	
gene:evm.TU.04.600	
gene:evm.TU.04.604	
gene:evm.TU.04.606	
gene:evm.TU.04.608	
gene:evm.TU.04.609	
gene:evm.TU.04.602	
gene:evm.TU.04.601	
gene:evm.TU.04.605	
gene:evm.TU.04.60	
gene:evm.TU.04.603	
gene:evm.TU.04.607	
gene:evm.TU.04.600	
gene:novel_gene_3878_5bd9a17a	
gene:novel_gene_3157_5bd9a17a	
gene:evm.TU.02.453	
gene:evm.TU.08.1304	
gene:novel_gene_2373_5bd9a17a	
gene:evm.TU.09.1251	
gene:evm.TU.07.1263	
gene:evm.TU.09.1458	
gene:evm.TU.09.1453	
gene:evm.TU.09.1455	
gene:evm.TU.09.1454	
gene:evm.TU.09.1451	
gene:evm.TU.09.1456	
gene:evm.TU.09.145	
gene:evm.TU.09.1457	
gene:evm.TU.09.1459	
gene:evm.TU.09.1452	
gene:evm.TU.09.1450	
gene:evm.TU.08.443	
gene:evm.TU.02.738	
gene:evm.TU.02.738	
gene:evm.TU.02.738	
gene:evm.TU.02.738	
gene:evm.TU.02.738	
gene:evm.TU.10.1804	
gene:evm.TU.10.1804	
gene:evm.TU.10.1804	
gene:evm.TU.02.1630	
gene:evm.TU.02.1630	
gene:evm.TU.02.1630	
gene:evm.TU.02.2143	
gene:evm.TU.07.1303	
gene:novel_gene_221_5bd9a17a	
gene:evm.TU.01.1269	
gene:evm.TU.08.405	
gene:novel_gene_82_5bd9a17a	
gene:evm.TU.06.690	
gene:evm.TU.05.1698	
gene:novel_gene_3068_5bd9a17a	
gene:evm.TU.01.2018	
gene:evm.TU.07.546	
gene:evm.TU.08.1278	
gene:evm.TU.08.1274	
gene:evm.TU.08.1279	
gene:evm.TU.08.1275	
gene:evm.TU.08.1277	
gene:evm.TU.08.1270	
gene:evm.TU.08.127	
gene:evm.TU.08.1273	
gene:evm.TU.08.1276	
gene:evm.TU.08.1271	
gene:evm.TU.08.1272	
gene:evm.TU.08.1278	
gene:evm.TU.08.1274	
gene:evm.TU.08.1279	
gene:evm.TU.08.1275	
gene:evm.TU.08.1277	
gene:evm.TU.08.1270	
gene:evm.TU.08.127	
gene:evm.TU.08.1273	
gene:evm.TU.08.1276	
gene:evm.TU.08.1271	
gene:evm.TU.08.1272	
gene:evm.TU.08.856	
gene:evm.TU.10.1262	
gene:evm.TU.03.559	
gene:evm.TU.07.1051	
gene:evm.TU.07.1051	
gene:evm.TU.07.1051	
gene:evm.TU.04.399	
gene:evm.TU.02.1924	
gene:evm.TU.06.519	
gene:evm.TU.06.519	
gene:evm.TU.06.519	
gene:evm.TU.06.973	
gene:evm.TU.10.1638	
gene:evm.TU.10.1637	
gene:evm.TU.10.1630	
gene:evm.TU.10.1633	
gene:evm.TU.10.1631	
gene:evm.TU.10.1634	
gene:evm.TU.10.1636	
gene:evm.TU.10.163	
gene:evm.TU.10.1639	
gene:evm.TU.10.1632	
gene:evm.TU.10.1635	
gene:evm.TU.07.645	
gene:evm.TU.07.643	
gene:evm.TU.07.640	
gene:evm.TU.07.648	
gene:evm.TU.07.648	
gene:evm.TU.07.649	
gene:evm.TU.07.642	
gene:evm.TU.07.644	
gene:evm.TU.07.641	
gene:evm.TU.07.64	
gene:evm.TU.07.647	
gene:evm.TU.07.646	
gene:novel_gene_3076_5bd9a17a	
gene:novel_gene_3865_5bd9a17a	
gene:evm.TU.05.1620	
gene:evm.TU.08.1170	
gene:evm.TU.02.519	
gene:evm.TU.02.510	
gene:evm.TU.02.517	
gene:evm.TU.02.513	
gene:evm.TU.02.518	
gene:evm.TU.02.514	
gene:evm.TU.02.511	
gene:evm.TU.02.51	
gene:evm.TU.02.516	
gene:evm.TU.02.512	
gene:evm.TU.02.515	
gene:novel_gene_2073_5bd9a17a	
gene:novel_gene_1446_5bd9a17a	
gene:novel_gene_1446_5bd9a17a	
gene:evm.TU.09.1384	
gene:evm.TU.09.1445	
gene:evm.TU.02.2865	
gene:evm.TU.10.257	
gene:evm.TU.10.257	
gene:evm.TU.10.257	
gene:evm.TU.10.257	
gene:evm.TU.10.257	
gene:evm.TU.10.257	
gene:evm.TU.10.257	
gene:evm.TU.10.257	
gene:evm.TU.10.257	
gene:evm.TU.10.257	
gene:evm.TU.10.257	
gene:evm.TU.10.257	
gene:evm.TU.10.257	
gene:evm.TU.10.257	
gene:evm.TU.10.257	
gene:evm.TU.10.257	
gene:evm.TU.10.257	
gene:evm.TU.10.257	
gene:evm.TU.10.257	
gene:evm.TU.10.257	
gene:evm.TU.10.257	
gene:evm.TU.10.257	
gene:evm.TU.10.257	
gene:evm.TU.10.257	
gene:evm.TU.10.257	
gene:evm.TU.10.257	
gene:evm.TU.10.257	
gene:evm.TU.10.257	
gene:evm.TU.10.257	
gene:evm.TU.06.432	
gene:evm.TU.10.599	
gene:evm.TU.06.516	
gene:evm.TU.05.1907	
gene:evm.TU.05.1907	
gene:evm.TU.05.1907	
gene:evm.TU.07.1699	
gene:evm.TU.10.1548	
gene:evm.TU.02.3175	
gene:evm.TU.02.2290	
gene:novel_gene_3018_5bd9a17a	
gene:novel_gene_3018_5bd9a17a	
gene:evm.TU.01.1019	
gene:evm.TU.06.1978	
gene:evm.TU.01.966	
gene:evm.TU.03.1430	
gene:evm.TU.06.995	
gene:evm.TU.02.2743	
gene:evm.TU.08.1614	
gene:novel_gene_131_5bd9a17a	
gene:novel_gene_428_5bd9a17a	
gene:novel_gene_3101_5bd9a17a	
gene:evm.TU.06.1143	
gene:evm.TU.06.1143	
gene:evm.TU.06.1143	
gene:evm.TU.06.2076	
gene:evm.TU.01.996_evm.TU.01.997	
gene:evm.TU.01.996_evm.TU.01.997	
gene:evm.TU.01.996_evm.TU.01.997	
gene:evm.TU.01.996_evm.TU.01.997	
gene:evm.TU.01.996_evm.TU.01.997	
gene:novel_gene_1554_5bd9a17a	
gene:novel_gene_1554_5bd9a17a	
gene:evm.TU.10.1703	
gene:evm.TU.10.1887	
gene:evm.TU.02.2351	
gene:evm.TU.05.505	
gene:evm.TU.05.505	
gene:evm.TU.05.505	
gene:evm.TU.01.816	
gene:evm.TU.09.1439	
gene:evm.TU.06.718	
gene:evm.TU.06.718	
gene:evm.TU.06.718	
gene:evm.TU.04.1035	
gene:evm.TU.04.1578	
gene:evm.TU.01.1661	
gene:evm.TU.08.419	
gene:evm.TU.08.417	
gene:evm.TU.08.411	
gene:evm.TU.08.410	
gene:evm.TU.08.413	
gene:evm.TU.08.412	
gene:evm.TU.08.415	
gene:evm.TU.08.418	
gene:evm.TU.08.414	
gene:evm.TU.08.41	
gene:evm.TU.08.416	
gene:novel_gene_58_5bda875f	
gene:evm.TU.02.3113	
gene:evm.TU.02.3113	
gene:novel_gene_970_5bd9a17a	
gene:evm.TU.09.1656	
gene:evm.TU.06.1715	
gene:evm.TU.03.434	
gene:evm.TU.08.1516	
gene:evm.TU.08.240	
gene:evm.TU.08.249	
gene:evm.TU.08.241	
gene:evm.TU.08.243	
gene:evm.TU.08.247	
gene:evm.TU.08.242	
gene:evm.TU.08.248	
gene:evm.TU.08.246	
gene:evm.TU.08.24	
gene:evm.TU.08.244	
gene:evm.TU.08.245	
gene:evm.TU.08.1060	
gene:evm.TU.10.369	
gene:evm.TU.01.1706	
gene:evm.TU.01.1706	
gene:evm.TU.01.1706	
gene:evm.TU.04.548	
gene:evm.TU.04.548	
gene:evm.TU.04.548	
gene:evm.TU.03.705	
gene:evm.TU.03.705	
gene:evm.TU.03.705	
gene:evm.TU.10.1334	
gene:novel_gene_1398_5bd9a17a	
gene:evm.TU.04.828	
gene:evm.TU.04.828	
gene:evm.TU.04.828	
gene:evm.TU.04.828	
gene:evm.TU.04.828	
gene:evm.TU.04.828	
gene:evm.TU.04.828	
gene:evm.TU.10.878	
gene:evm.TU.08.1613	
gene:evm.TU.02.2316	
gene:evm.TU.05.2056	
gene:evm.TU.03.979	
gene:evm.TU.01.850	
gene:evm.TU.07.1197	
gene:evm.TU.10.2212	
gene:evm.TU.06.1078	
gene:evm.TU.09.256	
gene:novel_gene_692_5bd9a17a	
gene:novel_gene_692_5bd9a17a	
gene:novel_gene_692_5bd9a17a	
gene:novel_gene_692_5bd9a17a	
gene:evm.TU.03.901	
gene:evm.TU.03.901	
gene:evm.TU.03.901	
gene:evm.TU.03.901	
gene:evm.TU.03.901	
gene:evm.TU.03.901	
gene:evm.TU.03.901	
gene:evm.TU.03.901	
gene:evm.TU.03.901	
gene:evm.TU.03.901	
gene:evm.TU.03.901	
gene:evm.TU.03.901	
gene:evm.TU.03.901	
gene:evm.TU.03.901	
gene:evm.TU.03.901	
gene:evm.TU.03.901	
gene:evm.TU.03.901	
gene:evm.TU.03.901	
gene:evm.TU.03.901	
gene:evm.TU.01.2834	
gene:evm.TU.01.2956	
gene:evm.TU.01.2956	
gene:evm.TU.01.2956	
gene:evm.TU.01.2956	
gene:evm.TU.01.2956	
gene:evm.TU.09.1689	
gene:evm.TU.02.2366	
gene:novel_gene_3936_5bd9a17a	
gene:evm.TU.10.872	
gene:evm.TU.10.872	
gene:evm.TU.10.872	
gene:evm.TU.02.3221	
gene:evm.TU.02.3229	
gene:evm.TU.02.3224	
gene:evm.TU.02.3226	
gene:evm.TU.02.3222	
gene:evm.TU.02.3220	
gene:evm.TU.02.3225	
gene:evm.TU.02.3227	
gene:evm.TU.02.3228	
gene:evm.TU.02.322	
gene:evm.TU.02.3223	
gene:evm.TU.04.592	
gene:evm.TU.10.1022	
gene:evm.TU.06.1391	
gene:evm.TU.07.1318	
gene:evm.TU.10.718	
gene:evm.TU.10.718	
gene:evm.TU.10.718	
gene:evm.TU.10.718	
gene:evm.TU.10.718	
gene:evm.TU.10.718	
gene:evm.TU.10.718	
gene:evm.TU.10.718	
gene:evm.TU.10.718	
gene:evm.TU.10.718	
gene:evm.TU.10.718	
gene:evm.TU.10.718	
gene:evm.TU.03.1581	
gene:evm.TU.03.1032	
gene:evm.TU.06.1889	
gene:evm.TU.05.1173	
gene:evm.TU.05.1173	
gene:evm.TU.05.1173	
gene:evm.TU.05.1173	
gene:evm.TU.05.1173	
gene:evm.TU.05.1173	
gene:evm.TU.07.1070	
gene:novel_gene_2606_5bd9a17a	
gene:evm.TU.05.1097	
gene:evm.TU.05.768	
gene:novel_gene_29_5bd9a17a	
gene:novel_gene_29_5bd9a17a	
gene:novel_gene_29_5bd9a17a	
gene:novel_gene_29_5bd9a17a	
gene:novel_gene_29_5bd9a17a	
gene:novel_gene_187_5bd9a17a	
gene:evm.TU.07.1780	
gene:evm.TU.03.2082	
gene:evm.TU.03.204	
gene:evm.TU.03.2092	
gene:evm.TU.03.2092	
gene:evm.TU.03.2092	
gene:evm.TU.03.2001	
gene:evm.TU.03.2001	
gene:evm.TU.03.2001	
gene:evm.TU.03.2019	
gene:evm.TU.03.2019	
gene:evm.TU.03.2013	
gene:evm.TU.03.2069	
gene:evm.TU.03.2015	
gene:evm.TU.03.2055	
gene:evm.TU.03.2006	
gene:evm.TU.03.2042	
gene:evm.TU.03.2036	
gene:evm.TU.03.2071	
gene:evm.TU.03.2093	
gene:evm.TU.03.2057	
gene:evm.TU.03.2083	
gene:evm.TU.03.2083	
gene:evm.TU.03.2004	
gene:evm.TU.03.2041	
gene:evm.TU.03.2041	
gene:evm.TU.03.2041	
gene:evm.TU.03.2041	
gene:evm.TU.03.2045	
gene:evm.TU.03.2029	
gene:evm.TU.03.2097	
gene:evm.TU.03.2097	
gene:evm.TU.03.2097	
gene:evm.TU.03.2097	
gene:evm.TU.03.2097	
gene:evm.TU.03.2097	
gene:evm.TU.03.2068	
gene:evm.TU.03.2040	
gene:evm.TU.03.2040	
gene:evm.TU.03.2075	
gene:evm.TU.03.2090	
gene:evm.TU.03.202	
gene:evm.TU.03.2096	
gene:evm.TU.03.2056	
gene:evm.TU.03.2038	
gene:evm.TU.03.2038	
gene:evm.TU.03.2084	
gene:evm.TU.03.2011	
gene:evm.TU.03.2032	
gene:evm.TU.03.2035	
gene:evm.TU.03.2035	
gene:evm.TU.03.2005	
gene:evm.TU.03.2021	
gene:evm.TU.03.2099	
gene:evm.TU.03.2099	
gene:evm.TU.03.2079	
gene:evm.TU.03.200	
gene:evm.TU.03.2002	
gene:evm.TU.03.2023	
gene:evm.TU.03.2050	
gene:evm.TU.03.2077	
gene:evm.TU.03.2078	
gene:evm.TU.03.2061	
gene:evm.TU.03.2039	
gene:evm.TU.03.2039	
gene:evm.TU.03.2039	
gene:evm.TU.03.2039	
gene:evm.TU.03.2074	
gene:evm.TU.03.2059	
gene:evm.TU.03.2043	
gene:evm.TU.03.2043	
gene:evm.TU.03.2025	
gene:evm.TU.03.2063	
gene:evm.TU.03.2063	
gene:evm.TU.03.2063	
gene:evm.TU.03.2063	
gene:evm.TU.03.2063	
gene:evm.TU.03.2063	
gene:evm.TU.03.2063	
gene:evm.TU.03.2063	
gene:evm.TU.03.2063	
gene:evm.TU.03.2063	
gene:evm.TU.03.2063	
gene:evm.TU.03.2058	
gene:evm.TU.03.2058	
gene:evm.TU.03.201	
gene:evm.TU.03.2095	
gene:evm.TU.03.206	
gene:evm.TU.03.2037	
gene:evm.TU.03.2037	
gene:evm.TU.03.2037	
gene:evm.TU.03.2008	
gene:evm.TU.03.2076	
gene:evm.TU.03.2086	
gene:evm.TU.03.2018	
gene:evm.TU.03.2000	
gene:evm.TU.03.2044	
gene:evm.TU.03.2044	
gene:evm.TU.03.209	
gene:evm.TU.03.209	
gene:evm.TU.03.2072	
gene:evm.TU.03.2072	
gene:evm.TU.03.2072	
gene:evm.TU.03.2072	
gene:evm.TU.03.2088	
gene:evm.TU.03.2080	
gene:evm.TU.03.2022	
gene:evm.TU.03.2048	
gene:evm.TU.03.2046	
gene:evm.TU.03.2031	
gene:evm.TU.03.2031	
gene:evm.TU.03.2031	
gene:evm.TU.03.2031	
gene:evm.TU.03.2031	
gene:evm.TU.03.2031	
gene:evm.TU.03.2081	
gene:evm.TU.03.2089	
gene:evm.TU.03.2070	
gene:evm.TU.03.2027	
gene:evm.TU.03.2051	
gene:evm.TU.03.2051	
gene:evm.TU.03.2010	
gene:evm.TU.03.2033	
gene:evm.TU.03.2033	
gene:evm.TU.03.208	
gene:evm.TU.03.2009	
gene:evm.TU.03.2017	
gene:evm.TU.03.2034	
gene:evm.TU.03.2016	
gene:evm.TU.03.2067	
gene:evm.TU.03.2003	
gene:evm.TU.03.2052	
gene:evm.TU.03.20	
gene:evm.TU.03.20	
gene:evm.TU.03.20	
gene:evm.TU.03.2066	
gene:evm.TU.03.2012	
gene:evm.TU.03.2049	
gene:evm.TU.03.2054	
gene:evm.TU.03.2085	
gene:evm.TU.03.2020	
gene:evm.TU.03.2091	
gene:evm.TU.03.2047	
gene:evm.TU.03.203	
gene:evm.TU.03.2062	
gene:evm.TU.03.2062	
gene:evm.TU.03.2062	
gene:evm.TU.03.2062	
gene:evm.TU.03.2062	
gene:evm.TU.03.2098	
gene:evm.TU.03.2007	
gene:evm.TU.03.2065	
gene:evm.TU.03.2065	
gene:evm.TU.03.2065	
gene:evm.TU.03.2065	
gene:evm.TU.03.2028	
gene:evm.TU.03.2053	
gene:evm.TU.03.2073	
gene:evm.TU.03.2060	
gene:evm.TU.03.2060	
gene:evm.TU.03.2014	
gene:evm.TU.03.2064	
gene:evm.TU.03.2024	
gene:evm.TU.03.207	
gene:evm.TU.03.205	
gene:evm.TU.03.2094	
gene:evm.TU.03.2030	
gene:evm.TU.03.2030	
gene:evm.TU.03.2026	
gene:evm.TU.03.2087	
gene:evm.TU.03.2087	
gene:evm.TU.03.2087	
gene:evm.TU.03.2087	
gene:evm.TU.03.2087	
gene:evm.TU.03.20	
gene:evm.TU.03.20	
gene:evm.TU.04.2050	
gene:evm.TU.02.3089	
gene:evm.TU.02.3080	
gene:evm.TU.02.3084	
gene:evm.TU.02.3087	
gene:evm.TU.02.3088	
gene:evm.TU.02.3086	
gene:evm.TU.02.308	
gene:evm.TU.02.3083	
gene:evm.TU.02.3082	
gene:evm.TU.02.3085	
gene:evm.TU.02.3081	
gene:evm.TU.02.3089	
gene:evm.TU.02.3080	
gene:evm.TU.02.3084	
gene:evm.TU.02.3087	
gene:evm.TU.02.3088	
gene:evm.TU.02.3086	
gene:evm.TU.02.308	
gene:evm.TU.02.3083	
gene:evm.TU.02.3082	
gene:evm.TU.02.3085	
gene:evm.TU.02.3081	
gene:evm.TU.01.1239	
gene:evm.TU.01.1231	
gene:evm.TU.01.1234	
gene:evm.TU.01.1235	
gene:evm.TU.01.1232	
gene:evm.TU.01.1237	
gene:evm.TU.01.123	
gene:evm.TU.01.1233	
gene:evm.TU.01.1238	
gene:evm.TU.01.1236	
gene:evm.TU.01.1230	
gene:evm.TU.06.1470	
gene:evm.TU.04.1685	
gene:novel_gene_1591_5bd9a17a	
gene:novel_gene_1591_5bd9a17a	
gene:novel_gene_1591_5bd9a17a	
gene:novel_gene_1591_5bd9a17a	
gene:novel_gene_1591_5bd9a17a	
gene:novel_gene_1591_5bd9a17a	
gene:novel_gene_1591_5bd9a17a	
gene:evm.TU.06.2131	
gene:evm.TU.02.1964	
gene:evm.TU.02.1962	
gene:evm.TU.02.1962	
gene:evm.TU.02.1965	
gene:evm.TU.02.1960	
gene:evm.TU.02.1966	
gene:evm.TU.02.1966	
gene:evm.TU.02.1966	
gene:evm.TU.02.1966	
gene:evm.TU.02.1969	
gene:evm.TU.02.1969	
gene:evm.TU.02.1968	
gene:evm.TU.02.1961	
gene:evm.TU.02.196	
gene:evm.TU.02.1963	
gene:evm.TU.02.1967	
gene:evm.TU.08.1092	
gene:evm.TU.03.1921	
gene:evm.TU.02.1111	
gene:evm.TU.08.606	
gene:evm.TU.07.1612	
gene:evm.TU.01.668	
gene:evm.TU.01.668	
gene:evm.TU.01.668	
gene:evm.TU.01.668	
gene:evm.TU.01.668	
gene:novel_gene_1085_5bd9a17a	
gene:evm.TU.06.345	
gene:evm.TU.04.2245	
gene:evm.TU.04.2242	
gene:evm.TU.04.2240	
gene:evm.TU.04.2246	
gene:evm.TU.04.2243	
gene:evm.TU.04.2247	
gene:evm.TU.04.2248	
gene:evm.TU.04.2244	
gene:evm.TU.04.2241	
gene:evm.TU.04.224	
gene:evm.TU.04.2249	
gene:evm.TU.10.2227	
gene:evm.TU.08.288	
gene:evm.TU.07.352	
gene:evm.TU.07.351	
gene:evm.TU.07.358	
gene:evm.TU.07.355	
gene:evm.TU.07.356	
gene:evm.TU.07.353	
gene:evm.TU.07.354	
gene:evm.TU.07.357	
gene:evm.TU.07.359	
gene:evm.TU.07.350	
gene:evm.TU.07.35	
gene:evm.TU.05.1061	
gene:evm.TU.04.1205	
gene:evm.TU.01.614	
gene:evm.TU.01.619	
gene:evm.TU.01.615	
gene:evm.TU.01.613	
gene:evm.TU.01.613	
gene:evm.TU.01.616	
gene:evm.TU.01.618	
gene:evm.TU.01.617	
gene:evm.TU.01.611	
gene:evm.TU.01.61	
gene:evm.TU.01.610	
gene:evm.TU.01.612	
gene:evm.TU.06.1710	
gene:evm.TU.02.2394	
gene:novel_gene_1967_5bd9a17a	
gene:novel_gene_1967_5bd9a17a	
gene:evm.TU.03.1308	
gene:evm.TU.03.1301	
gene:evm.TU.03.1303	
gene:evm.TU.03.1306	
gene:evm.TU.03.1304	
gene:evm.TU.03.1302	
gene:evm.TU.03.1309	
gene:evm.TU.03.1300	
gene:evm.TU.03.130	
gene:evm.TU.03.130	
gene:evm.TU.03.1307	
gene:evm.TU.03.1305	
gene:evm.TU.03.130	
gene:evm.TU.09.908	
gene:evm.TU.06.1816	
gene:evm.TU.06.1049	
gene:evm.TU.06.1049	
gene:evm.TU.06.1049	
gene:evm.TU.03.859	
gene:evm.TU.02.2036	
gene:evm.TU.01.2503	
gene:novel_gene_370_5bd9a17a	
gene:novel_gene_370_5bd9a17a	
gene:novel_gene_370_5bd9a17a	
gene:evm.TU.01.187	
gene:evm.TU.01.1879	
gene:evm.TU.01.1873	
gene:evm.TU.01.1876	
gene:evm.TU.01.1878	
gene:evm.TU.01.1871	
gene:evm.TU.01.1877	
gene:evm.TU.01.1875	
gene:evm.TU.01.1872	
gene:evm.TU.01.187	
gene:evm.TU.01.187	
gene:evm.TU.01.1874	
gene:evm.TU.01.1870	
gene:novel_gene_1193_5bd9a17a	
gene:novel_gene_1193_5bd9a17a	
gene:novel_gene_1193_5bd9a17a	
gene:novel_gene_1193_5bd9a17a	
gene:novel_gene_1193_5bd9a17a	
gene:novel_gene_1193_5bd9a17a	
gene:novel_gene_1193_5bd9a17a	
gene:novel_gene_1193_5bd9a17a	
gene:novel_gene_1193_5bd9a17a	
gene:novel_gene_1193_5bd9a17a	
gene:novel_gene_1193_5bd9a17a	
gene:novel_gene_1315_5bd9a17a	
gene:novel_gene_1054_5bd9a17a	
gene:evm.TU.05.1630	
gene:evm.TU.05.1635	
gene:evm.TU.05.1639	
gene:evm.TU.05.1636	
gene:evm.TU.05.1636	
gene:evm.TU.05.1636	
gene:evm.TU.05.1637	
gene:evm.TU.05.1631	
gene:evm.TU.05.1632	
gene:evm.TU.05.1638	
gene:evm.TU.05.1638	
gene:evm.TU.05.1633	
gene:evm.TU.05.1634	
gene:evm.TU.05.163	
gene:evm.TU.05.163	
gene:evm.TU.05.163	
gene:evm.TU.03.1613	
gene:evm.TU.05.1787	
gene:evm.TU.02.1881	
gene:evm.TU.01.2631	
gene:evm.TU.01.2631	
gene:evm.TU.01.2631	
gene:novel_gene_3658_5bd9a17a	
gene:novel_gene_3658_5bd9a17a	
gene:novel_gene_3658_5bd9a17a	
gene:novel_gene_3658_5bd9a17a	
gene:novel_gene_3658_5bd9a17a	
gene:novel_gene_3658_5bd9a17a	
gene:novel_gene_995_5bd9a17a	
gene:novel_gene_1073_5bd9a17a	
gene:novel_gene_1073_5bd9a17a	
gene:evm.TU.01.1027	
gene:evm.TU.01.1027	
gene:evm.TU.01.1027	
gene:evm.TU.01.1027	
gene:evm.TU.01.1027	
gene:evm.TU.01.1027	
gene:evm.TU.01.1027	
gene:evm.TU.06.1891	
gene:evm.TU.02.2630	
gene:evm.TU.06.875	
gene:evm.TU.03.1717	
gene:evm.TU.08.1442	
gene:evm.TU.06.1772	
gene:evm.TU.04.1932	
gene:evm.TU.04.1579	
gene:evm.TU.04.1574	
gene:evm.TU.04.1570	
gene:evm.TU.04.1575	
gene:evm.TU.04.1576	
gene:evm.TU.04.1576	
gene:evm.TU.04.1576	
gene:evm.TU.04.1576	
gene:evm.TU.04.1571	
gene:evm.TU.04.1572	
gene:evm.TU.04.1572	
gene:evm.TU.04.1577	
gene:evm.TU.04.1578	
gene:evm.TU.04.157	
gene:evm.TU.04.1573	
gene:evm.TU.01.1465	
gene:novel_gene_1438_5bd9a17a	
gene:novel_gene_1438_5bd9a17a	
gene:evm.TU.06.1357	
gene:evm.TU.06.1354	
gene:evm.TU.06.1352	
gene:evm.TU.06.1351	
gene:evm.TU.06.1359	
gene:evm.TU.06.1355	
gene:evm.TU.06.1350	
gene:evm.TU.06.1358	
gene:evm.TU.06.1358	
gene:evm.TU.06.135	
gene:evm.TU.06.1353	
gene:evm.TU.06.1356	
gene:evm.TU.09.802	
gene:evm.TU.01.313	
gene:evm.TU.06.1784	
gene:evm.TU.06.1786	
gene:evm.TU.06.1782	
gene:evm.TU.06.1780	
gene:evm.TU.06.1783	
gene:evm.TU.06.1785	
gene:evm.TU.06.1788	
gene:evm.TU.06.1787	
gene:evm.TU.06.178	
gene:evm.TU.06.1789	
gene:evm.TU.06.1781	
gene:evm.TU.09.1193	
gene:evm.TU.10.1565	
gene:evm.TU.02.3190	
gene:evm.TU.06.1335	
gene:evm.TU.03.397	
gene:evm.TU.05.1082	
gene:evm.TU.05.1082	
gene:evm.TU.05.1082	
gene:evm.TU.05.1082	
gene:evm.TU.05.1082	
gene:evm.TU.05.1082	
gene:evm.TU.05.1082	
gene:evm.TU.05.1082	
gene:evm.TU.05.1082	
gene:evm.TU.05.1082	
gene:evm.TU.05.1082	
gene:evm.TU.05.1082	
gene:evm.TU.05.1082	
gene:evm.TU.03.2020	
gene:evm.TU.02.834	
gene:evm.TU.02.834	
gene:evm.TU.02.834	
gene:evm.TU.04.2191	
gene:evm.TU.08.671	
gene:evm.TU.01.2279	
gene:evm.TU.09.1403	
gene:evm.TU.03.2091	
gene:evm.TU.03.2091	
gene:evm.TU.05.1774	
gene:evm.TU.05.1774	
gene:evm.TU.05.1774	
gene:evm.TU.05.1774	
gene:evm.TU.05.1774	
gene:evm.TU.04.886	
gene:evm.TU.04.881	
gene:evm.TU.04.883	
gene:evm.TU.04.889	
gene:evm.TU.04.888	
gene:evm.TU.04.880	
gene:evm.TU.04.885	
gene:evm.TU.04.884	
gene:evm.TU.04.887	
gene:evm.TU.04.88	
gene:evm.TU.04.882	
gene:novel_gene_2698_5bd9a17a	
gene:novel_gene_3337_5bd9a17a	
gene:evm.TU.10.1971	
gene:evm.TU.10.1516	
gene:evm.TU.09.473	
gene:evm.TU.10.1642	
gene:evm.TU.04.334	
gene:evm.TU.04.1606	
gene:evm.TU.08.326	
gene:evm.TU.09.507	
gene:evm.TU.02.2566	
gene:evm.TU.03.1774	
gene:evm.TU.09.355	
gene:evm.TU.09.355	
gene:evm.TU.09.355	
gene:evm.TU.09.355	
gene:evm.TU.09.355	
gene:evm.TU.09.355	
gene:evm.TU.09.351	
gene:evm.TU.09.352	
gene:evm.TU.09.356	
gene:evm.TU.09.354	
gene:evm.TU.09.354	
gene:evm.TU.09.354	
gene:evm.TU.09.353	
gene:evm.TU.09.35	
gene:evm.TU.09.359	
gene:evm.TU.09.359	
gene:evm.TU.09.359	
gene:evm.TU.09.357	
gene:evm.TU.09.358	
gene:evm.TU.09.350	
gene:evm.TU.07.707	
gene:evm.TU.07.706	
gene:evm.TU.07.708	
gene:evm.TU.07.708	
gene:evm.TU.07.708	
gene:evm.TU.07.702_evm.TU.07.703	
gene:evm.TU.07.709	
gene:evm.TU.07.705	
gene:evm.TU.07.700	
gene:evm.TU.07.700	
gene:evm.TU.07.700	
gene:evm.TU.07.700	
gene:evm.TU.07.70	
gene:evm.TU.07.701	
gene:evm.TU.07.704	
gene:evm.TU.07.509	
gene:novel_gene_1092_5bd9a17a	
gene:novel_gene_1092_5bd9a17a	
gene:novel_gene_1092_5bd9a17a	
gene:evm.TU.01.1042	
gene:novel_gene_3435_5bd9a17a	
gene:evm.TU.06.2120	
gene:evm.TU.03.646	
gene:evm.TU.03.1086	
gene:novel_gene_1897_5bd9a17a	
gene:novel_gene_1897_5bd9a17a	
gene:evm.TU.01.1736	
gene:evm.TU.01.1738	
gene:evm.TU.01.1733	
gene:evm.TU.01.1734	
gene:evm.TU.01.1739	
gene:evm.TU.01.1730	
gene:evm.TU.01.1735	
gene:evm.TU.01.1731	
gene:evm.TU.01.1731	
gene:evm.TU.01.173	
gene:evm.TU.01.1732	
gene:evm.TU.01.1737	
gene:evm.TU.02.1246	
gene:evm.TU.02.2275	
gene:evm.TU.06.831	
gene:evm.TU.05.797_evm.TU.05.796	
gene:evm.TU.05.797_evm.TU.05.796	
gene:evm.TU.05.797_evm.TU.05.796	
gene:evm.TU.05.797_evm.TU.05.796	
gene:evm.TU.05.797_evm.TU.05.796	
gene:evm.TU.05.700	
gene:evm.TU.05.778	
gene:evm.TU.05.786	
gene:evm.TU.05.750	
gene:evm.TU.05.741	
gene:evm.TU.05.78	
gene:evm.TU.05.783	
gene:evm.TU.05.767	
gene:evm.TU.05.760	
gene:evm.TU.05.717	
gene:evm.TU.05.717	
gene:evm.TU.05.717	
gene:evm.TU.05.717	
gene:evm.TU.05.717	
gene:evm.TU.05.781	
gene:evm.TU.05.772	
gene:evm.TU.05.729	
gene:evm.TU.05.747	
gene:evm.TU.05.701	
gene:evm.TU.05.777	
gene:evm.TU.05.758	
gene:evm.TU.05.736	
gene:evm.TU.05.71	
gene:evm.TU.05.702	
gene:evm.TU.05.702	
gene:evm.TU.05.702	
gene:evm.TU.05.702	
gene:evm.TU.05.702	
gene:evm.TU.05.704	
gene:evm.TU.05.751	
gene:evm.TU.05.762	
gene:evm.TU.05.731	
gene:evm.TU.05.774	
gene:evm.TU.05.728	
gene:evm.TU.05.728	
gene:evm.TU.05.728	
gene:evm.TU.05.711	
gene:evm.TU.05.791	
gene:evm.TU.05.70	
gene:evm.TU.05.75	
gene:evm.TU.05.75	
gene:evm.TU.05.75	
gene:evm.TU.05.75	
gene:evm.TU.05.75	
gene:evm.TU.05.75	
gene:evm.TU.05.75	
gene:evm.TU.05.75	
gene:evm.TU.05.75	
gene:evm.TU.05.782	
gene:evm.TU.05.721	
gene:evm.TU.05.754	
gene:evm.TU.05.716	
gene:evm.TU.05.785	
gene:evm.TU.05.795	
gene:evm.TU.05.715	
gene:evm.TU.05.73	
gene:evm.TU.05.705	
gene:evm.TU.05.759	
gene:evm.TU.05.744	
gene:evm.TU.05.725	
gene:evm.TU.05.708	
gene:evm.TU.05.742	
gene:evm.TU.05.742	
gene:evm.TU.05.742	
gene:evm.TU.05.739	
gene:evm.TU.05.793	
gene:evm.TU.05.761	
gene:evm.TU.05.761	
gene:evm.TU.05.761	
gene:evm.TU.05.761	
gene:evm.TU.05.761	
gene:evm.TU.05.761	
gene:evm.TU.05.761	
gene:evm.TU.05.761	
gene:evm.TU.05.761	
gene:evm.TU.05.761	
gene:evm.TU.05.734	
gene:evm.TU.05.76	
gene:evm.TU.05.743	
gene:evm.TU.05.727	
gene:evm.TU.05.735	
gene:evm.TU.05.735	
gene:evm.TU.05.776	
gene:evm.TU.05.72	
gene:evm.TU.05.74	
gene:evm.TU.05.784	
gene:evm.TU.05.703	
gene:evm.TU.05.726	
gene:evm.TU.05.756	
gene:evm.TU.05.748	
gene:evm.TU.05.755	
gene:evm.TU.05.794	
gene:evm.TU.05.733	
gene:evm.TU.05.732	
gene:evm.TU.05.792	
gene:evm.TU.05.723	
gene:evm.TU.05.724	
gene:evm.TU.05.752	
gene:evm.TU.05.763	
gene:evm.TU.05.763	
gene:evm.TU.05.771	
gene:evm.TU.05.787	
gene:evm.TU.05.738	
gene:evm.TU.05.788	
gene:evm.TU.05.707	
gene:evm.TU.05.745	
gene:evm.TU.05.790	
gene:evm.TU.05.720	
gene:evm.TU.05.720	
gene:evm.TU.05.720	
gene:evm.TU.05.720	
gene:evm.TU.05.720	
gene:evm.TU.05.79	
gene:evm.TU.05.79	
gene:evm.TU.05.779	
gene:evm.TU.05.706	
gene:evm.TU.05.757	
gene:evm.TU.05.719	
gene:evm.TU.05.719	
gene:evm.TU.05.719	
gene:evm.TU.05.719	
gene:evm.TU.05.719	
gene:evm.TU.05.719	
gene:evm.TU.05.718	
gene:evm.TU.05.737	
gene:evm.TU.05.775	
gene:evm.TU.05.769	
gene:evm.TU.05.710	
gene:evm.TU.05.765	
gene:evm.TU.05.709	
gene:evm.TU.05.77	
gene:evm.TU.05.768	
gene:evm.TU.05.770	
gene:evm.TU.05.799	
gene:evm.TU.05.714	
gene:evm.TU.05.730	
gene:evm.TU.05.798	
gene:evm.TU.05.7	
gene:evm.TU.05.746	
gene:evm.TU.05.780	
gene:evm.TU.05.713	
gene:evm.TU.05.712	
gene:evm.TU.05.749	
gene:evm.TU.05.749	
gene:evm.TU.05.749	
gene:evm.TU.05.749	
gene:evm.TU.05.749	
gene:evm.TU.05.766	
gene:evm.TU.05.764	
gene:evm.TU.05.764	
gene:evm.TU.05.753	
gene:evm.TU.05.722	
gene:evm.TU.05.740	
gene:evm.TU.05.789	
gene:evm.TU.05.773	
gene:evm.TU.04.1820	
gene:novel_gene_1269_5bd9a17a	
gene:novel_gene_1269_5bd9a17a	
gene:novel_gene_1269_5bd9a17a	
gene:evm.TU.08.449	
gene:evm.TU.08.442	
gene:evm.TU.08.444	
gene:evm.TU.08.445	
gene:evm.TU.08.440	
gene:evm.TU.08.448	
gene:evm.TU.08.446	
gene:evm.TU.08.441	
gene:evm.TU.08.443	
gene:evm.TU.08.44	
gene:evm.TU.08.447	
gene:evm.TU.08.449	
gene:evm.TU.08.442	
gene:evm.TU.08.444	
gene:evm.TU.08.445	
gene:evm.TU.08.440	
gene:evm.TU.08.448	
gene:evm.TU.08.446	
gene:evm.TU.08.441	
gene:evm.TU.08.443	
gene:evm.TU.08.44	
gene:evm.TU.08.447	
gene:evm.TU.08.449	
gene:evm.TU.08.442	
gene:evm.TU.08.444	
gene:evm.TU.08.445	
gene:evm.TU.08.440	
gene:evm.TU.08.448	
gene:evm.TU.08.446	
gene:evm.TU.08.441	
gene:evm.TU.08.443	
gene:evm.TU.08.44	
gene:evm.TU.08.447	
gene:novel_gene_2125_5bd9a17a	
gene:evm.TU.10.2262	
gene:evm.TU.09.775	
gene:evm.TU.02.1223	
gene:evm.TU.09.1234	
gene:evm.TU.02.2356	
gene:novel_gene_3205_5bd9a17a	
gene:evm.TU.04.1143	
gene:evm.TU.04.1143	
gene:evm.TU.04.1143	
gene:evm.TU.04.1143	
gene:evm.TU.04.1143	
gene:evm.TU.04.1143	
gene:evm.TU.04.1143	
gene:evm.TU.04.1143	
gene:evm.TU.04.1143	
gene:evm.TU.04.1143	
gene:evm.TU.04.1143	
gene:evm.TU.04.1143	
gene:evm.TU.04.1143	
gene:evm.TU.04.1143	
gene:evm.TU.04.1143	
gene:evm.TU.03.663	
gene:evm.TU.03.749	
gene:evm.TU.03.746	
gene:evm.TU.03.745	
gene:evm.TU.03.748	
gene:evm.TU.03.744	
gene:evm.TU.03.740	
gene:evm.TU.03.742	
gene:evm.TU.03.74	
gene:evm.TU.03.741	
gene:evm.TU.03.741	
gene:evm.TU.03.743	
gene:evm.TU.03.747	
gene:evm.TU.08.1866	
gene:evm.TU.06.1457	
gene:evm.TU.01.852	
gene:evm.TU.01.851	
gene:evm.TU.01.853	
gene:evm.TU.01.859	
gene:evm.TU.01.855	
gene:evm.TU.01.858	
gene:evm.TU.01.858	
gene:evm.TU.01.857	
gene:evm.TU.01.850	
gene:evm.TU.01.854	
gene:evm.TU.01.854	
gene:evm.TU.01.854	
gene:evm.TU.01.854	
gene:evm.TU.01.854	
gene:evm.TU.01.854	
gene:evm.TU.01.85	
gene:evm.TU.01.856	
gene:evm.TU.04.673	
gene:evm.TU.03.2036	
gene:evm.TU.03.2038	
gene:evm.TU.03.2038	
gene:evm.TU.03.2032	
gene:evm.TU.03.2035	
gene:evm.TU.03.2035	
gene:evm.TU.03.2039	
gene:evm.TU.03.2039	
gene:evm.TU.03.2039	
gene:evm.TU.03.2039	
gene:evm.TU.03.2037	
gene:evm.TU.03.2037	
gene:evm.TU.03.2037	
gene:evm.TU.03.2031	
gene:evm.TU.03.2031	
gene:evm.TU.03.2031	
gene:evm.TU.03.2031	
gene:evm.TU.03.2031	
gene:evm.TU.03.2031	
gene:evm.TU.03.2033	
gene:evm.TU.03.2033	
gene:evm.TU.03.2034	
gene:evm.TU.03.203	
gene:evm.TU.03.2030	
gene:evm.TU.03.2030	
gene:evm.TU.03.2062	
gene:evm.TU.03.2062	
gene:evm.TU.03.2062	
gene:evm.TU.03.2062	
gene:evm.TU.03.2062	
gene:evm.TU.03.2062	
gene:evm.TU.03.2062	
gene:evm.TU.03.2062	
gene:evm.TU.03.2062	
gene:novel_gene_2262_5bd9a17a	
gene:evm.TU.05.524	
gene:evm.TU.03.330	
gene:evm.TU.02.2655	
gene:evm.TU.10.941	
gene:evm.TU.10.941	
gene:evm.TU.10.941	
gene:evm.TU.10.2155	
gene:evm.TU.04.1329	
gene:evm.TU.04.1329	
gene:evm.TU.04.1329	
gene:novel_gene_1168_5bd9a17a	
gene:evm.TU.03.1999	
gene:evm.TU.03.1999	
gene:evm.TU.03.1999	
gene:evm.TU.02.1449	
gene:evm.TU.07.659	
gene:evm.TU.07.659	
gene:evm.TU.07.659	
gene:evm.TU.10.236	
gene:evm.TU.02.2779	
gene:evm.TU.03.250	
gene:evm.TU.03.250	
gene:evm.TU.03.250	
gene:evm.TU.03.250	
gene:evm.TU.03.250	
gene:evm.TU.03.250	
gene:evm.TU.03.250	
gene:evm.TU.03.250	
gene:evm.TU.03.250	
gene:evm.TU.10.1151	
gene:evm.TU.08.1502	
gene:evm.TU.08.1502	
gene:evm.TU.08.1502	
gene:evm.TU.06.619	
gene:evm.TU.03.152	
gene:evm.TU.03.1520	
gene:evm.TU.03.1528	
gene:evm.TU.03.1527	
gene:evm.TU.03.1521	
gene:evm.TU.03.1524	
gene:evm.TU.03.1525	
gene:evm.TU.03.152	
gene:evm.TU.03.152	
gene:evm.TU.03.1522	
gene:evm.TU.03.1523	
gene:evm.TU.03.1526	
gene:evm.TU.03.1529	
gene:evm.TU.02.1756	
gene:evm.TU.02.1756	
gene:evm.TU.02.1756	
gene:evm.TU.02.1756	
gene:evm.TU.02.1756	
gene:evm.TU.02.1756	
gene:evm.TU.02.1756	
gene:evm.TU.02.1756	
gene:evm.TU.05.386	
gene:evm.TU.06.1498	
gene:evm.TU.02.2132	
gene:evm.TU.08.1167	
gene:evm.TU.10.2003	
gene:evm.TU.10.2004	
gene:evm.TU.10.2009	
gene:evm.TU.10.2009	
gene:evm.TU.10.2009	
gene:evm.TU.10.2009	
gene:evm.TU.10.2005	
gene:evm.TU.10.2000	
gene:evm.TU.10.2000	
gene:evm.TU.10.2002	
gene:evm.TU.10.2008	
gene:evm.TU.10.2008	
gene:evm.TU.10.2008	
gene:evm.TU.10.2006	
gene:evm.TU.10.2001	
gene:evm.TU.10.2001	
gene:evm.TU.10.2001	
gene:evm.TU.10.200	
gene:evm.TU.10.2007	
gene:evm.TU.07.1847	
gene:evm.TU.05.1459	
gene:evm.TU.05.1459	
gene:evm.TU.05.1459	
gene:evm.TU.05.1459	
gene:evm.TU.05.1459	
gene:evm.TU.05.1459	
gene:evm.TU.05.1459	
gene:evm.TU.05.1459	
gene:evm.TU.05.1459	
gene:evm.TU.04.2052	
gene:evm.TU.07.310	
gene:novel_gene_1011_5bd9a17a	
gene:novel_gene_1011_5bd9a17a	
gene:evm.TU.05.1197	
gene:evm.TU.01.1499	
gene:evm.TU.01.1499	
gene:evm.TU.01.1499	
gene:evm.TU.01.1499	
gene:evm.TU.01.1499	
gene:evm.TU.01.1499	
gene:evm.TU.01.1499	
gene:evm.TU.01.1499	
gene:evm.TU.01.1499	
gene:evm.TU.09.1672	
gene:evm.TU.06.364	
gene:evm.TU.06.360	
gene:evm.TU.06.361	
gene:evm.TU.06.361	
gene:evm.TU.06.361	
gene:evm.TU.06.369	
gene:evm.TU.06.365	
gene:evm.TU.06.365	
gene:evm.TU.06.362	
gene:evm.TU.06.368	
gene:evm.TU.06.36	
gene:evm.TU.06.366	
gene:evm.TU.06.363	
gene:evm.TU.06.367	
gene:evm.TU.04.2151	
gene:evm.TU.10.1599	
gene:evm.TU.07.510	
gene:evm.TU.02.1659	
gene:evm.TU.01.550	
gene:evm.TU.10.1258	
gene:evm.TU.10.1258	
gene:evm.TU.10.1258	
gene:evm.TU.10.1258	
gene:evm.TU.10.1258	
gene:evm.TU.10.996	
gene:evm.TU.04.1731	
gene:novel_gene_3888_5bd9a17a	
gene:evm.TU.06.1550	
gene:novel_gene_2270_5bd9a17a	
gene:evm.TU.07.758	
gene:evm.TU.07.717	
gene:evm.TU.07.790	
gene:evm.TU.07.782	
gene:evm.TU.07.707	
gene:evm.TU.07.79	
gene:evm.TU.07.710	
gene:evm.TU.07.706	
gene:evm.TU.07.755	
gene:evm.TU.07.71	
gene:evm.TU.07.781	
gene:evm.TU.07.720	
gene:evm.TU.07.733	
gene:evm.TU.07.774	
gene:evm.TU.07.774	
gene:evm.TU.07.774	
gene:evm.TU.07.774	
gene:evm.TU.07.774	
gene:evm.TU.07.774	
gene:evm.TU.07.753	
gene:evm.TU.07.757	
gene:evm.TU.07.74	
gene:evm.TU.07.775	
gene:evm.TU.07.750	
gene:evm.TU.07.791	
gene:evm.TU.07.791	
gene:evm.TU.07.791	
gene:evm.TU.07.745	
gene:evm.TU.07.76	
gene:evm.TU.07.743	
gene:evm.TU.07.737	
gene:evm.TU.07.768	
gene:evm.TU.07.762	
gene:evm.TU.07.708	
gene:evm.TU.07.708	
gene:evm.TU.07.708	
gene:evm.TU.07.744	
gene:evm.TU.07.744	
gene:evm.TU.07.744	
gene:evm.TU.07.744	
gene:evm.TU.07.771	
gene:evm.TU.07.785	
gene:evm.TU.07.785	
gene:evm.TU.07.785	
gene:evm.TU.07.785	
gene:evm.TU.07.792	
gene:evm.TU.07.792	
gene:evm.TU.07.792	
gene:evm.TU.07.792	
gene:evm.TU.07.792	
gene:evm.TU.07.792	
gene:evm.TU.07.792	
gene:evm.TU.07.792	
gene:evm.TU.07.792	
gene:evm.TU.07.78	
gene:evm.TU.07.77	
gene:evm.TU.07.741	
gene:evm.TU.07.714	
gene:evm.TU.07.779	
gene:evm.TU.07.767	
gene:evm.TU.07.799	
gene:evm.TU.07.747	
gene:evm.TU.07.761	
gene:evm.TU.07.740	
gene:evm.TU.07.719	
gene:evm.TU.07.763	
gene:evm.TU.07.726	
gene:evm.TU.07.702_evm.TU.07.703	
gene:evm.TU.07.732	
gene:evm.TU.07.797	
gene:evm.TU.07.780	
gene:evm.TU.07.734	
gene:evm.TU.07.734	
gene:evm.TU.07.748	
gene:evm.TU.07.709	
gene:evm.TU.07.725	
gene:evm.TU.07.736	
gene:evm.TU.07.778	
gene:evm.TU.07.749	
gene:evm.TU.07.723	
gene:evm.TU.07.705	
gene:evm.TU.07.700	
gene:evm.TU.07.700	
gene:evm.TU.07.700	
gene:evm.TU.07.700	
gene:evm.TU.07.746	
gene:evm.TU.07.715	
gene:evm.TU.07.735	
gene:evm.TU.07.754	
gene:evm.TU.07.772	
gene:evm.TU.07.75	
gene:evm.TU.07.712	
gene:evm.TU.07.773	
gene:evm.TU.07.769	
gene:evm.TU.07.769	
gene:evm.TU.07.769	
gene:evm.TU.07.728	
gene:evm.TU.07.759	
gene:evm.TU.07.721	
gene:evm.TU.07.711	
gene:evm.TU.07.770	
gene:evm.TU.07.718	
gene:evm.TU.07.786	
gene:evm.TU.07.729	
gene:evm.TU.07.783	
gene:evm.TU.07.73	
gene:evm.TU.07.738	
gene:evm.TU.07.72	
gene:evm.TU.07.777	
gene:evm.TU.07.756	
gene:evm.TU.07.742	
gene:evm.TU.07.742	
gene:evm.TU.07.787	
gene:evm.TU.07.727	
gene:evm.TU.07.766	
gene:evm.TU.07.70	
gene:evm.TU.07.798	
gene:evm.TU.07.793	
gene:evm.TU.07.788	
gene:evm.TU.07.739	
gene:evm.TU.07.739	
gene:evm.TU.07.724	
gene:evm.TU.07.716	
gene:evm.TU.07.7	
gene:evm.TU.07.784	
gene:evm.TU.07.784	
gene:evm.TU.07.764	
gene:evm.TU.07.752	
gene:evm.TU.07.730	
gene:evm.TU.07.751	
gene:evm.TU.07.731	
gene:evm.TU.07.795	
gene:evm.TU.07.701	
gene:evm.TU.07.789	
gene:evm.TU.07.760	
gene:evm.TU.07.704	
gene:evm.TU.07.796	
gene:evm.TU.07.713	
gene:evm.TU.07.713	
gene:evm.TU.07.713	
gene:evm.TU.07.794	
gene:evm.TU.07.776	
gene:evm.TU.07.765	
gene:evm.TU.07.722	
gene:evm.TU.06.280	
gene:evm.TU.06.280	
gene:evm.TU.06.280	
gene:evm.TU.02.3155	
gene:evm.TU.10.1866	
gene:evm.TU.01.1281	
gene:evm.TU.01.1281	
gene:evm.TU.01.1281	
gene:evm.TU.08.985	
gene:evm.TU.06.1820	
gene:evm.TU.05.519	
gene:evm.TU.05.519	
gene:evm.TU.05.519	
gene:evm.TU.05.519	
gene:evm.TU.05.519	
gene:evm.TU.05.519	
gene:evm.TU.05.519	
gene:evm.TU.05.519	
gene:novel_gene_3156_5bd9a17a	
gene:evm.TU.09.872	
gene:evm.TU.02.1906	
gene:evm.TU.02.1039	
gene:novel_gene_3293_5bd9a17a	
gene:novel_gene_3293_5bd9a17a	
gene:evm.TU.03.1769	
gene:novel_gene_774_5bd9a17a	
gene:novel_gene_774_5bd9a17a	
gene:novel_gene_774_5bd9a17a	
gene:novel_gene_774_5bd9a17a	
gene:novel_gene_2970_5bd9a17a	
gene:evm.TU.04.551	
gene:evm.TU.02.3250	
gene:evm.TU.02.3250	
gene:evm.TU.06.1979	
gene:evm.TU.07.334	
gene:evm.TU.03.730	
gene:evm.TU.01.2963	
gene:evm.TU.01.1743	
gene:evm.TU.01.1743	
gene:evm.TU.01.1743	
gene:evm.TU.02.1745	
gene:novel_gene_2699_5bd9a17a	
gene:novel_gene_2546_5bd9a17a	
gene:novel_gene_531_5bd9a17a	
gene:novel_gene_531_5bd9a17a	
gene:novel_gene_2560_5bd9a17a	
gene:evm.TU.10.1611	
gene:evm.TU.ctgX53.3	
gene:evm.TU.05.2047	
gene:evm.TU.05.2047	
gene:evm.TU.05.2047	
gene:novel_gene_3216_5bd9a17a	
gene:evm.TU.02.3272	
gene:evm.TU.03.2007	
gene:evm.TU.02.2870	
gene:evm.TU.04.2076	
gene:evm.TU.01.957	
gene:evm.TU.01.950	
gene:evm.TU.01.950	
gene:evm.TU.01.950	
gene:evm.TU.01.953	
gene:evm.TU.01.955	
gene:evm.TU.01.952	
gene:evm.TU.01.958	
gene:evm.TU.01.951	
gene:evm.TU.01.951	
gene:evm.TU.01.954	
gene:evm.TU.01.956	
gene:evm.TU.01.95	
gene:evm.TU.01.95	
gene:evm.TU.01.959	
gene:evm.TU.01.95	
gene:novel_gene_1303_5bd9a17a	
gene:novel_gene_1303_5bd9a17a	
gene:evm.TU.08.1792	
gene:evm.TU.03.366	
gene:evm.TU.06.949	
gene:evm.TU.01.3064	
gene:evm.TU.01.2988	
gene:evm.TU.08.616	
gene:evm.TU.05.1095	
gene:evm.TU.05.1095	
gene:evm.TU.05.1095	
gene:evm.TU.05.1095	
gene:evm.TU.05.1095	
gene:evm.TU.02.2500	
gene:evm.TU.05.210	
gene:evm.TU.05.210	
gene:evm.TU.05.210	
gene:evm.TU.05.2103	
gene:evm.TU.05.2105	
gene:evm.TU.05.2105	
gene:evm.TU.05.2105	
gene:evm.TU.05.2104	
gene:evm.TU.05.2108	
gene:evm.TU.05.2108	
gene:evm.TU.05.2108	
gene:evm.TU.05.2108	
gene:evm.TU.05.2108	
gene:evm.TU.05.2106	
gene:evm.TU.05.2101	
gene:evm.TU.05.2102	
gene:evm.TU.05.2100	
gene:evm.TU.05.2107	
gene:evm.TU.05.2107	
gene:evm.TU.05.2107	
gene:evm.TU.05.2109	
gene:evm.TU.05.210	
gene:evm.TU.05.210	
gene:evm.TU.05.210	
gene:evm.TU.01.1003	
gene:novel_gene_2140_5bd9a17a	
gene:novel_gene_2140_5bd9a17a	
gene:novel_gene_2140_5bd9a17a	
gene:novel_gene_2140_5bd9a17a	
gene:evm.TU.10.1286	
gene:evm.TU.01.1257	
gene:evm.TU.01.1257	
gene:evm.TU.01.1257	
gene:evm.TU.05.2146	
gene:evm.TU.06.1762	
gene:evm.TU.02.2769	
gene:evm.TU.02.2980	
gene:evm.TU.02.2980	
gene:evm.TU.02.2980	
gene:evm.TU.02.2590	
gene:evm.TU.10.2012	
gene:evm.TU.10.2012	
gene:evm.TU.10.2012	
gene:evm.TU.10.2012	
gene:evm.TU.02.1244	
gene:evm.TU.02.1244	
gene:evm.TU.02.1244	
gene:evm.TU.02.1244	
gene:evm.TU.02.1244	
gene:evm.TU.02.1244	
gene:evm.TU.02.1244	
gene:evm.TU.02.1244	
gene:evm.TU.02.1244	
gene:evm.TU.02.1244	
gene:evm.TU.02.1244	
gene:evm.TU.02.1244	
gene:evm.TU.02.1244	
gene:evm.TU.01.1106	
gene:novel_gene_1141_5bd9a17a	
gene:evm.TU.08.364	
gene:evm.TU.10.2025	
gene:evm.TU.07.1707	
gene:evm.TU.06.1729	
gene:evm.TU.03.2065	
gene:evm.TU.03.2065	
gene:evm.TU.03.2065	
gene:evm.TU.03.2065	
gene:evm.TU.03.2065	
gene:evm.TU.03.2065	
gene:evm.TU.03.2065	
gene:evm.TU.10.1993	
gene:evm.TU.02.2843	
gene:evm.TU.08.271	
gene:evm.TU.02.1931	
gene:novel_gene_2782_5bd9a17a	
gene:novel_gene_2782_5bd9a17a	
gene:novel_gene_2782_5bd9a17a	
gene:novel_gene_2782_5bd9a17a	
gene:novel_gene_2782_5bd9a17a	
gene:novel_gene_2782_5bd9a17a	
gene:evm.TU.01.1392	
gene:evm.TU.01.1392	
gene:evm.TU.01.1392	
gene:evm.TU.01.1392	
gene:evm.TU.01.1392	
gene:evm.TU.01.1392	
gene:evm.TU.01.1392	
gene:novel_gene_3706_5bd9a17a	
gene:novel_gene_3706_5bd9a17a	
gene:evm.TU.02.57	
gene:evm.TU.02.570	
gene:evm.TU.02.574	
gene:evm.TU.02.573	
gene:evm.TU.02.573	
gene:evm.TU.02.578	
gene:evm.TU.02.579	
gene:evm.TU.02.577	
gene:evm.TU.02.577	
gene:evm.TU.02.577	
gene:evm.TU.02.577	
gene:evm.TU.02.577	
gene:evm.TU.02.577	
gene:evm.TU.02.577	
gene:evm.TU.02.577	
gene:evm.TU.02.571	
gene:evm.TU.02.57	
gene:evm.TU.02.57	
gene:evm.TU.02.57	
gene:evm.TU.02.575	
gene:evm.TU.02.576_novel_gene_250_5bd9a17a	
gene:evm.TU.02.572	
gene:evm.TU.02.57	
gene:evm.TU.10.1416	
gene:evm.TU.10.1418	
gene:evm.TU.10.1415	
gene:evm.TU.10.1419	
gene:evm.TU.10.1417	
gene:evm.TU.10.1412	
gene:evm.TU.10.1413	
gene:evm.TU.10.1414	
gene:evm.TU.10.1410	
gene:evm.TU.10.141	
gene:evm.TU.10.1411	
gene:novel_gene_727_5bd9a17a	
gene:novel_gene_727_5bd9a17a	
gene:evm.TU.09.1150	
gene:evm.TU.06.1769	
gene:evm.TU.04.484	
gene:evm.TU.04.485	
gene:evm.TU.04.486	
gene:evm.TU.04.483	
gene:evm.TU.04.483	
gene:evm.TU.04.481	
gene:evm.TU.04.487	
gene:evm.TU.04.482	
gene:evm.TU.04.482	
gene:evm.TU.04.482	
gene:evm.TU.04.482	
gene:evm.TU.04.489	
gene:evm.TU.04.480	
gene:evm.TU.04.48	
gene:evm.TU.04.488	
gene:novel_gene_117_5bd9a17a	
gene:evm.TU.02.2144	
gene:evm.TU.08.1950	
gene:evm.TU.08.1956	
gene:evm.TU.08.1953	
gene:evm.TU.08.1952	
gene:evm.TU.08.1951	
gene:evm.TU.08.1959	
gene:evm.TU.08.1958	
gene:evm.TU.08.1954	
gene:evm.TU.08.1957	
gene:evm.TU.08.195	
gene:evm.TU.08.1955	
gene:evm.TU.08.1950	
gene:evm.TU.08.1956	
gene:evm.TU.08.1953	
gene:evm.TU.08.1952	
gene:evm.TU.08.1951	
gene:evm.TU.08.1959	
gene:evm.TU.08.1958	
gene:evm.TU.08.1954	
gene:evm.TU.08.1957	
gene:evm.TU.08.195	
gene:evm.TU.08.1955	
gene:evm.TU.07.1171	
gene:novel_gene_3754_5bd9a17a	
gene:evm.TU.07.1807	
gene:evm.TU.04.502	
gene:evm.TU.04.502	
gene:evm.TU.04.502	
gene:evm.TU.06.1922	
gene:evm.TU.03.1555	
gene:evm.TU.03.1555	
gene:evm.TU.03.1555	
gene:evm.TU.03.1555	
gene:evm.TU.03.1555	
gene:evm.TU.08.1888	
gene:evm.TU.04.910	
gene:evm.TU.03.845	
gene:evm.TU.06.1771	
gene:evm.TU.07.517	
gene:evm.TU.07.511	
gene:evm.TU.07.519	
gene:evm.TU.07.518	
gene:evm.TU.07.516	
gene:evm.TU.07.514	
gene:evm.TU.07.512	
gene:evm.TU.07.513	
gene:evm.TU.07.515	
gene:evm.TU.07.510	
gene:evm.TU.07.51	
gene:evm.TU.05.1799	
gene:evm.TU.05.1792	
gene:evm.TU.05.1796	
gene:evm.TU.05.1794	
gene:evm.TU.05.1791	
gene:evm.TU.05.1793	
gene:evm.TU.05.1797	
gene:evm.TU.05.1790	
gene:evm.TU.05.1790	
gene:evm.TU.05.179	
gene:evm.TU.05.1795	
gene:evm.TU.05.1798	
gene:evm.TU.08.219	
gene:evm.TU.02.2645	
gene:evm.TU.ctgX21.6	
gene:evm.TU.04.2437	
gene:novel_gene_996_5bd9a17a	
gene:novel_gene_996_5bd9a17a	
gene:novel_gene_786_5bd9a17a	
gene:novel_gene_786_5bd9a17a	
gene:novel_gene_786_5bd9a17a	
gene:evm.TU.01.814	
gene:evm.TU.02.629	
gene:evm.TU.01.554	
gene:evm.TU.01.2384	
gene:evm.TU.10.763	
gene:evm.TU.10.763	
gene:evm.TU.10.763	
gene:evm.TU.03.1995	
gene:evm.TU.09.1227	
gene:evm.TU.09.1221	
gene:evm.TU.09.1229	
gene:evm.TU.09.1222	
gene:evm.TU.09.1224	
gene:evm.TU.09.1228	
gene:evm.TU.09.1220	
gene:evm.TU.09.1226	
gene:evm.TU.09.1225	
gene:evm.TU.09.1223	
gene:evm.TU.09.122	
gene:evm.TU.ctgX3.3	
gene:evm.TU.ctgX3.3	
gene:evm.TU.ctgX3.3	
gene:evm.TU.01.844	
gene:evm.TU.09.226	
gene:evm.TU.04.1129	
gene:evm.TU.02.1696	
gene:novel_gene_1947_5bd9a17a	
gene:evm.TU.08.1448	
gene:evm.TU.01.1006	
gene:evm.TU.01.1006	
gene:evm.TU.01.1006	
gene:evm.TU.08.1735	
gene:evm.TU.06.634	
gene:evm.TU.06.634	
gene:evm.TU.06.634	
gene:evm.TU.06.634	
gene:evm.TU.06.634	
gene:evm.TU.06.634	
gene:evm.TU.06.634	
gene:evm.TU.06.634	
gene:evm.TU.06.634	
gene:evm.TU.06.634	
gene:evm.TU.06.634	
gene:evm.TU.06.634	
gene:evm.TU.06.634	
gene:evm.TU.10.1908	
gene:evm.TU.07.1781	
gene:evm.TU.06.1356	
gene:evm.TU.04.402	
gene:evm.TU.01.590	
gene:evm.TU.01.590	
gene:evm.TU.01.590	
gene:evm.TU.02.2692	
gene:evm.TU.03.1978	
gene:evm.TU.03.1978	
gene:evm.TU.03.1978	
gene:evm.TU.03.1978	
gene:evm.TU.03.1978	
gene:evm.TU.10.1593	
gene:evm.TU.10.532	
gene:evm.TU.04.963	
gene:evm.TU.04.963	
gene:evm.TU.04.963	
gene:evm.TU.08.1044	
gene:evm.TU.01.1039	
gene:evm.TU.01.2132	
gene:evm.TU.01.2132	
gene:evm.TU.01.2132	
gene:evm.TU.02.1136	
gene:evm.TU.10.1802	
gene:evm.TU.03.986	
gene:evm.TU.03.986	
gene:evm.TU.03.986	
gene:evm.TU.03.986	
gene:evm.TU.03.986	
gene:evm.TU.03.986	
gene:evm.TU.03.986	
gene:evm.TU.03.986	
gene:evm.TU.03.986	
gene:evm.TU.03.986	
gene:evm.TU.03.986	
gene:evm.TU.06.1448	
gene:evm.TU.06.1448	
gene:evm.TU.06.1448	
gene:evm.TU.06.1448	
gene:evm.TU.06.1448	
gene:evm.TU.06.1448	
gene:evm.TU.06.1448	
gene:evm.TU.05.1442	
gene:evm.TU.05.1448	
gene:evm.TU.05.1440	
gene:evm.TU.05.1444	
gene:evm.TU.05.1445	
gene:evm.TU.05.1449	
gene:evm.TU.05.1449	
gene:evm.TU.05.1446	
gene:evm.TU.05.1447	
gene:evm.TU.05.1443	
gene:evm.TU.05.144	
gene:evm.TU.05.1441	
gene:evm.TU.09.1629	
gene:evm.TU.04.590	
gene:evm.TU.05.247	
gene:novel_gene_617_5bd9a17a	
gene:novel_gene_617_5bd9a17a	
gene:novel_gene_3608_5bd9a17a	
gene:evm.TU.05.1145	
gene:evm.TU.04.393	
gene:evm.TU.05.1260	
gene:evm.TU.05.1260	
gene:evm.TU.05.1260	
gene:evm.TU.05.1260	
gene:evm.TU.05.1260	
gene:evm.TU.05.1260	
gene:evm.TU.05.1260	
gene:evm.TU.05.1260	
gene:evm.TU.05.1260	
gene:evm.TU.05.1260	
gene:evm.TU.05.1260	
gene:evm.TU.08.523	
gene:evm.TU.02.1346	
gene:evm.TU.02.1346	
gene:evm.TU.02.1346	
gene:novel_gene_2063_5bd9a17a	
gene:evm.TU.07.1060	
gene:evm.TU.08.1578	
gene:evm.TU.09.746	
gene:evm.TU.03.1805	
gene:novel_gene_1808_5bd9a17a	
gene:novel_gene_1224_5bd9a17a	
gene:evm.TU.05.2114	
gene:evm.TU.05.2114	
gene:evm.TU.05.2114	
gene:evm.TU.05.2114	
gene:evm.TU.05.2114	
gene:evm.TU.09.557	
gene:evm.TU.10.2244	
gene:evm.TU.02.1531	
gene:evm.TU.02.1531	
gene:evm.TU.02.1531	
gene:evm.TU.04.2359	
gene:evm.TU.07.1319	
gene:evm.TU.07.1319	
gene:evm.TU.07.1319	
gene:evm.TU.07.1317	
gene:evm.TU.07.1311	
gene:evm.TU.07.1315	
gene:evm.TU.07.1315	
gene:evm.TU.07.1315	
gene:evm.TU.07.1315	
gene:evm.TU.07.1315	
gene:evm.TU.07.1315	
gene:evm.TU.07.1310	
gene:evm.TU.07.1318	
gene:evm.TU.07.1313	
gene:evm.TU.07.1312	
gene:evm.TU.07.1316	
gene:evm.TU.07.131	
gene:evm.TU.07.1314	
gene:evm.TU.07.1501	
gene:evm.TU.04.1211	
gene:evm.TU.04.1211	
gene:evm.TU.04.1211	
gene:evm.TU.05.482	
gene:evm.TU.05.482	
gene:evm.TU.05.482	
gene:evm.TU.05.482	
gene:evm.TU.05.482	
gene:evm.TU.04.418	
gene:evm.TU.09.264	
gene:evm.TU.05.1890	
gene:evm.TU.05.1890	
gene:evm.TU.05.1890	
gene:evm.TU.05.1890	
gene:evm.TU.05.1890	
gene:evm.TU.05.1890	
gene:evm.TU.05.1890	
gene:evm.TU.05.1890	
gene:novel_gene_3130_5bd9a17a	
gene:evm.TU.09.439	
gene:evm.TU.09.439	
gene:evm.TU.09.439	
gene:evm.TU.09.439	
gene:evm.TU.09.439	
gene:novel_gene_1015_5bd9a17a	
gene:novel_gene_1015_5bd9a17a	
gene:novel_gene_1015_5bd9a17a	
gene:novel_gene_1015_5bd9a17a	
gene:evm.TU.09.298	
gene:evm.TU.04.2166	
gene:evm.TU.02.1973	
gene:evm.TU.01.2001	
gene:evm.TU.01.2223	
gene:evm.TU.03.214	
gene:evm.TU.04.1682	
gene:evm.TU.06.1738	
gene:evm.TU.06.1738	
gene:evm.TU.06.1738	
gene:evm.TU.09.359	
gene:evm.TU.09.359	
gene:evm.TU.09.359	
gene:evm.TU.09.359	
gene:evm.TU.09.359	
gene:evm.TU.09.359	
gene:evm.TU.10.944	
gene:evm.TU.10.944	
gene:evm.TU.10.944	
gene:evm.TU.02.2491	
gene:evm.TU.02.1453	
gene:evm.TU.05.834	
gene:evm.TU.09.887	
gene:evm.TU.06.792	
gene:evm.TU.03.851	
gene:evm.TU.03.851	
gene:evm.TU.03.851	
gene:evm.TU.07.259	
gene:evm.TU.01.2291	
gene:evm.TU.02.3090	
gene:evm.TU.07.1565	
gene:evm.TU.07.1565	
gene:evm.TU.07.1565	
gene:evm.TU.03.725	
gene:evm.TU.03.725	
gene:evm.TU.03.724	
gene:evm.TU.03.721	
gene:evm.TU.03.723	
gene:evm.TU.03.729	
gene:evm.TU.03.726	
gene:evm.TU.03.726	
gene:evm.TU.03.726	
gene:evm.TU.03.726	
gene:evm.TU.03.727	
gene:evm.TU.03.728	
gene:evm.TU.03.720	
gene:evm.TU.03.722	
gene:evm.TU.03.72	
gene:evm.TU.01.2997	
gene:evm.TU.09.1539	
gene:evm.TU.08.725	
gene:evm.TU.02.1680	
gene:evm.TU.02.1680	
gene:evm.TU.02.1680	
gene:evm.TU.02.1680	
gene:evm.TU.02.1680	
gene:evm.TU.06.288	
gene:evm.TU.07.1367	
gene:evm.TU.07.1367	
gene:evm.TU.07.1367	
gene:evm.TU.09.1097	
gene:evm.TU.03.257	
gene:evm.TU.02.3115	
gene:evm.TU.02.2850	
gene:evm.TU.09.1461	
gene:evm.TU.01.410	
gene:novel_gene_1489_5bd9a17a	
gene:evm.TU.02.3239	
gene:evm.TU.02.3239	
gene:evm.TU.03.1506	
gene:evm.TU.10.1712	
gene:evm.TU.01.2022	
gene:evm.TU.06.1471	
gene:evm.TU.02.1498	
gene:evm.TU.08.1094	
gene:evm.TU.08.483	
gene:evm.TU.04.556	
gene:evm.TU.06.1559	
gene:novel_gene_3709_5bd9a17a	
gene:novel_gene_3709_5bd9a17a	
gene:novel_gene_1403_5bd9a17a	
gene:novel_gene_1403_5bd9a17a	
gene:evm.TU.10.1320	
gene:novel_gene_1838_5bd9a17a	
gene:evm.TU.02.3097	
gene:evm.TU.05.2031	
gene:evm.TU.03.283	
gene:evm.TU.03.283	
gene:evm.TU.03.283	
gene:evm.TU.03.283	
gene:evm.TU.03.283	
gene:novel_gene_3161_5bd9a17a	
gene:evm.TU.02.1471	
gene:evm.TU.02.1471	
gene:evm.TU.02.1471	
gene:evm.TU.02.1471	
gene:evm.TU.02.1471	
gene:evm.TU.02.1471	
gene:evm.TU.02.1471	
gene:evm.TU.02.1471	
gene:evm.TU.02.1471	
gene:evm.TU.07.254	
gene:evm.TU.01.2335	
gene:evm.TU.01.2335	
gene:evm.TU.01.2335	
gene:evm.TU.01.2335	
gene:evm.TU.01.2335	
gene:evm.TU.09.1371	
gene:evm.TU.09.1375	
gene:evm.TU.09.1372	
gene:evm.TU.09.1370	
gene:evm.TU.09.1373	
gene:evm.TU.09.1376	
gene:evm.TU.09.1374	
gene:evm.TU.09.1379	
gene:evm.TU.09.1377	
gene:evm.TU.09.1378	
gene:evm.TU.09.137	
gene:evm.TU.06.2011	
gene:evm.TU.09.1542	
gene:evm.TU.06.1693	
gene:evm.TU.06.1693	
gene:evm.TU.06.1693	
gene:evm.TU.06.1693	
gene:evm.TU.06.1693	
gene:evm.TU.06.1693	
gene:evm.TU.06.1693	
gene:evm.TU.06.1693	
gene:evm.TU.06.1693	
gene:evm.TU.06.1693	
gene:evm.TU.06.1693	
gene:evm.TU.06.1693	
gene:evm.TU.06.1693	
gene:evm.TU.06.1693	
gene:evm.TU.06.1693	
gene:evm.TU.06.500	
gene:evm.TU.08.609	
gene:evm.TU.09.604	
gene:evm.TU.09.607	
gene:evm.TU.09.606	
gene:evm.TU.09.602	
gene:evm.TU.09.608	
gene:evm.TU.09.601	
gene:evm.TU.09.609	
gene:evm.TU.09.603	
gene:evm.TU.09.600	
gene:evm.TU.09.605	
gene:evm.TU.09.60	
gene:evm.TU.05.764	
gene:evm.TU.05.764	
gene:evm.TU.05.764	
gene:evm.TU.04.1671	
gene:evm.TU.04.1671	
gene:evm.TU.04.1608	
gene:evm.TU.04.1643	
gene:evm.TU.04.1624	
gene:evm.TU.04.1614	
gene:evm.TU.04.1614	
gene:evm.TU.04.1614	
gene:evm.TU.04.1614	
gene:evm.TU.04.1660	
gene:evm.TU.04.1660	
gene:evm.TU.04.1638	
gene:evm.TU.04.1641	
gene:evm.TU.04.1625	
gene:evm.TU.04.1687	
gene:evm.TU.04.1648	
gene:evm.TU.04.1694	
gene:evm.TU.04.1640	
gene:evm.TU.04.164	
gene:evm.TU.04.1647	
gene:evm.TU.04.1647	
gene:evm.TU.04.1663	
gene:evm.TU.04.161	
gene:evm.TU.04.1654	
gene:evm.TU.04.1683	
gene:evm.TU.04.1683	
gene:evm.TU.04.1628	
gene:evm.TU.04.1600	
gene:evm.TU.04.1612	
gene:evm.TU.04.1639	
gene:evm.TU.04.1639	
gene:evm.TU.04.1639	
gene:evm.TU.04.1666	
gene:evm.TU.04.1649	
gene:evm.TU.04.165	
gene:evm.TU.04.1603	
gene:evm.TU.04.1644	
gene:evm.TU.04.1656	
gene:evm.TU.04.1656	
gene:evm.TU.04.1697	
gene:evm.TU.04.1673	
gene:evm.TU.04.1633	
gene:evm.TU.04.1686	
gene:evm.TU.04.1607	
gene:evm.TU.04.169	
gene:evm.TU.04.1662	
gene:evm.TU.04.1659	
gene:evm.TU.04.1650	
gene:evm.TU.04.1684	
gene:evm.TU.04.1689	
gene:evm.TU.04.1629	
gene:evm.TU.04.1631	
gene:evm.TU.04.1631	
gene:evm.TU.04.1631	
gene:evm.TU.04.1631	
gene:evm.TU.04.1623	
gene:evm.TU.04.1680	
gene:evm.TU.04.1668	
gene:evm.TU.04.1698	
gene:evm.TU.04.1698	
gene:evm.TU.04.1698	
gene:evm.TU.04.1698	
gene:evm.TU.04.1698	
gene:evm.TU.04.1604	
gene:evm.TU.04.1621	
gene:evm.TU.04.1692	
gene:evm.TU.04.1692	
gene:evm.TU.04.1651	
gene:evm.TU.04.1645	
gene:evm.TU.04.1617	
gene:evm.TU.04.1676	
gene:evm.TU.04.1605	
gene:evm.TU.04.1622	
gene:evm.TU.04.1613	
gene:evm.TU.04.1634	
gene:evm.TU.04.1670	
gene:evm.TU.04.1679	
gene:evm.TU.04.1688	
gene:evm.TU.04.1609	
gene:evm.TU.04.163	
gene:evm.TU.04.1655	
gene:evm.TU.04.1655	
gene:evm.TU.04.168	
gene:evm.TU.04.1652	
gene:evm.TU.04.162	
gene:evm.TU.04.1646	
gene:evm.TU.04.1672	
gene:evm.TU.04.1690	
gene:evm.TU.04.1674	
gene:evm.TU.04.1664	
gene:evm.TU.04.1615	
gene:evm.TU.04.1699	
gene:evm.TU.04.1602	
gene:evm.TU.04.1693	
gene:evm.TU.04.1693	
gene:evm.TU.04.1693	
gene:evm.TU.04.1693	
gene:evm.TU.04.1693	
gene:evm.TU.04.1637	
gene:evm.TU.04.1677	
gene:evm.TU.04.1630	
gene:evm.TU.04.1653	
gene:evm.TU.04.1658	
gene:evm.TU.04.1627	
gene:evm.TU.04.1695	
gene:evm.TU.04.1632	
gene:evm.TU.04.1696	
gene:evm.TU.04.1611	
gene:evm.TU.04.1685	
gene:evm.TU.04.167	
gene:evm.TU.04.1606	
gene:evm.TU.04.1636	
gene:evm.TU.04.1681	
gene:evm.TU.04.1618	
gene:evm.TU.04.1601	
gene:evm.TU.04.1610	
gene:evm.TU.04.1610	
gene:evm.TU.04.1620	
gene:evm.TU.04.1635	
gene:evm.TU.04.1665	
gene:evm.TU.04.1665	
gene:evm.TU.04.1665	
gene:evm.TU.04.1626	
gene:evm.TU.04.1626	
gene:evm.TU.04.1626	
gene:evm.TU.04.1626	
gene:evm.TU.04.1626	
gene:evm.TU.04.1626	
gene:evm.TU.04.1626	
gene:evm.TU.04.1661	
gene:evm.TU.04.1616	
gene:evm.TU.04.1682	
gene:evm.TU.04.1667	
gene:evm.TU.04.16	
gene:evm.TU.04.1678	
gene:evm.TU.04.166	
gene:evm.TU.04.1619	
gene:evm.TU.04.1642	
gene:evm.TU.04.1657	
gene:evm.TU.04.160	
gene:evm.TU.04.1691	
gene:evm.TU.04.1675	
gene:evm.TU.04.1669	
gene:evm.TU.01.1634	
gene:evm.TU.07.227	
gene:evm.TU.06.1745	
gene:evm.TU.09.744	
gene:evm.TU.10.1590	
gene:evm.TU.05.1650	
gene:evm.TU.05.1650	
gene:evm.TU.05.1650	
gene:evm.TU.05.1650	
gene:evm.TU.05.1650	
gene:evm.TU.05.1650	
gene:evm.TU.05.1650	
gene:evm.TU.06.562	
gene:evm.TU.08.1982	
gene:evm.TU.06.1050	
gene:novel_gene_3929_5bd9a17a	
gene:evm.TU.04.1244	
gene:evm.TU.04.1242	
gene:evm.TU.04.1247	
gene:evm.TU.04.1249	
gene:evm.TU.04.1243	
gene:evm.TU.04.1246	
gene:evm.TU.04.1240	
gene:evm.TU.04.1245	
gene:evm.TU.04.1248	
gene:evm.TU.04.124	
gene:evm.TU.04.1241	
gene:evm.TU.07.244	
gene:evm.TU.09.570	
gene:evm.TU.07.876	
gene:evm.TU.07.876	
gene:evm.TU.07.876	
gene:evm.TU.06.473	
gene:evm.TU.05.1111	
gene:evm.TU.05.1112	
gene:evm.TU.05.1113	
gene:evm.TU.05.1113	
gene:evm.TU.05.1113	
gene:evm.TU.05.1119	
gene:evm.TU.05.1119	
gene:evm.TU.05.1116	
gene:evm.TU.05.1110	
gene:evm.TU.05.1118	
gene:evm.TU.05.1114	
gene:evm.TU.05.1114	
gene:evm.TU.05.1117	
gene:evm.TU.05.111	
gene:evm.TU.05.111	
gene:evm.TU.05.111	
gene:evm.TU.05.111	
gene:evm.TU.05.111	
gene:evm.TU.05.111	
gene:evm.TU.05.1115	
gene:evm.TU.05.111	
gene:evm.TU.05.111	
gene:evm.TU.05.111	
gene:evm.TU.04.930	
gene:novel_gene_3384_5bd9a17a	
gene:novel_gene_3384_5bd9a17a	
gene:novel_gene_3384_5bd9a17a	
gene:evm.TU.01.470	
gene:evm.TU.01.470	
gene:evm.TU.01.470	
gene:evm.TU.01.470	
gene:evm.TU.01.470	
gene:novel_gene_2413_5bd9a17a	
gene:novel_gene_425_5bda875f	
gene:novel_gene_425_5bda875f	
gene:novel_gene_425_5bda875f	
gene:evm.TU.02.2695	
gene:evm.TU.10.2047	
gene:evm.TU.10.2047	
gene:evm.TU.10.2047	
gene:evm.TU.03.1337	
gene:novel_gene_1742_5bd9a17a	
gene:novel_gene_1742_5bd9a17a	
gene:novel_gene_1742_5bd9a17a	
gene:novel_gene_1742_5bd9a17a	
gene:novel_gene_1742_5bd9a17a	
gene:evm.TU.05.722	
gene:evm.TU.05.722	
gene:evm.TU.07.1596	
gene:evm.TU.08.1498	
gene:evm.TU.10.765	
gene:evm.TU.10.765	
gene:evm.TU.10.765	
gene:evm.TU.10.765	
gene:evm.TU.10.765	
gene:evm.TU.10.765	
gene:evm.TU.10.765	
gene:evm.TU.10.765	
gene:evm.TU.10.765	
gene:evm.TU.10.765	
gene:evm.TU.10.765	
gene:evm.TU.10.765	
gene:evm.TU.10.765	
gene:evm.TU.10.765	
gene:evm.TU.04.1030	
gene:evm.TU.10.1053	
gene:evm.TU.10.1050	
gene:evm.TU.10.1050	
gene:evm.TU.10.1051	
gene:evm.TU.10.1059	
gene:evm.TU.10.1054	
gene:evm.TU.10.1052	
gene:evm.TU.10.1055	
gene:evm.TU.10.1058	
gene:evm.TU.10.1057	
gene:evm.TU.10.1056	
gene:evm.TU.10.105	
gene:evm.TU.01.1017	
gene:evm.TU.01.1427	
gene:evm.TU.09.917	
gene:evm.TU.10.1145	
gene:evm.TU.10.1145	
gene:evm.TU.10.1145	
gene:novel_gene_3121_5bd9a17a	
gene:novel_gene_3121_5bd9a17a	
gene:evm.TU.07.1125	
gene:evm.TU.03.318	
gene:evm.TU.03.318	
gene:evm.TU.03.318	
gene:evm.TU.03.318	
gene:evm.TU.03.318	
gene:evm.TU.03.318	
gene:evm.TU.03.318	
gene:evm.TU.03.318	
gene:evm.TU.03.318	
gene:evm.TU.03.318	
gene:evm.TU.03.318	
gene:evm.TU.03.318	
gene:evm.TU.03.318	
gene:evm.TU.03.318	
gene:evm.TU.03.318	
gene:evm.TU.02.1661	
gene:evm.TU.06.2008	
gene:evm.TU.01.2333	
gene:evm.TU.08.1923	
gene:evm.TU.02.628	
gene:evm.TU.08.1943	
gene:novel_gene_2225_5bd9a17a	
gene:evm.TU.09.1587	
gene:evm.TU.01.2509	
gene:evm.TU.01.2509	
gene:evm.TU.01.2509	
gene:evm.TU.01.2509	
gene:evm.TU.01.2509	
gene:evm.TU.01.2509	
gene:novel_gene_339_5bd9a17a	
gene:novel_gene_339_5bd9a17a	
gene:evm.TU.03.86	
gene:evm.TU.03.86	
gene:evm.TU.03.862	
gene:evm.TU.03.867	
gene:evm.TU.03.865	
gene:evm.TU.03.860	
gene:evm.TU.03.863	
gene:evm.TU.03.863	
gene:evm.TU.03.864	
gene:evm.TU.03.861	
gene:evm.TU.03.866	
gene:evm.TU.03.866	
gene:evm.TU.03.869	
gene:evm.TU.03.86	
gene:evm.TU.03.86	
gene:evm.TU.03.86	
gene:evm.TU.03.868	
gene:evm.TU.03.868	
gene:evm.TU.04.356	
gene:evm.TU.07.829	
gene:evm.TU.07.821	
gene:evm.TU.07.826	
gene:evm.TU.07.824	
gene:evm.TU.07.824	
gene:evm.TU.07.824	
gene:evm.TU.07.822	
gene:evm.TU.07.828	
gene:evm.TU.07.820	
gene:evm.TU.07.825	
gene:evm.TU.07.825	
gene:evm.TU.07.827	
gene:evm.TU.07.823	
gene:evm.TU.07.82	
gene:evm.TU.10.28	
gene:evm.TU.10.282	
gene:evm.TU.10.282	
gene:evm.TU.10.282	
gene:evm.TU.10.282	
gene:evm.TU.10.282	
gene:evm.TU.10.282	
gene:evm.TU.10.282	
gene:evm.TU.10.285	
gene:evm.TU.10.285	
gene:evm.TU.10.285	
gene:evm.TU.10.289	
gene:evm.TU.10.280	
gene:evm.TU.10.283	
gene:evm.TU.10.284	
gene:evm.TU.10.287	
gene:evm.TU.10.286	
gene:evm.TU.10.288	
gene:evm.TU.10.281	
gene:evm.TU.10.28	
gene:evm.TU.10.28	
gene:evm.TU.10.28	
gene:evm.TU.10.28	
gene:evm.TU.05.1800	
gene:evm.TU.01.513	
gene:evm.TU.04.269	
gene:evm.TU.03.868	
gene:evm.TU.03.868	
gene:evm.TU.03.868	
gene:evm.TU.09.809	
gene:evm.TU.01.675	
gene:evm.TU.01.675	
gene:evm.TU.01.675	
gene:evm.TU.01.675	
gene:evm.TU.01.675	
gene:evm.TU.01.675	
gene:evm.TU.01.675	
gene:evm.TU.04.611	
gene:evm.TU.04.611	
gene:evm.TU.04.611	
gene:evm.TU.04.611	
gene:evm.TU.04.611	
gene:evm.TU.04.611	
gene:evm.TU.04.611	
gene:evm.TU.04.611	
gene:evm.TU.07.1803	
gene:evm.TU.09.1318	
gene:evm.TU.02.2240	
gene:evm.TU.03.400	
gene:novel_gene_2107_5bd9a17a	
gene:novel_gene_2107_5bd9a17a	
gene:evm.TU.10.1608	
gene:evm.TU.02.2973	
gene:evm.TU.10.232	
gene:evm.TU.05.935	
gene:evm.TU.06.1838	
gene:evm.TU.07.1631	
gene:evm.TU.10.2255	
gene:evm.TU.06.976	
gene:evm.TU.07.1437	
gene:evm.TU.07.1430	
gene:evm.TU.07.1436	
gene:evm.TU.07.1434	
gene:evm.TU.07.1435	
gene:evm.TU.07.1432	
gene:evm.TU.07.1438	
gene:evm.TU.07.1431	
gene:evm.TU.07.1433	
gene:evm.TU.07.143	
gene:evm.TU.07.1439	
gene:novel_gene_3433_5bd9a17a	
gene:evm.TU.02.444	
gene:evm.TU.02.1052	
gene:evm.TU.08.1657	
gene:evm.TU.02.2759	
gene:evm.TU.04.1891	
gene:evm.TU.08.214	
gene:evm.TU.07.1576	
gene:novel_gene_1595_5bd9a17a	
gene:novel_gene_1595_5bd9a17a	
gene:novel_gene_1595_5bd9a17a	
gene:evm.TU.02.1591	
gene:evm.TU.02.1591	
gene:evm.TU.02.1591	
gene:evm.TU.02.1591	
gene:evm.TU.02.1591	
gene:evm.TU.02.1591	
gene:evm.TU.02.1591	
gene:novel_gene_2585_5bd9a17a	
gene:novel_gene_2585_5bd9a17a	
gene:evm.TU.04.1752	
gene:evm.TU.10.325	
gene:evm.TU.07.280	
gene:evm.TU.07.1353	
gene:evm.TU.07.1353	
gene:evm.TU.07.1353	
gene:evm.TU.08.1381	
gene:novel_gene_3672_5bd9a17a	
gene:novel_gene_3672_5bd9a17a	
gene:evm.TU.10.1820	
gene:evm.TU.03.1205	
gene:evm.TU.03.1201	
gene:evm.TU.03.1200	
gene:evm.TU.03.1202	
gene:evm.TU.03.1203	
gene:evm.TU.03.1209	
gene:evm.TU.03.1204	
gene:evm.TU.03.1206	
gene:evm.TU.03.1206	
gene:evm.TU.03.1206	
gene:evm.TU.03.1206	
gene:evm.TU.03.1207	
gene:evm.TU.03.120	
gene:evm.TU.03.1208	
gene:evm.TU.03.1208	
gene:evm.TU.01.935	
gene:evm.TU.01.935	
gene:evm.TU.01.935	
gene:evm.TU.01.935	
gene:evm.TU.01.935	
gene:evm.TU.07.374	
gene:evm.TU.09.676	
gene:evm.TU.08.1663	
gene:evm.TU.10.1776	
gene:evm.TU.02.2055	
gene:evm.TU.01.1143	
gene:evm.TU.09.1381	
gene:evm.TU.09.1388	
gene:evm.TU.09.1383	
gene:evm.TU.09.1386	
gene:evm.TU.09.1384	
gene:evm.TU.09.1380	
gene:evm.TU.09.1387	
gene:evm.TU.09.1385	
gene:evm.TU.09.1389	
gene:evm.TU.09.138	
gene:evm.TU.09.138	
gene:evm.TU.09.1382	
gene:evm.TU.09.138	
gene:evm.TU.01.1700	
gene:evm.TU.01.1700	
gene:evm.TU.01.1700	
gene:evm.TU.01.1700	
gene:evm.TU.01.1700	
gene:evm.TU.01.1700	
gene:evm.TU.01.1700	
gene:evm.TU.01.1700	
gene:evm.TU.01.1700	
gene:evm.TU.01.1700	
gene:evm.TU.01.1700	
gene:evm.TU.01.1700	
gene:evm.TU.03.1252	
gene:evm.TU.03.1259	
gene:evm.TU.03.1254	
gene:evm.TU.03.1257	
gene:evm.TU.03.1256	
gene:evm.TU.03.1253	
gene:evm.TU.03.1255	
gene:evm.TU.03.1258	
gene:evm.TU.03.1251	
gene:evm.TU.03.1250	
gene:evm.TU.03.125	
gene:evm.TU.04.986	
gene:evm.TU.04.989	
gene:evm.TU.04.987	
gene:evm.TU.04.980	
gene:evm.TU.04.981	
gene:evm.TU.04.985	
gene:evm.TU.04.982	
gene:evm.TU.04.988	
gene:evm.TU.04.984	
gene:evm.TU.04.983	
gene:evm.TU.04.98	
gene:evm.TU.10.1517	
gene:evm.TU.08.1999	
gene:evm.TU.04.1703	
gene:evm.TU.02.2304	
gene:evm.TU.02.2295	
gene:evm.TU.10.1598	
gene:evm.TU.05.567	
gene:evm.TU.01.2916	
gene:evm.TU.08.1241	
gene:evm.TU.04.1547	
gene:evm.TU.02.1284	
gene:novel_gene_3988_5bd9a17a	
gene:evm.TU.05.1701	
gene:novel_gene_690_5bd9a17a	
gene:novel_gene_690_5bd9a17a	
gene:evm.TU.05.2061	
gene:evm.TU.06.1797	
gene:evm.TU.08.394	
gene:evm.TU.08.392	
gene:evm.TU.08.390	
gene:evm.TU.08.398	
gene:evm.TU.08.396	
gene:evm.TU.08.393	
gene:evm.TU.08.399	
gene:evm.TU.08.397	
gene:evm.TU.08.395	
gene:evm.TU.08.39	
gene:evm.TU.08.391	
gene:novel_gene_3106_5bd9a17a	
gene:evm.TU.03.1061	
gene:evm.TU.03.1069	
gene:evm.TU.03.1063	
gene:evm.TU.03.1064	
gene:evm.TU.03.1065	
gene:evm.TU.03.1062	
gene:evm.TU.03.1060	
gene:evm.TU.03.1060	
gene:evm.TU.03.1060	
gene:evm.TU.03.1060	
gene:evm.TU.03.1067	
gene:evm.TU.03.1066	
gene:evm.TU.03.1068	
gene:evm.TU.03.106	
gene:evm.TU.08.758	
gene:novel_gene_3098_5bd9a17a	
gene:evm.TU.07.665	
gene:evm.TU.04.1749	
gene:evm.TU.04.1749	
gene:evm.TU.04.1657	
gene:evm.TU.01.2536	
gene:evm.TU.01.2536	
gene:novel_gene_2663_5bd9a17a	
gene:novel_gene_2663_5bd9a17a	
gene:evm.TU.09.1450	
gene:evm.TU.01.1474	
gene:evm.TU.09.815	
gene:novel_gene_2971_5bd9a17a	
gene:evm.TU.03.473	
gene:evm.TU.07.383	
gene:evm.TU.07.1200	
gene:novel_gene_2387_5bd9a17a	
gene:novel_gene_2387_5bd9a17a	
gene:novel_gene_2387_5bd9a17a	
gene:evm.TU.10.1541	
gene:evm.TU.10.1541	
gene:evm.TU.07.301	
gene:novel_gene_2065_5bd9a17a	
gene:evm.TU.03.300	
gene:evm.TU.03.300	
gene:evm.TU.03.300	
gene:evm.TU.08.337	
gene:evm.TU.01.2671	
gene:evm.TU.01.262	
gene:evm.TU.01.2629	
gene:evm.TU.01.2685	
gene:evm.TU.01.2685	
gene:evm.TU.01.2620	
gene:evm.TU.01.2605	
gene:evm.TU.01.263	
gene:evm.TU.01.2676	
gene:evm.TU.01.2694	
gene:evm.TU.01.2694	
gene:evm.TU.01.2648	
gene:evm.TU.01.2634	
gene:evm.TU.01.2643	
gene:evm.TU.01.2698	
gene:evm.TU.01.2698	
gene:evm.TU.01.2664	
gene:evm.TU.01.2640	
gene:evm.TU.01.2692	
gene:evm.TU.01.2644	
gene:evm.TU.01.2644	
gene:evm.TU.01.2624	
gene:evm.TU.01.2627	
gene:evm.TU.01.2625	
gene:evm.TU.01.2659	
gene:evm.TU.01.2659	
gene:evm.TU.01.2659	
gene:evm.TU.01.2615	
gene:evm.TU.01.2615	
gene:evm.TU.01.2637	
gene:evm.TU.01.2637	
gene:evm.TU.01.2637	
gene:evm.TU.01.2637	
gene:evm.TU.01.2637	
gene:evm.TU.01.2657	
gene:evm.TU.01.2656	
gene:evm.TU.01.2667	
gene:evm.TU.01.2686	
gene:evm.TU.01.2641	
gene:evm.TU.01.2670	
gene:evm.TU.01.2690	
gene:evm.TU.01.2689	
gene:evm.TU.01.2618	
gene:evm.TU.01.2618	
gene:evm.TU.01.2618	
gene:evm.TU.01.2613	
gene:evm.TU.01.2645	
gene:evm.TU.01.2645	
gene:evm.TU.01.2602	
gene:evm.TU.01.2687	
gene:evm.TU.01.2687	
gene:evm.TU.01.2687	
gene:evm.TU.01.2612	
gene:evm.TU.01.2669	
gene:evm.TU.01.2691	
gene:evm.TU.01.2653	
gene:evm.TU.01.268	
gene:evm.TU.01.2678	
gene:evm.TU.01.2626	
gene:evm.TU.01.265	
gene:evm.TU.01.2647	
gene:evm.TU.01.2601	
gene:evm.TU.01.2654	
gene:evm.TU.01.2611	
gene:evm.TU.01.2611	
gene:evm.TU.01.2611	
gene:evm.TU.01.2611	
gene:evm.TU.01.2611	
gene:evm.TU.01.2611	
gene:evm.TU.01.2695	
gene:evm.TU.01.2604	
gene:evm.TU.01.2660	
gene:evm.TU.01.2679	
gene:evm.TU.01.2623	
gene:evm.TU.01.2636	
gene:evm.TU.01.2688	
gene:evm.TU.01.2622	
gene:evm.TU.01.2610	
gene:evm.TU.01.2600	
gene:evm.TU.01.2608	
gene:evm.TU.01.2672	
gene:evm.TU.01.264	
gene:evm.TU.01.264	
gene:evm.TU.01.264	
gene:evm.TU.01.264	
gene:evm.TU.01.264	
gene:evm.TU.01.2619	
gene:evm.TU.01.2683	
gene:evm.TU.01.2683	
gene:evm.TU.01.2642	
gene:evm.TU.01.2616	
gene:evm.TU.01.2616	
gene:evm.TU.01.2663	
gene:evm.TU.01.2677	
gene:evm.TU.01.2607	
gene:evm.TU.01.2666	
gene:evm.TU.01.2680	
gene:evm.TU.01.2639	
gene:evm.TU.01.2639	
gene:evm.TU.01.2639	
gene:evm.TU.01.2639	
gene:evm.TU.01.2639	
gene:evm.TU.01.2639	
gene:evm.TU.01.2639	
gene:evm.TU.01.2639	
gene:evm.TU.01.2639	
gene:evm.TU.01.261	
gene:evm.TU.01.2630	
gene:evm.TU.01.2630	
gene:evm.TU.01.2603	
gene:evm.TU.01.2650	
gene:evm.TU.01.2621	
gene:evm.TU.01.2638	
gene:evm.TU.01.2628	
gene:evm.TU.01.2665	
gene:evm.TU.01.2684	
gene:evm.TU.01.260	
gene:evm.TU.01.260	
gene:evm.TU.01.2674	
gene:evm.TU.01.2631	
gene:evm.TU.01.2631	
gene:evm.TU.01.2662	
gene:evm.TU.01.2661	
gene:evm.TU.01.2661	
gene:evm.TU.01.2609	
gene:evm.TU.01.2681	
gene:evm.TU.01.266	
gene:evm.TU.01.2673	
gene:evm.TU.01.2673	
gene:evm.TU.01.2673	
gene:evm.TU.01.2673	
gene:evm.TU.01.2632	
gene:evm.TU.01.2649	
gene:evm.TU.01.267	
gene:evm.TU.01.2635	
gene:evm.TU.01.2646	
gene:evm.TU.01.2651	
gene:evm.TU.01.2651	
gene:evm.TU.01.2693	
gene:evm.TU.01.2693	
gene:evm.TU.01.2682	
gene:evm.TU.01.2697	
gene:evm.TU.01.2697	
gene:evm.TU.01.2697	
gene:evm.TU.01.2614	
gene:evm.TU.01.2668	
gene:evm.TU.01.2696	
gene:evm.TU.01.2699	
gene:evm.TU.01.2699	
gene:evm.TU.01.2699	
gene:evm.TU.01.2652	
gene:evm.TU.01.2658	
gene:evm.TU.01.2675	
gene:evm.TU.01.2606	
gene:evm.TU.01.2617	
gene:evm.TU.01.26	
gene:evm.TU.01.2633	
gene:evm.TU.01.269	
gene:evm.TU.01.2655	
gene:evm.TU.01.2655	
gene:evm.TU.01.2655	
gene:evm.TU.09.1293	
gene:evm.TU.09.1232	
gene:evm.TU.09.1236	
gene:evm.TU.09.1281	
gene:evm.TU.09.123	
gene:evm.TU.09.1266	
gene:evm.TU.09.1256	
gene:evm.TU.09.1231	
gene:evm.TU.09.120	
gene:evm.TU.09.1245	
gene:evm.TU.09.1227	
gene:evm.TU.09.1276	
gene:evm.TU.09.1261	
gene:evm.TU.09.1215	
gene:evm.TU.09.1258	
gene:evm.TU.09.1221	
gene:evm.TU.09.1229	
gene:evm.TU.09.1273	
gene:evm.TU.09.1294	
gene:evm.TU.09.1290	
gene:evm.TU.09.1200	
gene:evm.TU.09.126	
gene:evm.TU.09.1203	
gene:evm.TU.09.1206	
gene:evm.TU.09.1239	
gene:evm.TU.09.1230	
gene:evm.TU.09.1263	
gene:evm.TU.09.1259	
gene:evm.TU.09.1255	
gene:evm.TU.09.1284	
gene:evm.TU.09.1209	
gene:evm.TU.09.1202	
gene:evm.TU.09.1235	
gene:evm.TU.09.1286	
gene:evm.TU.09.1210	
gene:evm.TU.09.1249	
gene:evm.TU.09.1240	
gene:evm.TU.09.1297	
gene:evm.TU.09.1299	
gene:evm.TU.09.1248	
gene:evm.TU.09.1264	
gene:evm.TU.09.1222	
gene:evm.TU.09.1250	
gene:evm.TU.09.1214	
gene:evm.TU.09.1295	
gene:evm.TU.09.1224	
gene:evm.TU.09.1254	
gene:evm.TU.09.1289	
gene:evm.TU.09.1208	
gene:evm.TU.09.1228	
gene:evm.TU.09.1275	
gene:evm.TU.09.1201	
gene:evm.TU.09.1285	
gene:evm.TU.09.1260	
gene:evm.TU.09.1270	
gene:evm.TU.09.1265	
gene:evm.TU.09.1288	
gene:evm.TU.09.1272	
gene:evm.TU.09.1219	
gene:evm.TU.09.1217	
gene:evm.TU.09.1205	
gene:evm.TU.09.1280	
gene:evm.TU.09.1257	
gene:evm.TU.09.1278	
gene:evm.TU.09.1274	
gene:evm.TU.09.1216	
gene:evm.TU.09.1220	
gene:evm.TU.09.1211	
gene:evm.TU.09.1277	
gene:evm.TU.09.1207	
gene:evm.TU.09.1253	
gene:evm.TU.09.1252	
gene:evm.TU.09.1226	
gene:evm.TU.09.1218	
gene:evm.TU.09.1287	
gene:evm.TU.09.1244	
gene:evm.TU.09.1292	
gene:evm.TU.09.1279	
gene:evm.TU.09.1298	
gene:evm.TU.09.1262	
gene:evm.TU.09.1251	
gene:evm.TU.09.1282	
gene:evm.TU.09.1213	
gene:evm.TU.09.1237	
gene:evm.TU.09.1204	
gene:evm.TU.09.1283	
gene:evm.TU.09.1246	
gene:evm.TU.09.1269	
gene:evm.TU.09.124	
gene:evm.TU.09.1242	
gene:evm.TU.09.125	
gene:evm.TU.09.1234	
gene:evm.TU.09.1225	
gene:evm.TU.09.1233	
gene:evm.TU.09.1268	
gene:evm.TU.09.1243	
gene:evm.TU.09.1241	
gene:evm.TU.09.1247	
gene:evm.TU.09.1267	
gene:evm.TU.09.1223	
gene:evm.TU.09.1296	
gene:evm.TU.09.122	
gene:evm.TU.09.128	
gene:evm.TU.09.1212	
gene:evm.TU.09.1291	
gene:evm.TU.09.127	
gene:evm.TU.09.121	
gene:evm.TU.09.1271	
gene:evm.TU.09.12	
gene:evm.TU.09.129	
gene:evm.TU.09.1238	
gene:evm.TU.05.552	
gene:novel_gene_2216_5bd9a17a	
gene:novel_gene_2216_5bd9a17a	
gene:novel_gene_2216_5bd9a17a	
gene:novel_gene_2216_5bd9a17a	
gene:novel_gene_2216_5bd9a17a	
gene:novel_gene_2216_5bd9a17a	
gene:novel_gene_1979_5bd9a17a	
gene:novel_gene_1979_5bd9a17a	
gene:novel_gene_1979_5bd9a17a	
gene:novel_gene_1979_5bd9a17a	
gene:evm.TU.03.1179	
gene:evm.TU.02.3081	
gene:evm.TU.07.810	
gene:evm.TU.07.815	
gene:evm.TU.07.812	
gene:evm.TU.07.818	
gene:evm.TU.07.816	
gene:evm.TU.07.816	
gene:evm.TU.07.817	
gene:evm.TU.07.819	
gene:evm.TU.07.819	
gene:evm.TU.07.811	
gene:evm.TU.07.811	
gene:evm.TU.07.811	
gene:evm.TU.07.811	
gene:evm.TU.07.811	
gene:evm.TU.07.813	
gene:evm.TU.07.814	
gene:evm.TU.07.814	
gene:evm.TU.07.814	
gene:evm.TU.07.814	
gene:evm.TU.07.814	
gene:evm.TU.07.814	
gene:evm.TU.07.81	
gene:evm.TU.07.810	
gene:evm.TU.07.815	
gene:evm.TU.07.812	
gene:evm.TU.07.818	
gene:evm.TU.07.816	
gene:evm.TU.07.816	
gene:evm.TU.07.817	
gene:evm.TU.07.819	
gene:evm.TU.07.819	
gene:evm.TU.07.811	
gene:evm.TU.07.811	
gene:evm.TU.07.811	
gene:evm.TU.07.811	
gene:evm.TU.07.811	
gene:evm.TU.07.813	
gene:evm.TU.07.814	
gene:evm.TU.07.814	
gene:evm.TU.07.814	
gene:evm.TU.07.814	
gene:evm.TU.07.814	
gene:evm.TU.07.814	
gene:evm.TU.07.81	
gene:evm.TU.01.1142	
gene:evm.TU.01.1140	
gene:evm.TU.01.1140	
gene:evm.TU.01.1149	
gene:evm.TU.01.1149	
gene:evm.TU.01.1149	
gene:evm.TU.01.1148	
gene:evm.TU.01.1141	
gene:evm.TU.01.1141	
gene:evm.TU.01.1146	
gene:evm.TU.01.1145	
gene:evm.TU.01.1144	
gene:evm.TU.01.1147	
gene:evm.TU.01.1143	
gene:evm.TU.01.114	
gene:evm.TU.01.449	
gene:evm.TU.07.420	
gene:evm.TU.08.403	
gene:evm.TU.10.1956	
gene:evm.TU.01.2973	
gene:evm.TU.01.2280	
gene:evm.TU.01.2284	
gene:evm.TU.01.2286	
gene:evm.TU.01.2283	
gene:evm.TU.01.2289	
gene:evm.TU.01.2282	
gene:evm.TU.01.2287	
gene:evm.TU.01.2281	
gene:evm.TU.01.2285	
gene:evm.TU.01.2285	
gene:evm.TU.01.2288	
gene:evm.TU.01.228	
gene:evm.TU.01.983	
gene:evm.TU.01.981	
gene:evm.TU.01.981	
gene:evm.TU.01.981	
gene:evm.TU.01.981	
gene:evm.TU.01.988	
gene:evm.TU.01.982	
gene:evm.TU.01.982	
gene:evm.TU.01.986	
gene:evm.TU.01.984	
gene:evm.TU.01.984	
gene:evm.TU.01.980	
gene:evm.TU.01.985	
gene:evm.TU.01.989	
gene:evm.TU.01.987	
gene:evm.TU.01.98	
gene:evm.TU.04.465	
gene:evm.TU.04.463	
gene:evm.TU.04.462	
gene:evm.TU.04.462	
gene:evm.TU.04.466	
gene:evm.TU.04.461	
gene:evm.TU.04.460	
gene:evm.TU.04.464	
gene:evm.TU.04.468	
gene:evm.TU.04.467	
gene:evm.TU.04.469	
gene:evm.TU.04.46	
gene:evm.TU.10.1807	
gene:evm.TU.03.1029	
gene:evm.TU.10.1280	
gene:evm.TU.09.1089	
gene:evm.TU.07.1593	
gene:evm.TU.07.1591	
gene:evm.TU.07.1590	
gene:evm.TU.07.1592	
gene:evm.TU.07.1595	
gene:evm.TU.07.1599	
gene:evm.TU.07.1594	
gene:evm.TU.07.1598	
gene:evm.TU.07.1597	
gene:evm.TU.07.1596	
gene:evm.TU.07.159	
gene:evm.TU.07.1079	
gene:evm.TU.07.953	
gene:evm.TU.05.1584	
gene:evm.TU.05.1584	
gene:evm.TU.05.1584	
gene:evm.TU.05.1584	
gene:evm.TU.05.1584	
gene:evm.TU.05.1584	
gene:evm.TU.05.1584	
gene:evm.TU.05.1584	
gene:evm.TU.05.1584	
gene:evm.TU.05.1584	
gene:evm.TU.05.1584	
gene:evm.TU.01.2655	
gene:evm.TU.01.2655	
gene:evm.TU.01.2655	
gene:evm.TU.01.2655	
gene:evm.TU.01.2655	
gene:evm.TU.07.646	
