gene_ID	coefVar.logTPM	coefVar.TPM	relVar.TPM	relVar.logTPM	rank.CVlogTPM	rank.CVTPM	rank.varTPM	rank.varlogTPM
novel_gene_3490_5bd9a17a	1.6261354077564798	2.373087770491033	114939.94005800076	3.542441628098292	15009	15414	16632	16632
novel_gene_1417_5bd9a17a	0.30695425908886265	0.9868311733483128	11172.259600382476	0.31824147499925903	10395	12005	16631	13288
novel_gene_2254_5bd9a17a	0.3564414296704522	1.1243423978580025	6096.7679128234095	0.3682713679716845	10901	12643	16630	13746
evm.TU.04.1181	1.3672898634180408	2.434551967192315	5829.759780746603	1.7637244367903375	14386	15457	16629	16576
evm.TU.04.1186	0.6374326695347173	2.3536848047575427	5634.34954625728	0.49496365846923485	12582	15396	16628	14568
evm.TU.07.160	0.5239523054442957	1.6674219465703395	5625.619733375618	0.630559061697996	11943	14494	16627	15196
evm.TU.02.2301	0.20632494264126902	1.0542669924316355	5509.928393094593	0.14156871051718017	8677	12326	16626	11190
novel_gene_3388_5bd9a17a	0.6543624957990412	1.906667352656506	5373.527442110133	0.7857508440156319	12659	14954	16625	15721
evm.TU.07.1035	0.523988566916872	1.9239037870783435	4091.5547091865956	0.5473268604351246	11944	14973	16624	14858
evm.TU.04.2050	0.3809793084241089	1.4024490473043723	3971.6640384837133	0.3539763425871983	11112	13645	16623	13626
evm.TU.03.611	0.4919437882462934	1.9268409015902461	3484.6317848520603	0.45263564189584043	11700	14976	16622	14305
evm.TU.03.616	0.634481585797745	1.921293475457191	3394.251353236037	0.6874114356670541	12570	14971	16621	15431
evm.TU.10.806	0.8238438273629491	2.237937519647495	3242.5726178321866	1.0027375894569037	13161	15313	16620	16123
evm.TU.09.1557	0.2594592123281954	0.6896955228276108	3161.7478066476942	0.22581391423401917	9732	9793	16619	12344
evm.TU.08.1544	0.70058687737103	2.0737413599893113	3056.0985629683605	0.7898484459523449	12803	15169	16618	15733
evm.TU.04.2177	0.28356452010318733	0.8182813926077847	3017.2071823810634	0.25409453130436227	10083	10868	16617	12687
novel_gene_3098_5bd9a17a	0.07099241817451561	0.7812729494072695	2951.9683747466474	0.01777839310117185	2781	10576	16616	5560
evm.TU.10.1804	0.6267038130054798	1.5483309575370552	2771.3371964511784	0.7402205421854638	12538	13983	16615	15589
novel_gene_894_5bd9a17a	0.28857728146911155	0.8590084976173933	2767.29363910839	0.2328792240540279	10161	11173	16614	12444
evm.TU.10.532	0.5517862649025974	1.8773589628889549	2637.065520291279	0.5617850327105086	12125	14913	16613	14924
novel_gene_3491_5bd9a17a	1.6462902274855988	2.2535312551444973	2533.059186443973	2.24372884730294	15063	15328	16612	16619
evm.TU.10.976	0.3406224104994042	1.8756716915495346	2512.7139468877617	0.2387301321984216	10746	14911	16611	12508
evm.TU.04.1030	1.7859170839353957	2.441968962140476	2414.5427965345198	2.2147473414872807	15257	15461	16610	16618
evm.TU.08.541	0.26084266923998156	1.6026521071842108	2396.0308554267735	0.15991081408908392	9751	14280	16609	11467
evm.TU.04.213	0.27965688260735017	1.7064835172417092	2327.715687118784	0.1816840277003132	10022	14591	16608	11795
novel_gene_178_5bd9a17a	0.3364504224176561	1.0160350935623197	2276.804951376772	0.3110155407945819	10703	12149	16607	13223
evm.TU.07.1843	2.449489742783178	2.4494897427831783	2242.189730078173	3.2840305394053573	15771	16353.5	16606	16631
evm.TU.02.2798	0.14232249447510864	0.8164358203786906	2225.1438423755867	0.06522687565528733	6831	10855	16605	9407
evm.TU.06.1922	0.12904326471914068	1.2347617232770545	2222.3860862601373	0.04854412481121536	6268	13136	16604	8644
evm.TU.08.1058	0.3693890067061974	1.4522130175244168	2154.5970478614013	0.30353439570977514	11017	13763	16603	13160
evm.TU.02.3054	0.3477385531489617	0.9536064922280518	1962.5586746625818	0.3382181446413932	10814	11802	16602	13497
evm.TU.04.2318	0.23046083521165134	0.9187837622822871	1911.2629584208005	0.15888047151301102	9210	11563	16601	11455
evm.TU.03.1011	0.6323674462650208	1.8638959264045545	1879.9062556983233	0.6455197026628843	12562	14893	16600	15256
evm.TU.09.1558	0.29301352280010173	0.6913184042548304	1872.8741845536272	0.2686369108992133	10218	9808	16599	12837
evm.TU.10.1458	0.6191214919409146	1.5255773744522498	1755.2596317466325	0.7513853660440495	12506	13935	16598	15629
evm.TU.10.817	0.9452319517473293	1.3887955996201589	1733.5509679364122	1.4072192585504748	13566	13603	16597	16487
evm.TU.02.1246	1.3212693774991142	2.407728438506654	1729.4104392548397	1.438548723969371	14348	15441	16596	16497
evm.TU.05.2020	0.315322357544833	1.2159161176306903	1713.1042207079001	0.2291167673286919	10488	13061	16595	12396
evm.TU.03.481	0.6696238084950551	1.764328222308825	1671.6236486226148	0.7389405778281619	12709	14728	16594	15585
novel_gene_3225_5bd9a17a	1.3788023618776695	2.4006002368492565	1653.448105892248	1.2535439877162466	14396	15437	16593	16388
evm.TU.08.1745	0.29611492011937723	1.1192463078405472	1639.3348036370112	0.22824343851824372	10260	12616	16592	12384
evm.TU.02.1832	0.5522053966380346	1.2145613241456168	1589.4241063889726	0.6675717796826499	12128	13051	16591	15362
evm.TU.04.2310	1.13237604197968	1.889019897016693	1544.9122417742885	1.6385784319373409	13938	14935	16590	16549
evm.TU.08.1613	0.10362611166926608	1.2234238160539552	1512.2825616922482	0.028161574864847386	4924	13091	16589	7082
evm.TU.04.2151	0.11812192607440697	1.1251301434343923	1506.1717071393746	0.03965671185518605	5745	12648	16588	8115
evm.TU.02.1462	1.5563208329844014	1.8532376240765047	1503.6897040233139	2.430629445796586	14657	14879	16587	16625
evm.TU.04.2003	0.39143052851609633	1.3022836916813678	1493.8669950497333	0.33321393797969984	11190	13342	16586	13454
evm.TU.02.2646	0.5703377454102402	1.206161803050765	1460.950365281162	0.6732056190992545	12244	13007	16585	15375
evm.TU.06.1975	0.29475937913817313	1.0010571266423043	1458.9894206472811	0.23501334356590559	10240	12076	16584	12470
evm.TU.10.823	0.6816505229076611	2.0823240577955304	1456.6768325393814	0.6727749931655352	12748	15174	16583	15374
evm.TU.10.339	0.7731480924100574	1.903624828818324	1452.7576454052905	0.6849867442191155	12950	14950	16582	15416
evm.TU.02.2756	0.30841722925644494	0.8749704086096494	1423.1984975339421	0.2682817414792546	10409	11311	16581	12834
evm.TU.01.2327	0.18446425805915884	1.2526001902031934	1421.5655068809483	0.08197938363454468	8160	13191	16580	9929
evm.TU.04.1168	0.40417382982596617	1.0788922740180318	1413.9570309030473	0.3489635854536446	11277	12435	16579	13582
evm.TU.07.1707	1.6608733904842585	2.277203254855987	1362.5683479617162	1.9915705090271527	15101	15346	16578	16599
evm.TU.09.131	0.6992622449476441	1.0318427899448408	1358.2200172303571	1.0103635576308885	12798	12225	16577	16137
evm.TU.01.3068	0.8110389287884304	1.3424547727899845	1346.3170086543587	1.0378975320731305	13099	13452	16576	16176
evm.TU.10.814	0.6004242627357772	1.4972674851754126	1345.2480563083877	0.6516034232593261	12413	13862	16575	15282
evm.TU.08.1989	0.9395133854166926	1.6833478020954795	1340.2685792688833	1.190865834254655	13552	14535	16574	16342
evm.TU.09.548	0.15186907077435505	0.547099107961336	1338.9387348322448	0.07725322146100143	7187	8284	16573	9804
novel_gene_1315_5bd9a17a	0.428629677884843	2.013312618972938	1327.70805693924	0.31389208871112784	11414	15099	16572	13248
evm.TU.04.2443	0.6431018589581774	1.4934980939905373	1327.3541103579128	0.6861352586912214	12613	13844	16571	15423
evm.TU.08.429	0.25184998361013594	1.151250938468559	1309.1278856014198	0.15137410194057918	9584	12762	16570	11347
evm.TU.06.516	0.3290072156820421	0.9300680707100785	1272.3869781850733	0.29620647542607975	10634	11648	16569	13077
evm.TU.02.3250	1.0959172017011358	1.7351772375820398	1268.641754228098	1.3335257684829982	13781	14665	16568	16447
evm.TU.07.1302	0.7216858071427773	1.6613660478097905	1263.4480875742427	0.7763036112393035	12848	14478	16567	15694
evm.TU.10.1632	0.5097049160136998	0.8377119664609579	1253.411197059023	0.6540591015485567	11844	11002	16566	15296
evm.TU.01.2003	0.6981779411011833	1.798804901418319	1251.582184428179	0.7747792357362007	12795	14793	16565	15688
novel_gene_3277_5bd9a17a	0.5194178602777828	1.3497560133981388	1230.8002215933197	0.538725845849544	11906	13482	16564	14812
evm.TU.04.2294	0.8648905187138557	1.1068649976163052	1221.8910347092585	1.3232687003987085	13330	12555	16563	16437
evm.TU.08.1792	2.449489742783178	2.449489742783178	1217.5190753590653	2.9276582569576175	15771	15771	16562	16630
evm.TU.09.1488	0.14784148797509372	1.0358378533625754	1200.6793890120894	0.06120602497680537	7041	12242	16561	9249
novel_gene_2708_5bd9a17a	0.9475194636988232	2.1070233035302173	1172.1874994078887	1.058684468072667	13572	15200	16560	16192
evm.TU.01.3064	0.2864882729749391	1.1035693869048344	1165.589939846381	0.20842460728976164	10131	12544	16559	12166
evm.TU.02.3112	0.7191110641267302	1.5605182495766792	1159.4928213261487	0.8225772525207635	12841	14112	16558	15809
evm.TU.06.1851	0.21472613329792253	1.0216495713576408	1130.2613363113637	0.12518221164753357	8892	12182	16557	10894
novel_gene_1314_5bd9a17a	0.23945890970644407	1.7004364021845135	1119.530192200107	0.12348045232905153	9374	14573	16556	10851
evm.TU.04.174	1.215046559377658	1.7208237978871028	1111.9055776231926	1.5287907897124393	14176	14636	16555	16522
novel_gene_3035_5bd9a17a	0.32311188545242936	1.754198562285827	1093.8540971246496	0.20048970674979477	10568	14702	16554	12060
evm.TU.02.2758	0.24786708738505134	0.850497021111572	1093.6565063904195	0.17226186931544726	9523	11109	16553	11665
evm.TU.10.1776	0.3680080151696803	1.042679662722775	1091.540871485217	0.33215644076704304	11009	12278	16552	13443
evm.TU.06.2008	0.14748486099727032	1.0409871481522672	1083.3590372897388	0.059398877007210776	7028	12267	16551	9161
evm.TU.01.865	1.723118496521563	2.3993840862728333	1065.2107500475795	2.1145574782726815	15190	15433	16550	16610
novel_gene_3300_5bd9a17a	0.5343553345555486	0.8131591312537333	1061.5210124905643	0.7131735650300611	12019	10824	16549	15518
evm.TU.07.1403	0.31406307431395636	0.9550989903692062	1055.596202737933	0.258655177836231	10471	11813	16548	12736
evm.TU.03.615	0.21579437351540554	1.524272955960151	1053.4124357125927	0.09216339835893979	8919	13930	16547	10195
evm.TU.08.907	0.3098651284550689	1.244958573973988	1041.4318987077907	0.22774428954078252	10427	13162	16546	12377
evm.TU.08.1575	0.1978509834984938	0.961685707957324	1039.485584337551	0.10723867973084997	8477	11860	16545	10550
evm.TU.04.121	0.19330915173729046	1.4159227715599008	1038.7335638924092	0.08906034595326835	8381	13674	16544	10122
evm.TU.04.78	0.3852448756931725	1.1399509428649521	1033.9425372227545	0.3009236987558956	11143	12710	16543	13130
evm.TU.10.1984	0.3354469414300009	1.0456189520531651	1022.6934150050703	0.2611955230307277	10693	12296	16542	12766
evm.TU.07.392	0.5559926273360707	1.079799255782807	1019.1114689999698	0.6570829189525149	12151	12442	16541	15311
evm.TU.02.2272	0.5830303190003818	2.0238344105837185	1015.3292321266863	0.3574298976922866	12322	15110	16540	13655
evm.TU.06.1710	1.3125920453250315	1.8710637775888521	1010.8208281434105	1.691777193199547	14339	14902	16539	16560
evm.TU.10.2012	0.5055299928921803	1.2407121856620216	1010.5293475799373	0.5241555257541191	11817	13148	16538	14728
evm.TU.09.137	0.47477361237423854	1.1300668891873367	1009.5374005520295	0.5060108690301278	11628	12673	16537	14642
novel_gene_1532_5bd9a17a	0.44243674217370443	1.6622099846187557	1007.407584210343	0.3505355380188509	11494	14483	16536	13591
evm.TU.07.357	0.5575869477078005	2.1806844421000378	1003.645585072538	0.4143810132720833	12163	15266	16535	14060
evm.TU.07.1704	2.4494897427831783	2.449489742783178	996.848898592173	2.7071560630986293	16352.5	15771	16534	16628
evm.TU.03.1678	0.08285182218540915	0.6453838949483052	990.8375785357547	0.02220227279040501	3601	9405	16533	6313
evm.TU.01.2925	0.4471543286209146	1.4975433025455869	986.9203822905783	0.3572773938709563	11521	13863	16532	13653
novel_gene_155_5bd9a17a	0.7507382466878204	1.5022210477358275	969.4173695659015	0.8760019478293265	12906	13875	16531	15911
evm.TU.03.652	0.14685496425195063	1.1560951269488144	964.062398643512	0.05645358291446788	7004	12788	16530	9026
novel_gene_977_5bd9a17a	0.09697232376370056	0.6874375591968168	963.7102590737558	0.02930056141247215	4557	9772	16529	7215
evm.TU.02.3185	0.41135482718155186	1.9594444338101715	960.2266517804813	0.275231263993099	11323	15017	16528	12911
evm.TU.04.1961	0.3348231525349859	0.8781998966245564	952.4498197906847	0.29524623831961433	10686	11327	16527	13069
evm.TU.07.1315	0.16930445793748955	0.938885194059362	947.2101221481408	0.07905971469550403	7735	11704	16526	9852
evm.TU.04.1891	1.1080065623957818	1.4863380018622896	944.4601669140542	1.5699517861057373	13833	13836	16525	16530
evm.TU.03.146	0.4392942617256171	1.3848083539592355	942.1355217573094	0.36614525778490115	11479	13591	16524	13735
evm.TU.02.3038	0.8201221260936129	1.7190788286822698	928.651473915845	0.8681208055908913	13145	14630	16523	15889
evm.TU.08.1442	0.22806055054307312	1.181150025306169	921.808353614686	0.1255204372686828	9169	12902	16522	10901
evm.TU.09.145	0.8945303436675743	1.5572405085990755	910.3854746748171	1.1503585190211858	13426	14088	16521	16307
novel_gene_339_5bd9a17a	0.7306523794214104	1.7827140418716148	908.8141479064506	0.7516947931824781	12869	14766	16520	15631
novel_gene_4008_5bd9a17a	1.8182067277135838	2.4180584954627853	905.2127723084723	2.118774097148769	15286	15448	16519	16611
evm.TU.09.698	0.24847219623893604	0.932857949474637	902.2731541588137	0.16292624309429518	9531	11664	16518	11512
evm.TU.05.1614	0.29629250363047616	0.8695485054247083	897.4798316914578	0.22597661590326787	10268	11264	16517	12352
evm.TU.02.2843	0.6524090765225579	1.8177633649051235	886.4940491044797	0.6353048974527618	12649	14824	16516	15213
evm.TU.09.35	0.6048630320489384	1.494423523092069	882.2303897596682	0.6444900697719614	12437	13847	16515	15255
novel_gene_3709_5bd9a17a	1.8403957443863477	2.399565946929176	875.9906698381031	2.1045111989582526	15309	15434	16514	16609
evm.TU.04.534	0.38225794096190857	0.9640099749567937	860.1439273342953	0.3615190687320261	11123	11872	16513	13689
novel_gene_2965_5bd9a17a	1.5771775716963994	2.0800635407446144	859.0133155919982	2.1536725539203956	14811	15172	16512	16614
novel_gene_4004_5bd9a17a	0.2060418506260069	1.4648647932487802	855.6202873455418	0.09612939595363325	8669	13795	16511	10296
evm.TU.07.522	0.1877454565603964	0.9455250513920269	851.721159401999	0.09339979775186123	8252	11740	16510	10228
novel_gene_3458_5bd9a17a	0.2579705024340539	0.8370100517297406	837.2170965732256	0.17997803665990164	9697	10992	16509	11770
evm.TU.05.935	0.86720450673315	2.2402147537335537	837.1386880221299	0.7908362454298804	13338	15315	16508	15737
novel_gene_370_5bd9a17a	0.1218133519615304	0.9379093773525983	829.8391993228116	0.04067441050462057	5930	11690	16507	8185
novel_gene_3847_5bd9a17a	0.4784245832433865	1.1502548570469704	825.0271077548185	0.4598789156283408	11643	12758	16506	14359
evm.TU.06.1969	0.051173381979356024	0.41598904982901563	817.4140736985449	0.009464185188395695	1285	6413	16505	3433
evm.TU.10.1960	0.2800045080951863	0.7861798176216407	815.6739622867179	0.21457773579416486	10033	10606	16504	12237
evm.TU.08.1715	0.29307659317937595	1.6694210511040468	814.8373475508264	0.15354432274537877	10219	14498	16503	11371
evm.TU.04.2308	2.4494897427831783	2.4494897427831783	792.1436759871691	2.807286430436645	16352.5	16353.5	16502	16629
evm.TU.07.1710	0.5876147890416603	1.7149944707496594	782.7213319429699	0.5583893327710402	12342	14619	16501	14904
evm.TU.03.228	0.6505237552904213	1.7716709843465037	778.6292965488782	0.6212777438463657	12643	14745	16500	15166
novel_gene_2924_5bd9a17a	0.23038850994205184	1.122908810978471	757.5640936604144	0.1294256696223535	9207	12634	16499	10964
novel_gene_3034_5bd9a17a	0.30282579247209646	1.6568637706468508	757.0922821124432	0.17147310530667695	10345	14465	16498	11653
evm.TU.06.1335	1.3152604675468111	2.421512734713138	749.6433009329336	0.7302920466566011	14344	15451	16497	15564
evm.TU.01.3021	0.1853754853088839	0.7390778923828271	741.9990070917296	0.09139899159339286	8189	10220	16496	10176
evm.TU.01.168	0.3565737628988848	1.4433975940373005	730.0115358437604	0.25819637435274273	10903	13743	16495	12729
evm.TU.02.531	0.42649190454159913	1.68522635075162	728.184415074511	0.3017583053641776	11404	14539	16494	13138
evm.TU.09.6	0.2053759454032051	0.8438715821594867	720.2381398104326	0.11232497055327054	8653	11053	16493	10652
evm.TU.08.1538	1.7438223842320217	2.419933139309692	718.7019826085224	1.8504802853611286	15212	15450	16492	16584
evm.TU.09.855	0.562342588770645	1.266292615171762	714.069665104127	0.6356402268521821	12195	13243	16491	15215
evm.TU.06.736	0.5442114253963123	1.3434818442024554	703.5334056105453	0.558633501458793	12081	13456	16490	14907
evm.TU.01.3032	0.4184606133446192	1.0587698580072449	703.1888257979056	0.3863351576244665	11359	12346	16489	13875
evm.TU.01.712	0.38654006200999463	1.3467229745852805	700.1906794675936	0.3019976699053049	11150	13469	16488	13140
evm.TU.01.2805	0.3638115853366345	1.4503528520592317	698.4865328443105	0.25907037552776285	10968	13758	16487	12745
novel_gene_832_5bd9a17a	0.49435182546847756	1.711160381879716	697.5460472183779	0.3999101215966688	11719	14607	16486	13975
evm.TU.01.559	0.2376060600330774	1.1127807462086907	694.5582212698416	0.1389929915753906	9347	12587	16485	11144
evm.TU.08.24	0.2986592763364138	0.9011969043378202	691.9362986831301	0.2221549577970438	10290	11461	16484	12303
evm.TU.10.1934	0.3168126856263769	1.4350809219798188	686.6175742128324	0.20881395170386538	10506	13716	16483	12169
evm.TU.07.1041	0.4995606917240876	0.9855425477098566	686.5840557853907	0.5077918389192677	11767	11995	16482	14653
evm.TU.10.1506	0.43946685441420347	1.895931818090681	678.0314423368275	0.3000076879894122	11480	14942	16481	13116
evm.TU.08.936	0.3843415768173647	0.8470450028917836	672.1871331517422	0.3554594965520586	11134	11076	16480	13635
evm.TU.03.134	0.17558723440534088	0.8413901292238029	667.3550808097159	0.08395281144690253	7918	11034	16479	9992
evm.TU.06.1049	0.3964204485563282	1.7419417551186678	666.078622405261	0.2579453998222022	11228	14674	16478	12725
evm.TU.07.646	1.0745263501478295	2.334416925967984	661.2591060152726	0.8217249356383334	13765	15385	16477	15807
evm.TU.05.1928	0.9906925611626177	1.6016088475532642	651.6561840669875	1.134456277945193	13656	14276	16476	16281
novel_gene_3384_5bd9a17a	0.4529623890112022	0.8812965117429252	643.2491756398241	0.45855006982347385	11545	11343	16475	14344
evm.TU.02.2394	0.3169603162634019	0.9269758740109133	643.0395549426673	0.24505122710953156	10508	11621	16474	12586
novel_gene_1143_5bd9a17a	0.7669415561449435	1.1511178618692477	640.8053633819558	1.0197366974423776	12936	12761	16473	16151
evm.TU.03.658	0.22073860271991894	1.3519941193248881	631.7476257974819	0.10683525314873817	9022	13488	16472	10544
novel_gene_4006_5bd9a17a	0.34357225180886414	1.78806846583868	627.419808318221	0.2032686975048526	10773	14775	16471	12093
evm.TU.02.2351	0.5823838628724254	0.9690569635865114	621.3430093922216	0.6875736127444628	12318	11899	16470	15432
evm.TU.01.2279	0.7473290580278407	1.5326418331061225	614.9285231235314	0.7248677654847154	12897	13949	16469	15548
evm.TU.10.1380	0.13516966088756355	0.8434357869237565	613.5630191541455	0.04923736321466634	6527	11050	16468	8680
novel_gene_3140_5bd9a17a	0.8362925176328059	1.564649435752861	607.9273553944706	0.9867699412480567	13212	14133	16467	16097
evm.TU.04.224	0.06001991372576345	0.46147755204835594	606.018482467482	0.012122393342889675	1951	7120	16466	4221
novel_gene_3036_5bd9a17a	0.34614344389119317	1.645426817522027	604.4967248737847	0.20902622783723115	10797	14438	16465	12171
novel_gene_690_5bd9a17a	0.28800227612576956	1.2095793817797267	603.9548104703595	0.18218624374665537	10156	13029	16464	11800
evm.TU.08.1049	0.28580868843735857	1.2693571964026233	601.5311800262099	0.15646633441923785	10119	13252	16463	11414
evm.TU.01.623	0.10122479053922884	0.7016726472827899	591.5249801450731	0.030204248117040592	4808	9895	16462	7303
evm.TU.02.2352	0.15269404302888676	0.9635556198549428	577.4645498430399	0.059407802350158745	7211	11869	16461	9162
evm.TU.04.2052	0.4028242066859761	1.8023895698156447	571.8395380083784	0.2701422315022417	11271	14800	16460	12851
evm.TU.08.836	0.1609900180725816	1.2093900117137393	569.0005389177445	0.061593304354620154	7495	13028	16459	9267
evm.TU.07.1594	1.4906606180821438	2.3911042698875606	568.7813047304631	1.3647035710312365	14472	15427	16458	16462
evm.TU.02.1659	0.32360981975323244	1.2947626454963455	568.5580098073494	0.20734565457236748	10571	13331	16457	12153
evm.TU.02.595	0.09805678073426186	0.6957577324649074	567.8205381389337	0.028069405986710323	4608	9848	16456	7067
evm.TU.08.1145	0.3696145751068115	0.9762674130531604	567.1048851512951	0.3122123670338915	11021	11934	16455	13235
novel_gene_1313_5bd9a17a	0.3264596812073742	1.7698076268107392	566.5777774836611	0.18438507058836145	10602	14741	16454	11832
evm.TU.06.793	2.4494897427831783	2.449489742783178	565.7655104739231	2.3748053184204734	16352.5	15771	16453	16623
evm.TU.05.1613	0.9370345692270472	1.9747442188544218	564.7879919819342	0.9686081018356949	13544	15040	16452	16060
evm.TU.03.1530	2.449489742783178	2.449489742783178	563.7277117121434	2.575453389945399	15771	15771	16451	16626
evm.TU.07.37	0.3395355238904232	0.8282986348703038	556.5016494218487	0.27248069304625444	10739	10940	16450	12882
evm.TU.02.3137	0.3205590377444041	1.3496310541150727	555.4739120624696	0.2124963976792595	10540	13481	16449	12213
evm.TU.02.1406	0.26784742823990826	1.128312044334584	553.7940185066519	0.15455007634004705	9864	12666	16448	11385
novel_gene_3161_5bd9a17a	0.2192542192120273	1.4547709946924385	553.3625811505602	0.09917752084951226	8998	13770	16447	10371
evm.TU.02.2487	0.33218485240753176	1.1286643933365503	552.8309973047438	0.22383508924377388	10660	12668	16446	12325
novel_gene_622_5bd9a17a	1.408066082608003	1.8689626354408395	548.1041802919983	1.6628611095005719	14425	14898	16445	16554
evm.TU.04.418	0.32400266014369045	0.7985940741792484	543.9284536030059	0.26164835848133233	10577	10702	16444	12771
evm.TU.09.459	0.2395707351008949	0.6211327264813344	534.3221154826745	0.15553984672301285	9381	9154	16443	11401
novel_gene_3154_5bd9a17a	0.3047215622485406	1.6594018581007062	527.4710706267145	0.1649364335854355	10371	14472	16442	11553
evm.TU.06.1713	0.16896811860037897	0.7988545393719946	519.9498684019985	0.07664185343113486	7722	10704	16441	9788
evm.TU.07.1886	0.28288898985133515	0.9053891549920051	519.4452442823584	0.1920341620392949	10074	11485	16440	11939
novel_gene_1073_5bd9a17a	0.16960599879534052	0.8411732137762296	517.8775370640128	0.07194572183201263	7744	11030	16439	9655
evm.TU.08.1310	0.16448469762967233	1.361628679694124	517.720601246631	0.05386594391609497	7586	13520	16438	8912
evm.TU.10.1248	0.23261096274096496	1.0820323681511774	516.7641278259991	0.1257511633199474	9255	12452	16437	10904
novel_gene_2697_5bd9a17a	0.3433108948457979	1.7931888122860866	515.7477053190349	0.20067521613396996	10768	14781	16436	12063
evm.TU.03.13	0.3704045581112216	0.7005794097869289	509.81827370815057	0.3306332579627837	11033	9887	16435	13427
evm.TU.02.475	0.41670709422252006	1.0282109674759707	507.4842750468768	0.3640866725591113	11351	12209	16434	13718
novel_gene_92_5bd9a17a	0.41690302327793316	1.8919498521089455	507.22135145871914	0.26424768344469557	11352	14939	16433	12792
novel_gene_3874_5bd9a17a	0.8759505888583928	1.8361626109945162	506.1329031256944	0.6403545479090946	13371	14853	16432	15239
evm.TU.01.114	0.62521692886993	1.4970839900684314	504.83028947983735	0.5727238540316344	12531	13860	16431	14969
evm.TU.02.2909	0.19603846874191422	0.860607266641597	502.2036669519678	0.08880149591763722	8431	11189	16430	10114
evm.TU.10.1404	0.31622092139484353	1.4980911418196312	499.8639108925124	0.17117824313018318	10496	13864	16429	11646
evm.TU.06.1987	1.1615975080572107	2.0623826503004077	498.2397580228063	1.1089414129298911	14028	15162	16428	16251
novel_gene_2351_5bd9a17a	0.833408027283973	2.100535888020809	490.78695352287104	0.7438549930622187	13196	15197	16427	15608
evm.TU.09.518	0.31910740353890393	0.9821173777096851	487.902389216371	0.22840558415638448	10527	11978	16426	12389
evm.TU.01.513	1.3936226677388055	2.1801665172780664	483.9519343168207	1.4116430655649022	14409	15265	16425	16488
novel_gene_3261_5bd9a17a	0.7276585994758948	1.3305155556392858	477.0159775909171	0.724889660666876	12861	13421	16424	15549
evm.TU.06.907	0.1567167110519412	1.0421869037054463	476.7468550666102	0.059688829372069666	7356	12272	16423	9178
novel_gene_3155_5bd9a17a	0.3903418153455627	1.802163182740142	475.69081190728724	0.23752227366400672	11185	14798	16422	12500
evm.TU.04.160	0.3614454916063437	0.8375048019964639	473.5263206340951	0.3004395764795736	10942	10998	16421	13122
evm.TU.03.536	0.5456707213421075	0.9658585798650496	472.16842700987934	0.601279289150386	12090	11878	16420	15085
novel_gene_2914_5bd9a17a	0.2074752819141624	0.9800360362803195	469.30274944587586	0.09649324321841633	8707	11958	16419	10309
evm.TU.01.1373	0.2652798241677312	1.5934236784204532	467.21676960129065	0.13002832685128893	9811	14253	16418	10977
novel_gene_1098_5bd9a17a	0.50378159096018	1.1598112478354272	462.7372925273435	0.48333508721551	11800	12813	16417	14499
novel_gene_3374_5bd9a17a	0.279922876046312	1.2659962082783887	456.4551956010317	0.15695358228576667	10029	13241	16416	11424
evm.TU.01.2124	0.0958100110920567	0.5775088332218955	455.5940452917159	0.02743725147379246	4474	8661	16415	6989
evm.TU.08.1522	0.25203727274835314	0.7805079371915609	454.5826188599077	0.16155666643466982	9587	10567	16414	11497
evm.TU.04.984	0.8528664276612792	1.4846923287825085	453.93795995392094	0.9310387976279513	13281	13834	16413	16000
evm.TU.08.1614	0.1723032027901097	1.2991485110274128	447.9118586039074	0.060153209429493475	7822	13335	16412	9206
novel_gene_222_5bd9a17a	2.4494897427831783	2.4494897427831783	447.01017704952085	2.614149771753407	16352.5	16353.5	16411	16627
evm.TU.09.139	0.34993085842513577	0.8220486965552817	445.8248150883644	0.2703437246750844	10835	10894	16410	12854
evm.TU.08.247	0.2095571521913173	1.5786260714524196	445.66394638139354	0.079521142563401	8764	14202	16409	9867
evm.TU.07.367	0.44344100887244625	1.6463215022655364	444.7454670869985	0.29929932526676956	11503	14440	16408	13110
evm.TU.01.2739	0.5240271277689247	1.6382963821090548	443.10745575416576	0.401524341363078	11945	14413	16407	13983
evm.TU.05.2031	0.42532110909013315	1.5565311975910743	442.72909073662254	0.2943871438535843	11396	14086	16406	13059
novel_gene_2698_5bd9a17a	0.25536010216296645	1.5499656373554833	435.7976369577771	0.12269953843228111	9647	14010	16405	10834
evm.TU.02.2865	1.8659077611508699	2.4284813614552134	434.98616016572424	1.3696149242451838	15329	15454	16404	16464
evm.TU.01.2481	0.14082055137211755	0.9802197056137418	432.5312985498192	0.04770309381485982	6766	11960	16403	8594
evm.TU.03.778	0.4804927235582289	1.7625159237549488	431.7001026520967	0.32747331359502435	11649	14723	16402	13396
evm.TU.10.1145	0.5296786140301585	1.3783144159983434	430.8253421307973	0.4698461001232955	11990	13568	16401	14413
evm.TU.07.1724	0.23133133441526332	1.3115790570652157	430.2670276743314	0.11063013980167204	9227	13362	16400	10611
evm.TU.10.236	0.2432630646581677	0.8008505141514286	429.5836035873302	0.14071973903602467	9446	10725	16399	11169
evm.TU.06.1707	1.347933339303851	1.803786393695208	426.884645761368	1.5567900878916456	14369	14804	16398	16527
evm.TU.06.1498	0.14163800455983516	0.735664592054751	424.65425765928853	0.053878578051625665	6798	10183	16397	8915
novel_gene_1085_5bd9a17a	0.11853395361248997	0.6853804413947076	423.76707990167085	0.03888807591727554	5766	9755	16396	8060
evm.TU.05.2090	0.2935416341425379	1.350186110356239	423.3857205289443	0.1702108629320938	10226	13484	16395	11634
novel_gene_1412_5bd9a17a	0.31323704837164973	0.9784546807119601	421.6470563795249	0.21965775175087643	10460	11950	16394	12281
evm.TU.01.445	0.15508797234696584	0.8577495294608459	419.432520478225	0.06039298512152318	7310	11156	16393	9216
evm.TU.08.589	1.6382938676944514	2.3734467753062276	417.8076618576649	1.223356100450304	15042	15415	16392	16367
evm.TU.02.1398	1.5953162572212545	2.137036850428311	415.6536856809349	1.8734668692449452	14906	15226	16391	16586
evm.TU.09.48	0.21542540111571867	0.9803920616056504	414.6837652803919	0.10513711329112845	8910	11962	16390	10502
evm.TU.10.1908	0.09185900422133907	0.5956316071898402	414.52608750876226	0.024559545994911374	4213	8874	16389	6641
novel_gene_3484_5bd9a17a	0.3745399681789822	0.8468524983517542	411.0150858903174	0.3155071536271088	11061	11074	16388	13266
evm.TU.04.266	0.1012028822824585	0.6250214407423895	408.84880334732554	0.02971687834879742	4804	9195	16387	7258
evm.TU.02.2282	0.38448327585519654	1.3560718698391734	407.7119778241588	0.2587358182965999	11136	13500	16386	12738
evm.TU.08.1050	0.386681843395841	1.362516140363953	407.5980004185672	0.26926037842664663	11152	13526	16385	12843
evm.TU.09.359	0.2726831149145992	0.814505828842784	406.5729365577102	0.18217751258922998	9932	10835	16384	11799
evm.TU.01.2423	1.8446531163847861	2.3517402346003036	405.6762205224458	1.7147692018440905	15313	15393	16383	16563
evm.TU.07.370	0.31877476924457643	1.1559433076275265	404.86478343990575	0.19767456357769825	10523	12787	16382	12022
evm.TU.03.285	0.493498858869941	1.4605400777470643	402.363232922264	0.38582156401328455	11711	13779	16381	13872
evm.TU.01.372	0.27667870288228336	0.9868751110551206	400.9243859075195	0.1663456913186841	9985	12006	16380	11580
evm.TU.02.3084	0.2288291298614616	1.0428895290671687	400.3030835838272	0.11745020911363249	9182	12281	16379	10744
novel_gene_3061_5bd9a17a	0.3898383795147492	1.2539592578295433	399.56671351830187	0.27157954966177417	11178	13195	16378	12869
evm.TU.08.1988	0.5606082329017038	0.8193258798582855	397.32872770860877	0.6649474939222645	12181	10878	16377	15352
novel_gene_276_5bda875f	0.27263683616730405	1.319942126080712	394.3654238575683	0.1444316149159906	9931	13385	16376	11242
evm.TU.05.1692	0.5591605558787534	1.4303116408628618	390.5573411550827	0.4601361824034691	12176	13710	16375	14364
novel_gene_1250_5bd9a17a	0.6291908669053902	0.9251635703810136	389.8839139852602	0.6403541138495177	12546	11610	16374	15238
evm.TU.02.2253	0.3242124798425609	1.8715116016535036	387.70505607201324	0.1431643474720054	10580	14905	16373	11223
evm.TU.04.281	0.4554786867562616	1.617600952280174	387.02726361146097	0.3146776526163598	11554	14329	16372	13254
evm.TU.02.1940	0.33785517463948145	1.2566110602900225	385.8265099065624	0.21294189568056565	10718	13208	16371	12218
evm.TU.01.1006	0.09185713915070977	0.6573362857426098	383.55688683360404	0.02389051408334785	4211	9518	16370	6552
novel_gene_2699_5bd9a17a	0.3462989031666545	1.7626606698745904	380.8690688275378	0.19412142401766663	10799	14725	16369	11973
evm.TU.02.756	0.4502996405921425	1.2901801801564872	379.6422971130142	0.3580278354507428	11532	13318	16368	13661
evm.TU.02.2791	0.12897915607867072	0.6264916608326183	379.3283441961531	0.046150155603628805	6267	9209	16367	8507
evm.TU.09.887	0.10895497198779731	0.7819436614106898	377.6030487771611	0.03124310173822774	5228	10581	16366	7417
evm.TU.08.1546	0.5720127877954185	1.158425561750239	375.86053107793964	0.5632913681105454	12257	12802	16365	14933
evm.TU.06.1772	0.22615138451363936	1.4363951567126474	374.9249454212735	0.09885775447228563	9127	13725	16364	10362
novel_gene_3256_5bd9a17a	0.5947780683840568	1.1089275276621506	374.77491021343985	0.618230624015355	12380	12566	16363	15150
evm.TU.02.2553	0.13263975463863795	0.8145328245235217	373.37720027401656	0.04520399682721189	6423	10836	16362	8454
evm.TU.04.1565	0.22249025295971486	0.964694053587399	372.38814938832815	0.11204201238701876	9062	11876	16361	10646
evm.TU.06.1022	0.21037133344755807	1.0040989576522696	372.08081229470787	0.09789485344290072	8789	12086	16360	10340
evm.TU.05.697	0.5922312470378022	1.2645773507152298	370.492729361831	0.517908805360286	12364	13234	16359	14701
evm.TU.ctgX6.7	0.5975203051966325	1.8499480492082556	367.5940512141623	0.4783350714052938	12399	14875	16358	14471
evm.TU.08.301	0.5175732784098592	1.580141148165058	365.7399507789359	0.40275798001426644	11894	14208	16357	13996
evm.TU.07.138	0.08140266510017777	0.5754332830273073	362.80907537663734	0.019559562202104676	3501	8644	16356	5897
novel_gene_1398_5bd9a17a	2.449489742783178	2.4494897427831783	361.86963655376	2.314020397262072	15771	16353.5	16355	16621
evm.TU.09.1492	0.5753599253037772	1.0057883739032911	360.89183246389695	0.5563759626609776	12279	12096	16354	14889
evm.TU.05.2061	0.19079154529830075	0.7188031383731972	360.27245944353126	0.09543362446135888	8328	10051	16353	10279
evm.TU.02.2875	0.3490877530675102	1.2192988982611894	359.64539197372414	0.22248216715075003	10828	13079	16352	12306
evm.TU.06.1470	0.2106012249715161	1.1760847670507475	359.04739482693964	0.08686850486075459	8796	12886	16351	10067
evm.TU.01.795	1.8091371207372788	2.2685950196574822	357.1217370420451	1.7716960659514205	15280	15340	16350	16578
evm.TU.06.903	0.3902924991441383	1.055860667802886	353.856552344272	0.28896313062104545	11184	12335	16349	13012
evm.TU.05.1611	1.2079289215779472	2.026386115162197	353.3985953852118	1.0971693542798282	14158	15114	16348	16238
evm.TU.08.1763	0.09488975017777401	0.5694208078191054	353.28306591684003	0.026061973242887334	4420	8563	16347	6828
evm.TU.02.1013	0.11768270349609886	0.5957859211593406	351.4103986203873	0.03872683045755838	5732	8877	16346	8048
evm.TU.08.1012	1.1890728276893052	1.6963567440823037	350.68223138220554	1.3569353254784242	14111	14564	16345	16456
novel_gene_3133_5bd9a17a	0.15596933155983345	0.6306726563515128	349.4853875960158	0.06647829088851412	7329	9256	16344	9446
evm.TU.06.1770	0.699772297562304	1.8037453136986312	349.46907004718196	0.60301630283353	12801	14803	16343	15091
novel_gene_2412_5bd9a17a	0.2520668459025365	0.9829970692502342	348.58182236529143	0.13677912351373747	9588	11982	16342	11105
evm.TU.08.1545	0.5908843005649328	1.0403195545188184	348.2643378730453	0.62456577129476	12359	12262	16341	15177
evm.TU.04.1846	1.770246151330708	2.3300497304784793	345.2229427117323	1.632164697168877	15243	15379	16340	16547
evm.TU.09.138	0.4630985264492038	0.9863198334900162	342.93395837319525	0.416057897712674	11588	12003	16339	14068
evm.TU.01.173	0.4914111095131833	1.8610673635414572	341.88145704174656	0.32104468346402004	11694	14891	16338	13319
evm.TU.02.3283	0.15651477325524019	0.9292424907124489	341.6782261947301	0.05905914084007215	7351	11638	16337	9140
evm.TU.02.2267	0.34372818125242477	0.7938484970578888	340.2702844950288	0.2756416028462417	10775	10664	16336	12916
evm.TU.04.869	0.3858225067205342	0.8698897627548255	339.962252719625	0.32715506400309224	11145	11266	16335	13394
evm.TU.02.1661	0.20812644634035354	1.0762321918037154	339.1312307418232	0.09634266893273288	8724	12425	16334	10303
evm.TU.07.648	0.31335511326667825	1.2993247739407243	338.9610117735293	0.18499891117137668	10461	13337	16333	11838
novel_gene_2479_5bd9a17a	0.23952137723027875	1.2175192360954186	336.7904619165524	0.11253906490377892	9377	13072	16332	10655
evm.TU.02.90	0.13000004851207042	0.8382105754622039	336.0697137613842	0.04023274389902063	6314	11007	16331	8157
novel_gene_2424_5bd9a17a	0.3769294462201179	0.8601664397339545	332.55348725414234	0.3195305523642412	11093	11181	16330	13303
evm.TU.04.590	0.20925203825562513	0.885608258986679	332.2281114796124	0.10181160364198498	8752	11373	16329	10427
evm.TU.09.1185	0.18103670691906648	0.9745132470365911	331.2186882167882	0.0745830163533531	8060	11926	16328	9734
novel_gene_2414_5bd9a17a	2.449489742783178	2.449489742783178	330.744850523778	2.1922421762690663	15771	15771	16327	16616
novel_gene_2819_5bd9a17a	0.3600766883217236	0.852861082294261	330.4722308444481	0.2859506426434261	10933	11125	16326	12984
evm.TU.01.2733	0.3040098072285773	1.3836053894826474	329.1447590810842	0.16537844865534357	10361	13585	16325	11561
evm.TU.06.792	2.449489742783178	2.449489742783178	329.1065457746087	2.1027929063310915	15771	15771	16324	16608
evm.TU.01.668	0.37005698161640127	1.7138355531836094	328.23602340127934	0.20853611694199853	11028	14617	16323	12167
evm.TU.03.363	0.731810120435017	1.4986707186904233	326.97601729534085	0.6601240467761254	12871	13867	16322	15324
evm.TU.06.1838	0.39155183426731	1.0256158809552658	326.8209960124967	0.30382946137497896	11192	12200	16321	13163
novel_gene_3255_5bd9a17a	0.3759421455298948	0.8912020811533016	326.6528767802769	0.3016898808847639	11079	11410	16320	13134
novel_gene_3978_5bd9a17a	0.5378549959565702	1.2313188187707251	325.5828999117714	0.417970020447632	12041	13118	16319	14079
novel_gene_1377_5bd9a17a	2.449489742783178	2.4494897427831783	323.9779226971836	2.430277170999689	15771	16353.5	16318	16624
evm.TU.06.1820	0.22207466506287046	0.9682278955587905	322.23583980291465	0.11107915924839144	9053	11896	16317	10630
evm.TU.01.738	0.19990765878721917	1.060779820377893	321.47910441251366	0.08640004473640751	8520	12354	16316	10049
evm.TU.04.1554	0.07695729269904	0.5477417446457803	320.824625108505	0.017395463721255614	3193	8293	16315	5478
evm.TU.01.2963	0.42521336241620616	1.1517949335085198	316.7265762139732	0.33736508222008	11393	12766	16314	13488
novel_gene_963_5bd9a17a	0.28191298449605207	1.1275097034037687	316.13114593343727	0.15741694369998968	10058	12663	16313	11431
evm.TU.07.84	0.06242583324234111	0.44525267517510453	315.0250656924672	0.012248514097842384	2122	6903	16312	4264
novel_gene_2847_5bd9a17a	0.44367869556699685	1.3013106371729959	313.37382763739254	0.332769344984769	11504	13340	16311	13450
evm.TU.06.672	0.3003525721845302	1.435643421683342	313.18071539633263	0.15768084092566667	10315	13719	16310	11438
evm.TU.06.1779	0.30235314097308513	1.1845797484241711	312.2328874483425	0.1746852307668903	10335	12917	16309	11701
evm.TU.01.2997	0.07428271205558189	0.5949040632680623	311.9132181263987	0.015683971224623533	3025	8865	16308	5126
evm.TU.06.956	2.449489742783178	2.4494897427831783	311.16093019678783	2.0344660644318657	15771	16353.5	16307	16603
evm.TU.07.510	0.5865352406409474	1.0991598858293818	308.91581902106554	0.5817206050951884	12335	12521	16306	15007
novel_gene_1853_5bd9a17a	0.1263983297336234	0.8611739685639728	307.1173094618447	0.03681583806167327	6134	11196	16305	7903
evm.TU.08.1044	0.10416172984621486	0.5802480008195556	306.6683394815559	0.030175321740763598	4956	8690	16304	7301
evm.TU.08.1795	0.5299042042249356	1.0829542672947665	305.6510367214328	0.5032852056734507	11991	12456	16303	14626
novel_gene_2324_5bd9a17a	0.9186829503464126	1.47960555818766	304.67825322183273	0.9385431702897424	13501	13823	16302	16012
evm.TU.02.2532	0.17862803430626645	0.9348309924577488	302.97656713379666	0.07438960470159642	7994	11676	16301	9730
evm.TU.04.2095	0.08071031645829359	0.5824629156012058	300.1974587679226	0.018278566818384287	3452	8714	16300	5650
evm.TU.03.646	0.7347193880167635	1.741870676264389	299.3060675617258	0.646665006265723	12878	14673	16299	15263
novel_gene_3751_5bd9a17a	0.6585800950542227	1.0698762329773195	298.3651614149377	0.699880963046879	12671	12390	16298	15474
evm.TU.01.453	0.3267788408090201	1.521876333888127	298.2657540988057	0.16518404101524467	10604	13926	16297	11555
evm.TU.01.494	2.449489742783178	2.449489742783178	297.1412283447643	2.2935172212259434	15771	15771	16296	16620
evm.TU.05.2022	0.6312660883913456	1.5883394561483544	296.53462431743606	0.5328014916507948	12557	14240	16295	14778
evm.TU.03.666	0.22733515491934717	0.999121485267195	295.5785550385864	0.11308484943332443	9152	12062	16294	10673
evm.TU.05.664	0.16482936162738052	1.039201892512029	295.226218877208	0.06082859443283871	7593	12252	16293	9231
evm.TU.08.53	0.4488315207594875	1.173073357029996	293.8595150250903	0.36243999048041114	11526	12869	16292	13698
evm.TU.04.1143	0.2584831844840161	0.9808276241059108	292.86338966644735	0.13617048541903023	9706	11966	16291	11093
evm.TU.10.264	0.5608289558787809	1.4719110800477544	292.5586459934895	0.4417855468529982	12183	13807	16290	14249
evm.TU.01.366	0.16034300918561467	0.8098770731165177	292.3600496599126	0.06194183618171445	7471	10796	16289	9285
evm.TU.10.1657	0.04780749300025168	0.3718371758303617	291.7926305604581	0.007464924475880141	1044	5615	16288	2740
evm.TU.05.1935	1.5536072676321953	1.8228227913094093	291.3627638664288	1.3062647756597219	14619	14835	16287	16425
evm.TU.06.1837	0.48508240391510093	1.3896949678955277	289.6624017074851	0.3571573749420406	11673	13605	16286	13651
evm.TU.10.1653	0.22772573046900854	1.1045819358744549	288.9755949410119	0.10870653681629992	9160	12548	16285	10585
evm.TU.02.3202	0.5741380059788697	1.4039822546013982	288.22076616072627	0.5056138755474152	12273	13648	16284	14640
evm.TU.03.979	0.6784933927050091	1.6253527552762423	287.854690563718	0.5588305291595194	12741	14365	16283	14909
evm.TU.01.755	0.05753407140536989	0.6118176691993312	287.48401883710403	0.009166976486014111	1764	9042	16282	3324
evm.TU.02.1323	0.4679579384318854	1.5327436101853886	287.08825378219063	0.2973629745959999	11605	13950	16281	13086
evm.TU.02.911	0.6726507115186113	1.2208766660235828	285.59662023683694	0.644153642733898	12721	13085	16280	15254
novel_gene_3060_5bd9a17a	0.5969459230289469	1.6873843450674886	282.5330065555085	0.4736815367838352	12392	14542	16279	14437
evm.TU.10.1190	0.38136723309836407	0.9169592871818909	282.35711027521444	0.3051857394654348	11115	11548	16278	13173
evm.TU.02.1007	1.0318903042759324	1.7129064732846724	281.3560668126699	0.9089439994233827	13716	14613	16277	15963
novel_gene_3553_5bd9a17a	1.63773794415852	2.1752786217434834	279.7018634153748	1.7458753047735023	15041	15261	16276	16572
evm.TU.06.1950	0.04798460677916638	0.41390277078999566	279.6999230529136	0.00728747917439611	1061	6370	16275	2661
evm.TU.05.563	0.5252889330884918	1.0651703086689774	279.38032305327226	0.4499099047151586	11955	12372	16274	14292
evm.TU.02.522	0.09415248884261454	0.6757615924390933	277.41057321321017	0.02383742763744715	4369	9671	16273	6549
novel_gene_774_5bd9a17a	0.2324430351110554	1.1428460285523876	277.21328495929424	0.10966960739358479	9247	12722	16272	10600
evm.TU.07.1304	0.4263526783201847	1.2079890826782804	277.17396592624203	0.3180330291218656	11403	13018	16271	13284
evm.TU.02.2655	0.20645256632773357	1.1362393545368585	276.725605648699	0.08440222608486686	8681	12690	16270	10001
evm.TU.01.597	0.96256815990818545	1.9371578140347647	276.6637306204444	0.8239443535908492	13610	14984	16269	15815
evm.TU.02.3062	0.05050594588327229	0.37370798042216813	275.9732481385007	0.00823428414770156	1246	5652	16268	3009
evm.TU.07.1596	1.3250714027292496	2.2259930536747854	274.0516228793366	1.162462090329252	14351	15301	16267	16315
evm.TU.10.1300	0.18012854054581465	1.0009885994151766	273.8590138705369	0.07225293382476564	8045	12075	16266	9663
evm.TU.02.3052	0.13938094918580174	0.7317077604960752	273.3615237509367	0.049549773442405305	6711	10152	16265	8698
evm.TU.10.2047	0.21390309205168828	0.9852081406375434	272.0344854049128	0.1011212240309932	8875	11993	16264	10409
evm.TU.10.917	0.33185464154333266	0.7526541539120133	272.0132079321967	0.25928808850616286	10655	10349	16263	12748
evm.TU.04.1162	0.36680447775918174	1.4363103742237227	271.75364032904247	0.2123527482606627	10995	13724	16262	12210
evm.TU.10.1356	0.49412081355786674	1.361692308444596	271.5048016992346	0.3845518880532145	11715	13522	16261	13859
evm.TU.02.1443	1.5884710671763533	1.8389792809000107	268.58212622384417	1.7291513307294228	14873	14858	16260	16567
evm.TU.03.318	0.24204145892602819	1.4957517582909827	268.57477873776503	0.09619601935664414	9429	13853	16259	10299
evm.TU.02.927	1.855877064860591	2.429094989511527	268.42636770506107	1.0576668912847726	15320	15455	16258	16191
evm.TU.07.54	0.10335885980488452	0.6061990725046216	268.1882611321417	0.0294463960028184	4912	8986	16257	7230
evm.TU.01.1030	0.17668840480265427	0.9800382423439616	267.8872350639216	0.07017186852347365	7949	11959	16256	9600
evm.TU.01.1043	0.3069603450328583	0.9926354949588372	267.60606300739556	0.19676738418212725	10396	12033	16255	12004
novel_gene_211_5bd9a17a	1.8191858542899406	2.2995193741671627	267.35910373209174	1.4578192094656526	15289	15358	16254	16504
evm.TU.08.305	0.942228983749142	2.021379576874421	266.5341692907218	0.7597581194452399	13556	15109	16253	15654
evm.TU.01.262	0.19266307715843914	0.9703515092260466	266.1449849742827	0.08177000691238759	8370	11905	16252	9925
novel_gene_2417_5bd9a17a	1.1209764324018325	1.4358756509571267	265.08842691141695	1.3621447354117615	13888	13721	16251	16460
evm.TU.10.1893	0.27720380110651344	1.4007313618067527	264.871760232973	0.13514154481657803	9991	13640	16250	11070
evm.TU.06.431	0.8332808497695808	1.2940647861814307	264.5011599808918	0.828468733193216	13195	13329	16249	15832
evm.TU.05.2092	0.4162158535985701	1.2777605394639875	264.09455936981686	0.27209573264577525	11346	13275	16248	12876
evm.TU.09.1539	0.089725188177043	0.6214675859830062	263.92933322718005	0.022043788170334668	4067	9160	16247	6288
evm.TU.07.1171	0.1814712010435983	1.128223736292345	263.50298967126173	0.06960138461852514	8072	12665	16246	9578
evm.TU.10.1013	0.24632952816957618	1.6749344745504071	262.392204728204	0.09191401198261855	9499	14511	16245	10191
evm.TU.02.2597	0.09523394827220336	0.6791507694211812	262.14410145015904	0.02378088807511698	4439	9700	16244	6538
novel_gene_3292_5bd9a17a	0.6248188793351489	0.9400946670829862	260.79024456189427	0.6522399992242122	12528	11709	16243	15285
novel_gene_1249_5bd9a17a	0.7444616792672457	1.4273163295451197	260.212605524759	0.661380848864765	12893	13701	16242	15329
evm.TU.07.1039	0.2180385966630084	1.010547700171523	259.76067107015206	0.09861619391409147	8967	12123	16241	10356
novel_gene_2073_5bd9a17a	0.6112576371819177	2.036406893837801	259.5787538927719	0.40468946318858884	12469	15130	16240	14009
evm.TU.03.1436	0.937150651664686	1.670860989020732	258.18899153243177	0.8131555854130208	13545	14502	16239	15792
evm.TU.05.247	1.4037829287446455	2.175454500429788	257.49267079054016	1.339340451888616	14419	15262	16238	16448
evm.TU.04.1893	0.7500557211891437	1.8156811708774019	257.4474442621301	0.5830119998878226	12904	14820	16237	15013
novel_gene_3888_5bd9a17a	0.8728644569831713	1.2014820262471773	256.8726160284877	1.048335300182905	13358	12989	16236	16186
evm.TU.02.219	0.08324712382555711	0.5524344009913048	255.36714562648717	0.019226826685045526	3620	8351	16235	5837
evm.TU.02.1071	0.30248421923627455	1.3274385745803179	255.13970788062232	0.15933046075993332	10341	13410	16234	11461
evm.TU.02.3203	0.5609523072490649	1.1438775262760612	255.13227045236275	0.45934267103075077	12184	12730	16233	14353
evm.TU.08.985	0.12630868697255035	0.8587098125990694	254.8655882258689	0.038089267034360705	6132	11169	16232	8000
novel_gene_3208_5bd9a17a	2.037235241314917	2.4135458993111647	254.74745834875446	1.9225903504759814	15408	15443	16231	16592
evm.TU.01.110_evm.TU.01.111_evm.TU.01.113	0.7489675613465818	1.5975991469998931	254.4696181693158	0.6568585778608383	12900	14266	16230	15309
evm.TU.03.239	0.8793253781327472	1.3601256232815577	251.60075177157432	0.8930866035367723	13379	13516	16229	15934
evm.TU.05.312	2.449489742783178	2.449489742783178	251.5647020469155	2.3435110719202625	15771	15771	16228	16622
evm.TU.01.740	0.12534549867255085	0.9709679654279393	251.12601892434407	0.03572435544321584	6091	11908	16227	7817
evm.TU.04.2371	0.05451476226020904	0.4366159545290258	250.37812342145625	0.009089005215349695	1538	6761	16226	3309
evm.TU.06.718	0.11675678752905516	0.8570233989476405	250.25536163461527	0.03242899313398155	5684	11151	16225	7527
novel_gene_3003_5bd9a17a	0.21861019202749307	1.1497784628169454	250.20265582151242	0.09712567399019681	8984	12756	16224	10325
evm.TU.03.1075	0.09267474217366117	0.6105160434496217	249.57099481977215	0.023502518392713945	4270	9028	16223	6497
novel_gene_539_5bd9a17a	1.141593271241557	2.087268189730248	249.2127038366564	0.9965828778772442	13964	15177	16222	16109
evm.TU.07.1706	1.553744955794863	1.5845383803995303	249.08460655996925	1.6706970557103855	14622	14226	16221	16557
novel_gene_1312_5bd9a17a	0.2761711890246359	1.448658591130585	248.32016588578654	0.12856171493811908	9980	13754	16220	10949
evm.TU.10.1846	0.2754874582412544	1.429702717022593	247.61981236206427	0.1297918887997172	9974	13708	16219	10971
evm.TU.02.2570	0.3029197621548575	0.8471878489506653	246.3359093471217	0.19420588381308787	10347	11077	16218	11977
evm.TU.10.1179	0.08942388154914334	0.4940398720549058	244.91939631712305	0.022733276621900667	4037	7573	16217	6399
evm.TU.07.811	0.3422252918550671	0.6184049644074514	244.6240461382844	0.28676514484148113	10759	9117	16216	12990
evm.TU.04.1795	0.6430429037977988	1.6325740345116027	243.7162431262848	0.5062845382455466	12611	14393	16215	14643
novel_gene_3162_5bd9a17a	0.3244344669653803	1.596833655840744	241.46510533854095	0.16477735277865008	10583	14264	16214	11550
evm.TU.02.52	1.701665150335115	2.2021201903508647	241.0521775674089	1.4992338197496216	15163	15282	16213	16515
novel_gene_2028_5bd9a17a	0.5971517257030478	1.515946927403914	240.36795891598948	0.4714198756148977	12395	13911	16212	14424
evm.TU.02.2986	0.1637130881452274	0.8076648102144478	239.95982924402742	0.06252888817728561	7564	10774	16211	9305
evm.TU.02.3196	0.2687889864899119	0.7353013990207469	239.69141446796175	0.15813703618186625	9876	10182	16210	11442
evm.TU.05.1861	0.7734277322571128	1.6660246356802684	239.6748330033916	0.6586467562938844	12953	14491	16209	15315
evm.TU.06.1816	0.06855365175088315	1.1912894496425168	239.57835536073767	0.00861108714267619	2585	12946	16208	3159
evm.TU.07.1501	0.11837233365897983	0.7594173954375817	237.6785646992965	0.03410113129663771	5758	10404	16207	7679
evm.TU.02.2656	0.1543133480514491	0.9059668148602368	236.58424951446042	0.05066456999408172	7285	11488	16206	8761
evm.TU.02.3097	0.07531291713110429	0.5914516276528843	236.31652366310135	0.0153948642146354	3095	8827	16205	5069
novel_gene_3432_5bd9a17a	0.2555433892455067	1.1641423724676134	236.2639306126394	0.12362245785747317	9652	12829	16204	10859
evm.TU.08.214	2.4494897427831783	2.4494897427831783	235.9820463871666	2.096859220778559	16352.5	16353.5	16203	16607
novel_gene_1438_5bd9a17a	0.6347967811876319	1.869789253968557	235.63224093009387	0.43253744544309064	12572	14900	16202	14184
evm.TU.10.1930	0.22147969733260423	0.868205931753108	235.198853917139	0.1105362858457397	9038	11252	16201	10608
evm.TU.06.28	1.3595553374308407	2.2297759187775146	234.85909126977785	1.1036485017423	14381	15305	16200	16246
evm.TU.05.1865	0.476445699552141	0.9735380393022903	233.91938710518752	0.42036540666867594	11634	11921	16199	14094
novel_gene_3156_5bd9a17a	0.37111959530544614	1.6533821178625858	233.50623718958067	0.19833350757325044	11038	14458	16198	12031
evm.TU.09.455	0.12101924923040629	0.6311109726234135	233.24865744634445	0.038741560198987245	5889	9261	16197	8049
evm.TU.04.779	0.12226760408069018	0.7685392556391341	233.18651377222022	0.036784212766066075	5955	10491	16196	7899
evm.TU.09.1438	0.1237524495565381	0.7327291369508733	232.98070419179228	0.03841184275754287	6014	10161	16195	8032
evm.TU.10.1280	1.4699733582256418	2.1192945177789175	232.53761963607292	1.3295152424126404	14464	15213	16194	16444
evm.TU.01.621	2.4494897427831783	2.449489742783178	229.91918501445838	1.935385740353936	16352.5	15771	16193	16596
novel_gene_3433_5bd9a17a	0.2582439343284552	1.0501931881861337	229.02514493221688	0.1286813146380424	9704	12315	16192	10953
evm.TU.07.953	1.5120817629985652	2.3299180384665554	226.97855628749335	1.3823556694320365	14482	15378	16191	16471
novel_gene_3047_5bd9a17a	1.6163306255101186	2.1607073793105553	226.62929755135073	1.6727364119904171	14979	15251	16190	16558
evm.TU.01.1940	0.1535228816564906	0.8461827646416715	225.67804536620415	0.05285833898428652	7245	11067	16189	8865
evm.TU.02.956	0.10951377610843506	0.8425399794709229	224.6790571967549	0.0285651416585298	5257	11047	16188	7134
evm.TU.08.856	0.28510237014154893	0.8719790036436278	224.67466663360884	0.16361304731309628	10108	11283	16187	11525
evm.TU.06.1745	0.22618306260775486	1.0155064678785115	224.44310556874137	0.10444775932528323	9128	12147	16186	10483
evm.TU.07.375	0.2604197712514508	0.8222418639552671	224.1512280606264	0.14147534458003316	9747	10896	16185	11187
novel_gene_1303_5bd9a17a	0.5330042119585772	0.9752808290989787	223.25467985485042	0.5227241386976932	12011	11930	16184	14721
novel_gene_1927_5bd9a17a	0.28632128387713	1.042529709006996	222.4963801280818	0.15890414065689118	10130	12277	16183	11456
novel_gene_376_5bd9a17a	0.8365803122080031	1.6833087109048144	220.43395995230424	0.7589012029848643	13215	14534	16182	15649
novel_gene_985_5bd9a17a	0.332753782833398	1.0285048440814186	220.2467990907188	0.21195868808676202	10667	12211	16181	12206
evm.TU.01.892	0.17979895209940658	1.066495021017496	219.60638322773883	0.06716304589991971	8033	12377	16180	9486
evm.TU.04.2375	0.36451087673715465	1.6281411344683956	219.57525913015638	0.18968399364762092	10975	14372	16179	11901
evm.TU.08.767	0.8970636428076534	1.1681416439423193	219.32515675184223	1.046486907437551	13435	12846	16178	16182
novel_gene_2176_5bd9a17a	1.2238104695272873	1.5304412187490157	218.37117594235352	1.352126585761267	14189	13941	16177	16454
evm.TU.08.1275	0.16705722346789192	0.9777122811282893	218.17955220292882	0.059574957262570526	7671	11946	16176	9173
evm.TU.07.1357	0.2670415901372989	0.9780150680001908	217.8227452952689	0.14585416606261373	9845	11949	16175	11260
evm.TU.05.1254	0.2871626542946635	0.6561046270680777	216.6835767560947	0.1786719471191292	10146	9503	16174	11757
evm.TU.04.2082	0.3736110642033412	1.1815945973518966	216.4144474512895	0.2452012506620282	11055	12904	16173	12590
evm.TU.03.60	0.2641772367716789	0.6266643657208488	215.31106183401423	0.1642864735999182	9790	9214	16172	11537
evm.TU.07.1303	1.2944263127352398	1.7335789085130293	214.95161954349106	1.2536727770964435	14313	14662	16171	16390
evm.TU.10.2025	1.239975992010414	1.9867491847195924	213.43016756711717	1.1470711985286666	14221	15060	16170	16298
novel_gene_1489_5bd9a17a	0.06445303767774355	0.5056897993894258	212.86351202393698	0.01171267801039938	2274	7743	16169	4116
novel_gene_317_5bd9a17a	0.3251009215818356	1.2228470188874205	212.83349184935	0.18661875793579416	10591	13089	16168	11855
evm.TU.04.551	0.5279636567193409	1.2813361908122862	209.98023275779673	0.4285803885511274	11976	13288	16167	14155
evm.TU.02.2078	0.18768604649815512	0.7526800428080357	209.23954588182238	0.08264121836226684	8249	10350	16166	9952
novel_gene_3018_5bd9a17a	0.8988575836805281	1.5588673772539026	209.0175544568051	0.6969886224066651	13439	14101	16165	15467
evm.TU.07.1612	0.9644460368325857	1.90918586966512	208.16505335778947	0.744676916796913	13615	14957	16164	15612
novel_gene_3077_5bd9a17a	0.4323524287786544	1.3153617688502026	208.15960989016654	0.2587693924731205	11439	13370	16163	12740
evm.TU.08.639	0.15964475274484152	0.6897887035959966	207.7801970608214	0.06332989904684043	7446	9795	16162	9332
evm.TU.09.568	1.2082743307421793	1.5785923069359817	207.57573469974014	1.2806607395706462	14160	14201	16161	16410
evm.TU.03.381	0.19471540949249277	1.0225402236498033	207.27679595672143	0.07921526436050186	8401	12187	16160	9861
evm.TU.09.1661	0.21873514329992486	0.8474452066418385	206.07969657463943	0.10539396368707374	8987	11081	16159	10508
evm.TU.06.1771	0.2673417490677155	1.347897398033794	205.74564106874132	0.11941149863371639	9850	13473	16158	10784
evm.TU.04.1731	0.09157854374403665	0.47502499911297996	205.71073007891982	0.023807999263389043	4190	7311	16157	6541
evm.TU.01.2924	0.5966546821196558	1.0926277375960363	205.2926775314451	0.5596290238318478	12390	12489	16156	14911
evm.TU.07.1787	0.07930083572467905	0.4936843356682118	204.88385955603556	0.017744009097352877	3346	7568	16155	5553
evm.TU.07.64	0.1450612969715441	0.7491498572137955	204.64630886587065	0.04930709266929897	6925	10319	16154	8684
evm.TU.07.1043	0.3480999725798951	1.481369256312645	204.52064571480113	0.18121245791047028	10819	13827	16153	11789
evm.TU.10.226	0.13470339097443515	0.6786628692719805	204.4177759608287	0.04521311090752861	6510	9695	16152	8455
evm.TU.02.2512	0.3641309073862774	1.2029459755861933	203.97001299573822	0.21889527659124883	10971	12995	16151	12278
evm.TU.02.1178	0.3159713258744485	1.1678543263851582	203.70149838761338	0.18101535318513942	10494	12844	16150	11787
novel_gene_1808_5bd9a17a	1.1037068768972782	2.2457275928316163	202.3699496896368	0.844022539215901	13814	15320	16149	15856
evm.TU.03.169	0.4018782849315602	1.825934464895	202.3350770705614	0.20388647446420982	11268	14839	16148	12102
evm.TU.02.63	0.374990812193116	1.522514189739369	201.93859261772343	0.2034266204197444	11068	13928	16147	12097
novel_gene_2663_5bd9a17a	0.7618178649268618	1.58495681381111	201.86761624937378	0.6466669590315962	12929	14228	16146	15264
evm.TU.07.649	0.46185320303331884	1.290724554097593	201.68251317897202	0.32287789008461426	11583	13320	16145	13340
evm.TU.04.1146	2.4494897427831783	2.4494897427831783	201.6496752249864	1.880032200662887	16352.5	16353.5	16144	16587
evm.TU.07.334	0.24336048475994837	1.1585498228841338	200.99453871514405	0.10883408671810937	9448	12804	16143	10587
evm.TU.05.1671	0.49997126048594664	1.5153953238980793	200.98121018786347	0.34773323161044245	11771	13909	16142	13568
evm.TU.07.597	0.12535871702808643	0.7080079762869007	200.77349840167722	0.039125829703433444	6092	9948	16141	8078
novel_gene_1114_5bd9a17a	1.1218323416922482	1.6461183611283992	200.62720632207186	1.0834099161052748	13893	14439	16140	16225
novel_gene_3658_5bd9a17a	0.06440591017002756	0.537995238208212	200.44216193322487	0.011402248183218739	2270	8172	16139	4019
evm.TU.08.1796	0.10841858564886137	0.7520634525106957	199.09992764003778	0.028205332220649422	5195	10342	16138	7089
evm.TU.02.2787	0.297625069190774	0.6774948783873391	198.44185048704915	0.19646251988757915	10281	9683	16137	12001
evm.TU.06.1978	0.23015820924938557	1.0504275431119885	198.07475808185552	0.10441935366993625	9205	12318	16136	10482
evm.TU.07.1592	2.4494897427831783	2.449489742783178	198.06263949394065	2.1364593785368244	16352.5	15771	16135	16613
evm.TU.02.1177	1.8007461612637734	2.3336181072055044	197.9242472677912	1.5328882069382186	15273	15384	16134	16524
evm.TU.04.204	0.22451366698848463	0.822321996771932	197.44007948656383	0.110648389315466	9097	10898	16133	10613
evm.TU.03.1347	0.06239432723003212	0.5225764067475885	197.29604909116475	0.010943318453062621	2119	7978	16132	3880
evm.TU.02.3264	0.05547789680168482	0.4020748423791613	197.23829023955776	0.009336800241904277	1621	6167	16131	3380
evm.TU.08.758	1.1757531215408905	1.79671730227332	197.02994919816828	1.1993859719598448	14070	14789	16130	16350
novel_gene_699_5bd9a17a	0.1429746388039403	0.7762951060260156	196.55576473752635	0.047554266228621064	6852	10540	16129	8584
evm.TU.08.271	0.10886495916717556	0.7795392010674588	196.03358074059335	0.02851009459250779	5224	10561	16128	7128
evm.TU.07.421	1.5159278419529891	2.1863720373719646	194.4311073958753	1.2631626061494712	14484	15274	16127	16394
evm.TU.06.922	0.11012451635389654	0.8053178165093444	194.32800583546347	0.028042152760974492	5292	10760	16126	7064
evm.TU.02.2291	0.12414890489813893	0.654336923401457	194.3076027093355	0.039008911047549104	6037	9485	16125	8068
evm.TU.10.1540	0.5636438228303654	0.9149822605890429	194.26869454459276	0.5342661318261289	12200	11540	16124	14784
evm.TU.08.1241	0.8079353899999381	2.006454239187218	193.47595225125934	0.5618453052736251	13091	15090	16123	14925
evm.TU.08.1484	1.1605739903243688	1.7092841272812882	193.1686634735849	1.112297076723747	14023	14599	16122	16258
novel_gene_1458_5bd9a17a	1.2625596063214393	2.306822328872077	192.2533141694001	0.7200031380675825	14263	15365	16121	15537
evm.TU.01.1362	0.08767346973275958	0.4961403917209571	191.97083259065127	0.021451164977853814	3913	7608	16120	6189
evm.TU.06.380	0.05631990768248817	0.4944821689306448	191.80637586689755	0.008895377984285515	1684	7584	16119	3243
evm.TU.08.1974	2.1279366342485626	2.438222873225018	191.55962030250956	1.3968566013210668	15435	15459	16118	16486
evm.TU.02.2769	1.0449642735903415	1.4949855008500392	190.69037357253166	1.044002933521622	13728	13849	16117	16180
evm.TU.10.1603	0.36223734611468983	1.1494036900058147	190.48016482971258	0.22743718540841776	10948	12754	16116	12367
evm.TU.01.2752	0.6782645808130897	1.6109629904006524	190.47761209721446	0.5436982712989896	12740	14310	16115	14838
evm.TU.05.519	0.7687968907172195	1.4085228117820128	189.78881124342706	0.6872713135938856	12940	13657	16114	15430
evm.TU.01.2828	0.1767694106283634	0.743717252211681	189.56330442314544	0.07319853932586759	7951	10265	16113	9689
evm.TU.10.2032	0.14129874966821984	0.8872799276200515	189.52648921932877	0.04413734161820112	6785	11384	16112	8396
evm.TU.02.3114	0.8385152002074847	1.332308513910864	189.2746574814018	0.8873787064558207	13225	13424	16111	15930
evm.TU.09.1193	1.1833946257788313	1.5314148981396685	188.6618141042043	1.1984217745982992	14094	13945	16110	16349
evm.TU.02.2644	0.13973339430578888	1.1210655040404214	188.55501399694813	0.03720148067116688	6727	12629	16109	7933
evm.TU.01.1408	0.576406712912059	1.03505873207488	188.49899041556588	0.5607120554055205	12286	12233	16108	14915
evm.TU.04.5	0.07033470671199431	0.4348311826510892	188.16551345429448	0.014495726619630145	2729	6737	16107	4847
evm.TU.07.131	0.086171984776745425	0.46551641910745495	188.02695334999822	0.021172164594462865	3811	7177	16106	6153
evm.TU.05.43	0.1787557894305296	0.9960573654398399	187.5088417357557	0.06569942143089884	7998	12052	16105	9424
evm.TU.03.547	0.3246524955116767	0.7752409324406738	187.35724918862095	0.22682260446825497	10584	10533	16104	12362
evm.TU.08.1081	2.449489742783178	2.4494897427831783	187.32897584019472	1.190767525533439	15771	16353.5	16103	16341
evm.TU.08.1958	0.10146681614593722	0.6534594903787573	186.45341487287195	0.026071579642037795	4819	9465	16102	6831
evm.TU.08.296	0.11143925860416022	0.5553756410624526	185.58653418000168	0.032892112596856433	5371	8399	16101	7564
evm.TU.07.383	0.05994136115193695	0.44936265310356743	185.08937901653775	0.010473198349853193	1944	6956	16100	3725
evm.TU.07.546	0.20304312612161846	0.8155995823258033	184.73905474674655	0.09229363641769793	8605	10850	16099	10200
evm.TU.04.93	0.26338806238425805	1.0350677010798999	184.64541492547784	0.13375709035398842	9779	12234	16098	11049
evm.TU.10.599	0.15587320557615222	0.98583793557758	183.8466997160545	0.05043962373581453	7327	11997	16097	8744
evm.TU.01.2852	0.2065564050040289	0.8321808984680218	183.3570095395559	0.09430499798220161	8684	10962	16096	10250
evm.TU.10.348	0.16658159813490542	0.9060370526903452	183.35691460121018	0.059045234590178734	7656	11489	16095	9138
evm.TU.02.783	0.24167920850216787	0.9858487339899207	182.50772182622615	0.11712146576868973	9422	11998	16094	10739
evm.TU.06.976	2.449489742783178	2.4494897427831783	182.48792488835716	1.8514153752369673	15771	16353.5	16093	16585
evm.TU.04.1990	0.9053482065579271	1.229862957783918	182.38310159053597	0.9401493241009038	13457	13111	16092	16017
novel_gene_3220_5bd9a17a	0.08180549499552	0.4697140870885689	182.34473533433166	0.01901216562328849	3536	7232	16091	5799
evm.TU.07.541	0.06339880995952535	0.4408107382779647	182.23425838461878	0.011657253781244117	2193	6832	16090	4096
evm.TU.02.470	0.3289738311977892	1.109872761315465	181.98219806730643	0.18787101910795462	10633	12571	16089	11875
evm.TU.02.2418	0.10386686600533235	0.5550113388110481	181.4935874185798	0.02880341464351124	4940	8397	16088	7160
evm.TU.02.2925	0.25647029909305197	0.9306496353350393	181.32012414087103	0.1256141734371205	9668	11651	16087	10903
evm.TU.04.1244	0.7524260498867299	2.040131006199886	181.01779142170423	0.504840629282452	12911	15138	16086	14635
novel_gene_3383_5bd9a17a	1.0198961703265748	1.6308802395757362	180.60487421755155	1.032058372619141	13701	14384	16085	16166
evm.TU.01.1257	0.18914168648404575	0.8661489703010248	180.58212022997523	0.07621070529217108	8295	11237	16084	9778
evm.TU.02.2344	0.18128724703893825	0.7475081085709165	180.50385055180527	0.0741146717598636	8067	10307	16083	9719
evm.TU.08.1959	1.870253046573881	2.36214326734747	180.48215479649366	1.4178878025030037	15332	15401	16082	16492
novel_gene_183_5bd9a17a	1.9872409199925456	2.4030937805647694	179.97081916431324	1.6922963391388999	15388	15439	16081	16561
evm.TU.01.2330	0.2840516047956867	0.7661291842559158	179.53475333875713	0.1642368691223016	10090	10472	16080	11535
evm.TU.07.156	1.653883564850519	2.221219417383833	179.49623453761072	1.5872092601219712	15083	15298	16079	16541
evm.TU.09.1555	2.449489742783178	2.449489742783178	179.07671611890933	1.6478212299075836	15771	15771	16078	16551
evm.TU.06.1821	0.25924979498807577	0.8609344674475462	178.89680644776965	0.14219456285538942	9724	11194	16077	11207
novel_gene_2387_5bd9a17a	2.4494897427831783	2.4494897427831783	178.84610906304258	2.1945695777923357	16352.5	16353.5	16076	16617
evm.TU.07.1401	0.27314479170579414	0.9809871266671091	178.80985916750151	0.14644658309036732	9937	11968	16075	11273
evm.TU.07.263	0.07778437754799525	0.7210496311504536	178.4104023527001	0.014595837153148918	3245	10068	16074	4878
evm.TU.08.725	0.3694257647970674	1.609468822077546	178.1644146696572	0.1902888987993064	11018	14304	16073	11910
evm.TU.03.1972	0.08673822998211106	0.6277599787029039	177.19330609861774	0.01930472702269778	3852	9225	16072	5858
evm.TU.01.2363	1.3907829412478858	1.6891286971602835	176.25413069654516	1.259743126016785	14404	14544	16071	16393
evm.TU.01.2940	0.13709879341225045	0.8665277707475636	176.1187700381802	0.04141559312750618	6615	11240	16070	8227
novel_gene_685_5bd9a17a	0.07116835599459338	0.5378640993480154	175.43960685217039	0.013690617419882724	2791	8171	16069	4648
novel_gene_836_5bd9a17a	0.6551764495540913	1.3743129146102073	173.5905577760272	0.5575479063734473	12663	13554	16068	14897
evm.TU.10.1968	0.27173798725451226	1.3145636977593833	173.42718603177485	0.1204811595387077	9924	13368	16067	10802
evm.TU.07.1803	0.17935425648661618	0.9968111370323639	173.4270244870178	0.06315969229517254	8012	12057	16066	9327
evm.TU.01.1964	1.3516464760612419	1.979909162263541	173.18740438835934	1.2477586670590333	14372	15049	16065	16382
evm.TU.03.187	0.10065351222133909	0.7061686242464327	173.09718048592467	0.024794669014976886	4775	9936	16064	6669
evm.TU.08.1649	0.9012234599436927	1.8445838135913104	172.83215655963147	0.6510103851101106	13445	14866	16063	15277
evm.TU.02.1166	0.14615387993846102	0.8801452425561922	172.5711719177963	0.04594716769608819	6965	11337	16062	8499
evm.TU.06.119	0.18629155470174458	1.0847703288610964	172.35771101323272	0.06791832090817812	8213	12466	16061	9512
novel_gene_554_5bd9a17a	2.4494897427831783	2.449489742783178	171.7298518211324	2.134695368019163	16352.5	15771	16060	16612
novel_gene_1407_5bd9a17a	1.1756476707186836	2.248534762738648	171.5530087406366	0.9235943195135888	14069	15325	16059	15982
evm.TU.02.2001	0.5483165061735007	1.5069516340059756	171.44678223803777	0.37623223676911216	12106	13888	16058	13793
evm.TU.08.38	0.324979416274297	1.0812401172761354	171.0837005822697	0.18079013574719885	10588	12447	16057	11782
evm.TU.08.1060	0.0962944381353022	0.5103085620417831	170.31989563676242	0.02497918198339358	4511	7807	16056	6693
evm.TU.01.981	0.49066541529398416	1.1945919854557276	170.30971951368767	0.3781875045915074	11686	12965	16055	13810
evm.TU.02.3101	0.2745377313690843	1.0886810806424554	170.28659732942506	0.13860456611931074	9959	12475	16054	11136
evm.TU.08.855	0.19809077265774536	0.9111031357653125	169.80491972197655	0.08226961970205612	8485	11508	16053	9944
evm.TU.06.1330	2.4494897427831783	2.449489742783178	168.9639341813512	2.0589243144185323	16352.5	15771	16052	16604
evm.TU.02.2998	0.09869196325212497	0.44198370291679245	168.70162866230788	0.02752262119055153	4654	6850	16051	6998
novel_gene_2304_5bd9a17a	0.2092042566933346	1.249060238352046	168.01954431407754	0.07702125067526491	8749	13180	16050	9795
evm.TU.05.1584	0.3429166837720861	1.1360751394643662	167.02987994599118	0.20331526890415788	10765	12689	16049	12094
evm.TU.10.535	0.9606625279048358	2.1822988305600712	165.9877264446896	0.6849033197414187	13605	15269	16048	15415
evm.TU.07.1595	1.6539918088052379	2.3664987287401233	165.87935864602343	1.2776592681468724	15084	15406	16047	16406
evm.TU.09.1087	1.1237919498006668	1.9696847276533263	165.6070395636686	0.8940277544139694	13897	15032	16046	15940
novel_gene_3182_5bd9a17a	0.38904602469469113	0.8915446941728691	164.10598978532212	0.2949760789032055	11170	11413	16045	13065
evm.TU.09.1370	0.12333014417050624	0.6992728976589574	163.8119899082939	0.036741149906604924	5996	9875	16044	7898
evm.TU.07.381	0.21307330828695922	0.7814293092527059	163.80401028077338	0.09916893381457353	8855	10578	16043	10370
evm.TU.06.365	0.2533728004981158	0.9249879104327019	163.71457161603573	0.12638415013635834	9611	11606	16042	10918
evm.TU.01.549	0.521349618122773	1.2934796589410253	163.46352579234696	0.3765270866410853	11918	13327	16041	13798
evm.TU.10.1610	0.33201909653883105	1.3974110298290214	163.3678764668269	0.16533004377475966	10658	13630	16040	11559
evm.TU.07.1765	0.0666265540436479	0.41342966629932265	163.16473648759114	0.012846714684449083	2459	6357	16039	4423
novel_gene_2940_5bd9a17a	0.47452706507448655	1.768319836252432	163.1110451268465	0.271027709131315	11625	14736	16038	12865
novel_gene_2059_5bd9a17a	1.848273389017526	2.285678821077745	163.0224578198263	1.5676060435411059	15315	15352	16037	16529
evm.TU.07.1665	0.37139476211559275	1.040639404490721	162.9915573897352	0.2531108697417964	11041	12265	16036	12678
evm.TU.06.135	0.5803766003437685	1.598159751792944	162.23612922351168	0.39328694288636373	12304	14268	16035	13920
evm.TU.05.2144	0.36584300226071287	1.6703853159586248	161.81991398052213	0.17676559181561993	10985	14501	16034	11728
evm.TU.04.673	0.29956998958646136	0.8559936031293137	161.7905055805207	0.1680940417084025	10306	11143	16033	11602
evm.TU.06.831	0.3268036000086312	1.1068085534071392	161.25336607316163	0.18818622065661153	10605	12554	16032	11880
evm.TU.06.1624	0.25127148160967583	0.966687542724662	161.20686765761343	0.12373429996545839	9569	11885	16031	10863
evm.TU.10.840	0.2501225987011725	0.956474055954177	161.19753526903472	0.11916126704171429	9555	11821	16030	10780
novel_gene_2330_5bd9a17a	0.9283129173015698	1.1310641693094137	160.57424127594805	1.0133974169975617	13522	12674	16029	16141
evm.TU.03.233	0.3582013278937831	1.1413940978818988	160.22102654858725	0.20483049910694792	10911	12718	16028	12114
evm.TU.04.157	0.35520720599057554	1.192449107254386	160.21105061468742	0.20911359371289406	10891	12953	16027	12174
evm.TU.08.1997	0.04711359622148851	0.28605242839793105	159.34748733649946	0.007225250029619582	992	3706	16026	2633
evm.TU.09.135	2.362554258903968	2.4464066878516055	159.22498493605423	1.6831940269025971	15461	15466	16025	16559
evm.TU.10.2146	0.8194578054178301	1.2116455765045346	158.95035808573644	0.7899053825784061	13142	13041	16024	15734
evm.TU.02.3159	0.09839007927330386	0.5474685179575723	158.7677439707984	0.025553099873373803	4631	8288	16023	6775
evm.TU.06.36	0.11876182706842696	0.5828564187467117	158.69558917753687	0.03602840333951212	5776	8722	16022	7842
evm.TU.10.1171	0.31392852529149573	1.1943753979281162	158.436820675796	0.1681397024407108	10468	12961	16021	11603
evm.TU.10.1672	0.13662953714965634	0.7424202492987253	158.376722376109	0.04356062423646336	6593	10253	16020	8355
evm.TU.07.1079	1.0311766167325052	2.158830579106367	157.7412362954846	0.7407959004897965	13715	15249	16019	15592
evm.TU.08.288	2.4494897427831783	2.449489742783178	157.66867129850897	2.1781911025452834	16352.5	15771	16018	16615
evm.TU.07.1828	0.4267818523589273	1.629746259173236	157.66436791204774	0.24355820841532924	11407	14381	16017	12562
evm.TU.07.1590	1.2783578218495701	1.9691727778248909	157.53221461016247	1.1140266271615644	14289	15029	16016	16264
evm.TU.04.393	0.46028916818052124	1.4646178486636054	157.26173493137287	0.2720572194479655	11577	13794	16015	12874
novel_gene_1649_5bd9a17a	1.001961953732266	1.6703134775289268	157.12748115081604	0.9303587512690672	13682	14500	16014	15998
evm.TU.04.1362	2.449489742783178	2.449489742783178	156.94689176035632	1.4159873793777946	15771	15771	16013	16491
evm.TU.01.1865	0.44464134982791126	1.0711767858374592	156.74053662362067	0.3101235646997829	11508	12400	16012	13213
evm.TU.04.339	1.4072849464173802	2.3367185984866388	156.6416430394499	0.7884897609944052	14424	15390	16011	15729
evm.TU.01.1577	0.2867059821431256	1.0450592888979904	156.59070421875848	0.14772972099168535	10140	12294	16010	11292
evm.TU.01.2939	0.20334893168333038	0.9714453018130371	156.2865620374381	0.08347024093833492	8613	11911	16009	9976
evm.TU.01.2080	0.31585267127112515	0.8588385471741539	156.1427025971189	0.19165095822990721	10493	11170	16008	11933
evm.TU.05.52	0.18799901967686788	0.9357170580889909	156.09814757444846	0.0720052476301177	8259	11681	16007	9657
evm.TU.02.3216	0.3312375945016347	1.1722556757957903	156.08962847273924	0.18119433185206318	10652	12864	16006	11788
novel_gene_3352_5bd9a17a	0.1745180328447296	0.6997947364129866	155.82965825875698	0.07073367635402075	7892	9882	16005	9618
novel_gene_3456_5bd9a17a	0.5127572925279295	0.7584496217857156	155.43277913744765	0.5068094249117373	11863	10398	16004	14645
evm.TU.10.2221	2.449489742783178	2.449489742783178	155.01629962706056	1.9214679785604554	15771	15771	16003	16591
evm.TU.02.2594	0.39500277812355106	1.2008473295895687	154.9547350557016	0.2518599578620194	11212	12988	16002	12659
evm.TU.06.1769	0.1419759122793956	0.8735415937851999	154.9540352007831	0.043632040329567336	6816	11297	16001	8362
evm.TU.01.1443	0.2208183868193143	0.917115967050654	154.69832637032732	0.0974640715072234	9029	11551	16000	10332
evm.TU.01.263	0.10920742212875165	0.5483692853167005	154.6352868078699	0.030737489813103428	5245	8309	15999	7367
evm.TU.04.1176	0.18165922333481935	0.8422977374417974	154.6162673472794	0.06786683030367893	8077	11045	15998	9511
evm.TU.09.570	0.17141366691900153	0.7923609334004067	154.0943444720013	0.06522360689480967	7789	10654	15997	9406
evm.TU.06.686	0.739381703940854	1.8695776012176732	153.99677220832402	0.5324819421939779	12883	14899	15996	14775
evm.TU.07.1670	0.5462323659581138	1.2478257397371522	153.77196819122088	0.41822102116641313	12096	13174	15995	14082
evm.TU.02.3042	0.060248021907574396	0.3532390736934557	153.49822269274455	0.010982290348281321	1970	5239	15994	3886
evm.TU.07.353	1.6388099926110586	2.1228208133170026	153.4421183348963	1.250960916525668	15045	15216	15993	16387
evm.TU.01.470	0.4042468371848114	0.9686665077744683	153.42076612938547	0.2921100184200935	11280	11898	15992	13038
evm.TU.06.1878	0.4730202883190219	1.3975453332336591	153.301286911762	0.3070440793112447	11619	13632	15991	13184
evm.TU.02.2237	0.3532233566014274	1.1902006539171837	152.94656940484418	0.20556887891380635	10870	12940	15990	12126
evm.TU.10.1286	0.06288414051398662	0.41878292162650205	152.8551824724831	0.011370694099694099	2154	6461	15989	4012
evm.TU.10.1703	0.5136161049301726	1.4984035415370396	152.63080765475806	0.32362318894146824	11869	13866	15988	13349
evm.TU.01.1386	0.12042032514110154	0.9003938757665794	152.62800515076643	0.030172211866881887	5861	11455	15987	7300
evm.TU.04.46	0.06583683184747935	0.41375853833138165	152.60347248189848	0.012491729172699346	2383	6365	15986	4334
evm.TU.06.2045	0.3405519115474806	1.1227663865028263	152.1778010870265	0.2013518675429031	10744	12632	15985	12073
evm.TU.08.1856	0.0611229729532015	0.40199297004276563	151.85499211327843	0.010902242711479576	2036	6165	15984	3870
evm.TU.01.813	0.34504807110642305	0.8045962240543025	151.6309227436362	0.23110671353895662	10787	10755	15983	12421
evm.TU.02.1892	0.24105206161048198	0.9382744504962768	151.0098581898491	0.11021446358270846	9410	11695	15982	10605
evm.TU.02.2208	0.06774290145775592	0.4592196691243792	150.9783041428539	0.012725710219214455	2531	7084	15981	4398
evm.TU.07.58	0.07804285191383328	0.44511710038536384	150.9746612589501	0.017044071962816768	3259	6899	15980	5398
novel_gene_2912_5bd9a17a	1.5838806459544263	2.0101787843091374	150.83645073800918	1.580467290131277	14854	15096	15979	16538
evm.TU.05.103	2.4494897427831783	2.449489742783178	150.7316603518519	1.7539598002528236	16352.5	15771	15978	16574
evm.TU.05.2053	0.2012661046730261	1.0051884347745734	150.42276322638145	0.08015750876922104	8556	12092	15977	9886
novel_gene_756_5bd9a17a	0.6402046928178265	1.4993253455287971	150.38064428705718	0.5008751635598305	12598	13868	15976	14608
evm.TU.02.2558	0.7593733431148281	1.6055090294121894	150.33040713556878	0.5933752029729227	12924	14291	15975	15056
evm.TU.06.1773	0.49796653908518657	1.1478278416166359	149.94265531011206	0.36651824831732616	11752	12746	15974	13737
evm.TU.05.1913	0.1385293428281912	0.9978800261205389	149.56424293485756	0.037852449190827184	6676	12059	15973	7979
evm.TU.06.639	0.14970078688014443	0.8443261302686808	149.14754571377588	0.04838292836943222	7114	11055	15972	8637
evm.TU.10.1534	0.12253773549766417	0.5608655200932838	149.06747072991683	0.03792041204906734	5968	8456	15971	7983
evm.TU.07.847	0.1735128640764955	0.9233795023262172	148.62983000364136	0.06111797741503473	7863	11598	15970	9242
evm.TU.04.2152	0.12648530317010065	0.49523214153746464	148.36727443715807	0.04072578647430522	6141	7596	15969	8191
evm.TU.02.2993	0.0989231594875334	0.5684221310804909	148.1343508868558	0.024763362206127737	4674	8550	15968	6665
evm.TU.06.2026	0.5991535604235491	0.9973042206276181	147.42041146984144	0.5487317134424397	12409	12058	15967	14862
evm.TU.02.444	1.28789094256277	2.154695916498531	147.32541701805937	1.0207440542080937	14296	15241	15966	16152
evm.TU.04.1338	0.3673945626889981	0.853612807319119	146.9904524209137	0.22963252454823305	11002	11132	15965	12401
novel_gene_2675_5bd9a17a	0.1612349726938309	0.7196308904482369	146.9866767663033	0.05812408695748081	7501	10059	15964	9099
evm.TU.05.708	0.33732627669999704	1.6517051303646437	146.96207071229674	0.13565456867901324	10713	14454	15963	11085
evm.TU.07.322	1.1099963236978603	2.026362834243221	146.68868942225794	0.8805587423366031	13842	15113	15962	15919
evm.TU.04.2434	0.22815368432636104	1.0914487749894337	146.65136294502224	0.0955538056586155	9170	12483	15961	10281
evm.TU.07.1004	0.299355775750024	1.3589097705959767	146.05956871032785	0.13711254317948735	10302	13510	15960	11109
evm.TU.02.385	0.5791931234392252	0.6891300293658621	145.81948619358778	0.5579460333590206	12302	9787	15959	14899
evm.TU.09.1633	0.6376298532317607	0.9733324116350488	145.24610293219993	0.6201432175494426	12583	11920	15958	15160
novel_gene_1554_5bd9a17a	1.5524585196608311	1.593973681070012	145.02687210319428	1.7403022117118487	14603	14256	15957	16570
novel_gene_3627_5bd9a17a	0.08522106693750231	0.5448775673432208	144.40860202428038	0.018967371655734103	3753	8262	15956	5788
novel_gene_998_5bd9a17a	0.31601255196895417	1.0596524577210085	144.02824358501846	0.16184202436558967	10495	12350	15955	11502
evm.TU.05.51	0.24507984497142665	0.7979716069182501	143.7755033226633	0.12388328304192181	9476	10697	15954	10865
evm.TU.03.72	0.1898914106903003	0.8092629161904835	143.39368308350754	0.07629626161262465	8307	10788	15953	9783
evm.TU.09.528	1.5506689084441143	1.9399267468791532	143.18084217964451	1.3054300254934934	14566	14989	15952	16423
evm.TU.04.1484	0.3692783536637095	1.1896940704640713	143.02033660719397	0.20580254114528806	11015	12938	15951	12129
evm.TU.06.432	0.8994932332558764	1.4360936503497008	142.77363244367731	0.8448300480611901	13441	13723	15950	15858
evm.TU.02.3190	0.21518971423498146	0.9635841483142262	142.51960260774942	0.0896678462874204	8906	11870	15949	10142
novel_gene_94_5bd9a17a	0.34520911648681757	1.372390244775709	142.49359711094667	0.17042276848046808	10789	13549	15948	11637
evm.TU.10.1841	0.21552889074232287	0.8304958964763897	141.84479168451205	0.09698167691672899	8913	10949	15947	10321
evm.TU.08.116	0.19785420146909521	0.7426429583915323	141.14768884883853	0.08661705526670237	8478	10254	15946	10059
evm.TU.10.1111	0.1532625861888113	0.6822448409558509	141.01106531869095	0.05358177170986519	7233	9729	15945	8899
novel_gene_3449_5bd9a17a	0.11102899131464876	0.4304975029108727	141.0061353327206	0.03329540944267934	5344	6672	15944	7601
evm.TU.02.3254	2.2622719452300957	2.4440102883729358	140.7149327775189	1.1743670290364774	15456	15463	15943	16323
evm.TU.02.398	0.21255523073863805	0.7475059706921742	140.7121646802408	0.09480286055562936	8842	10306	15942	10265
evm.TU.09.165	2.449489742783178	2.449489742783178	140.6798059577727	1.9729744856716547	15771	15771	15941	16598
evm.TU.02.1046	0.1304835904282041	0.6936814484208023	140.65191189447532	0.03942871808051205	6333	9832	15940	8097
evm.TU.03.790	0.18444375052243794	1.0435606395225274	140.4631895410738	0.06114857498291486	8158	12286	15939	9245
evm.TU.06.1538	0.5780611425733206	0.9301912613460455	140.40373726021306	0.5327626905086612	12295	11650	15938	14777
novel_gene_1277_5bd9a17a	0.14632178847284458	0.8880366380147001	139.78509555084858	0.042694310019136504	6978	11388	15937	8293
evm.TU.06.1050	0.35115055950424046	1.4117636631098787	139.77972614609928	0.1817348706850396	10849	13663	15936	11796
evm.TU.01.365	0.23105114227848472	0.9446524044321879	139.76871827526296	0.10496045387725159	9222	11736	15935	10499
evm.TU.01.123	0.4134994543566577	0.8538683248569156	139.34379761894857	0.3199919006346905	11331	11134	15934	13309
evm.TU.07.1155	0.5725282076886901	1.0914581039722902	139.25680512404293	0.4106321501974337	12263	12484	15933	14044
evm.TU.05.897	0.2395217885170343	1.067696011899807	139.11075790089572	0.10441112624050031	9378	12380	15932	10481
evm.TU.10.1605	0.15182051538445654	0.7217915584169998	138.38755627187507	0.05248542586166178	7183	10076	15931	8847
evm.TU.01.462	0.87614981522078506	1.1176358743134975	138.29004868487215	0.9048619402839759	13372	12608	15930	15959
evm.TU.01.970	0.9608300413101091	1.13255503386439	137.93555429867047	0.9433858469696911	13606	12677	15929	16027
evm.TU.09.176	0.18545541228207563	0.6275270645167876	137.71556053872393	0.07881271247664176	8192	9220	15928	9841
evm.TU.01.1634	0.6473932905713518	1.5349872759003549	137.48182673015913	0.44839876888821756	12630	13954	15927	14285
novel_gene_2216_5bd9a17a	0.28599365986321945	1.1904031939322683	137.47573918726383	0.13345851359581992	10121	12941	15926	11038
evm.TU.10.704	0.2243846612479089	0.7149727157409086	137.0546250446592	0.11149487826333135	9096	10013	15925	10638
evm.TU.04.1919	0.19645916584167677	0.9610353975678525	136.84975435405127	0.07566438075087624	8446	11855	15924	9763
evm.TU.01.2970	0.8025166695727659	1.6036891387649241	136.52918921822845	0.6200652559479358	13066	14284	15923	15159
evm.TU.02.632	0.04363105902509338	0.3528880067350133	136.3197796821296	0.005715577908556257	791	5235	15922	2017
evm.TU.07.1699	0.06589134147771349	0.4800286236503455	136.1965618262929	0.011789584803434993	2393	7383	15921	4138
evm.TU.02.1331	0.09805703161338489	0.5628550683233737	135.91973153850165	0.024296692285885945	4609	8476	15920	6613
evm.TU.01.1003	0.6422218101480555	1.077655422749039	135.69253065664392	0.5416060295553083	12610	12430	15919	14828
novel_gene_2628_5bd9a17a	0.3282244089625021	1.1443421793501136	135.48525016023956	0.1837489777592638	10627	12732	15918	11824
evm.TU.03.851	0.8266971397036172	1.5048639698999997	135.24964818236833	0.7120230458196005	13169	13883	15917	15514
evm.TU.02.2439	0.7340138538688851	1.6402871695079158	135.19453811395132	0.5413608883073969	12876	14421	15916	14826
novel_gene_3188_5bd9a17a	0.3311569858711446	0.7611566440010995	134.82903900626087	0.21651863206745348	10651	10425	15915	12255
evm.TU.10.1262	0.1306535381685248	0.7033308389229305	134.67997062127074	0.0392124040018752	6342	9915	15914	8083
evm.TU.01.1304	0.3373368281061032	1.2062810844661562	134.5909612391135	0.17365808741621264	10714	13008	15913	11685
evm.TU.09.457	0.4314910046489991	1.0157079162068992	134.52609013880067	0.31471641830534464	11432	12148	15912	13255
evm.TU.07.1723	0.14133918268103762	0.81225225981935	134.38287327156098	0.043342652579582315	6789	10817	15911	8342
novel_gene_1933_5bd9a17a	0.7172814714715012	1.4773091949077337	133.77714927411196	0.5305299116220857	12834	13817	15910	14761
evm.TU.07.305	0.20900535898127764	0.8403028497841638	133.41930561222367	0.08902394101655353	8746	11022	15909	10121
evm.TU.06.2046	0.4300637877873596	0.9221063900323859	133.0512846479914	0.31992878315038475	11425	11588	15908	13308
evm.TU.07.1589	1.0707749621124143	1.8254227143211486	132.92509348893037	0.947326268781673	13759	14838	15907	16034
evm.TU.01.1336	2.4494897427831783	2.4494897427831783	132.71004411205598	2.018182538836495	16352.5	16353.5	15906	16600
evm.TU.02.1531	2.449489742783178	2.449489742783178	132.49014952873242	2.0905865391663574	15771	15771	15905	16606
evm.TU.01.961	0.2832100552603325	1.1408829001699208	132.3246063417839	0.13539347667120677	10076	12715	15904	11075
evm.TU.03.183	1.6130975907996559	1.9375023270926348	132.27553502536458	1.5119553705855289	14970	14986	15903	16519
evm.TU.02.3160	0.27430699233599964	1.14503431473494	132.1461467612724	0.1278752932892682	9956	12736	15902	10937
evm.TU.08.184	0.11873301728812366	0.5964142925177291	132.05947414192894	0.03439178011331611	5774	8888	15901	7712
evm.TU.01.2018	0.6528680522090355	1.289083916416955	131.820663359629	0.531051349570341	12650	13314	15900	14766
evm.TU.01.2476	0.25396968132355713	0.908421309641012	131.81718298537407	0.12408090431619784	9624	11494	15899	10872
novel_gene_1219_5bd9a17a	1.8799636498768115	2.36990423718048	131.77680000747523	1.6016482752308867	15339	15409	15898	16545
evm.TU.10.796	0.27325675281526046	0.9585537035804768	131.60937454598843	0.13369497877041953	9939	11833	15897	11045
novel_gene_3446_5bd9a17a	0.572439735790987	1.7716780857043555	131.5725513062893	0.33197504490374474	12259	14746	15896	13442
evm.TU.10.1073	0.13917083220620072	0.8263051460523861	131.25731656426962	0.040388826129954716	6702	10927	15895	8171
evm.TU.05.1279	2.4494897427831783	2.4494897427831783	131.230744201478	2.08345412343649	16352.5	16353.5	15894	16605
evm.TU.08.1665	1.0139954339154222	1.993904122153291	131.05422730421506	0.7520049512398412	13695	15070	15893	15632
evm.TU.04.564	0.20224186227127453	0.8952504820873614	130.8879431066086	0.08213395734733964	8578	11431	15892	9939
novel_gene_1427_5bd9a17a	0.10399249154763168	0.513828737817496	130.65796464898	0.02791417259569549	4947	7858	15891	7047
evm.TU.03.1430	0.0726566807142758	0.41553620284160087	130.6520885887434	0.014746177411268458	2925	6399	15890	4916
evm.TU.07.1813	0.47935478637009565	1.2177227094096377	130.41221534342714	0.32816421851726296	11647	13073	15889	13406
evm.TU.07.420	0.628141037024332	1.09758948536047	130.19031178174825	0.5720552191156694	12544	12509	15888	14966
evm.TU.08.1498	0.08381007171140761	0.5976143418154735	130.17719305005173	0.017230460329309017	3660	8896	15887	5440
evm.TU.02.2290	0.1844180212308872	0.7430379242825588	129.65613450115646	0.07448966673848778	8156	10258	15886	9732
evm.TU.04.2004	1.3134062870544871	1.8738502620432562	128.874553379737	1.1852296694070708	14341	14908	15885	16338
evm.TU.08.57	0.05499604060358897	0.345715503447239	128.87066899655454	0.009030532405860651	1577	5086	15884	3289
evm.TU.02.2416	0.13803325163721095	1.100414768374385	128.44289746915706	0.03386369216157949	6653	12528	15883	7657
evm.TU.04.2266	0.08997922041556013	0.5589279545182613	128.2379516277066	0.020437675012440218	4084	8436	15882	6044
evm.TU.04.98	0.13387743804530014	0.6893859841967291	128.17755913194452	0.04111503359095031	6465	9788	15881	8210
evm.TU.04.1125	0.47069261709761967	1.371996866622371	127.50254388276828	0.30991467454212296	11614	13547	15880	13210
evm.TU.09.170	0.3460545264943276	1.1658130991691642	127.3541311261538	0.1890830722407962	10796	12835	15879	11890
evm.TU.01.1076	1.8373392618924105	2.0727810485270157	126.83637991034071	1.2898837187599779	15307	15167	15878	16414
evm.TU.05.764	0.09621181332113031	0.5916713499641864	126.7642157125059	0.022759930425855664	4506	8834	15877	6404
evm.TU.03.789	0.5618794277527853	1.3898642699689319	126.57675552688661	0.3994549304943374	12189	13607	15876	13972
evm.TU.02.2902	0.20567091808843807	0.8030094821685395	126.50776104753936	0.08859961234944044	8662	10740	15875	10108
evm.TU.06.1424_evm.TU.06.1425	0.3117090650896696	0.8547173673274755	126.12491502608106	0.18868280399490323	10443	11139	15874	11884
novel_gene_2695_5bd9a17a	0.43112328210027673	1.1826634621421404	125.74068526282694	0.26990915745197275	11430	12909	15873	12848
evm.TU.09.1535	0.08013886842168313	0.5336128282699659	125.44836399483961	0.01650183626793487	3410	8114	15872	5301
novel_gene_284_5bd9a17a	0.0919676230742359	0.48019416972842016	125.28075434668449	0.02211697816945766	4223	7386	15871	6294
evm.TU.01.1700	0.13644533888702604	0.7893058018513228	125.0621728793565	0.03963895069903263	6584	10626	15870	8114
evm.TU.05.1620	0.3761457698231383	1.6957918995402699	125.04399648322241	0.15756390415358093	11084	14560	15869	11435
evm.TU.02.1756	0.441886850349156	1.3259363786678586	124.82322837968097	0.2671502296716866	11491	13406	15868	12818
evm.TU.03.330	2.4494897427831783	2.449489742783178	124.65337236906431	1.9202302347594356	16352.5	15771	15867	16590
evm.TU.10.2169	0.7291680923957473	1.4672000739832969	124.29933386869116	0.5987486899302921	12864	13801	15866	15077
evm.TU.03.868	0.45789377792320457	0.9724746922502386	124.23425572322145	0.3438783390009552	11565	11914	15865	13536
evm.TU.02.3175	1.23645340089879	1.5596051594450897	124.19969016792945	0.9423781277214408	14215	14105	15864	16024
evm.TU.09.1616	0.3276934044021783	0.8475169420156868	124.18189426727399	0.19229688609262888	10618	11082	15863	11945
evm.TU.09.1425	0.5820034868967788	1.8312929689405828	124.07045451001022	0.32300439746192	12316	14846	15862	13343
evm.TU.ctgX3.3	0.14464098722614255	0.8422458328528649	124.05120236927705	0.04409134290521529	6911	11043	15861	8392
evm.TU.06.766	2.1002746108057164	2.4132681479754408	124.02615885817784	1.7393535507087277	15427	15442	15860	16569
novel_gene_1722_5bd9a17a	1.422992730804992	1.6935984037535694	123.93647484548796	1.2978799127058067	14439	14555	15859	16419
novel_gene_221_5bd9a17a	0.7277307763894928	1.6133141765887042	123.68665782320635	0.5634523154806855	12862	14318	15858	14935
novel_gene_2363_5bd9a17a	0.47439569180613345	1.1538504533610612	123.61794293300419	0.3213434012347921	11624	12777	15857	13325
evm.TU.10.2009	0.356763672695134	1.2605145498855375	123.50325288359049	0.19020627645459778	10906	13218	15856	11908
novel_gene_3382_5bd9a17a	0.079641589564996	0.524391066903969	123.30962834179078	0.015943591738999674	3370	7999	15855	5191
evm.TU.06.1879	0.06792351573738059	0.451971602890457	123.2364482189571	0.012479986545659284	2542	6987	15854	4330
evm.TU.04.1438	0.3227871704962119	1.7111944608323653	123.100769899127	0.12978089890447758	10566	14608	15853	10969
evm.TU.05.1806	0.17977660594800507	0.7412428218972503	122.98157141307371	0.07053577933987655	8030	10245	15852	9612
evm.TU.02.2891	0.2907860792053262	1.0623172403591337	122.61899712764613	0.14842791230840316	10190	12365	15851	11302
evm.TU.02.2277	0.116366848125541	0.7066500430327334	122.26371637066929	0.030746470525989927	5656	9938	15850	7369
novel_gene_1877_5bd9a17a	0.1802111997698467	0.8163165261317635	122.1732135810373	0.06741979205169286	8048	10854	15849	9497
evm.TU.03.214	0.06903858657597021	0.39234784314968335	121.89582440081757	0.013519525831088857	2623	5999	15848	4604
evm.TU.05.1787	1.144249794220414	1.982722816284539	121.82729649530201	0.9313992494836846	13973	15053	15847	16001
evm.TU.07.626	0.5326826337950425	1.5763110852393212	121.81918621343794	0.3360680924377463	12009	14190	15846	13476
evm.TU.06.22	0.348842217366304	1.1729050288093865	121.79784425983891	0.189983334889818	10826	12867	15845	11904
evm.TU.06.1700	0.27590847431714355	0.7720478860906256	121.69315820897529	0.1506983362269572	9977	10511	15844	11341
evm.TU.08.1954	0.05055204239637196	0.37714483671894883	121.55828773607159	0.007378426927724842	1251	5716	15843	2702
evm.TU.05.305	0.371129344341588	0.8911298189232525	121.47440098463717	0.24770381064551253	11039	11408	15842	12617
evm.TU.07.1705	1.7200950588122899	1.8401667960587227	121.3238673293244	1.3579685685207434	15187	14861	15841	16457
evm.TU.01.1027	0.21059600596788028	0.6264987256568152	121.31176376679706	0.09596237541785167	8795	9210	15840	10291
evm.TU.07.258	0.07390865955095947	0.44281186387364324	121.21755571420357	0.0148113050277659	2995	6866	15839	4932
evm.TU.04.1259	0.22657909872843043	1.1751702348200417	120.85911964373324	0.08521649476243472	9138	12881	15838	10028
evm.TU.02.3236	0.313135046616718	1.0459469441453693	120.82007816203502	0.15639714950762046	10459	12299	15837	11413
evm.TU.01.2151	0.17199031924657884	0.8723611894882484	120.32767499088133	0.05986707093326517	7808	11287	15836	9190
evm.TU.03.1750	0.8917784739554853	1.6850917955435982	120.2460472953931	0.6887922196390244	13414	14538	15835	15435
evm.TU.06.1499	0.24874240375945222	0.9959395619566024	120.08225562436148	0.1114785478428479	9538	12051	15834	10637
evm.TU.09.191	0.33791017144241947	1.3106104933444296	120.03453094645974	0.15978908636684644	10719	13360	15833	11465
novel_gene_3212_5bd9a17a	1.1198923868167177	1.6022828080094018	119.95930692065517	1.0071700533919512	13881	14278	15832	16132
evm.TU.03.2020	0.5991501070123991	1.1932529177207476	119.59868529291468	0.37422008613045005	12408	12957	15831	13784
evm.TU.10.2155	0.2565867484562105	0.8166775542235845	119.48455872906013	0.12591936892448294	9672	10858	15830	10909
evm.TU.05.1092	0.13594934661635402	0.8173380535141815	119.39672945787339	0.039461149623929104	6558	10861	15829	8100
evm.TU.08.129	2.4494897427831783	2.4494897427831783	119.16356511815043	2.018390920695354	16352.5	16353.5	15828	16601
evm.TU.02.2340	2.233029414827824	2.4371752106279563	119.12624035971089	1.7601205453224007	15453	15458	15827	16575
evm.TU.08.1408	1.036207013543506	2.0002290006699144	118.9051073826044	0.7732644357285424	13721	15084	15826	15682
evm.TU.02.2067	0.17024569311332344	0.7583933023088797	118.8281259199311	0.061540442070440605	7759	10396	15825	9264
novel_gene_3056_5bd9a17a	0.07359697723637947	0.4545878933165365	118.59295564392113	0.014528097417520447	2978	7027	15824	4855
novel_gene_2194_5bd9a17a	0.09831096612713495	0.5960377397563098	118.33043414069157	0.02357677908825892	4626	8881	15823	6508
novel_gene_2887_5bd9a17a	0.2903984760505649	0.7667971673975692	118.07441430479524	0.16844399864742388	10183	10476	15822	11608
evm.TU.08.330	0.8381857030172613	1.710360095753135	117.87328477530043	0.6027732267687888	13223	14602	15821	15090
evm.TU.06.2052	0.17609391948753508	0.8502174455119675	117.70989415423202	0.060891655904172094	7929	11105	15820	9233
evm.TU.01.1143	0.5186905780345459	1.3752057352113536	117.31126670520456	0.3539797093937803	11901	13558	15819	13627
evm.TU.01.749	1.0716793598717387	1.5186365131352577	117.25637560233262	0.9531129680833227	13760	13919	15818	16043
novel_gene_1838_5bd9a17a	1.6939525642411324	2.2650696179293828	117.19974025947839	1.4579775543897626	15146	15335	15817	16505
evm.TU.10.1334	0.1891138801103023	0.9770395297387532	117.13849188256307	0.06744604368167571	8294	11944	15816	9498
evm.TU.07.246	0.38459945920907984	0.7280342670571757	117.01268847678799	0.294834292683698	11139	10125	15815	13064
evm.TU.02.727	0.36221183442905436	1.3735257220784414	116.86760175417966	0.19365718835067106	10947	13552	15814	11967
evm.TU.01.460	0.20983481585534325	0.8944493435170845	116.5695588344376	0.08477197858998464	8773	11424	15813	10015
evm.TU.02.2364	0.21168171022783744	0.7725857209589502	116.31180891093133	0.09328205372293377	8823	10514	15812	10225
evm.TU.01.141	0.3962013685953979	0.9006867428354557	116.14223277897418	0.272908134672983	11226	11459	15811	12887
evm.TU.01.996_evm.TU.01.997	1.2955644026600415	1.7108796427977648	116.0752648971715	1.2044986950705356	14315	14604	15810	16354
evm.TU.04.1752	0.2899436740201494	1.0580423932924634	115.88474604131996	0.14399722681675398	10177	12344	15809	11233
evm.TU.06.2010	0.11934545366048326	0.6003688444114699	115.56386746968022	0.03357499199392357	5804	8930	15808	7626
evm.TU.05.1893	0.2157383910477936	0.9478635235815751	115.35359175990685	0.08818633764779968	8917	11756	15807	10098
evm.TU.09.1266	1.0652641133800387	1.8051340658831403	114.61509979777314	0.9019115581990734	13751	14806	15806	15954
evm.TU.08.1537	0.9259342232132207	1.4123704294566655	114.40980377241986	0.6596600234885112	13515	13665	15805	15322
evm.TU.08.41	0.09489437526790068	0.5767080435743852	114.38845036687526	0.02209763944527746	4421	8653	15804	6293
evm.TU.01.61	2.4494897427831783	2.4494897427831783	114.20840929787154	1.7276251985225382	16352.5	16353.5	15803	16566
evm.TU.02.2645	1.0690168763488619	2.0454343305925335	114.14756572306233	0.816769822702269	13757	15141	15802	15800
evm.TU.04.525	0.3523504993784279	0.6920458382188092	114.07933086572248	0.25226471417705115	10858	9813	15801	12665
evm.TU.08.378	0.08097125349784776	0.4829570512555554	113.93151105191835	0.01722453625379747	3468	7417	15800	5438
novel_gene_3408_5bd9a17a	1.3475235715358296	2.0470823939692764	113.92756685592724	1.0434096846996805	14368	15143	15799	16179
evm.TU.01.2857	0.2593678694526257	1.2297265622488052	113.87566368854161	0.10713721178322134	9728	13110	15798	10548
evm.TU.01.2291	0.5275531888253325	1.0428832887871111	113.80936549773769	0.386487539682042	11970	12280	15797	13878
evm.TU.06.1806	0.11947346677245385	0.6970361197639827	113.56822677965191	0.03132484210606204	5818	9860	15796	7426
evm.TU.04.1606	0.44742460148558744	1.5799456739020343	113.5659613581038	0.24611764594947225	11523	14207	15795	12601
evm.TU.05.567	0.30113307566725567	1.037852834929493	113.5655745663945	0.13374063956454466	10325	12248	15794	11047
evm.TU.05.12	0.3447271896562426	1.0304323395894457	113.55848720351857	0.20275567040092637	10785	12218	15793	12086
evm.TU.10.1866	0.9105639380770264	1.070380727029528	113.41641498502355	0.8963131139496354	13477	12396	15792	15946
evm.TU.07.81	0.9270963437404072	1.408158961017924	113.3225392247545	0.87536255526404	13519	13656	15791	15909
evm.TU.02.875	0.18591564316421744	0.7989241658651457	113.25176721250658	0.07021838349635957	8206	10705	15790	9603
evm.TU.05.2132	0.513847489570994	1.379752944470537	113.05447540272002	0.3373910148124369	11871	13572	15789	13489
evm.TU.04.1021	0.1575744356639816	0.693912431867977	113.00535981008453	0.054021303870008405	7387	9834	15788	8926
novel_gene_1856_5bd9a17a	0.11418419668667293	0.6626356815613194	112.9823806319967	0.029003583803087696	5526	9570	15787	7182
novel_gene_2988_5bd9a17a	0.36248484596977715	1.158116886700712	112.69112284872803	0.2053731279765173	10952	12801	15786	12123
evm.TU.02.1678	0.17252686799684405	1.0237702990829387	112.49443857411534	0.052633059804887014	7830	12195	15785	8852
evm.TU.08.1708	0.6145875516978427	1.0092919131439848	112.46249751067559	0.5607685199484903	12485	12115	15784	14916
evm.TU.10.2288	0.11836438149051477	0.698928857409602	112.4179115340743	0.031032081473844408	5757	9873	15783	7399
novel_gene_2140_5bd9a17a	0.20625396240794142	0.9322963832009931	112.36016485442897	0.08068819108735215	8674	11659	15782	9901
evm.TU.03.2019	0.16007579089046936	0.86029545808106	112.27122628024131	0.050989595158905644	7461	11184	15781	8776
evm.TU.08.1776	0.11534498715718582	0.5276828712096854	111.72246826904788	0.03285490670294224	5601	8047	15780	7560
evm.TU.05.938	0.5208533535711828	1.4352098463001839	111.56148255085009	0.2884671351979181	11914	13717	15779	13005
evm.TU.08.1935	0.28215180388681593	0.8630857288072492	111.54115889242955	0.1491094422882105	10065	11215	15778	11308
evm.TU.02.2759	0.7416866567403554	1.71648431281645	111.51425580073597	0.5307613081203498	12886	14624	15777	14763
evm.TU.10.451	0.3629481903749971	1.2539251610813302	111.49858992757426	0.1978829973476592	10959	13194	15776	12025
novel_gene_4011_5bd9a17a	0.3022484193345155	1.107392113959512	111.32009046477675	0.1428970002539333	10334	12559	15775	11220
evm.TU.03.294	0.05558559460972579	0.35371102266495363	111.27862912166837	0.008973910823241059	1632	5256	15774	3268
evm.TU.10.1963	0.25861106445105464	1.0635354227980582	111.11828113768982	0.1113989628904873	9708	12369	15773	10635
evm.TU.08.39	0.17239757795490757	0.768627709328325	111.04479797524725	0.06133904118599099	7825	10492	15772	9254
evm.TU.07.391	0.9195181250688192	1.8490681489504572	110.93537108827128	0.6824745342796753	13506	14874	15771	15408
evm.TU.02.981	2.4494897427831783	2.449489742783178	110.70381006144159	0.9408311391196011	16352.5	15771	15770	16019
evm.TU.10.1483	0.23397246565432842	0.7657488603542986	110.66330914857542	0.11174793323855016	9276	10468	15769	10640
evm.TU.05.769	0.4194250622883897	0.9942130357175929	110.62568426377406	0.2836097239515519	11364	12044	15768	12966
evm.TU.08.28	0.3237594528664356	1.0364684418513441	110.6016065036037	0.17927757739354694	10575	12245	15767	11763
evm.TU.03.1029	0.26266190259020555	0.9293891425393294	110.57237101282873	0.12619618169719904	9769	11640	15766	10912
evm.TU.06.1365	0.678555711292752	1.394088259361888	110.55780426462988	0.5321765931909865	12742	13617	15765	14771
novel_gene_3853_5bd9a17a	0.12699075963768502	0.6784893103684527	110.40242181932508	0.03483791339052067	6167	9694	15764	7750
evm.TU.08.921	0.8536593717884754	1.6067601059399648	109.95555418498628	0.5733438498843648	13284	14296	15763	14972
evm.TU.10.1151	0.17441306908017395	0.8883563331903329	109.45043865883167	0.05903878167196414	7886	11391	15762	9137
novel_gene_1348_5bd9a17a	0.45547144827395725	1.5138381107746224	109.39388749601379	0.24447046338448994	11553	13904	15761	12577
novel_gene_3691_5bd9a17a	0.3585911058374041	1.1852461433005708	109.16275909355774	0.18932775756950945	10915	12922	15760	11894
evm.TU.01.107	0.2597126720706798	0.7811782977674612	109.11821117326011	0.1353938142607392	9734	10574	15759	11076
evm.TU.06.1995	0.6949190927295172	1.2924115968198493	109.1151216751823	0.5949140278109571	12783	13324	15758	15065
evm.TU.02.3187	0.07214313094449482	0.4431360922054263	109.03063582779824	0.013945459062074627	2881	6873	15757	4708
evm.TU.09.1538	0.12425999990494828	0.724254856203214	108.97028391985607	0.03357641895739806	6042	10093	15756	7627
evm.TU.10.1076	0.5659112448948636	1.3887397798693222	108.93228619437369	0.33017427075740746	12214	13601	15755	13423
evm.TU.ctgX15.1	0.5698973235458592	1.1406064796792463	108.73556124687063	0.40538530987475113	12237	12713	15754	14015
evm.TU.09.12	0.3620246349542413	1.2453628656087146	108.64355145033075	0.19341592062666474	10945	13166	15753	11965
evm.TU.10.36	0.41219823148200435	1.2449660243405336	108.56639523116417	0.24385585201483057	11327	13163	15752	12569
novel_gene_1723_5bd9a17a	1.091849706309415	1.6272777852226008	108.54622146361547	0.87930590896965	13775	14370	15751	15917
evm.TU.08.1733	0.05235657019758165	0.3926059675581011	108.30052726789924	0.0075523129235852814	1386	6005	15750	2765
evm.TU.05.1690	0.04563126284210699	0.5773959069421298	108.26865724810362	0.004985905386816639	910	8660	15749	1696
evm.TU.04.1479	0.06954818815378686	0.3597303059790576	108.17015006826352	0.013646907374610781	2671	5374	15748	4638
evm.TU.10.1952	0.5818922685528568	0.725821035074039	108.06924000717541	0.5685547531772823	12315	10106	15747	14957
evm.TU.09.549	0.10974988697927521	0.5604957992398135	108.0481841344205	0.028895609750530488	5271	8451	15746	7171
evm.TU.03.2007	0.9536691283742995	1.931316147085431	107.96174351418438	0.7589602462980265	13586	14980	15745	15651
evm.TU.08.1001	0.445163625223443	1.36951011550969	107.89635338016713	0.2447924832153564	11512	13541	15744	12581
evm.TU.04.112	0.1960624032958791	0.9815935492136612	107.8530901602374	0.07097595690549931	8433	11972	15743	9623
evm.TU.06.1078	0.284464022091141	1.3221173531524368	107.71230368388021	0.12173944426384979	10098	13397	15742	10819
evm.TU.02.2877	0.3387258256262367	0.8370698811622439	107.64047119572912	0.2075671490879012	10729	10994	15741	12156
evm.TU.07.511	0.18879945711215365	0.885013407553477	107.57713775629782	0.06885281283190402	8285	11367	15740	9546
evm.TU.03.843	0.11650210092617856	0.6816471837827697	107.54156454779879	0.030777571075385677	5667	9720	15739	7375
evm.TU.02.2138	0.7275125724269591	1.4014634109886535	107.50973519115621	0.5897392142993045	12860	13642	15738	15042
evm.TU.08.730	0.10695960619438169	0.42361207709953297	107.45207875318091	0.03050825101397936	5117	6546	15737	7345
novel_gene_930_5bd9a17a	0.3024478762256337	0.9444549067219803	107.20218708657745	0.16204349052315214	10338	11735	15736	11504
evm.TU.07.73	0.9355408219697813	1.5317915404635116	107.1305528427264	0.7941336469262612	13539	13946	15735	15746
evm.TU.01.2756	1.6320211596586727	2.1658553860104943	107.1042849300142	1.2863597861525682	15024	15255	15734	16411
novel_gene_3861_5bd9a17a	0.25634234912914994	0.7477208265414981	107.09555775696458	0.13300196591240862	9665	10308	15733	11028
evm.TU.08.1487	0.7673152960668714	1.4616590883191238	106.39597653409946	0.5862537231846638	12938	13787	15732	15031
evm.TU.05.1145	0.25177734328884105	1.0119528095900845	105.98045877605618	0.10398040216933212	9580	12129	15731	10475
evm.TU.06.1356	0.7971131865721266	1.6129664811173599	105.90584349857735	0.607859391177651	13037	14316	15730	15109
evm.TU.04.1617	0.07843349027576466	0.5713311100948619	105.86455311140216	0.014564815518632007	3281	8587	15729	4870
evm.TU.10.1282	2.449489742783178	2.449489742783178	105.84971399618489	1.7641246466627853	15771	15771	15728	16577
evm.TU.07.1742	2.4494897427831783	2.4494897427831783	105.8480304271414	1.947442627639818	16352.5	16353.5	15727	16597
evm.TU.02.1188	0.09846775524189391	0.40685473019446156	105.67339979192833	0.026299465037456775	4636	6253	15726	6868
evm.TU.08.1074	0.8415759859434482	1.4366319410833905	105.47340371840792	0.7343919127856898	13236	13726	15725	15575
evm.TU.04.180	2.4494897427831783	2.4494897427831783	105.27516334890039	1.2190985525412696	16352.5	16353.5	15724	16365
evm.TU.07.1834	2.449489742783178	2.449489742783178	105.19530856316496	0.94121296363203	15771	15771	15723	16021
evm.TU.05.1586	2.449489742783178	2.4494897427831783	105.19488448587803	1.798995329227551	15771	16353.5	15722	16580
evm.TU.02.1571	2.449489742783178	2.4494897427831783	105.04909397381728	2.0189391151659146	15771	16353.5	15721	16602
evm.TU.04.119	0.19348726329617108	0.6638244256441135	105.03805598607572	0.07971525868661872	8384	9580	15720	9877
evm.TU.10.205	0.2848234835137326	1.395659428425233	104.79196161068948	0.1108553647409954	10105	13623	15719	10621
evm.TU.06.1911	0.08709043305961693	0.44211603956445095	104.74180109968768	0.02005324650336297	3881	6856	15718	5988
evm.TU.04.2446	0.24546761666372588	0.8329440866901227	104.67551944938825	0.11538558392617194	9486	10967	15717	10714
evm.TU.10.772	0.2412155087836046	1.045688823532893	104.3525096093609	0.09811207846809922	9414	12298	15716	10346
evm.TU.07.958	0.21322602920233455	0.9614693866878	104.15546796872049	0.08375745023374084	8865	11857	15715	9985
novel_gene_3855_5bd9a17a	0.4555228094906954	1.5418106928356978	104.07143723993158	0.24019549758564823	11555	13967	15714	12518
evm.TU.01.2413	1.2577700762722157	2.019360699286575	103.96097452084827	0.9750287367270589	14254	15108	15713	16072
evm.TU.07.1593	2.01666946126099	2.395741901298925	103.92501851286019	1.4493734770046962	15397	15430	15712	16500
evm.TU.04.2274	0.5674275391894278	1.0727513734583742	103.84878758279544	0.4283861419877629	12225	12408	15711	14153
evm.TU.08.340	0.23049062503552736	0.7903354153253362	103.76443368796535	0.0965531105362072	9211	10635	15710	10311
evm.TU.02.3068	0.8769747925880381	1.4721225636949438	103.64169403682033	0.7407313124315059	13374	13809	15709	15591
evm.TU.01.675	0.15353064903963565	0.7236357878021086	103.62147473172199	0.0507692828924133	7247	10089	15708	8766
evm.TU.02.2819	0.24192044663915713	1.0046416002971101	103.57476732005998	0.10062550845738051	9426	12088	15707	10403
novel_gene_333_5bd9a17a	0.1567854586031095	0.9511622755161472	103.5145301783908	0.04486393144528588	7358	11784	15706	8431
evm.TU.02.2500	1.0214415171107725	1.5705415750727507	103.42770835182853	0.8939209045063583	13706	14163	15705	15938
evm.TU.06.1188	0.18229802508903042	0.8503098840937787	103.22448088633004	0.06660644744079056	8096	11107	15704	9452
evm.TU.03.894	0.050521539846576174	0.29294596953751534	102.92539995373848	0.007601914362538036	1248	3879	15703	2778
evm.TU.01.2001	0.8794073863794872	1.640303051637704	102.90640934930623	0.6756108514636799	13380	14422	15702	15380
novel_gene_862_5bd9a17a	0.4580268539048734	0.9299389150243341	102.83871425757651	0.3503500587051935	11566	11646	15701	13590
novel_gene_1814_5bd9a17a	0.08882753465073188	0.591250599656238	102.81625715765715	0.018915000325765954	3997	8822	15700	5777
evm.TU.07.497	0.11756597715916858	0.5188999769774458	102.78444082979362	0.034002504564210945	5723	7929	15699	7665
evm.TU.09.1052	0.24836922722318244	0.865038945369522	102.61139397797187	0.11293006791981798	9528	11231	15698	10666
evm.TU.08.1923	0.17418362146925243	0.7370859630134262	102.18996771438486	0.06403313760039997	7878	10198	15697	9361
evm.TU.05.1772	0.15936077713717436	0.5945673067680801	102.02547320254287	0.05665291873023035	7436	8862	15696	9037
evm.TU.04.465	2.449489742783178	2.449489742783178	102.0158110334848	1.5737531391150423	15771	15771	15695	16532
evm.TU.04.1694	0.2317012087216144	0.8087237738605205	101.9671093562465	0.10566913356846022	9233	10782	15694	10517
evm.TU.02.2713	0.8784866037796432	1.6176691486198966	101.93507714923462	0.7080032256840311	13378	14330	15693	15502
evm.TU.08.1950	0.5465931570875766	0.745150613281225	101.55385248412409	0.4307102996540457	12098	10279	15692	14175
evm.TU.02.97	0.20051060120080846	0.6406757961832186	101.53405692106851	0.08384253271949743	8540	9360	15691	9988
evm.TU.05.7	0.06807685332200676	0.4550444108477598	101.51271972371512	0.012211832007784619	2553	7030	15690	4252
evm.TU.09.1091	1.120576885960977	1.1735612566280702	101.49085626221742	1.2057834565826253	13886	12874	15689	16355
novel_gene_3101_5bd9a17a	0.07241859338867894	0.4318979895077224	101.4181561112398	0.013842701828534995	2904	6694	15688	4682
evm.TU.07.1148	0.5579991493547634	1.515715940408265	101.35815976985374	0.3534809563950605	12164	13910	15687	13619
evm.TU.05.1070	0.280649959632421	1.3681157189599198	101.3494529731963	0.11356521251782414	10040	13537	15686	10685
evm.TU.03.331	2.449489742783178	2.449489742783178	101.11840071754932	1.6990545437747708	15771	15771	15685	16562
novel_gene_365_5bd9a17a	0.11506608339058202	0.5727446110492205	100.97052441560938	0.03139322479472733	5589	8610	15684	7434
evm.TU.09.702	0.1941638550062272	0.692714190457373	100.8574329637897	0.07286289477881122	8394	9820	15683	9681
evm.TU.04.1417	0.05709841681770082	0.3739018346106683	100.8397571131715	0.009097622909930665	1727	5658	15682	3312
evm.TU.10.2024	0.6796460953661752	1.0659752632219073	100.71327291987055	0.6092500380900455	12745	12375	15681	15114
evm.TU.01.2022	2.4494897427831783	2.449489742783178	100.58749166826041	1.9342454071216741	16352.5	15771	15680	16595
novel_gene_1144_5bd9a17a	1.7245218158820859	2.193001472184666	100.38497325793212	1.4278213340426529	15191	15277	15679	16494
evm.TU.08.1585	0.0906125827282993	0.6162556676136965	100.17278182455601	0.019225878922734516	4122	9086	15678	5836
novel_gene_3671_5bd9a17a	1.5248542443671769	2.140984187823497	100.06933542962446	1.2475085925017235	14489	15229	15677	16381
evm.TU.05.1663	0.08319420215332343	0.44343026091068743	99.50296019303478	0.01812734972721682	3617	6877	15676	5628
evm.TU.02.2119	1.1177400558753061	2.0651299948562665	99.47788669920418	0.7842277810080797	13867	15163	15675	15713
evm.TU.01.1510	0.045824732672555955	0.3579772499173441	99.33844565078017	0.005921733642577044	922	5336	15674	2100
evm.TU.01.1831	0.07925363800465024	0.4283806677888681	99.22465629971117	0.016778974758616137	3343	6624	15673	5348
evm.TU.04.949	0.13603908187641037	0.7474378594596403	99.20276078817584	0.03912282440639226	6561	10303	15672	8077
evm.TU.01.463	0.4164773543825671	1.1328352427160469	99.19907373195186	0.2413728482146639	11349	12678	15671	12539
evm.TU.07.412	0.3166606486047862	1.306952494418528	99.16536555950871	0.1419425522436476	10505	13357	15670	11203
evm.TU.05.1459	0.1266358142309812	0.6445284417095543	99.07271172425463	0.03628765079355366	6149	9397	15669	7866
novel_gene_1845_5bd9a17a	1.7770916605864764	2.2991924641108943	99.05853993925945	1.4295744860326574	15248	15357	15668	16495
novel_gene_1160_5bd9a17a	1.0086372098611798	1.6959244804970186	98.8868746610658	0.8347042024279756	13688	14563	15667	15841
novel_gene_1074_5bd9a17a	1.5976151489251351	2.094487752964835	98.80278234031707	1.329159316361025	14915	15190	15666	16443
evm.TU.08.661	1.9263379898732198	2.3714711778928486	98.61260341437816	1.3281319132234388	15360	15411	15665	16442
evm.TU.06.1511	0.2573581462342445	0.7395975849592413	98.56814814796057	0.1333165894587622	9681	10228	15664	11034
novel_gene_1189_5bd9a17a	1.0137325604827878	1.7081067695954126	98.34312300124367	0.7333880782761959	13694	14596	15663	15570
evm.TU.06.782	2.2064849949728544	2.431562283051113	98.29006292935877	1.7407550379497336	15448	15456	15662	16571
evm.TU.01.2834	0.3302047167690559	1.0133009635598467	98.280218267086	0.17885479618686811	10643	12139	15661	11758
evm.TU.04.2047	0.753120599413779	1.7456182075064341	98.26612670537595	0.5388457522888245	12914	14684	15660	14813
evm.TU.09.1540	0.09043368180559544	0.6332104030305117	98.22964391036754	0.018967561194389568	4110	9283	15659	5789
evm.TU.09.473	0.5817338067676437	1.2770042193203632	98.2189832371028	0.4278385437417517	12313	13274	15658	14149
evm.TU.07.1688	2.449489742783178	2.4494897427831783	98.11921909780114	1.6699156781934559	15771	16353.5	15657	16555
evm.TU.01.109	0.4295631828255558	1.0075834258847542	97.9391366773284	0.2855787534700513	11421	12107	15656	12980
novel_gene_3068_5bd9a17a	0.4509086611984663	1.0874741542775672	97.58997672558598	0.29602318173585557	11535	12470	15655	13076
evm.TU.01.1779	1.2357374351255752	1.908938946465081	97.51835999545212	1.0341823703587392	14213	14956	15654	16168
evm.TU.10.1251	0.20483258540798904	0.8078214173914697	97.1188191083575	0.07994648332854931	8644	10775	15653	9881
evm.TU.04.124	0.4734220291817506	1.1104850693327983	96.8585359758102	0.32554602696155344	11621	12575	15652	13378
evm.TU.03.1793	0.24910785321348447	0.8735068796676346	96.78149431910859	0.11315769193034482	9542	11296	15651	10677
evm.TU.02.281	0.09928252926408693	0.46704082008253894	96.74918542329777	0.025000657630508055	4697	7196	15650	6699
evm.TU.02.365	0.29368304604154377	1.050952315574364	96.55099439395809	0.1407087688272004	10228	12319	15649	11168
evm.TU.02.2973	0.1403522890691326	0.614398528419097	96.355569456266565	0.04339714386843359	6752	9067	15648	8346
evm.TU.07.41	0.08987699329500734	0.6181599751790999	96.34752819628052	0.018819230389773633	4075	9113	15647	5756
evm.TU.06.1471	0.9121098018612516	1.2809787288795134	96.32595049797693	0.9030654153006513	13485	13285	15646	15956
evm.TU.07.1051	0.3347209330419624	0.8835276860660186	96.30109560886115	0.19066981495879648	10685	11355	15645	11913
evm.TU.04.402	0.17120918538825108	0.9022628470338325	96.15693551853101	0.05579786270166299	7785	11471	15644	8998
evm.TU.02.1630	0.17061994846505435	0.9993676427579198	95.73758604976145	0.05318220907811777	7771	12063	15643	8876
evm.TU.10.848	0.6896402019943642	1.698499830758739	95.68833973227879	0.4844370598636022	12770	14566	15642	14509
evm.TU.02.1638	0.9967484062448996	1.2165431225743375	95.43206903078237	0.9505349143161153	13671	13068	15641	16039
evm.TU.09.477	0.17343242403594228	0.5770083729520386	95.28481076223177	0.06930603650275415	7858	8657	15640	9563
evm.TU.06.690	0.2123305693946717	0.8757028785696377	95.2683094249297	0.08510651271162026	8838	11314	15639	10024
evm.TU.07.1329	0.10393066522768425	0.5987718630107687	95.11547976690217	0.02468692808445435	4943	8912	15638	6658
evm.TU.07.69	2.449489742783178	2.4494897427831783	95.1050602716011	1.93395822752536	15771	16353.5	15637	16594
evm.TU.02.546	0.5160601800395415	1.400225253540134	95.10191193729835	0.32849496486451263	11887	13638	15636	13413
evm.TU.02.2630	0.27989666978345634	1.0707295711643947	95.0864543151848	0.13047675113051296	10028	12397	15635	10984
evm.TU.02.2893	0.27247747392866845	1.0771809049920253	94.84411048401599	0.12142730432754344	9929	12429	15634	10813
evm.TU.07.5	0.5950274720135182	1.0856670890048432	94.63534021682774	0.4499412875797746	12383	12467	15633	14293
evm.TU.09.474	0.36225224721157406	0.8699278751883801	94.48766692340335	0.2259019009928459	10949	11267	15632	12349
novel_gene_3074_5bd9a17a	0.27378472709553564	0.829414282909943	94.4309862206479	0.13935118637331484	9947	10941	15631	11149
evm.TU.09.1585	0.06418470107152008	0.4969136394466017	94.41849652332941	0.010144633557743562	2252	7618	15630	3617
evm.TU.02.2753	0.0877811371352187	0.44233803969934155	94.40720171163416	0.01955578171538414	3922	6861	15629	5895
novel_gene_3754_5bd9a17a	2.1065297728377783	2.425015260584595	93.9741719249621	1.3902595778806666	15428	15453	15628	16478
evm.TU.04.1725	1.3443692606833346	2.1575811432510603	93.95396734652216	0.9095405789377862	14364	15246	15627	15964
evm.TU.02.3247	0.2228645620048348	1.019984277815337	93.90559926276475	0.08271529449790344	9067	12171	15626	9956
novel_gene_3998_5bd9a17a	0.26627713721247215	1.3373014588672407	93.89645050350465	0.1045951327642056	9833	13442	15625	10488
novel_gene_2177_5bd9a17a	2.449489742783178	2.449489742783178	93.87568495812806	1.9267738608919733	15771	15771	15624	16593
evm.TU.10.1274	1.5633638803120724	1.9980839388991787	93.86204057539562	1.1415437300366467	14723	15078	15623	16287
evm.TU.02.2779	0.17951579462205688	0.7966330864501379	93.76604921321821	0.06339720834528802	8019	10684	15622	9336
evm.TU.07.82	0.07474408953236554	0.5387564979023955	93.68626639112236	0.01361833913497378	3054	8184	15621	4632
evm.TU.02.2762	0.3024570580489651	0.7362982137836928	93.59408594080881	0.1659825633983867	10339	10191	15620	11575
evm.TU.03.559	0.3203587484200611	1.145209857441073	93.58906244134243	0.15541661873035423	10538	12738	15619	11400
evm.TU.03.143	1.5934811441536232	1.7805562248434	93.46159800209469	1.2776443734001146	14894	14760	15618	16405
evm.TU.03.86	0.18213880019686393	0.8765523355215209	93.37272045245564	0.06198792519228641	8095	11321	15617	9287
evm.TU.01.2958	0.21847825185547734	0.8846488544616391	93.35519818765727	0.08991645712958682	8980	11365	15616	10150
evm.TU.01.2335	0.07590779322325669	0.4675354231916085	93.31943217696679	0.014815921709059186	3126	7206	15615	4935
evm.TU.04.713	0.6075466418504624	1.3467028009134718	93.2707407330219	0.4606849765016359	12450	13468	15614	14368
evm.TU.03.1913	0.189177469283974	0.7343365204813709	93.25022629401188	0.052688676511734395	8297	10176	15613	8857
novel_gene_3260_5bd9a17a	0.09404218755370658	0.5555894828006808	93.1585161141615	0.021217963215421774	4362	8401	15612	6162
evm.TU.02.1405	0.16503170236059378	1.007030837909744	93.02870480407762	0.04897304909832686	7600	12103	15611	8667
evm.TU.10.1449	0.191928018037375	0.7679522178239767	92.98324820960697	0.0727958975470028	8354	10487	15610	9680
evm.TU.07.1128	0.8571043534440711	1.7379426766032087	92.95504685602478	0.5535468155909729	13299	14668	15609	14880
evm.TU.03.257	0.18919644510479014	0.6354527956622334	92.484290878007	0.06956857298708014	8298	9304	15608	9576
evm.TU.07.7	0.5695232216512779	1.4628578569379171	92.37494929951517	0.35466173102691323	12234	13790	15607	13633
evm.TU.05.1602	0.17428468311363804	0.7811625396270885	92.19462838996496	0.06080199304202026	7883	10573	15606	9230
novel_gene_679_5bd9a17a	0.8380319776495299	1.4107906766225318	92.04568094297044	0.6784531857289134	13222	13660	15605	15391
novel_gene_3139_5bd9a17a	2.3141305831991708	2.4397612372935593	91.93886317055565	1.3794851452839072	15457	15460	15604	16470
evm.TU.10.164	0.30330182597963606	1.115873987546916	91.90555924085179	0.13637408705214923	10353	12602	15603	11098
evm.TU.05.1470	0.19631531395242602	0.6455830329661052	91.75954785045742	0.08161573212616798	8441	9407	15602	9921
evm.TU.01.69	2.4494897427831783	2.449489742783178	91.60705917632343	1.8197671469902605	16352.5	15771	15601	16582
novel_gene_2265_5bd9a17a	0.43208998539380244	0.9405175427516013	91.28746624559408	0.2748374929943725	11436	11711	15600	12903
evm.TU.02.735	0.09061122341193568	0.45043179567734276	91.282281554246	0.02112411221149056	4121	6966	15599	6147
evm.TU.04.930	1.3362354650067871	2.33347892965508	91.23949399403307	0.49357524073751513	14359	15383	15598	14557
evm.TU.02.2692	0.1625670698860032	0.69296518454884	91.18492311701144	0.05574698362362513	7531	9823	15597	8997
evm.TU.08.1815	1.3663906449888201	1.7330245619525761	91.14267802422138	1.209581611935387	14385	14660	15596	16358
evm.TU.10.1288	0.18765156630158444	1.044388761755078	91.13037781349583	0.06173751306097764	8247	12292	15595	9275
evm.TU.09.1219	0.21011706836684257	0.8027296580080542	91.0742701964181	0.08323793949090312	8782	10738	15594	9972
novel_gene_995_5bd9a17a	0.9191217135171326	1.394384453198512	90.92538145152616	0.839893401131161	13502	13619	15593	15849
evm.TU.10.1172	0.3006824040982222	1.0945949163197615	90.91093473093744	0.13740774244903467	10318	12498	15592	11115
evm.TU.02.120	0.8620447296435731	1.3359544798318836	90.84392031094005	0.6994615442842126	13322	13437	15591	15471
evm.TU.09.376	0.2807392989473407	0.9112721388369417	90.8056522224615	0.14065606913688594	10043	11510	15590	11167
evm.TU.10.1567	0.1956958616476219	0.6883078748768949	90.77834515490943	0.07980850838080261	8425	9779	15589	9880
evm.TU.03.986	0.03103068118788608	0.24717180053221613	90.72989992296121	0.003023387755313169	252	2766	15588	777
evm.TU.01.2956	0.332894116650125	1.206542225675093	90.28629493284572	0.1461787370876002	10672	13010	15587	11265
evm.TU.06.1938	0.16017206763745098	0.7579178341403281	90.22904572952433	0.0523497516904583	7465	10394	15586	8842
evm.TU.08.1073	0.21500898610149427	0.6768044536460294	90.22539969109008	0.0910663989174533	8900	9679	15585	10173
evm.TU.06.238	1.313377735784264	1.713085007071326	90.18896323128644	1.1665162641534965	14340	14614	15584	16318
novel_gene_2063_5bd9a17a	0.9408991788830603	2.088061051376837	90.17715699681042	0.5533323369804447	13554	15179	15583	14879
evm.TU.06.1909	0.5505827216596628	1.0416261298132907	90.13130602598866	0.4238133152536904	12114	12269	15582	14119
evm.TU.07.1259	0.425850614177831	1.2159045866308815	90.07852943541532	0.24313036152565953	11401	13060	15581	12553
evm.TU.08.1931	1.3248093305511464	1.9175378282892992	89.80507545256008	1.0714615352963457	14350	14965	15580	16209
evm.TU.02.2660	0.17243540046146655	0.6212900333363898	89.7988763208624	0.06549133311728818	7826	9157	15579	9418
evm.TU.02.264	0.07687006736533136	0.5870184538845764	89.62246480365131	0.013468427849581657	3186	8766	15578	4588
evm.TU.08.1977	0.7545573027015449	1.2431311514192411	89.49863216369444	0.547321704901453	12916	13153	15577	14857
novel_gene_646_5bd9a17a	1.0006264482693927	1.383830676506275	89.31704287552105	0.9161228901156578	13678	13587	15576	15971
evm.TU.01.1040	0.08725852770207604	0.6404435485307253	89.3003870480158	0.01636355930717184	3893	9357	15575	5269
evm.TU.01.3066	0.17141354185114782	0.8230680039929171	89.26126077458973	0.056081165085681076	7788	10906	15574	9012
evm.TU.04.1956	0.24726281161085636	0.7959435047635065	89.15850810489746	0.11731659173696243	9509	10679	15573	10741
evm.TU.01.2553	0.4251940826950076	1.0695096940519129	88.93945625292062	0.2584919741355923	11392	12388	15572	12734
evm.TU.03.397	0.25230480628558116	1.0188049844682994	88.82371938147485	0.10376771767334636	9594	12163	15571	10472
evm.TU.06.1762	0.08344760751356704	0.4378390319987869	88.58996144976192	0.01804413717170628	3641	6785	15570	5616
evm.TU.10.232	2.449489742783178	2.4494897427831783	88.48143773799373	1.884704032755731	15771	16353.5	15569	16588
evm.TU.01.2094	0.13925333398637899	0.6957281022629576	88.22475901161681	0.038742207449918735	6706	9847	15568	8050
evm.TU.09.1553	0.09444797070400031	0.5758904149347431	88.20179542837404	0.020994164107316936	4387	8647	15567	6129
evm.TU.10.534	1.1250974093383859	2.0882665949669086	88.08177401724011	0.7854004837834363	13903	15180	15566	15718
novel_gene_1198_5bd9a17a	0.35711849445440313	1.3103939012099959	87.97999363919605	0.17248860081285033	10907	13359	15565	11672
evm.TU.02.1449	0.07642526109554477	0.45924156886952106	87.51844355864418	0.014718741213590852	3159	7086	15564	4912
evm.TU.03.396	0.11702368445595869	0.6030741597354721	87.50101272462494	0.030960303399217872	5699	8953	15563	7390
evm.TU.05.1346	0.3878529764670657	0.9122703185339862	87.45224835852605	0.23734319194157066	11164	11519	15562	12498
evm.TU.02.2410	0.3757691937596275	1.0148563584316008	87.42918793072914	0.23312385487719073	11077	12144	15561	12446
evm.TU.02.3031	0.6330626335394299	1.2525526728587655	87.38623206612702	0.47538600316098545	12565	13190	15560	14448
evm.TU.07.1125	1.1698349254451865	1.6739078190217922	87.19048045561752	0.9406566603181287	14054	14510	15559	16018
evm.TU.02.1534	0.7492004788221375	1.5213958499416385	86.87481823712258	0.5492761336919336	12901	13925	15558	14866
evm.TU.10.1971	0.7810133564017768	1.5160891210428282	86.8232931273035	0.5650598671626819	12982	13912	15557	14945
evm.TU.09.194	0.12124892097307706	0.713781077383683	86.80347087400355	0.030273193168305384	5906	10002	15556	7311
evm.TU.02.983	0.22847239433611288	0.7528636230556127	86.73980715089021	0.101729671888427	9177	10352	15555	10425
evm.TU.07.1208	0.11435056398891585	0.5294457824769158	86.71939615988066	0.030957140434378146	5545	8066	15554	7388
evm.TU.03.1999	0.20232138642682157	1.047722368404374	86.63506993083064	0.06956032067575103	8579	12305	15553	9575
evm.TU.10.1704	0.3971596972966363	1.1071438159967344	86.48288944163978	0.22857908993064752	11236	12557	15552	12391
evm.TU.02.2980	0.3320052938570777	0.9276342376030271	86.33766290157675	0.18441833362849508	10656	11629	15551	11833
evm.TU.05.1251	2.4494897427831783	2.449489742783178	86.3304555597941	1.7245735814079546	16352.5	15771	15550	16565
evm.TU.02.2696	0.5805392946743675	1.101687685758218	86.31421872322316	0.45711472230042566	12306	12537	15549	14335
evm.TU.02.2624	0.3272976351623849	1.366828553338145	86.08425636370605	0.13795787979833007	10613	13533	15548	11126
evm.TU.06.2005	0.12416396179505855	0.6457721122699638	86.05895957355972	0.03381397117283735	6038	9412	15547	7653
evm.TU.05.1815	0.0993097580970874	0.43358343238703156	86.03379581507544	0.02508004058073462	4699	6718	15546	6710
evm.TU.06.270	0.9919540490771039	1.6337033218850308	85.93394737201547	0.791854742399937	13658	14398	15545	15739
evm.TU.08.280	0.32718244332848434	0.9262645159573543	85.83041174924314	0.18754634295643619	10611	11616	15544	11870
evm.TU.08.1705	0.11145703797126655	0.6299736843681238	85.41012038049817	0.027588254603748533	5372	9252	15543	7010
evm.TU.10.1644	0.14280515675634553	0.5049593125312933	85.23805778147579	0.04875910442515531	6846	7730	15542	8656
evm.TU.01.122	0.05322982350656486	0.357528400142587	85.2139046917332	0.007855062994214863	1451	5328	15541	2869
evm.TU.04.1329	0.06543344486150113	0.4373115651204323	85.12793408081642	0.011151478633525355	2351	6775	15540	3938
evm.TU.09.1113	2.449489742783178	2.449489742783178	85.12127809422903	1.840296079504215	15771	15771	15539	16583
evm.TU.02.2254	0.11008567759665802	0.5527769841907577	84.95992597758126	0.02810213178221608	5288	8354	15538	7071
novel_gene_3106_5bd9a17a	0.8589274035080167	1.4542164854867023	84.9056699832526	0.6816567392237047	13307	13768	15537	15404
evm.TU.10.2279	0.36087421087484123	1.0589794871179437	84.86444239523301	0.19235485332248728	10936	12347	15536	11946
evm.TU.03.553	0.4685906912805765	0.9340515375460176	84.82650521068598	0.35002035466226306	11609	11671	15535	13588
evm.TU.01.617	0.8319912683620134	1.5052240829798327	84.81125646208629	0.6272231003986211	13189	13885	15534	15184
evm.TU.01.2496	1.1692993091011221	1.702085944310545	84.76648654380043	0.9303795498141528	14052	14576	15533	15999
evm.TU.10.2153	0.3149520024227565	1.3364279748596253	84.70451073198267	0.1369873308713219	10481	13440	15532	11107
novel_gene_1091_5bd9a17a	1.0777814020047032	1.9443020541852498	84.6015185111228	0.7003554838992528	13767	14994	15531	15478
evm.TU.08.1706	1.8013578750370924	2.372444739789573	84.45392764966327	1.036721965051362	15275	15413	15530	16172
evm.TU.05.1737	0.14497297897398195	0.7147074855723042	84.42068765643	0.043369591658828865	6921	10012	15529	8343
novel_gene_1464_5bd9a17a	0.1998223755618728	0.8006720134748349	84.37772628351844	0.07583535209078106	8517	10720	15528	9768
evm.TU.03.1731	0.17008577581083015	0.8663129945682971	84.30127798609608	0.05456339152797605	7752	11239	15527	8948
evm.TU.09.381	0.19177427437545616	0.9015448078932994	84.09916908424867	0.06633688298473295	8347	11464	15526	9441
evm.TU.01.1684	0.49145377274046087	0.5369798792204351	84.02948902429084	0.4943388725812537	11695	8159	15525	14563
evm.TU.09.600	0.08440853374953403	0.6193033281758661	83.92766467533511	0.015839597990480465	3700	9129	15524	5166
evm.TU.04.2389	0.3729210787868468	1.2323141886492834	83.85092139190785	0.19531275245809063	11053	13123	15523	11996
evm.TU.10.1245	0.06918762589049232	0.5512709109857049	83.81918024315316	0.011194297052820842	2641	8339	15522	3947
evm.TU.01.174	0.061475417060201765	0.40698747614447867	83.76755830602542	0.010007986208472156	2060	6256	15521	3586
evm.TU.05.2014	0.4418380202332191	1.4291534239640769	83.73997760784428	0.22850589104790336	11490	13707	15520	12390
evm.TU.05.1650	0.6923438188733027	1.511726887976324	83.70940920440086	0.5013925580580666	12780	13897	15519	14611
evm.TU.07.1703	0.14692927244012707	0.515035113900944	83.57020912299458	0.05051430190567942	7007	7876	15518	8749
evm.TU.04.1043	0.23392412800024234	1.0762930484026532	83.54667818114734	0.08347863948308122	9274	12426	15517	9977
evm.TU.02.51	0.18243893159864724	0.7393984328705536	83.53753177254417	0.06698042256794665	8100	10225	15516	9475
evm.TU.02.3064	0.18666817521403192	0.9380090382551768	83.26783773579166	0.06363178104648763	8223	11691	15515	9347
evm.TU.01.2932	0.2905103925471208	0.9180081357772029	83.25784842513224	0.147005935911747	10186	11557	15514	11283
evm.TU.05.1260	0.758043580832307	1.2817992320258378	83.16694963197206	0.600573388131979	12921	13290	15513	15081
evm.TU.01.557	0.09515492589491531	0.48240774243294143	83.13348355381838	0.021986849008363358	4434	7410	15512	6280
evm.TU.01.1398	1.3946222250095073	1.9045046710233178	83.13281705860449	1.0691300381162634	14410	14951	15511	16206
evm.TU.08.353	0.05334013626090271	0.33887188620835484	82.91556571666307	0.007941846494373456	1457	4931	15510	2911
novel_gene_1347_5bd9a17a	1.0391314362546433	1.914630104825304	82.88388639514955	0.7105934866697253	13722	14962	15509	15509
novel_gene_61_5bda875f	0.13755164996640398	0.4908885472347912	82.81409764963307	0.045672625564727815	6636	7533	15508	8485
evm.TU.06.822	0.3751147643740317	1.020497607055804	82.81350153444208	0.22199257955354118	11070	12177	15507	12300
evm.TU.06.1990	2.4494897427831783	2.449489742783178	82.75770955581464	1.2882627461359097	16352.5	15771	15506	16412
evm.TU.03.1779	0.19787367638593978	1.0251930261585853	82.72142112538238	0.06645914365590262	8479	12198	15505	9445
evm.TU.09.1612	1.5617642634425388	1.830797174176872	82.6842598315323	1.2432019923913535	14708	14844	15504	16380
evm.TU.10.369	0.28893335696318945	1.272964306321412	82.67401696333171	0.12031326919003917	10166	13266	15503	10799
evm.TU.09.1689	0.66258580067211	1.3868798189587355	82.66034220822944	0.484915865844003	12685	13596	15502	14513
evm.TU.01.1042	0.19930006968989736	0.7800940413167078	82.56536593590513	0.07630489398892029	8506	10562	15501	9784
evm.TU.08.1699	1.1545204545538839	1.861061452648413	82.42156279082128	0.8998099872801546	14004	14890	15500	15951
evm.TU.01.278	0.4342672956664087	1.3260053628499293	82.38331622652366	0.2392823602335732	11450	13407	15499	12511
novel_gene_77_5bda875f	0.3759623347040056	0.718854661414314	82.22040590904565	0.24310046268400737	11080	10053	15498	12552
evm.TU.07.659	0.2544048722816809	0.8712793943806754	82.2187605485988	0.11368068863706574	9630	11280	15497	10688
evm.TU.10.1538	2.089414660587187	2.415890360083008	82.20464550836856	1.3638392632509408	15425	15446	15496	16461
evm.TU.01.2771	2.4494897427831783	2.449489742783178	82.08297402970746	1.8937839501967317	16352.5	15771	15495	16589
novel_gene_3863_5bd9a17a	0.07968929475610138	0.5442555615633675	82.03261059215014	0.0151158837477883	3372	8253	15494	5005
evm.TU.04.1536	0.17323828557306956	0.8280814801662041	81.88987983771243	0.057051129100524234	7850	10938	15493	9053
evm.TU.09.674	0.20673419661349912	0.6958164993726721	81.86843159834203	0.0872615255731097	8688	9852	15492	10080
evm.TU.07.1243	0.40532612375452626	1.2613599844870573	81.85380859076226	0.2259610636422282	11289	13224	15491	12350
evm.TU.10.105	0.5198094579363373	1.2373959501461458	81.84365471321183	0.3339625268980971	11907	13142	15490	13459
novel_gene_2755_5bd9a17a	0.2464352473715099	0.9939262319126271	81.79573152045718	0.09222893286059317	9503	12041	15489	10199
evm.TU.08.922	0.5506936052469995	0.7393139795888517	81.74904468568275	0.48392883328668124	12116	10223	15488	14506
novel_gene_549_5bd9a17a	0.9167177271753731	1.2946830095788806	81.29752665258944	0.7851809459437178	13496	13330	15487	15716
evm.TU.06.1813	0.15704238958350952	0.7045300925813015	81.23725610573659	0.051543004167146404	7371	9924	15486	8797
evm.TU.08.485	0.11103708301382288	0.6660668004761159	81.21240343175808	0.026454087392227776	5345	9604	15485	6886
evm.TU.03.1555	0.20148610725083446	0.6542935832566191	81.10696826303358	0.08447536500119299	8560	9483	15484	10004
evm.TU.07.56	0.39481129981893676	1.2635722986236626	81.01618187831565	0.20398253314397446	11211	13230	15483	12104
evm.TU.03.1179	0.2972023597620385	0.983597373865069	80.98741929728806	0.14110702251345633	10279	11984	15482	11174
evm.TU.05.1599	0.2326132397162278	0.8628863023044495	80.96730408820926	0.0984140462088818	9256	11213	15481	10352
evm.TU.06.127	0.09374315252788594	0.4580333232314283	80.85937655929075	0.02192133783823474	4338	7064	15480	6267
evm.TU.08.523	0.08914441211488638	0.6452836487013424	80.84880907769535	0.017013878301970452	4016	9402	15479	5393
evm.TU.03.1940	0.3116646621189694	0.8500386836766773	80.74225635157615	0.17450107868653486	10442	11101	15478	11694
evm.TU.02.2311	0.15219359495126097	0.8376176262186571	80.72777468098101	0.044540214735515476	7195	11001	15477	8423
evm.TU.05.1974	0.2592291483713021	0.8007881040275384	80.69325471302334	0.11847236463530415	9722	10724	15476	10767
evm.TU.02.3225	0.2579901107803234	0.8079137554121667	80.66148141234848	0.12299337876624473	9699	10777	15475	10842
evm.TU.06.240	2.4494897427831783	2.449489742783178	80.61301337271351	1.6703481956188138	16352.5	15771	15474	16556
evm.TU.02.322	0.35077888097977455	1.2386316430640318	80.44622845300445	0.1663140984553003	10848	13145	15473	11579
evm.TU.09.773	0.15920955177016355	0.7538391260024785	80.39621895627468	0.05124589358239766	7432	10362	15472	8786
evm.TU.09.1632	0.3890482395416546	0.7545770392877916	80.22233593272509	0.2644896078790207	11171	10367	15471	12794
novel_gene_2362_5bd9a17a	0.8154648953036053	1.9914924273499413	80.15465524983482	0.4854367860281088	13125	15068	15470	14518
evm.TU.10.2286	0.2272827387412293	0.7384532091370453	79.919861098103	0.10129691479977813	9150	10214	15469	10413
evm.TU.02.3239	2.449489742783178	2.4494897427831783	79.80242081620902	1.8125083232486512	15771	16353.5	15468	16581
evm.TU.01.1153	0.07018556018510493	0.4478761879831489	79.78320602488226	0.012494481920731096	2718	6937	15467	4335
evm.TU.02.2447	0.05948140005210207	0.409438821098768	79.77566919886745	0.009337004555843697	1912	6287	15466	3381
evm.TU.02.1346	0.5436470352045587	0.9565179289018708	79.57481259497493	0.4188719980127896	12077	11822	15465	14085
evm.TU.04.1870	0.14639787846588437	0.7543719358025208	79.5224839812929	0.042860008441354895	6982	10365	15464	8305
evm.TU.06.1746	0.8218401425095339	1.794742296762903	79.31645107401134	0.5357576256840235	13152	14784	15463	14794
evm.TU.08.433	0.13879934934465218	0.8061908903610453	79.05810867837056	0.03698571671811673	6688	10765	15462	7917
evm.TU.01.1155	0.3134673170697315	0.8468746696938447	79.02451066234727	0.17295504753372143	10465	11075	15461	11679
evm.TU.07.1206	0.07055352733379466	0.39769471163430614	79.0001284463804	0.01313482908195474	2753	6102	15460	4511
evm.TU.04.202	0.426890440483836	0.8924934077025282	78.83547658040304	0.2911078244800171	11408	11419	15459	13027
evm.TU.01.2742	0.41146386586962425	1.3058251741316327	78.761160832214955	0.2253539339274983	11324	13353	15458	12339
novel_gene_2612_5bd9a17a	0.15197835625272169	0.5661343316372288	78.70888374861067	0.05116488028714228	7190	8515	15457	8783
novel_gene_2413_5bd9a17a	2.4494897427831783	2.4494897427831783	78.68660650179135	1.5973534155033162	16352.5	16353.5	15456	16543
evm.TU.02.2615	0.12365661800692518	0.6193557371515864	78.60112974391238	0.0332467175958397	6012	9130	15455	7596
novel_gene_1486_5bd9a17a	0.10377102682016397	0.26378445278441137	78.55246523274445	0.02989762273935457	4935	3180	15454	7274
evm.TU.02.3035	1.1290870732196714	1.9606123007456908	78.51987851576432	0.8470271884403853	13921	15019	15453	15862
evm.TU.09.410	0.5494315743888974	1.1566229866841133	78.43239382434047	0.33075404850522666	12109	12792	15452	13429
evm.TU.06.2124	2.449489742783178	2.449489742783178	78.40315815089114	1.570276402121146	15771	15771	15451	16531
evm.TU.10.2191	0.5026594895318504	1.3444210429767556	78.39825433060228	0.29897658877275285	11790	13459	15450	13104
evm.TU.04.2111	0.38364391770015277	1.0562627871953174	78.21833013415406	0.22389368304157375	11130	12336	15449	12326
evm.TU.04.2116	0.9595149210717939	1.6071738731265661	78.0855461040931	0.7640193940008846	13601	14297	15448	15665
evm.TU.07.714	0.7422398436887694	1.5044592741867047	78.05733412011861	0.5056862106067062	12887	13881	15447	14641
evm.TU.03.20	0.2997630645206556	1.2604339981364556	77.9836705731803	0.12758082874610832	10309	13217	15446	10930
novel_gene_1043_5bd9a17a	0.27933391249977524	1.1536295356857464	77.98108610386052	0.11189505010801624	10018	12776	15445	10644
evm.TU.08.524	2.449489742783178	2.4494897427831783	77.76963504315624	1.2775433069456457	15771	16353.5	15444	16404
novel_gene_1894_5bd9a17a	0.404239823033826	1.1149121749846216	77.7662335065585	0.23465772346138658	11278	12598	15443	12464
evm.TU.01.2358	1.24621513920007	1.7622914501999476	77.75014591692955	0.7761764085442775	14237	14722	15442	15693
evm.TU.03.250	0.058939773893226056	0.37474390946012465	77.71068245554414	0.009358672167246411	1861	5669	15441	3391
evm.TU.10.1374	0.15213591013498218	0.5534839760781738	77.5910128488822	0.05139387561103472	7193	8369	15440	8791
evm.TU.01.945	0.0862407917480848	0.4630316238608473	77.57732588867069	0.01838233979121011	3816	7145	15439	5669
evm.TU.06.1584	1.2881117957441028	1.8547832651877036	77.37000050729822	0.8823389946270587	14297	14882	15438	15921
evm.TU.02.1574	0.3746164395992653	0.7477544163679439	77.3601007284962	0.22749920271575264	11063	10309	15437	12368
novel_gene_1551_5bd9a17a	0.5232617446191146	1.0442803580401276	77.2298198345611	0.3867590634400933	11938	12291	15436	13880
evm.TU.02.2988	2.449489742783178	2.4494897427831783	77.1096822267362	1.5185324350161602	15771	16353.5	15435	16521
evm.TU.07.374	0.2249998053612798	1.0101554576729932	77.04645238116666	0.08491884280713938	9110	12121	15434	10019
novel_gene_664_5bd9a17a	0.15446186230081718	0.6628324198178623	77.03058570444568	0.048994120178502895	7292	9571	15433	8669
evm.TU.02.544	0.235293817731392	0.8960717430000361	76.7368432937633	0.09667745592664952	9307	11435	15432	10315
evm.TU.08.284	0.15271903037817008	0.6787884030317519	76.71256463601972	0.047894358931543535	7212	9696	15431	8609
evm.TU.01.1992	1.1195422854828765	1.6591671140929296	76.70929996938702	0.9744247469032481	13876	14471	15430	16071
evm.TU.08.574	0.06345667591557712	0.3525580566077537	76.63782854962089	0.010973173764137648	2196	5225	15429	3884
evm.TU.04.1703	0.09614858846512092	0.5870693784281082	76.56586482940182	0.020992819431543398	4500	8768	15428	6128
novel_gene_1193_5bd9a17a	0.15259717337145168	0.7269512520718663	76.50513007896001	0.04748006580111313	7207	10115	15427	8578
evm.TU.02.2386	0.06922276067190386	0.3003949654069093	76.4741421865936	0.01364633327034736	2646	4073	15426	4637
evm.TU.02.738	0.06793795045016074	0.3942500656615633	76.44324114167503	0.012172344936872515	2543	6042	15425	4238
evm.TU.06.768	0.09236026238616767	0.6361644390430151	76.38004967234305	0.018662768009607308	4252	9310	15424	5733
evm.TU.05.1918	1.2073365400339164	1.449941523199377	76.37984621812821	0.9716835974800788	14154	13757	15423	16063
evm.TU.01.1586	0.12236224051598113	0.5674890461950068	76.34325045150288	0.03339048843541086	5957	8537	15422	7606
evm.TU.02.2510	0.7682133498767268	1.5541053140553216	76.13849695904737	0.5570030615427468	12939	14061	15421	14892
evm.TU.04.1982	0.1550837971590366	0.9598734984089229	76.01191942868532	0.04175785705966719	7309	11842	15420	8242
evm.TU.08.1663	1.5655678875536592	2.2339905270039333	75.97248476188433	1.10771683510647	14745	15309	15419	16250
evm.TU.01.652	0.2186890586897781	0.847589426948324	75.8064410183176	0.08693946309883785	8986	11083	15418	10070
evm.TU.03.1100	0.5067584541074468	1.0529930080160712	75.78810059552556	0.3575497723035187	11826	12322	15417	13656
evm.TU.10.143	0.27503025997570846	0.8856354683824889	75.73800075607402	0.13318402070656954	9966	11374	15416	11033
evm.TU.01.2631	0.11523561038785643	0.6651989356593762	75.66369198668423	0.028093736632868634	5597	9594	15415	7069
evm.TU.02.1561	0.15347633716133802	0.6390826968833634	75.63671384444146	0.04861810970717504	7242	9344	15414	8647
evm.TU.02.1052	1.675925369364139	2.1835407367384296	75.55388082094811	1.1461276591301948	15122	15273	15413	16293
evm.TU.10.1712	0.529258083529638	1.5874608021410954	75.54532957121512	0.2718385085163975	11986	14237	15412	12871
evm.TU.03.1045	0.41320414205288625	1.405093545400036	75.54186225092403	0.20661822925242565	11330	13650	15411	12140
evm.TU.08.1322	0.26685489025636794	0.7857457224724022	75.5066118604727	0.13162072794543794	9841	10602	15410	11006
evm.TU.01.1854	0.2837438125591626	0.7257055599703344	75.38389000893098	0.14909514057588222	10086	10105	15409	11306
evm.TU.03.542	0.6017404499910012	1.2162547050964545	75.38372373283634	0.4381571628858208	12423	13064	15408	14222
novel_gene_3880_5bd9a17a	0.7733078685406971	1.0645695124053354	75.06503582742369	0.690861718260162	12952	12371	15407	15445
novel_gene_786_5bd9a17a	0.3953794066968104	0.7877850674816085	74.77976349124592	0.269646267949348	11215	10618	15406	12847
evm.TU.10.718	1.089130927759536	1.3303379339180292	74.6889622480403	1.0155531831239288	13774	13420	15405	16143
evm.TU.01.1387	1.5522317099831364	1.608799387274676	74.61576180156507	1.1474834751889667	14598	14300	15404	16300
evm.TU.10.1617	0.4187416372646529	0.9135278183850402	74.59191307755336	0.2759547139732735	11362	11527	15403	12918
evm.TU.04.2359	0.8367629376359629	1.3429011649673517	74.33989871093712	0.686897815681473	13216	13454	15402	15426
novel_gene_1175_5bd9a17a	0.699943591116701	1.2978455022532176	74.2847715798741	0.5020401059958575	12802	13333	15401	14619
novel_gene_481_5bd9a17a	0.30302986741631005	0.8463668664081436	74.2613248049277	0.16031108223242607	10350	11069	15400	11478
evm.TU.04.1052	0.8473162297001398	1.8713316708201315	74.2479895751931	0.5442011869615331	13261	14903	15399	14842
evm.TU.07.450	1.0618403226361863	1.9569812396156205	74.16891456627722	0.7436456128881344	13744	15014	15398	15607
evm.TU.06.634	0.22929540667225637	0.8125727263042374	74.14743329416278	0.09673846577884102	9191	10821	15397	10316
novel_gene_2937_5bd9a17a	0.7698798198545256	1.438656401572666	74.14374264712028	0.5178883821508146	12942	13734	15396	14700
novel_gene_1979_5bd9a17a	0.0797444529536924	0.5206169939867987	74.03074596135016	0.015105865250923754	3381	7952	15395	5001
evm.TU.05.296	0.28856312308317433	0.8099706930068143	73.91839506898293	0.1465817926102972	10160	10798	15394	11275
evm.TU.03.2072	0.1321194586816448	0.5470708227088049	73.9147245319105	0.03907497623966757	6405	8282	15393	8074
novel_gene_1954_5bd9a17a	0.14097175572036919	0.6852359268419714	73.84825763773374	0.03956224589035236	6773	9753	15392	8108
evm.TU.05.1905	1.0633148240813224	1.9569344973614742	73.66081963261597	0.780355687671608	13748	15013	15391	15705
evm.TU.04.1931	0.6571050902547924	1.2696553761139973	73.57611513397124	0.5094186745107316	12669	13255	15390	14658
evm.TU.10.1213	0.2506184023305316	1.1093433449908439	73.56093617798672	0.09400046683003462	9562	12569	15389	10241
novel_gene_2560_5bd9a17a	0.15109336883639524	0.7442578731084977	73.45609453571763	0.04518346074990892	7157	10273	15388	8450
evm.TU.06.1665	0.21386144203279656	0.7417824232938809	73.4555327872008	0.08593250878012859	8874	10249	15387	10042
novel_gene_3241_5bd9a17a	0.0974029917486146	0.4673788395920742	73.45083028837828	0.0231303830850388	4585	7204	15386	6450
evm.TU.06.563	0.04934173916921127	0.30573006948052467	73.45028439049032	0.0069371840927144055	1152	4207	15385	2507
novel_gene_58_5bda875f	2.449489742783178	2.449489742783178	73.42253316456328	1.37489763325266	15771	15771	15384	16466
evm.TU.04.704	0.8200887710170062	1.5210800776556366	73.38172165515924	0.5753808032669392	13144	13924	15383	14982
evm.TU.04.44	0.05083842433050087	0.3524344142672202	73.29547107958498	0.007065000185822526	1264	5220	15382	2566
evm.TU.02.3212	0.14671799329075805	0.584593259801259	73.29045228641667	0.045625616492857436	6998	8741	15381	8480
evm.TU.02.2555	0.16424621886334342	0.6642605059663093	73.21711922581515	0.05549893496345364	7578	9585	15380	8988
evm.TU.10.2043	0.8306524378806178	1.4472913385046884	73.21145393967588	0.6199172679667724	13185	13752	15379	15157
evm.TU.05.32	1.127389878428847	2.038298005894827	73.18414613135054	0.7992697714551844	13914	15137	15378	15755
evm.TU.02.2786	0.12356597606151508	0.5252432192286063	73.12679047911611	0.03522188279938265	6006	8015	15377	7782
evm.TU.02.1910	0.11218766967637696	0.7140985247965332	73.07381257693837	0.025943232185768907	5417	10005	15376	6814
evm.TU.02.729	0.4566846925577501	0.9136886590777608	73.0718467380581	0.319370799121859	11559	11532	15375	13301
evm.TU.02.2771	0.07782357071235911	0.37647726384701796	73.04019364037966	0.015966638814210253	3246	5706	15374	5194
evm.TU.06.995	2.389849321603343	2.4457430357119363	73.03280349475186	1.4949530694111242	15464	15464	15373	16514
evm.TU.08.90	0.2617455302547589	1.3067259505014694	72.95258594511373	0.09176692618286468	9760	13356	15372	10184
evm.TU.10.2174	1.04657406280731	1.4599424537686774	72.9300817383378	0.8280934654957148	13729	13776	15371	15830
evm.TU.07.1136	0.38187240876094386	1.1435402943180575	72.90925238488413	0.2005616462332649	11119	12728	15370	12061
novel_gene_2970_5bd9a17a	0.5691829414866617	0.9847916180003042	72.86039519435177	0.42546280707487627	12232	11992	15369	14133
evm.TU.09.173	0.24154355180393175	0.8277809707813863	72.8171450027501	0.10143137060021375	9418	10936	15368	10417
evm.TU.02.2522	0.08797209024798053	0.46217988434355795	72.7921091631524	0.018543839631223726	3940	7133	15367	5703
evm.TU.06.1880	0.5133519441649502	1.2082677556328776	72.78675680702997	0.33902468961486865	11867	13020	15366	13502
novel_gene_131_5bd9a17a	0.37211992363082935	1.4634440601796046	72.78065892891942	0.1523277148317345	11047	13793	15365	11359
evm.TU.05.1698	0.2571693503128648	0.9019069601388591	72.72821925173626	0.11418859885827778	9680	11468	15364	10696
evm.TU.08.1502	0.13147785069471432	0.6551354415765707	72.59557481392325	0.03624124973391352	6375	9494	15363	7862
evm.TU.02.319	0.12185331355844055	0.7495855737214004	72.54854500252156	0.029407335030140633	5933	10326	15362	7227
evm.TU.10.1593	0.371460193525348	0.725005823846404	72.5236044864172	0.250580350018762	11043	10098	15361	12648
novel_gene_3672_5bd9a17a	0.3484485022919978	0.8458882984354326	72.46397962459133	0.2016592375173707	10821	11065	15360	12074
evm.TU.01.475	0.2388334195585082	0.7620790385561588	72.39687106153588	0.10100348477599141	9362	10434	15359	10407
evm.TU.05.144	0.8489283257718414	1.4622809534317132	72.38513184163061	0.6631913557857446	13265	13788	15358	15341
evm.TU.02.2514	0.5814225561923496	0.9194436753402673	72.32489900349412	0.4287710020179764	12311	11569	15357	14160
evm.TU.02.2043	0.966535245968942	1.593428585688361	72.24559386377025	0.7069991270128101	13620	14254	15356	15498
evm.TU.10.2244	0.22759301049024097	1.0544073904114546	72.12294433028345	0.08385641543789425	9157	12329	15355	9990
evm.TU.03.155	0.06420965865301415	0.3618297322794816	71.9286279978518	0.011076344567843854	2254	5412	15354	3915
evm.TU.09.162	0.14811647561743824	0.5242062280843631	71.90372113248883	0.05031182227216332	7055	7996	15353	8734
evm.TU.10.2223	0.05867072740732138	0.34117373260615935	71.82202248257744	0.009451008541628734	1845	4991	15352	3428
evm.TU.01.82	0.08551420555228934	0.49931337105528467	71.80496254303333	0.01744198074545854	3777	7642	15351	5485
evm.TU.02.2190	0.05579120556188572	0.5009202998138674	71.76233329379131	0.007377965928527336	1646	7668	15350	2700
evm.TU.02.3279	0.07037427176992547	0.4622123677997756	71.70913375177861	0.01226307453662477	2733	7134	15349	4275
evm.TU.07.744	0.3294004069630852	0.7749275331580897	71.6785229039607	0.1785436878499312	10637	10528	15348	11756
evm.TU.04.1817	2.449489742783178	2.449489742783178	71.57742375737327	1.72960283985217	15771	15771	15347	16568
evm.TU.05.1082	0.06627074907951702	0.42167610455684157	71.5752363202995	0.011240892484560271	2423	6500	15346	3962
evm.TU.02.1696	1.5658334335687032	2.331793060976802	71.4835903341564	0.8438769750528891	14749	15381	15345	15855
novel_gene_19_5bda875f	0.9558432432773889	1.5269685547224596	71.4743846268723	0.7639580918133017	13593	13938	15344	15664
evm.TU.07.1173	0.23288657911905952	0.9024467837928969	71.46571574815454	0.09222359318293483	9260	11473	15343	10198
evm.TU.02.1056	0.17949842738679364	0.6165884811555119	71.43209395245269	0.0672620769163507	8017	9096	15342	9490
evm.TU.03.1769	1.1915776727475516	1.7958315259588788	71.23963136408155	0.7100206031098062	14116	14786	15341	15507
evm.TU.02.2873	0.3215450408724636	0.9546687686782904	71.14043957772542	0.16688381114041895	10553	11811	15340	11584
evm.TU.02.2221	0.30985634648998	0.848311800557354	71.06297909540312	0.16043110916154132	10426	11087	15339	11480
novel_gene_924_5bd9a17a	0.12095065793375635	0.6544041586000399	70.99070106075503	0.031200959038885544	5886	9486	15338	7413
evm.TU.05.111	0.3960219537007622	0.9569512122767322	70.97885387829571	0.24467630859638206	11221	11824	15337	12579
novel_gene_229_5bd9a17a	0.09432165273331887	0.41091661444302074	70.77269430095835	0.022421711597094714	4375	6311	15336	6342
evm.TU.09.1544	0.21492232970381386	0.7111787525947677	70.68386073172752	0.09081776486304181	8898	9979	15335	10167
evm.TU.06.2055	0.08337531706966228	0.45368192104503385	70.65755612419011	0.01718566922337875	3632	7013	15334	5431
evm.TU.02.1284	1.6101441311314975	2.0339109722292936	70.42659430548274	1.3592301545897383	14960	15127	15333	16458
evm.TU.01.1426	0.4369586628790909	1.0760880783028919	70.40333460078006	0.263467093294737	11467	12423	15332	12787
evm.TU.01.478	0.2614496582314569	0.9265169894296243	70.31466107607247	0.11494394793992424	9758	11618	15331	10708
evm.TU.07.1060	0.3663928631810956	1.0623027003020376	70.26931794118272	0.20086992894499983	10990	12364	15330	12065
evm.TU.07.325	0.2749008071354514	1.0422424297089299	70.2323324184671	0.10921957443701955	9965	12273	15329	10596
evm.TU.03.88	0.12311457785001198	0.7153603859563585	70.21956348887058	0.030920528375509244	5986	10019	15328	7384
evm.TU.05.1033	1.5508473232763733	1.7812607018478501	70.18156366589598	1.111645771317803	14573	14762	15327	16256
evm.TU.01.2815	0.16505563274376328	0.8748520533467518	70.15195058130482	0.04918175882308255	7601	11310	15326	8676
evm.TU.02.1039	2.4494897427831783	2.449489742783178	70.11823730318768	0.8409207636631142	16352.5	15771	15325	15851
novel_gene_2259_5bd9a17a	0.5938214843226359	1.0402850408253277	70.11786106286974	0.4459286461336372	12373	12260	15324	14276
evm.TU.01.590	0.24890962212828927	0.9544707354999264	70.11492270861955	0.10333002967990511	9540	11809	15323	10459
evm.TU.07.1558	0.09102669473020972	0.4750455345345782	70.00027515441346	0.019984147920502907	4151	7313	15322	5974
evm.TU.03.1968	0.06701183814947037	0.36085523207230735	69.90332446373722	0.011920276762322154	2478	5397	15321	4174
evm.TU.04.963	0.16426409407741419	0.7474389845882667	69.89900920050539	0.05291830259468082	7579	10304	15320	8868
evm.TU.06.1752	0.11819203108828828	0.6650347729877485	69.88220664498775	0.02939035465523096	5750	9591	15319	7223
novel_gene_3793_5bd9a17a	0.3043539948918656	0.9200600999446976	69.87619803713413	0.14634771502704827	10365	11576	15318	11271
evm.TU.01.1323	0.9939118866161586	1.8948364452482616	69.87533690921431	0.6803080010159495	13664	14941	15317	15400
evm.TU.03.1995	0.1440266668825215	0.7982284818165083	69.79690722413056	0.03921622977436645	6894	10701	15316	8084
evm.TU.01.3001	0.19738018655076067	0.9584918640869531	69.6995313141291	0.06623980634353778	8466	11832	15315	9439
evm.TU.01.2132	0.16910060216370248	1.0042660171406663	69.59468499813246	0.047956711971311745	7728	12087	15314	8612
evm.TU.09.1542	0.13296161056639658	0.7972666428975459	69.43947841502548	0.03416232242563304	6434	10689	15313	7685
evm.TU.09.809	0.28005499004918766	1.0985174221544995	69.40844857877948	0.11662272513373156	10034	12517	15312	10729
novel_gene_854_5bd9a17a	0.18994060244349617	0.8180703050432822	69.406685296889	0.0647042071171754	8309	10866	15311	9383
evm.TU.04.399	0.9308975038310301	1.4144421810438792	69.20841086343826	0.7521575157014578	13528	13670	15310	15633
evm.TU.02.3255	0.10424222786872744	0.46665950057091105	69.15150436849306	0.026181166996212472	4959	7190	15309	6846
evm.TU.09.243	0.22551145617455778	0.8791672707942862	68.97438084052506	0.08663111786297359	9117	11332	15308	10061
evm.TU.01.289	0.1496081531897416	0.6816466683954757	68.89937513839746	0.03988421958037278	7109	9719	15307	8131
evm.TU.08.1519	0.10625849250517487	0.4942281633986265	68.87371935971156	0.026416276003760286	5077	7576	15306	6882
evm.TU.08.1348	0.1905637795053509	0.7082056975382373	68.86278495230663	0.07105257271044786	8320	9951	15305	9625
evm.TU.06.2158	0.30397158727345636	0.8846979560852267	68.73645821147679	0.1561679183685188	10360	11366	15304	11411
evm.TU.03.1602	1.8296980992922067	2.3590222993152086	68.73572379569208	1.0305965228796599	15298	15399	15303	16162
novel_gene_134_5bd9a17a	0.6029791089568544	1.2023062247419964	68.65183873036528	0.4066594963682873	12428	12993	15302	14022
evm.TU.01.635	0.4952627464832032	1.302335560344251	68.63806874003274	0.30067899557710037	11726	13343	15301	13127
evm.TU.04.356	0.6396708999457453	1.1106977694131617	68.62779679518188	0.5176970335052009	12593	12578	15300	14697
evm.TU.02.146	0.34218846395941527	1.175059331687893	68.60092371217314	0.15657406028445028	10758	12880	15299	11419
novel_gene_3138_5bd9a17a	0.9072198742189961	1.192942553584282	68.52880267350703	0.7048803799039185	13461	12954	15298	15495
evm.TU.03.2091	0.648301506384424	1.3645369354993957	68.43716634728824	0.43422730191056075	12634	13531	15297	14198
evm.TU.01.276	0.13062725212719672	0.9284375596236512	68.34123019176043	0.02689168648967667	6340	11633	15296	6925
evm.TU.02.3034	0.046166962066429035	0.28278275972718114	68.31941619703807	0.0061412495386999584	941	3629	15295	2197
evm.TU.01.1106	0.9994036100080775	1.5248742868193228	68.24606562487352	0.8305858969599019	13675	13934	15294	15835
novel_gene_3062_5bd9a17a	1.5695564964091475	1.8382499419434	68.17014987116913	0.9469117099678734	14770	14855	15293	16033
evm.TU.01.1021	0.570230559613809	1.0918826535992943	68.01838615697018	0.4227630638220228	12242	12486	15292	14106
evm.TU.02.1461	1.6985073629763172	2.2317901837868086	67.99258656077373	1.2287974461398254	15157	15307	15291	16370
evm.TU.03.1213	0.15849496636801946	0.9522856381138195	67.77397018442366	0.04346457048754944	7413	11794	15290	8350
evm.TU.04.1133	0.18234379535200237	0.8588734038581545	67.71217905794407	0.05917228037178824	8098	11171	15289	9151
evm.TU.08.821	0.16684348022727594	0.6911268844638753	67.67919798388078	0.05484188664771493	7664	9806	15288	8960
evm.TU.06.455	0.09704373424028594	0.5542968491031235	67.66274828020637	0.021337988792887196	4563	8385	15287	6174
evm.TU.08.199	0.5105910992871239	0.8995325359577522	67.47675707361175	0.3796402047238849	11848	11450	15286	13829
evm.TU.01.919	0.8478845871392428	1.4173650788289116	67.46706384230679	0.6710688173027656	13263	13677	15285	15368
evm.TU.02.1863	0.9215377606490872	1.6203837610477314	67.41170480871446	0.6785011251261547	13508	14340	15284	15392
evm.TU.02.2294	1.2630219861756957	2.3049749255005314	67.3885921729888	0.490532939974648	14264	15362	15283	14541
novel_gene_187_5bd9a17a	0.3492089007938297	1.0344402236634127	67.32020935063589	0.17049804589538453	10829	12230	15282	11638
evm.TU.01.313	0.78358756918395	1.1527831686962733	67.20635698371886	0.69583858835342	12991	12773	15281	15462
evm.TU.08.863	0.16430805910019944	0.689073031001247	67.20267393658396	0.05468180965661702	7580	9785	15280	8954
evm.TU.07.1601	2.449489742783178	2.449489742783178	67.18925501421529	1.3906245767425303	15771	15771	15279	16479
evm.TU.08.606	1.3027121462053015	2.032854488946269	67.15832221041364	0.8303598111584237	14325	15124	15278	15834
evm.TU.02.2754	0.09973196630110184	0.3807629234338032	67.06181821344441	0.025468653866161307	4728	5795	15277	6758
evm.TU.01.2964	0.08337560541600289	0.38227459408510694	67.0247119928939	0.018007599449712065	3633	5819	15276	5608
evm.TU.04.366	0.09045577400172494	0.49300125775699455	66.95455765010993	0.019297444604919254	4111	7561	15275	5857
evm.TU.04.1547	0.8136344690172266	1.3986908953964061	66.83039120392606	0.5609475382657075	13115	13636	15274	14921
novel_gene_349_5bda875f	0.5925253872575503	1.0700251251587078	66.82162463641627	0.45374338103957595	12367	12392	15273	14312
evm.TU.08.195	2.4494897427831783	2.449489742783178	66.8175900631236	1.7155023844635815	16352.5	15771	15272	16564
evm.TU.02.2721	0.1459017470932467	0.6767921384481141	66.59489021600412	0.04390221364846948	6955	9678	15271	8380
evm.TU.09.462	1.5639341796405104	1.9513776234303324	66.36074104300245	0.9768697620635066	14730	15001	15270	16075
evm.TU.03.203	2.1715394424711145	2.3982518990713113	66.3018358300748	1.4910446051473583	15442	15432	15269	16513
novel_gene_3227_5bd9a17a	0.8236524508000984	1.3632821952051721	66.27084000350725	0.5695459101303947	13160	13529	15268	14960
evm.TU.10.2195	0.06797202603151534	0.36111424776387413	66.1852916250999	0.012229857766677505	2545	5402	15267	4258
evm.TU.03.1805	0.44693793385555647	0.8595869823650963	66.13301683275108	0.3032319802287911	11519	11177	15266	13156
novel_gene_2932_5bd9a17a	1.7540965525919925	2.331384182366249	66.10739349061214	0.8830234760635771	15222	15380	15265	15923
novel_gene_3216_5bd9a17a	2.021829086228413	2.400031015877369	66.04881407605114	1.4119628659054617	15401	15435	15264	16489
evm.TU.01.284	0.08180873912784681	0.3867677519263306	66.01060425012845	0.01734270778164721	3537	5898	15263	5464
evm.TU.01.430	0.1254262363761089	0.4396748126194815	65.991536550554045	0.03781585126833806	6095	6814	15262	7977
evm.TU.02.2778	0.06480940696473493	0.42695910525340963	65.9255973327999	0.010563889568464234	2302	6593	15261	3755
evm.TU.08.1372	0.11018006375469652	0.5252404038697418	65.86788665412944	0.02725544191683953	5295	8014	15260	6966
evm.TU.09.280	1.7895347986253662	2.219124519933852	65.82897113328815	1.300284563441686	15259	15295	15259	16421
evm.TU.01.2114	0.7185525621640451	1.6378811863743405	65.79488373128495	0.46447587811004265	12839	14411	15258	14388
evm.TU.10.1591	0.09882846327159754	0.5959411276229738	65.69804916287792	0.02004309793575461	4666	8880	15257	5985
novel_gene_3508_5bd9a17a	0.1610901935484323	0.7158524261465183	65.53147119662125	0.051424562452846295	7499	10025	15256	8792
evm.TU.06.1258	0.17149687342604208	0.7629141688090902	65.52803679129914	0.05515379895353559	7790	10442	15255	8978
evm.TU.01.226	0.25104834964629064	0.7469501565634091	65.51824748066007	0.11869069106936529	9568	10301	15254	10771
evm.TU.07.1562	0.20830120719107498	0.9511119535434808	65.49760254948437	0.07322457088789999	8729	11783	15253	9690
evm.TU.04.1820	0.072649969679515	0.49142109066994605	65.33689986480503	0.012546870202538985	2923	7542	15252	4350
evm.TU.03.206	1.5682478847019445	1.5561680900363535	65.28938762658599	1.2322625075519715	14761	14084	15251	16372
evm.TU.01.85	1.5835149021252595	1.883490953660807	65.23707070411716	1.379119871127496	14851	14923	15250	16469
novel_gene_3159_5bd9a17a	0.2781719841716982	0.9503880469216168	65.19178572070457	0.11082920492001568	10005	11773	15249	10619
evm.TU.07.1064	0.23419971849592336	0.9662640278531298	65.18445137982097	0.08739882857960161	9284	11884	15248	10082
evm.TU.05.876	0.6917936359696302	1.4022240747461	65.17584937057974	0.48878823728102483	12778	13644	15247	14527
evm.TU.08.1211	0.5742514414738679	1.3450020981987938	65.1153785016827	0.3628810591493414	12274	13463	15246	13702
novel_gene_29_5bd9a17a	0.4775249885109873	1.1015707890060884	65.04988827587236	0.3021336944313444	11636	12536	15245	13145
evm.TU.02.3130	0.11226019337108718	0.583962307926922	65.04113657987754	0.02741882923700786	5422	8734	15244	6987
novel_gene_2959_5bd9a17a	0.2980601210843839	0.6745640013313027	64.94497490136801	0.16137174200512278	10285	9662	15243	11494
evm.TU.06.1798	0.27251611023575434	0.9012692179024908	64.8937227815924	0.12407698059833999	9930	11462	15242	10871
evm.TU.02.1881	0.21811002122665687	0.867336989066075	64.84423065307634	0.08199955410467354	8970	11242	15241	9930
evm.TU.04.950	0.5367036998336543	0.7535844766885408	64.77026268120993	0.442119438155165	12035	10359	15240	14252
novel_gene_3199_5bd9a17a	0.6678147489223896	1.0754743912798932	64.5837949829042	0.48216276219466475	12703	12419	15239	14493
evm.TU.02.1330	0.827889059771285	1.3870433467467305	64.57610951690691	0.603281214725205	13178	13597	15238	15093
evm.TU.04.1759	0.07138821511131531	0.4006481820895946	64.53786362925072	0.012976417916625658	2815	6142	15237	4462
evm.TU.10.1666	0.07977041540305722	0.5155027767484619	64.53770039855357	0.014848864318154902	3383	7886	15236	4943
evm.TU.01.816	2.4494897427831783	2.4494897427831783	64.50958908609915	1.3947666695573282	16352.5	16353.5	15235	16485
evm.TU.09.1403	0.941154738124234	1.8324865659232168	64.46932611580152	0.6459250378920106	13555	14848	15234	15258
evm.TU.02.1909	0.10744788982992214	0.6233083474167463	64.4369815769341	0.024618999549723436	5153	9180	15233	6647
evm.TU.08.248	0.3862794283007033	1.182774660407354	64.39364391837911	0.19724784618495764	11147	12910	15232	12013
evm.TU.01.100	0.22571050597696288	0.7182281130958204	64.32407052941949	0.09551875721535348	9121	10046	15231	10280
novel_gene_3605_5bd9a17a	0.10342562374130047	0.519419091697027	64.31738098255047	0.024675221130665708	4917	7935	15230	6656
evm.TU.04.48	0.1720295271804745	0.9179768267372802	64.2709964161363	0.051618183451884465	7811	11556	15229	8801
evm.TU.02.453	0.26970470881315023	0.978810334153899	64.25278502617005	0.11591729841923294	9891	11952	15228	10719
evm.TU.05.1646	0.1496312490333922	1.1547543762328636	64.15668366169974	0.029395150620359085	7112	12781	15227	7224
evm.TU.09.122	0.14842471253840103	0.7413840044550764	64.11403078987502	0.04309328406069071	7069	10247	15226	8322
evm.TU.02.1986	0.10728834730742527	0.5448414391603734	64.07538869148938	0.024958520963500354	5145	8261	15225	6690
evm.TU.07.1816	0.6474491173241432	1.3616660246380075	63.999066070774155	0.43653466590475826	12631	13521	15224	14208
evm.TU.06.1626	2.0389504901475837	2.3536393865693825	63.9960893621844	1.4701336519294297	15411	15395	15223	16507
evm.TU.02.2573	0.3593479354218351	1.1369101446789112	63.89012093544423	0.17752384606803395	10921	12692	15222	11741
evm.TU.01.1477	0.07518094843036305	0.41605379271863785	63.74999092944456	0.014184445158011885	3091	6414	15221	4765
evm.TU.08.1224	0.25904174806502184	0.887141300107784	63.72331189007507	0.1090877477894992	9720	11382	15220	10591
evm.TU.03.2062	0.11106557516605864	0.6675297402211995	63.7146621695875	0.02549590141961942	5347	9615	15219	6763
evm.TU.06.1457	0.3545783558856045	1.3017777055261077	63.69327369663793	0.16064704707313782	10885	13341	15218	11483
evm.TU.08.867	0.6016374606502085	1.0733483348687134	63.66943247777981	0.45360807125758384	12421	12411	15217	14311
evm.TU.10.1422	0.6331359215569126	1.0980540860177876	63.617533734787145	0.46136018138492885	12566	12511	15216	14373
evm.TU.ctgX37.2	0.8132515661762559	0.9399505146455196	63.59614693257539	0.7361262910769568	13112	11707	15215	15580
novel_gene_2004_5bd9a17a	0.39269457402377406	1.118954214726802	63.50147631108313	0.21343204570190988	11202	12615	15214	12225
evm.TU.06.42	0.08785125967360385	0.4599143274032908	63.48610629741799	0.018510150568368543	3927	7096	15213	5694
evm.TU.10.2175	1.5958745354220816	1.973638472903043	63.41952436540408	1.3261589892057504	14908	15039	15212	16439
evm.TU.01.196	0.07201958085452093	0.5223285119437042	63.39930611139658	0.01153813984661328	2874	7973	15211	4063
evm.TU.03.1175	0.6316618117466295	0.8867787653440026	63.32776614840601	0.5398372709228977	12559	11381	15210	14818
evm.TU.10.1717	0.23428936918547796	0.8855266193594911	63.3244981929936	0.0908765561948353	9285	11372	15209	10169
evm.TU.03.546	1.945877276317423	2.3628667809690898	63.23687519625401	1.3871619571812546	15370	15403	15208	16476
novel_gene_2234_5bd9a17a	0.10527816562214441	0.467369733008009	63.203485165750486	0.026324936976102508	5014	7203	15207	6871
evm.TU.07.254	0.07916043012601613	0.5020349184081394	63.17941728492791	0.014564020984827808	3336	7683	15206	4867
evm.TU.06.2139	0.11297464187916963	0.649146138877284	63.14902647321405	0.02629402736062722	5461	9435	15205	6867
novel_gene_2976_5bd9a17a	0.10864766227824056	0.5734692592195629	63.07778518376752	0.025609205748372783	5210	8621	15204	6784
evm.TU.04.676	0.18386464109835807	0.7491526581363073	63.05793151984208	0.06441079322337456	8145	10320	15203	9371
evm.TU.04.331	0.9467564700125841	1.477959036757581	63.04904010998182	0.776887354120581	13571	13819	15202	15696
novel_gene_3753_5bd9a17a	0.18005003040404846	0.6001189511189371	63.04079778506993	0.06396408081764116	8044	8927	15201	9359
evm.TU.10.661	0.07970257378869271	0.3755690525579814	63.037119832303716	0.0162541589414574	3375	5689	15200	5242
evm.TU.06.1622	0.2249026608613669	0.7720419478206928	63.03114513733215	0.09242309946057807	9108	10510	15199	10202
novel_gene_2001_5bd9a17a	1.178559856286283	1.318254400666961	63.01052418620932	1.1036858723528455	14081	13380	15198	16247
evm.TU.08.1636	0.06933789483536118	0.4310016826314788	62.97944702994905	0.01191695016982136	2655	6679	15197	4173
evm.TU.08.1979	2.449489742783178	2.4494897427831783	62.92838230108681	1.3946746846466673	15771	16353.5	15196	16484
evm.TU.01.510	0.21492463347946125	0.9135591290909386	62.8578800804405	0.07864833969980874	8899	11528	15195	9837
evm.TU.01.1108	2.4494897427831783	2.449489742783178	62.84494118120491	1.6530986497273719	16352.5	15771	15194	16552
evm.TU.06.1002	0.19235679382067408	0.8402370585961302	62.77245804901572	0.0645067325468834	8363	11021	15193	9375
evm.TU.04.152	0.2527920542004776	0.7064099030797477	62.76806369867818	0.11254820106466594	9602	9937	15192	10656
evm.TU.04.1962	0.22879307553441167	0.9388547048556568	62.6217843162887	0.0836135209193375	9181	11702	15191	9981
evm.TU.04.2076	0.1344334419845678	0.754982083446843	62.553918386829544	0.03455220047528162	6492	10372	15190	7725
evm.TU.02.3198	0.3954867147969008	0.9894397029628715	62.52848914435763	0.22776985191069082	11218	12015	15189	12378
evm.TU.10.751	0.25556835058303623	0.9892667884770818	62.477479949564724	0.09942724754988504	9653	12014	15188	10379
evm.TU.09.489	0.09801873653671926	0.4777485523163395	62.29669357007239	0.021995181642475634	4606	7342	15187	6281
evm.TU.04.1682	0.21725102787515546	1.0442089360563627	62.203491355005546	0.07148908562944045	8950	12289	15186	9642
evm.TU.08.122	1.7358117105160726	2.2747115501182043	62.070018500328516	1.1134024336554496	15204	15345	15185	16263
evm.TU.08.1089	0.708087645118197	0.9671792517828531	61.89635998512929	0.6308209934861119	12817	11889	15184	15197
evm.TU.08.1094	0.1637579312656712	0.6233329097470441	61.88485825438631	0.05510701703133549	7566	9181	15183	8975
novel_gene_3936_5bd9a17a	1.4976952120405111	2.2536416046882928	61.82181094423338	0.9834218118859411	14474	15329	15182	16090
evm.TU.05.89	0.5092216455175923	0.7828009967022463	61.77798293361973	0.39185745549208145	11843	10588	15181	13912
evm.TU.02.543	0.49298341164196086	1.413899830612243	61.77537797295229	0.2558563360548219	11706	13668	15180	12704
evm.TU.04.120	1.022943614929999	1.402612861918869	61.659235228545064	0.7549067639951749	13707	13646	15179	15640
evm.TU.07.143	0.11130388394085694	0.5815801001661909	61.63126457089458	0.02682198060968968	5367	8704	15178	6919
evm.TU.01.43	1.4094801542530924	2.118419223785798	61.49742578247992	1.0140170593290905	14428	15211	15177	16142
evm.TU.03.1766	0.829037573146864	1.1915681944549485	61.494202110308336	0.7223961615734941	13182	12948	15176	15539
evm.TU.05.1964	0.23006945579467694	0.6063310833650931	61.40888455561026	0.10285062541889792	9203	8987	15175	10447
evm.TU.05.1774	0.24183755810115415	0.7801338248076842	61.389614616270286	0.10405012694138029	9424	10563	15174	10477
novel_gene_3079_5bd9a17a	0.9050933713441478	1.111396845415122	61.36383159262521	0.8616981476848072	13455	12580	15173	15884
evm.TU.04.1600	2.4494897427831783	2.449489742783178	61.32176693735623	1.6374182479822221	16352.5	15771	15172	16548
evm.TU.04.1447	0.07697246930181441	0.42297677774021125	61.261330844428834	0.014692234245305831	3194	6532	15171	4908
evm.TU.01.796	2.449489742783178	2.449489742783178	61.228054084666795	1.537118870274307	15771	15771	15170	16525
evm.TU.02.3089	0.17990940870256486	0.7607995713039889	61.19352539632608	0.05931825439133533	8037	10420	15169	9157
evm.TU.01.497	2.449489742783178	2.449489742783178	61.15461018559439	1.4755230527060812	15771	15771	15168	16508
evm.TU.06.471	0.11945856373232543	0.48709716024417105	61.141508506542976	0.0328814103469951	5815	7463	15167	7563
evm.TU.01.1392	0.16059233065103445	0.6927180447194429	61.12530929292964	0.05023643228554497	7479	9821	15166	8727
evm.TU.01.1677	1.3759330326639654	2.028680969981082	61.066295680350706	0.8733511204310368	14390	15117	15165	15905
evm.TU.05.1104	0.10950728707500512	0.5083730176691025	60.980864635886356	0.02740370443913189	5256	7774	15164	6984
evm.TU.08.1304	0.11572055713472043	0.710239353642202	60.95256847923904	0.026145266012675097	5616	9973	15163	6841
evm.TU.02.364	0.19769438824548524	0.6636492307267962	60.90306494112354	0.07398104947925625	8470	9576	15162	9714
evm.TU.02.3220	0.31516350615216315	1.0353262310276976	60.861914917463686	0.13863493121406495	10486	12236	15161	11137
novel_gene_3844_5bd9a17a	1.614611706713664	1.7963500138197932	60.79585258701793	1.3201079196178058	14975	14788	15160	16435
evm.TU.02.2385	0.18326955943882658	0.6803114671182546	60.77010858936095	0.06526863898991019	8129	9708	15159	9410
evm.TU.05.2056	0.2475630084803837	0.8717597727275489	60.71632241083956	0.10271522718197654	9512	11282	15158	10443
evm.TU.02.646	2.449489742783178	2.449489742783178	60.66713296946782	1.7731362548272789	15771	15771	15157	16579
novel_gene_562_5bda875f	0.1719863934484985	0.5681099428383114	60.64272756205257	0.0624588063716597	7807	8547	15156	9299
evm.TU.06.296	0.3567004802516265	1.1857023160413311	60.61564909472465	0.15656750789668758	10905	12925	15155	11418
evm.TU.06.1868	0.8028746570886232	0.9582530814024766	60.468307634899446	0.729870396016156	13070	11830	15154	15562
novel_gene_3200_5bd9a17a	1.1857439082629442	1.7028356705539507	60.41772389516678	0.9130501128155963	14100	14577	15153	15969
evm.TU.01.2983	0.44254274569926627	1.3244355819424687	60.3091583612004	0.2268993373011159	11497	13401	15152	12363
evm.TU.08.854	2.449489742783178	2.449489742783178	60.25468341491457	1.7473685845416678	15771	15771	15151	16573
evm.TU.07.1780	0.3421148107129038	1.7085993708381446	60.23943224797224	0.10148473804210387	10756	14598	15150	10419
evm.TU.09.1484	0.21183187460103794	0.6848865230022138	60.16955987213893	0.08644799687778344	8824	9751	15149	10052
evm.TU.06.2019	2.4494897427831783	2.449489742783178	60.167848100910916	1.2918513476233935	16352.5	15771	15148	16416
evm.TU.10.1325	0.0693079309446617	0.3417407423538483	60.12146950744035	0.012687935538278145	2653	4999	15147	4391
evm.TU.01.2088	0.4290608263302932	1.1695138192655776	60.08117941988245	0.22381817370477308	11416	12855	15146	12324
novel_gene_2615_5bd9a17a	0.3024762003568336	1.0426834500354705	60.04731084004324	0.13798625593589642	10340	12279	15145	11127
evm.TU.08.443	0.3163970376852434	1.0126100036562147	59.87413858615884	0.1521690608925502	10501	12132	15144	11357
evm.TU.02.1263	0.07488470333679262	0.33501730490139525	59.862966006636846	0.014607326085447974	3064	4853	15143	4882
evm.TU.09.232	0.10405158891611609	0.5909533107632703	59.844357220722976	0.023083036774860993	4951	8816	15142	6443
evm.TU.06.109	0.951260182217271	1.6916242146893854	59.70589786718953	0.668249820642795	13579	14549	15141	15364
novel_gene_3088_5bd9a17a	0.08181317965543843	0.34625158598854333	59.65039251885375	0.017489559865414162	3538	5095	15140	5496
evm.TU.08.1542	0.8882513869416522	1.0791379993159813	59.61446973624056	0.7584782153370979	13403	12438	15139	15647
evm.TU.01.2819	0.08539491262226835	0.4129713018743795	59.48866164555144	0.017832003722600288	3770	6352	15138	5568
evm.TU.02.1223	0.27827215078635614	0.9041272092819121	59.47813102312436	0.12631792797023095	10007	11481	15137	10917
evm.TU.02.3259	0.11892003774805004	0.6254247706907984	59.4598677440668	0.029547752396506255	5785	9200	15136	7241
novel_gene_1010_5bd9a17a	0.5333510453471062	1.2858171821562725	59.40371604336428	0.31794209158926057	12016	13303	15135	13283
evm.TU.09.744	0.13720151229572478	0.8875377180946794	59.39174856992676	0.032184495606329085	6623	11385	15134	7502
evm.TU.02.747	1.1752118270371132	1.5526308016626769	59.34160995067664	0.99993832109021	14066	14046	15133	16117
evm.TU.02.2284	1.5211484398855253	2.0924496166062894	59.33513689046767	0.939076521189747	14487	15185	15132	16014
evm.TU.05.482	1.6221200083388665	2.024396146043295	59.29901553084885	1.2981316501365876	14999	15111	15131	16420
evm.TU.10.1303	1.6571931648044516	1.8890716780426298	59.23938814478815	1.2149124658140076	15092	14936	15130	16363
novel_gene_3864_5bd9a17a	0.10954562832231274	0.5870093447716642	59.236017633412956	0.025503480731901246	5259	8765	15129	6768
evm.TU.06.1627	0.4071024181045463	1.3252573251867976	59.22418639177182	0.2042153593075704	11302	13404	15128	12108
evm.TU.05.1942	0.362056096806215	1.1367594542973267	59.21460543031836	0.17600741463869862	10946	12691	15127	11719
evm.TU.02.3221	0.24949571093802334	0.8861300356078143	59.17096951777743	0.09776223179296725	9548	11376	15126	10337
evm.TU.04.606	2.4494897427831783	2.449489742783178	59.066383089971616	1.3696747479857219	16352.5	15771	15125	16465
novel_gene_2523_5bd9a17a	0.7148567124088572	1.3324548336436028	58.83879587084364	0.4988194177541259	12828	13426	15124	14592
evm.TU.08.504	0.09204523080999635	0.4973379535690255	58.79136882999359	0.019563469406360657	4226	7622	15123	5899
evm.TU.10.1167	0.2655066764384491	0.7131291359176294	58.740802360575174	0.12798191943613868	9815	10000	15122	10939
evm.TU.05.2138	0.24942408195938257	0.9473086140681397	58.693225793282004	0.0998756040764188	9547	11753	15121	10390
evm.TU.06.1617	1.0251075291757377	1.496618373863844	58.637008734662004	0.7975216381736354	13710	13858	15120	15752
evm.TU.08.1662	2.1139974463114872	2.368386370862431	58.59043194881729	1.4797756827015744	15430	15408	15119	16509
evm.TU.02.2210	0.7104705035318128	1.4171368857641646	58.551341380579714	0.49111808911406957	12822	13675	15118	14544
evm.TU.01.1521	0.2850979062193366	0.8687590043874766	58.50566870198683	0.13491210839251327	10107	11256	15117	11068
evm.TU.10.1969	0.7170176034543224	1.4848824750641048	58.49861053188544	0.4618024068769436	12833	13835	15116	14376
novel_gene_2271_5bd9a17a	0.9097658025449781	1.862791532025575	58.48970202069191	0.5029226833417715	13470	14892	15115	14622
novel_gene_1168_5bd9a17a	1.7144250869353181	2.208284561886759	58.40228949167884	1.2738693721019863	15179	15287	15114	16401
evm.TU.08.846	1.001263335004433	1.3456540610131942	58.358771417331866	0.7440243115226791	13680	13465	15113	15609
evm.TU.03.448	1.0686527087154165	1.8600951517532645	58.33037859822911	0.6405243815173874	13756	14887	15112	15241
evm.TU.02.3081	0.584900430131832	1.1905361772553626	58.283821237988974	0.36375807163648716	12327	12943	15111	13717
evm.TU.05.1253	0.03316845795846253	0.3132316113023003	58.236912997093555	0.0029864561312001442	320	4369	15110	763
evm.TU.09.1676	0.07288304814277	0.4387778027381637	58.22810534754589	0.012906290392641354	2932	6801	15109	4444
evm.TU.02.1745	0.25069942130978007	0.8523818289882381	58.03472518381567	0.10357273246294997	9563	11123	15108	10467
evm.TU.08.483	0.2699842513606929	1.0403094736613465	57.954530617911715	0.10793673848564828	9896	12261	15107	10564
evm.TU.05.1466	0.8964815885663976	1.6999757863129896	57.91868083240152	0.6018496385912997	13433	14569	15106	15086
evm.TU.06.1900	0.06415932926158095	0.5034315749915398	57.903947689542846	0.009439320764567861	2249	7705	15105	3421
evm.TU.04.2121	0.15770938454722955	0.6089756025046734	57.85323757776808	0.050971801653473495	7394	9016	15104	8773
evm.TU.10.1838	1.0263601730762313	1.7948628978992638	57.69511528118395	0.7194978627813876	13712	14785	15103	15534
evm.TU.06.519	0.5835488558346646	0.960266165719913	57.62721774251857	0.4083299344398141	12324	11848	15102	14030
evm.TU.08.1461	0.6466985757935279	1.1430291057302289	57.599555590283416	0.42259737696530314	12627	12724	15101	14105
evm.TU.06.1787	0.6315950995321972	1.2184717204927764	57.55522454285793	0.40607443620993927	12558	13075	15100	14018
novel_gene_2857_5bd9a17a	0.4093629880976805	0.7947738571109223	57.534330818017374	0.2673560721743807	11315	10671	15099	12824
evm.TU.01.717	0.46255434346221497	1.5132787839244928	57.52577452207745	0.21889386952003828	11586	13903	15098	12277
evm.TU.03.845	1.2783269606482943	2.222332783204092	57.51204060043871	0.6646638923133353	14288	15299	15097	15348
evm.TU.09.231	0.397939444826713	1.3136886499259588	57.48465678057898	0.19281171811647776	11241	13367	15096	11956
evm.TU.04.1774	0.34235799055218846	0.8617603909837165	57.473651547554844	0.19273479459945983	10761	11206	15095	11954
novel_gene_2905_5bd9a17a	0.5278199069539979	0.9527530686844281	57.451501732029776	0.35664858024391954	11974	11797	15094	13648
evm.TU.02.1184	0.4140441333890497	0.8594234863763264	57.41946540430532	0.2642440268810014	11335	11176	15093	12791
evm.TU.09.92	0.05051384360013957	0.3251922906731515	57.40864297468377	0.006849465186451417	1247	4648	15092	2481
evm.TU.09.747	0.04785958217177413	0.30291277997152616	57.38497308178188	0.006322815512517102	1051	4139	15091	2274
evm.TU.04.1205	0.26477642356834996	1.1056029842899275	57.377740244965786	0.09855082954403994	9804	12553	15090	10355
evm.TU.10.117	0.10515011272120788	0.5881168791197182	57.36597695551442	0.0236667828128798	5005	8787	15089	6526
evm.TU.07.513	0.7197837444359477	1.4878444321993611	57.33689020934347	0.49603204278973223	12843	13838	15088	14579
evm.TU.10.85	0.1825990173350579	0.8356874715459673	57.312766139029044	0.058535847831431204	8107	10982	15087	9112
evm.TU.09.1097	0.21583715213208815	0.9542160747021868	56.92970316362875	0.07374996727663591	8921	11806	15086	9705
novel_gene_1140_5bd9a17a	0.2548016247144696	0.9257469994085812	56.8255270729739	0.1016363355798569	9637	11612	15085	10423
evm.TU.10.1693	0.1342065155305135	0.5134732461152643	56.79282639137865	0.04016907407701535	6478	7850	15084	8149
evm.TU.03.392	0.23549667766140497	0.7151480275573622	56.761637597812026	0.10181663762315322	9316	10015	15083	10428
evm.TU.02.2314	0.03560381695562034	0.23643849784200877	56.731163339407665	0.0037666566423983595	404	2510	15082	1129
evm.TU.02.3217	1.2272687131240674	1.6037821405717498	56.72406399277896	0.9264093430598346	14198	14286	15081	15985
evm.TU.08.579	0.2343054665497659	0.9507637971924753	56.65954982850471	0.08828605708571963	9286	11780	15080	10103
evm.TU.07.1306	2.449489742783178	2.4494897427831783	56.56098391740604	1.5783007146600432	15771	16353.5	15079	16535
evm.TU.03.1337	0.4560693406963745	1.5229481559945377	56.54564405939237	0.2147240812584982	11557	13929	15078	12240
evm.TU.01.1440	0.12089504321032546	0.5842627547331227	56.48395957312607	0.03104422390189825	5882	8737	15077	7401
evm.TU.04.334	0.6174106371885287	1.2815765991702606	56.47079675671801	0.3900096502734247	12501	13289	15076	13903
evm.TU.01.92	0.2122278040097112	0.7456936528358014	56.46016798281634	0.07781747754755136	8834	10284	15075	9818
evm.TU.04.592	0.7483148878552436	1.4265758304123837	56.37046827192264	0.47564197781712364	12898	13697	15074	14449
novel_gene_2127_5bd9a17a	0.2377042625150872	0.9122638367590247	56.35783964436026	0.08819823424272535	9352	11518	15073	10100
evm.TU.08.405	0.1341765387312505	0.6540055559793486	56.32306998161392	0.03441450982168415	6476	9478	15072	7715
evm.TU.02.2075	0.7306221518037148	1.3576203679639287	56.30637621719566	0.4766559436688695	12868	13505	15071	14455
evm.TU.10.1437	0.2943076313403171	0.6830724767959881	56.27180933591278	0.16172186172942543	10236	9736	15070	11499
novel_gene_1962_5bd9a17a	0.7238876750045107	1.3624665799199405	56.22878209388607	0.5055400844654309	12856	13525	15069	14639
novel_gene_507_5bda875f	0.29602589111220334	0.9918227071864895	56.17826994817814	0.13045955404130313	10258	12027	15068	10983
novel_gene_3983_5bd9a17a	0.6082523004815298	1.3587446610237863	56.177593173579204	0.38456925862681207	12454	13509	15067	13860
evm.TU.09.919	0.281321294528225	0.8489881397557627	56.092865037923005	0.12541242700521774	10052	11092	15066	10899
evm.TU.01.1427	0.15968007632909478	1.1181708585256005	56.05206161100365	0.03703518470774764	7447	12612	15065	7922
evm.TU.02.2970	1.5713001737178511	2.0038270822402264	56.024636011136934	0.990125888875895	14778	15088	15064	16101
evm.TU.07.1781	1.6770079183398956	1.9721826099531004	56.020844133319514	1.2345642695204198	15123	15035	15063	16374
evm.TU.02.57	0.3468726376395367	1.286139137470806	55.97701967783885	0.14129659262087907	10804	13304	15062	11181
evm.TU.06.1715	1.0818804747457718	1.5009333509689793	55.94016658752249	0.8939018870607176	13769	13871	15061	15937
evm.TU.08.326	0.6039240383273715	1.2266816474187026	55.8408013228418	0.38754705687780533	12433	13099	15060	13883
evm.TU.09.1626	0.11884870542349923	0.7039551870692262	55.798351079610335	0.027786330359075143	5781	9918	15059	7034
evm.TU.03.2051	0.07990029908014462	0.4012461577462918	55.78305557151979	0.015748202592450126	3393	6151	15058	5150
evm.TU.02.2698	0.09386694151857956	0.5119808400957611	55.643559671445296	0.019819300823698472	4347	7832	15057	5950
evm.TU.04.282	0.558311274477375	1.0126147039506035	55.63872382797832	0.39692967375238875	12168	12133	15056	13952
evm.TU.08.1367	0.2668888005603222	0.7467294128210331	55.61559763237993	0.1271200171174768	9844	10300	15055	10927
evm.TU.05.1669	1.5505307632786323	1.573473682451553	55.60649391625843	1.4560661426756432	14563	14175	15054	16502
evm.TU.10.1570	0.11497224415769784	0.5386265393924328	55.59152927878348	0.027871825253876308	5583	8181	15053	7044
evm.TU.09.1150	0.2146413614572126	0.9659596929421213	55.57813445469154	0.07372392050855164	8891	11881	15052	9703
novel_gene_2767_5bd9a17a	0.08073907997720019	0.3775108180025941	55.552715227635986	0.016391478052696206	3454	5723	15051	5274
evm.TU.04.548	0.5700460943789284	0.9427700198969486	55.55072273750822	0.3935894287624217	12241	11724	15050	13923
evm.TU.08.127	1.1743370475634076	1.6249119348989762	55.540693912727235	0.922256096672103	14062	14362	15049	15980
evm.TU.01.850	1.8406105053737214	2.3817492176523443	55.520996951590575	1.07534042970915	15310	15420	15048	16213
evm.TU.01.1448	0.7439322176287857	1.5118971853681438	55.50625738201919	0.4997787409358255	12891	13898	15047	14596
evm.TU.08.699	0.07026571261937059	0.3496675025343408	55.500701558102534	0.01286061752742093	2725	5171	15046	4432
evm.TU.10.1339	1.549417895143312	1.5586534271874268	55.47392256700517	1.1010448931745356	14522	14100	15045	16242
evm.TU.02.2240	0.21913093257527605	0.8838920357209187	55.454897178239534	0.08128298272345638	8995	11357	15044	9913
evm.TU.02.48	0.22624429231492937	0.7318673779798275	55.453991371658645	0.09281110233643246	9129	10153	15043	10209
novel_gene_1419_5bd9a17a	0.36266705403714616	0.9355248959750153	55.39352122466971	0.1801428250229089	10955	11679	15042	11773
evm.TU.01.2249	0.3763307979492998	1.0843199357404156	55.24345436348454	0.1887682753676634	11087	12465	15041	11886
evm.TU.08.1943	2.4494897427831783	2.4494897427831783	55.153774305048785	1.6593175358042997	16352.5	16353.5	15040	16553
evm.TU.08.1182	1.162336840527313	2.0937407869234077	55.1523267629268	0.7472348589995529	14031	15189	15039	15619
novel_gene_1487_5bd9a17a	1.5605331422763689	1.6513558154960577	55.14706580943262	1.3099008485188537	14697	14453	15038	16428
novel_gene_1224_5bd9a17a	0.606526045921296	1.3494796769781452	55.135351534628256	0.3601660645426094	12446	13480	15037	13674
evm.TU.07.244	0.1935201696173523	0.8694091346086278	55.09752545238583	0.06253552865819693	8385	11262	15036	9306
evm.TU.10.1599	1.753362935316989	2.163610434817213	55.0216707329443	1.1700983240995995	15220	15253	15035	16320
evm.TU.06.1814	0.05610802499915696	0.3046522841368281	55.006140806571665	0.008571557601756607	1672	4182	15034	3142
evm.TU.09.256	0.07673484105507959	0.4384250591723662	54.99218971758398	0.01418240794935186	3178	6794	15033	4764
novel_gene_3481_5bd9a17a	0.20306178653820223	1.0236150587928214	54.93333221827361	0.05401497081788988	8607	12194	15032	8925
novel_gene_1126_5bd9a17a	0.0945809871885362	0.5287659754507246	54.910311610876775	0.01967964652510733	4400	8057	15031	5919
evm.TU.04.1763	0.36378496909798613	1.0742620848091584	54.85852113216538	0.18329363864621384	10967	12417	15030	11817
evm.TU.02.2072	0.1837264581116267	0.7248586390312118	54.82779496417839	0.059879187262466535	8143	10097	15029	9191
evm.TU.08.1910	2.1399189657693	2.3933868570591246	54.7620511349698	1.1706661862448078	15436	15429	15028	16321
evm.TU.02.1688	0.29164757313716755	0.7438832263904364	54.73921046233768	0.1414069429845303	10203	10269	15027	11186
evm.TU.10.2262	0.15366953116022658	0.6733634217193719	54.68464750329487	0.04599178546484195	7255	9649	15026	8502
evm.TU.09.55	0.7298166034988874	1.034843055256327	54.671924068848746	0.6187526301183777	12866	12232	15025	15153
evm.TU.06.2042	1.5894886116274736	1.7890587780070593	54.56211089818917	1.3158518298068524	14882	14777	15024	16430
evm.TU.04.1238	0.28795119060470814	0.7993969674195733	54.53635823439037	0.13690702148988457	10154	10709	15023	11106
evm.TU.09.348	0.43752531939025086	0.8843082235577209	54.53559341722528	0.28315925543943626	11472	11359	15022	12965
novel_gene_821_5bd9a17a	0.5590625478398725	1.2627962873446217	54.53257188294292	0.33413009098008545	12173	13228	15021	13461
evm.TU.08.1167	0.12678372021356557	0.6244773012807798	54.528581958427296	0.0331498585447079	6154	9192	15020	7587
novel_gene_891_5bd9a17a	0.07398958801144223	0.4513254563765018	54.48169181787728	0.0129495218381239	3003	6978	15019	4449
evm.TU.04.114	0.22076675937909732	0.8497497380126608	54.35204764955749	0.07624034365095274	9025	11099	15018	9780
novel_gene_847_5bd9a17a	0.4823150336728379	1.1739055445370796	54.340964036063575	0.2808504401683363	11656	12875	15017	12948
evm.TU.02.1710	0.3944805064835157	0.8963366422303171	54.334521173665145	0.23049343141354348	11210	11436	15016	12409
novel_gene_1650_5bd9a17a	1.5814548700656668	1.5500055171794889	54.251003706002166	1.3064296799933046	14834	14012	15015	16426
novel_gene_3865_5bd9a17a	0.09895277044730098	0.528837939357221	54.25020246436802	0.021721124543476546	4679	8059	15014	6227
evm.TU.07.40	0.09696019566085065	0.47546071093518955	54.249708871384136	0.021665681872697812	4556	7318	15013	6215
novel_gene_1276_5bd9a17a	0.14902672660552999	0.5981742740343353	54.17580717273669	0.04615963288711374	7086	8905	15012	8508
evm.TU.02.223	0.06738876899674232	0.33041940540940684	54.17144363133107	0.011896109272974102	2501	4751	15011	4164
evm.TU.06.1677	0.21371977890087468	0.7725234286732752	54.13499482572735	0.07840052376995214	8872	10513	15010	9832
evm.TU.09.802	2.449489742783178	2.449489742783178	54.13360796468435	1.079657186186143	15771	15771	15009	16222
evm.TU.07.1651	1.2544930944906008	1.7829959057003817	54.12650226744342	0.9484863866046731	14250	14767	15008	16035
evm.TU.10.1972	0.7956947262975849	1.2431364983094635	54.00938752849199	0.5942643375483873	13033	13154	15007	15063
evm.TU.10.2239	2.062216111721493	2.3928139001018236	53.990205664179356	1.3195147364597097	15418	15428	15006	16434
novel_gene_3444_5bd9a17a	1.2273247487478451	1.484096218792334	53.966919871069344	0.9532352776921743	14199	13833	15005	16044
evm.TU.01.3037	0.2509097363254953	1.025339238371249	53.959233872474805	0.09452222056095586	9567	12199	15004	10256
evm.TU.04.1285	0.4322413356039216	1.0331424863554977	53.89630185800976	0.2577552133966014	11438	12228	15003	12722
evm.TU.07.527	0.07312715768864254	0.4037376750470177	53.8757488510827	0.013219155215864826	2949	6200	15002	4537
evm.TU.03.96	0.7616669355622222	1.6105215064632867	53.856007308006426	0.48124651464911133	12928	14308	15001	14486
evm.TU.10.200	2.449489742783178	2.4494897427831783	53.853782814506125	1.5803565615755077	15771	16353.5	15000	16537
novel_gene_428_5bd9a17a	0.26162402235192384	0.7651990724370896	53.84855952594436	0.11110183427109695	9759	10461	14999	10632
evm.TU.02.2990	0.3220215732398885	1.1872744159593684	53.80763750159257	0.13450664536076037	10556	12932	14998	11059
evm.TU.01.2988	0.40468533288955694	0.9809110174649555	53.80189965812707	0.23202550382202536	11284	11967	14997	12434
evm.TU.10.1730	0.9274299244953526	1.5024598695488256	53.78066576417266	0.6856410635842765	13520	13877	14996	15422
evm.TU.10.2049	0.08461486885319164	0.5513848671184433	53.72738883776238	0.015342273334289558	3713	8341	14995	5057
evm.TU.04.1854	0.4139253665810854	1.336476874087616	53.72726792454786	0.1930614714150074	11334	13441	14994	11961
novel_gene_2846_5bd9a17a	0.6418714063664349	1.0431575942495692	53.682979460593224	0.47853295260897977	12607	12284	14993	14472
evm.TU.08.1611	0.12952167315462407	0.5841560318891248	53.505804304878204	0.034660139240138346	6288	8736	14992	7738
evm.TU.10.325	1.5492912578867128	1.5806902415884936	53.5028493114616	1.1443113420243674	14517	14209	14991	16290
evm.TU.04.88	0.9500771018060296	1.3974586996964136	53.47280429804568	0.7308412083176132	13577	13631	14990	15565
evm.TU.04.1330	0.06110944165669474	0.3563106496067967	53.445465115390554	0.00966892727143973	2034	5300	14989	3483
evm.TU.02.2600	0.2901958565077409	0.9693528316072645	53.41469870298387	0.12703692572261424	10180	11900	14988	10926
evm.TU.06.1930	0.27761058802781674	0.9530161144476365	53.40523714825046	0.11864479025094843	9997	11799	14987	10770
evm.TU.06.2047	0.3822310698703655	1.26463011499993	53.38640166257686	0.15946750665017267	11122	13235	14986	11462
novel_gene_2018_5bd9a17a	0.08167477498017307	0.48214553446531383	53.33281483722353	0.015246279654720692	3527	7407	14985	5037
evm.TU.10.1597	1.883162163167002	2.326779723427744	53.29394417037589	1.2142035656742112	15342	15375	14984	16361
evm.TU.02.1498	0.3282084918382851	0.9199577540486535	53.258131796573174	0.1610916209433671	10626	11574	14983	11488
novel_gene_3942_5bd9a17a	0.1338864219019645	0.5940126083941053	53.2480052546612	0.037327487019772704	6466	8856	14982	7945
evm.TU.07.1070	0.27373791020389593	0.9526569073687845	53.16451806597408	0.10307881329341807	9946	11796	14981	10452
evm.TU.04.29	1.856418305223098	2.355426264683454	53.161916437755266	1.0334488914632054	15322	15397	14980	16167
evm.TU.02.2752	0.16383401921159302	0.7211940866884686	53.13135327143247	0.04950339320617828	7568	10071	14979	8696
evm.TU.05.2100	1.153210211108829	1.5526843482685249	53.13007572302056	0.7348002326865941	14000	14050	14978	15576
evm.TU.09.1254	0.38658011710929435	0.9890745040536617	53.12056745192079	0.20553843587836382	11151	12011	14977	12125
evm.TU.03.938	0.09250023790716551	0.41493033409322244	53.109432177582185	0.020445057819767586	4263	6390	14976	6048
novel_gene_3827_5bd9a17a	1.7629762471219992	2.245085311715226	53.104566138727876	1.2592768779716523	15235	15319	14975	16392
evm.TU.04.53	0.08545873314654419	0.3983768999345149	53.08788228966526	0.017961777174461697	3774	6113	14974	5596
evm.TU.03.1018	0.5764732957155256	1.287959781472805	53.063284907165276	0.31954694395322114	12287	13310	14973	13304
evm.TU.05.2068	0.32055895368408693	1.017698313002237	53.02280411927541	0.14446601220577693	10539	12157	14972	11243
evm.TU.06.473	1.7474667616794095	2.2207065318902712	52.939536657294326	1.1837550237027854	15216	15296	14971	16336
evm.TU.08.299	0.3734323643961665	1.022131266125065	52.8654530889713	0.20106956677257914	11054	12183	14970	12069
evm.TU.07.536	0.5669354405319017	1.4962239047211894	52.853683634232496	0.3124770833098557	12221	13855	14969	13237
evm.TU.02.3234	0.154253824125547	0.7391322309021319	52.73433246219975	0.04418097422318426	7281	10222	14968	8401
evm.TU.04.1211	0.18895058276489832	0.8138148161695534	52.72266196563018	0.060137335064838676	8289	10828	14967	9205
evm.TU.01.2954	0.521365966035819	1.3887821503445787	52.685452284707324	0.25870384293915627	11919	13602	14966	12737
evm.TU.08.188	0.35860410778998286	1.1696102745552899	52.6806163289778	0.16364439892029908	10916	12856	14965	11527
evm.TU.10.1517	2.449489742783178	2.449489742783178	52.64974936542311	0.9103640887671037	15771	15771	14964	15965
evm.TU.09.152	0.2390701093866359	0.8697416887705243	52.59701969285187	0.09180400083697447	9366	11265	14963	10186
evm.TU.03.1052	0.5203806351199012	1.191848886282021	52.58938438796765	0.3275901264088318	11911	12951	14962	13400
evm.TU.07.1708	0.366925187998973	0.7673810492778961	52.53729384112343	0.21485331882249864	10998	10482	14961	12241
evm.TU.10.1957	0.24155825532312428	1.0203573152351113	52.536198502260866	0.08823143196067726	9420	12176	14960	10101
evm.TU.02.3131	0.1261764230537923	0.5727837095116112	52.50552191941019	0.033136279653569765	6124	8613	14959	7584
evm.TU.05.250	0.048565274738179454	0.31897983128267754	52.500572853894056	0.006294270562056641	1105	4511	14958	2255
evm.TU.03.1774	0.31879987016335687	1.234269768424666	52.48918242825628	0.1014807229780627	10525	13134	14957	10418
novel_gene_2966_5bd9a17a	1.7115936378245336	2.1276463080574852	52.41402680358426	1.2576852913190768	15176	15220	14956	16391
evm.TU.07.1217	0.4205374586531379	1.1290879112208556	52.33806234847911	0.22827153216286133	11366	12669	14955	12387
evm.TU.08.616	0.11351691560755975	0.6695723946258868	52.32478916660194	0.02574092634058354	5490	9625	14954	6792
evm.TU.04.1733	0.10802408741884735	0.6752779488100452	52.304293738186544	0.021666308958655102	5182	9664	14953	6216
evm.TU.01.925	0.4210264488692069	0.938403878603071	52.264748323440166	0.2467058017651686	11371	11698	14952	12609
evm.TU.09.90	0.05873193834266295	0.3728076891525099	52.2634456077501	0.008725965184843925	1849	5635	14951	3197
evm.TU.06.619	0.07891886244517118	0.49360863149921785	52.23022341995109	0.014155192162152998	3314	7567	14950	4757
evm.TU.05.728	0.9939051535567054	1.64231798942869	52.21741480333429	0.7134674567219788	13663	14430	14949	15520
evm.TU.04.828	0.4937788190154933	1.2314992854593358	52.17518181065446	0.2916895632940829	11714	13119	14948	13032
evm.TU.05.1932	0.20469360414128795	0.47770249499259165	52.15709789374668	0.09184545453826821	8640	7341	14947	10188
novel_gene_1797_5bd9a17a	0.08988583605591104	0.4182673210006336	52.141817559357975	0.019533349317523405	4076	6452	14946	5889
evm.TU.10.2255	0.15438680943057204	0.7669300335511873	52.07274538850956	0.04362499385201299	7288	10477	14945	8361
evm.TU.08.1646	0.1001826499389648	0.5544050000764352	52.00947436674403	0.021551655391075016	4753	8386	14944	6202
evm.TU.05.291	1.564688366010308	1.55294908896145	52.008943084555575	1.1485270914834664	14735	14053	14943	16304
novel_gene_2117_5bd9a17a	0.20738429065350164	0.7327935675216236	51.96774991515183	0.07497610706407978	8704	10163	14942	9744
evm.TU.04.1155	0.7526651745968745	1.619751591863118	51.83439969107386	0.4486946205726325	12912	14337	14941	14287
evm.TU.06.925	0.18711544355590845	0.8011122039763455	51.78872499597674	0.06178179533762265	8231	10730	14940	9277
evm.TU.04.2441	1.5513287186034812	1.5726465579852833	51.78847002779369	1.1831804108177766	14585	14172	14939	16335
evm.TU.05.2047	0.0731239327722745	0.4386905586457326	51.76215912054325	0.012597494620862185	2948	6798	14938	4366
evm.TU.08.238	0.24933664028856725	0.8824485975235244	51.633793245269715	0.09660329498388556	9545	11348	14937	10312
evm.TU.09.912	0.3006869740364027	1.0357818030343435	51.59839807811916	0.1311384768289775	10319	12240	14936	11001
evm.TU.10.1354	2.449489742783178	2.449489742783178	51.550345766901316	1.5738570619412986	15771	15771	14935	16533
evm.TU.02.72	0.1527285232615904	0.8566713352252604	51.51647272994247	0.04007727475902939	7213	11149	14934	8147
evm.TU.10.1513	1.1341771576865691	1.503892731000711	51.508501256236165	0.7889911791311838	13940	13880	14933	15731
novel_gene_6_5bda875f	0.9173070552044323	1.2067843502952749	51.50621097499025	0.6948246066872221	13497	13014	14932	15458
evm.TU.05.874	0.36684134129763657	1.1937265053442676	51.45492594757359	0.17110993796058585	10996	12959	14931	11644
evm.TU.04.2117	1.0589108630151018	1.5516758151670844	51.42090170984715	0.8127149622249868	13743	14035	14930	15787
evm.TU.06.416	0.423717032726865	1.1688490580183357	51.363905733737475	0.22528334346942908	11387	12851	14929	12337
evm.TU.06.852	0.16715938930901966	0.7458603846634712	51.335126750010666	0.05084758939477241	7672	10289	14928	8770
evm.TU.06.825	0.052404666941050386	0.3231246711852701	51.31388109105334	0.007272607671915968	1392	4597	14927	2653
evm.TU.05.816	0.7530156648403799	1.4105464103135312	51.31088943474682	0.49568146037582334	12913	13659	14926	14575
evm.TU.04.370	0.40062116390462127	1.2018410243644029	51.252364329087015	0.1927691722039565	11263	12992	14925	11955
evm.TU.10.1598	1.5482851709167418	2.2161329558245404	51.238139176006136	1.0034748105074254	14496	15292	14924	16125
evm.TU.06.1419	0.6863170429839623	1.3979996804523385	51.211313696175495	0.45921385056589165	12757	13633	14923	14352
evm.TU.02.2922	0.15461015109429288	0.6959048723750736	51.20050411786978	0.044501616332446474	7297	9853	14922	8421
evm.TU.01.2845	0.07776211899705875	0.401622058605766	51.17858673238233	0.014503398123739844	3243	6159	14921	4849
evm.TU.01.569	0.1095193828497893	0.5710078410855497	51.127484045122934	0.02547411647353928	5258	8583	14920	6760
evm.TU.02.2757	0.30207506344031787	1.016339986389427	51.102107922873195	0.13224926178227547	10332	12150	14919	11018
evm.TU.05.1973	1.150308510833191	1.3299457864256112	51.08805840765911	0.9201925548007914	13993	13418	14918	15977
novel_gene_887_5bd9a17a	1.0572031526557348	1.9126757921895847	51.061580859245794	0.6667869529384265	13741	14960	14917	15360
evm.TU.02.1187	0.6901141285779666	1.0642752843135055	50.979534876929854	0.5149446116928914	12774	12370	14916	14686
novel_gene_3037_5bd9a17a	0.23466444470964995	0.7140180766709802	50.97144565926058	0.1004180435160476	9294	10004	14915	10401
evm.TU.06.2043	0.3458838242328852	0.9113743090335242	50.84852846043705	0.1707427104610045	10795	11511	14914	11639
evm.TU.02.1846	0.09372221109011285	0.5240170883331666	50.818273463212726	0.018781052231868395	4335	7994	14913	5749
evm.TU.08.1549	0.22304349781017171	1.0422905350047849	50.765816922070215	0.07577872811628043	9070	12274	14912	9766
evm.TU.06.148	1.0971143189424213	1.1667136278831212	50.73382936626529	0.9709106060080077	13788	12842	14911	16061
evm.TU.06.1883	0.4143280232844767	1.3129740378080923	50.7117212255872	0.1997798093628297	11336	13365	14910	12054
evm.TU.07.1506	0.13830967817168652	0.6050964540728463	50.70938115136306	0.03872463089263508	6668	8974	14909	8047
novel_gene_1148_5bd9a17a	0.39295085690586756	1.1486515652842757	50.63412991035436	0.19747521391553408	11204	12749	14908	12018
evm.TU.02.3262	0.15957089770313085	0.7366983832159781	50.6099003537926	0.04672683124737412	7441	10196	14907	8537
evm.TU.01.1203	0.13158809336959335	0.5961848494260746	50.51718674154019	0.03514267900979711	6380	8886	14906	7774
novel_gene_3186_5bd9a17a	0.48489097836371575	1.3836054950901158	50.47199376175623	0.25371592101929813	11670	13586	14905	12683
evm.TU.02.1350	1.4083584824388926	1.51271690630906	50.445024937275775	1.2793347948742508	14426	13900	14904	16409
evm.TU.07.338	0.13172386404906453	0.5481856452888644	50.351565285985075	0.036920326614825125	6388	8303	14903	7913
evm.TU.03.75	0.195438100924431	0.805536362074344	50.27150562245878	0.06499474116181178	8422	10761	14902	9394
evm.TU.04.1201	0.040467373871596976	0.29473119043945417	50.26185290879915	0.004360937111248609	610	3929	14901	1414
evm.TU.02.2316	0.23468998053160042	0.8769966624553148	50.233036599647136	0.08910990135113502	9297	11323	14900	10125
novel_gene_2934_5bd9a17a	0.3760479189160566	1.232306788226683	50.181788918992	0.15707389778809108	11082	13122	14899	11427
evm.TU.08.1578	0.28616736744241283	0.8709796165205437	50.17437267331834	0.12712010070231167	10124	11277	14898	10928
evm.TU.01.410	0.34997769181991945	1.0553983842613133	50.11195456343128	0.15502486288987846	10836	12331	14897	11394
evm.TU.04.877	0.1353801982502386	0.5928019192864284	50.09900363994358	0.036884054968419636	6539	8847	14896	7908
evm.TU.07.185	1.5736316060172868	1.731345006883284	50.09143586087183	1.290695813211879	14787	14657	14895	16415
evm.TU.02.2171	0.13671189413751716	0.630224116089311	49.98618198387297	0.03638235555218816	6599	9254	14894	7875
evm.TU.02.8	0.4599737611419889	0.740840408521227	49.95870326517194	0.3291324766205119	11574	10239	14893	13415
novel_gene_2606_5bd9a17a	0.2522155599837391	0.8853761330448068	49.86957436544456	0.10255281993048425	9590	11371	14892	10440
evm.TU.02.1654	0.05261468701007	0.30107248215028054	49.865440018582625	0.007515729500737306	1410	4093	14891	2752
evm.TU.08.1961	1.0329739885649154	1.5458751238261348	49.83144481285685	0.7876315808934453	13718	13978	14890	15727
evm.TU.03.1706	0.4778304116228957	1.5840275030802562	49.82187608514634	0.22753381468523354	11641	14222	14889	12370
evm.TU.08.166	0.610064591025112	1.5996591553831754	49.81479582354347	0.321636091180423	12463	14271	14888	13327
evm.TU.03.1819	0.5949343800105442	1.264294709505413	49.79257953350441	0.3661337380054094	12381	13232	14887	13734
evm.TU.04.2208	0.5699576228349047	1.230258622512236	49.72673043285533	0.3767898640778265	12238	13112	14886	13800
novel_gene_2065_5bd9a17a	1.8094318733962915	2.295050154314774	49.723034921841055	1.14852321096795	15281	15355	14885	16303
evm.TU.02.2187	0.308956162458685	0.9516167075682259	49.679142976413026	0.1356201041563894	10417	11786	14884	11084
evm.TU.02.277	1.7042304440825555	2.1808162360400756	49.67886682129191	1.1481794879911122	15166	15267	14883	16302
novel_gene_3192_5bd9a17a	0.1915451465101083	0.5341992815824891	49.65404537420857	0.07167635825240402	8343	8122	14882	9647
evm.TU.10.1993	0.45930169453492725	1.3591124182092402	49.566536444523074	0.23198355495855494	11570	13511	14881	12432
evm.TU.10.924	0.04215974127918483	0.2507772312309998	49.526103413766094	0.005085131991833051	703	2861	14880	1745
evm.TU.10.1562	0.35033470174737086	0.7621357654146903	49.50366383871152	0.20566542523080764	10839	10435	14879	12128
evm.TU.07.1179	0.47101202168633116	1.2487797865618528	49.43991282232256	0.25461985546181937	11615	13177	14878	12691
novel_gene_7_5bd9a17a	0.289141783363156	0.822525899576664	49.375656567244576	0.11999472803326428	10168	10902	14877	10794
evm.TU.02.2505	0.13314938563026943	0.6222965508443944	49.334191213152444	0.035747763412789096	6443	9167	14876	7819
evm.TU.07.1377	1.1316530947854104	1.7042915232755405	49.300904393696534	0.6843554949687574	13937	14583	14875	15414
novel_gene_1647_5bd9a17a	0.5144548717640541	0.8481104266995977	49.25608274350123	0.3823849228737352	11876	11085	14874	13840
evm.TU.02.2478	2.449489742783178	2.449489742783178	49.242856682038365	1.1112426305400993	15771	15771	14873	16255
evm.TU.04.2106	0.07254264891796089	0.4402075544008731	49.1456805206635	0.012397880638479812	2915	6821	14872	4313
evm.TU.08.737	2.4494897427831783	2.4494897427831783	49.144769986425395	0.9994280714273527	16352.5	16353.5	14871	16116
novel_gene_3893_5bd9a17a	2.4494897427831783	2.449489742783178	49.13916968658395	1.5645679582319647	16352.5	15771	14870	16528
evm.TU.03.408	0.15800658633698844	0.7165683682618212	49.12010629946786	0.046187390725605036	7401	10031	14869	8509
evm.TU.10.2116	0.18917012790448776	0.8816387528989653	49.11187692807619	0.05906538837728188	8296	11344	14868	9141
evm.TU.08.735	2.449489742783178	2.449489742783178	49.09491906189208	0.977629759747863	15771	15771	14867	16078
evm.TU.09.1079	0.14662500627413558	0.5230474253032912	49.077254232568755	0.04416249573275899	6994	7984	14866	8399
evm.TU.07.755	2.449489742783178	2.4494897427831783	48.96801316031362	1.6315329856503507	15771	16353.5	14865	16546
evm.TU.06.1866	0.15652478254686364	0.7677400828992428	48.959260265504284	0.04393977038206501	7352	10486	14864	8382
evm.TU.06.1439	0.1482710592322497	0.6594396779117627	48.9458251756244	0.04105919292152267	7065	9539	14863	8205
evm.TU.02.2516	1.4542779727093047	2.1281246562500855	48.89059834337344	0.9767631764482135	14452	15222	14862	16074
evm.TU.02.3008	0.12221288611740799	0.729457066737865	48.86974573773323	0.027960546753862583	5952	10133	14861	7056
evm.TU.02.2381	0.13723660615603286	0.6083631684859646	48.868969948081855	0.03736833891349728	6625	9012	14860	7950
evm.TU.08.638	0.11849530820150438	0.5845697855734376	48.86341879181527	0.029122768971097522	5765	8740	14859	7192
evm.TU.04.333	0.5284254384990874	1.1829428347112363	48.84798637503081	0.30718142865980275	11980	12912	14858	13186
evm.TU.02.1470	0.2713011918278707	1.0817872485984417	48.83630468240333	0.09701523499903807	9918	12451	14857	10324
evm.TU.05.950	0.167713716912781	0.8014370079694502	48.82264441617134	0.04874628583253843	7682	10733	14856	8655
novel_gene_1676_5bd9a17a	0.14797672986788465	0.6283078678207829	48.79892004193232	0.04233861264108012	7047	9234	14855	8274
evm.TU.01.360	1.922085575246694	2.115017277659998	48.795316255531404	1.340580558568742	15357	15208	14854	16449
novel_gene_2_5bd9a17a	1.3517748715678488	1.9687311144406086	48.68945582538768	0.9389408202749651	14373	15028	14853	16013
evm.TU.01.1814	0.9359653133234641	1.4612457981996936	48.67308168381594	0.7097056170472306	13543	13783	14852	15505
evm.TU.07.398	0.16620071125702146	0.7547634080044122	48.48140851965673	0.05012631625272036	7647	10369	14851	8722
evm.TU.07.419	0.38652817713265347	0.9605156403651375	48.46884211166204	0.2130973239295039	11149	11851	14850	12224
evm.TU.07.51	1.80063795090201	2.3407021751090213	48.44268659844864	0.9286349842530243	15272	15392	14849	15993
evm.TU.10.1017	0.4729216786230294	1.2512789005112812	48.436635389663785	0.2518281690950791	11617	13186	14848	12658
evm.TU.03.283	0.28234526524275855	0.8401066430966221	48.38284893349522	0.1284321924703593	10068	11017	14847	10945
novel_gene_3205_5bd9a17a	1.7272728368256556	2.2673317163656694	48.37076914637121	0.9435044722366659	15194	15339	14846	16028
evm.TU.02.2760	0.9007155791705205	1.7075564206773215	48.30214590094894	0.5278549836521813	13442	14594	14845	14754
evm.TU.02.2691	0.04450061380569329	0.2868348836515804	48.28867664608632	0.00542358077123496	836	3723	14844	1890
evm.TU.07.819	0.43263779183121587	1.0778262937286487	48.271787122194496	0.24101601279442295	11442	12431	14843	12529
evm.TU.08.337	0.13922371494624713	1.1092111585025872	48.20327404664007	0.02580938346675047	6705	12568	14842	6801
evm.TU.05.1173	0.4802305623202426	0.8643191117089685	48.18926114055552	0.31079157146180214	11648	11224	14841	13221
evm.TU.07.1821	1.1838413315376433	1.3597500071329092	48.159095345344795	0.9634331027029184	14095	13513	14840	16057
novel_gene_1236_5bd9a17a	0.5394156344595422	1.2516159215885658	48.08777868769206	0.3095375097527205	12053	13189	14839	13203
evm.TU.09.298	1.0493116935401587	1.4575676008563763	47.92311308545659	0.8316083876158201	13735	13773	14838	15837
evm.TU.05.1198	0.7802634072498947	1.1048669696653506	47.87582719495179	0.5713218811955539	12979	12550	14837	14965
evm.TU.07.1878	0.6566975904717551	1.1721205428667416	47.875664875924095	0.46142217590875173	12668	12863	14836	14374
evm.TU.06.2072	0.31787894086878216	0.7787327677977756	47.87082224627394	0.1592897415155849	10515	10556	14835	11460
evm.TU.04.1907	2.449489742783178	2.449489742783178	47.86982581232308	1.3597349867960857	15771	15771	14834	16459
novel_gene_2125_5bd9a17a	1.5609412592426113	1.5522731814213082	47.85817041497537	1.3026890853963071	14702	14043	14833	16422
evm.TU.01.1024	0.152927018894316	0.5407264537539309	47.82724835561721	0.047067183872207055	7222	8203	14832	8554
evm.TU.10.501	1.3102102175072017	1.6982101165535946	47.78830185610782	0.9384710150535451	14335	14565	14831	16011
evm.TU.10.1894	0.08746731106201326	0.5333169343979604	47.77531729391961	0.01655960823098771	3902	8112	14830	5312
evm.TU.01.469	1.238302081110555	1.7868759643180692	47.70049420529654	0.7822993446334789	14219	14772	14829	15709
evm.TU.06.737	0.07347443844372961	0.4006340453832057	47.67650606673759	0.013038671227628758	2971	6141	14828	4483
evm.TU.07.242	1.574002163038621	2.2700782399524053	47.63497590749426	0.9220305319424091	14791	15341	14827	15979
novel_gene_2483_5bd9a17a	0.39656891471923406	0.828277655581754	47.607695909372275	0.23731821012854212	11231	10939	14826	12497
novel_gene_1811_5bd9a17a	0.2697427948471628	1.0016326128337225	47.56087441781261	0.10254183586111158	9892	12077	14825	10439
evm.TU.08.350	0.09143526040903216	0.42266567181168496	47.522897340917844	0.019824536573408883	4179	6523	14824	5951
evm.TU.09.1089	0.12451137038832943	0.5776483649517382	47.51044730474279	0.03200453037533715	6055	8666	14823	7488
evm.TU.01.1941	1.1866579202893166	1.4032122073962234	47.455604637708106	0.9738056665198729	14103	13647	14822	16068
evm.TU.09.959	0.18538950754152922	0.7926117085608179	47.443874597261946	0.05902465230589364	8190	10656	14821	9134
evm.TU.04.2191	1.7058628609890916	2.3355235719917835	47.383990096029954	0.63625066631345	15169	15387	14820	15222
evm.TU.02.3065	0.2173632093336539	0.8978949876284278	47.34278005961594	0.07262885813081126	8953	11441	14819	9674
evm.TU.02.3155	0.40657420859049637	1.0456493504556157	47.34000777627019	0.21946919727334901	11298	12297	14818	12280
evm.TU.08.1924	0.12855603759708295	0.7177521941267847	47.324455145541016	0.030304548653835747	6243	10043	14817	7315
evm.TU.07.1751	0.14926214764817847	0.5365016594405546	47.30997738058665	0.04642904258271952	7094	8152	14816	8518
evm.TU.01.746	1.4280309423207058	1.5718871531933472	47.26060157025336	1.0613438610722188	14440	14170	14815	16195
evm.TU.02.930	0.2699361653255472	0.9365509326770659	47.242980046282966	0.11183055636385625	9895	11685	14814	10643
novel_gene_3401_5bd9a17a	0.3150525820172439	0.6462952238469221	47.23911076695429	0.17917389096731523	10484	9415	14813	11761
evm.TU.02.2749	1.1898439160508159	1.4834857260777259	47.23394676651372	0.8787216590385303	14112	13832	14812	15915
evm.TU.02.3044	0.21517717347088333	0.95432786279688675	47.20252141260074	0.07139562151457986	8905	11807	14811	9637
evm.TU.01.1019	0.6738685373161546	1.3882492786621201	47.19308885435198	0.43899581081848554	12725	13599	14810	14227
evm.TU.10.1928	1.3976032396255889	2.1057979452589146	47.19061521346949	0.7664746086276197	14414	15198	14809	15668
novel_gene_725_5bd9a17a	0.980948754359405	1.6155510194351939	47.1698758497662	0.6472471702669086	13644	14325	14808	15266
evm.TU.10.1320	2.449489742783178	2.4494897427831783	47.136261116212154	1.027343284875093	15771	16353.5	14807	16158
novel_gene_3337_5bd9a17a	0.6485854704365247	1.7053177163148905	47.04968661637683	0.34019894432505854	12635	14586	14806	13508
novel_gene_1194_5bd9a17a	0.6328400678828512	1.2621925285781248	47.02815914917254	0.42322006117010186	12564	13226	14805	14111
evm.TU.07.1104	1.0631740872923605	1.6659930955164868	47.01688240991592	0.6403592421102651	13747	14490	14804	15240
evm.TU.05.665	0.11306202209579656	0.5879021315890126	46.95573520235907	0.0260004648341348	5465	8782	14803	6821
novel_gene_589_5bda875f	0.12769471242699137	0.5434355798138358	46.92390614681938	0.03420678841375609	6200	8243	14802	7690
evm.TU.10.46	0.470042445224227	1.3631638816130744	46.87733341540539	0.22825098666253013	11612	13528	14801	12385
evm.TU.06.174	0.2593467966539112	0.6809654489579631	46.85225154629693	0.11699172434479167	9727	9714	14800	10738
evm.TU.02.2965	0.3072918891231159	0.689712232243529	46.85018531705997	0.15846286719160885	10399	9794	14799	11448
evm.TU.03.1138	0.17836711955990345	0.5990789344525606	46.83542284158152	0.06336116745084827	7986	8917	14798	9334
evm.TU.01.750	0.19502451215764124	0.7565773731315046	46.81918875575669	0.06699021512770191	8409	10385	14797	9476
evm.TU.02.3111	2.1704714732767183	2.4157469962502693	46.81791673770335	1.3874365458650386	15441	15445	14796	16477
evm.TU.08.829	2.449489742783178	2.4494897427831783	46.78324617956293	1.446799156984863	15771	16353.5	14795	16498
novel_gene_1352_5bd9a17a	1.5986691606973171	1.9551458156869541	46.782487229352945	1.2478841625677204	14919	15010	14794	16383
novel_gene_2078_5bd9a17a	0.22416973232122134	0.8987041369824326	46.70513195863668	0.08064097550791868	9092	11445	14793	9896
evm.TU.04.254	0.1997122787488746	0.5905761753902073	46.69067510556437	0.07854644083672346	8514	8814	14792	9836
evm.TU.06.1960	0.20805668035923	0.62023825304267	46.67552610897217	0.0831514298687537	8723	9139	14791	9968
evm.TU.04.632	1.3825656063589895	1.9515847055035744	46.6699976230753	0.8710428329795723	14399	15002	14790	15900
evm.TU.07.49	0.5566342262749222	1.0439277836894176	46.66331455035632	0.3827918602914248	12157	12288	14789	13844
evm.TU.06.983	0.23050836228241278	0.8413680107974156	46.53339882519174	0.08712829899857504	9212	11033	14788	10073
novel_gene_2788_5bd9a17a	0.3840253029292966	1.315681399977171	46.51067985095125	0.1558051402940478	11132	13372	14787	11407
novel_gene_521_5bda875f	0.08065351677908625	0.4274293854953321	46.48570908173981	0.01530853312734666	3448	6606	14786	5051
evm.TU.06.550	1.5538789336934367	1.6097571382296971	46.48075768114432	1.3765367195585452	14623	14306	14785	16467
evm.TU.10.1793	0.6953995979044918	1.0989716251697084	46.47589590421475	0.5098804556182679	12786	12520	14784	14661
novel_gene_746_5bd9a17a	0.0528908791395516	0.3370930663027383	46.43646897723882	0.007156453610997872	1436	4893	14783	2601
evm.TU.08.1881	0.17841089835038154	0.6801864324541337	46.42147523086141	0.05931173728708	7988	9707	14782	9156
evm.TU.02.1826	0.11541475850874351	0.39289257288608487	46.40296138895774	0.03126623855264461	5604	6014	14781	7418
evm.TU.10.1096	0.14948400139381754	0.6504479020100519	46.394394698714116	0.04289619239066454	7103	9447	14780	8308
novel_gene_457_5bda875f	0.4571629526642246	1.1245868801682763	46.39072399279212	0.2523897164966099	11563	12644	14779	12667
novel_gene_2568_5bd9a17a	2.449489742783178	2.449489742783178	46.371037313312264	1.3504835591297701	15771	15771	14778	16452
evm.TU.04.136	0.18432411525845976	0.8055746134413106	46.368882577689085	0.05734251375936405	8152	10763	14777	9069
novel_gene_2301_5bd9a17a	0.1020233301247772	0.4963814978354416	46.35354265946908	0.022730525055732448	4843	7609	14776	6398
evm.TU.10.28	0.07948824075757298	0.45190891998122396	46.3250604638695	0.014545783247467305	3358	6985	14775	4862
evm.TU.06.1377	0.1920264241095265	0.9410155952227751	46.29224781072529	0.056588152991652756	8357	11715	14774	9031
evm.TU.02.98	0.26821654723829047	0.5748446103441313	46.24525144356892	0.12862774210910927	9868	8641	14773	10950
evm.TU.06.2117	0.27163769272457405	0.6608266647919727	46.23963235958666	0.12587677368306863	9921	9553	14772	10907
evm.TU.03.1032	0.06263628359533499	0.3602825444053988	46.22039694146287	0.009814913414198777	2138	5384	14771	3529
evm.TU.09.746	1.8013226399836815	1.896472738477029	46.21506445752524	1.1760113155288654	15274	14943	14770	16327
evm.TU.08.360	0.14881317468569435	0.5838061069636901	46.188279588104876	0.044120543632197286	7078	8733	14769	8394
evm.TU.07.309	0.20903121601401167	0.8441412935761672	46.165647934910446	0.06934726760976523	8747	11054	14768	9564
novel_gene_2014_5bd9a17a	1.7200572558202905	2.207457615331187	46.10906233192126	1.1874798377170324	15186	15286	14767	16339
novel_gene_3020_5bd9a17a	0.4884760701835778	1.212605875309494	46.05375823414132	0.26623246470176776	11683	13045	14766	12805
evm.TU.09.1497	0.08879280033307288	0.4958076838506849	46.03304533552577	0.017486196278196895	3993	7605	14765	5495
evm.TU.04.2085	0.12187500334713816	0.7327790350246238	46.02821804551978	0.026276300491033286	5935	10162	14764	6863
evm.TU.06.1693	0.048374927501009794	0.29043203979422366	45.99392274004098	0.0062943316356864915	1089	3815	14763	2256
evm.TU.05.339	1.7107134346090078	2.1386868676368005	45.921856296042584	1.1472334592501794	15174	15227	14762	16299
evm.TU.04.1715	0.43008553638314256	1.0954071290261704	45.81787944105131	0.23088891942980438	11426	12500	14761	12415
novel_gene_2585_5bd9a17a	0.5345159141275698	1.25132601631792	45.81769508976728	0.30204655958691523	12021	13187	14760	13141
evm.TU.09.126	0.24524815671755432	0.8115640353507675	45.813252178323346	0.09845544011126127	9483	10808	14759	10353
evm.TU.ctgX3.15	0.31423646491519686	1.0100192027416575	45.81226248721303	0.14137104947359205	10474	12118	14758	11184
evm.TU.05.1169	0.4327543456928306	1.0132308651590234	45.78731204147318	0.23587277154361222	11443	12138	14757	12479
evm.TU.10.1835	0.40026872064358854	1.0701288403516596	45.762127076802564	0.20903901613284237	11257	12393	14756	12172
evm.TU.04.1039	0.3551582064584434	1.3206369561295666	45.62055789364908	0.1306239451658405	10889	13389	14755	10989
evm.TU.10.1810	2.4494897427831783	2.4494897427831783	45.61771141525483	1.6410690284155658	16352.5	16353.5	14754	16550
novel_gene_2782_5bd9a17a	0.08762396356586281	0.38973956485800576	45.61128133352831	0.018417282105809046	3910	5946	14753	5676
evm.TU.01.2891	0.11062557313702362	0.5110575342363421	45.59158156632253	0.025828114622782592	5319	7817	14752	6803
evm.TU.04.102	0.5286845714434336	1.1382484253213123	45.5857196493603	0.32422900967994916	11983	12700	14751	13360
evm.TU.04.853	2.4494897427831783	2.4494897427831783	45.52651396517657	1.5796978274160498	16352.5	16353.5	14750	16536
evm.TU.01.863	0.144006122317728	0.7360453007322599	45.5168980144058	0.03772036243758543	6892	10186	14749	7969
novel_gene_1878_5bd9a17a	0.6090673233089321	1.5381699226962757	45.47749879042857	0.29986503297199785	12461	13959	14748	13113
evm.TU.02.1973	1.198461902496489	1.9727949819866843	45.444251245717894	0.7952456708577684	14140	15036	14747	15747
novel_gene_3075_5bd9a17a	0.7738737011782023	1.0981979514044635	45.412697378527774	0.6376061530619793	12954	12514	14746	15226
evm.TU.06.2058	0.09194793629252865	0.44479618770834145	45.3705137512351	0.019394283275945647	4220	6895	14745	5873
novel_gene_2235_5bd9a17a	0.12284563142489359	0.4783485626792057	45.32510863084626	0.033512392433262844	5974	7350	14744	7620
evm.TU.09.1318	2.4494897427831783	2.449489742783178	45.28698414561604	1.5076288702566816	16352.5	15771	14743	16518
evm.TU.10.1566	0.14597979705501932	0.7583969030353342	45.23354113532414	0.0382986128527854	6959	10397	14742	8019
evm.TU.07.66	2.449489742783178	2.4494897427831783	45.18924858647988	1.5805594757134818	15771	16353.5	14741	16539
evm.TU.04.867	0.12474767080695177	0.4892001449291698	45.16956550533938	0.033271937377466775	6067	7502	14740	7600
novel_gene_3435_5bd9a17a	2.3856244996874736	2.4429552475419234	45.10484155570382	1.5168826749050242	15463	15462	14739	16520
evm.TU.08.1197	1.6097307742969207	1.8831821809160407	45.07657178806684	1.2203140561433576	14958	14922	14738	16366
evm.TU.01.187	0.13395990100523436	0.6848671501538918	45.074039653424826	0.03356766560052725	6470	9750	14737	7624
evm.TU.05.1097	0.16407579170128597	0.8602111016493711	45.07311337628941	0.04353291900570637	7573	11182	14736	8353
evm.TU.05.524	0.8658166671588379	1.3920077626070957	45.07124568721821	0.6385977803257606	13332	13611	14735	15230
evm.TU.07.1744	2.4494897427831783	2.4494897427831783	45.05533294654904	1.5744812470483915	16352.5	16353.5	14734	16534
evm.TU.09.316	0.6545256000819497	1.1578948167689893	45.05321595744477	0.41812056430084776	12660	12798	14733	14081
evm.TU.10.1896	0.1518449448648581	0.7156537536187056	45.02243555690059	0.04237464898318774	7186	10022	14732	8277
evm.TU.04.1	1.5495852776519923	1.6285187756166737	44.95453194681419	1.2095198458989322	14536	14375	14731	16357
evm.TU.06.2076	2.449489742783178	2.449489742783178	44.935868220030805	1.3936982179974793	15771	15771	14730	16482
novel_gene_686_5bd9a17a	0.13006213660806598	0.6944781542076325	44.9051557476901	0.03196194798425273	6318	9835	14729	7483
evm.TU.03.1294	0.3434151765627193	0.8758080588642086	44.84041247477362	0.17427176912047326	10769	11315	14728	11691
evm.TU.04.2411	1.3056445881064471	1.9811253782782563	44.82619054282713	0.8604627111147299	14330	15052	14727	15880
evm.TU.03.247	1.3537994772066164	1.8311429834841557	44.76621240866049	0.9416604411048446	14375	14845	14726	16023
novel_gene_3177_5bd9a17a	0.297799618589447	0.6959215871643176	44.762796785467536	0.13556972513888707	10282	9854	14725	11083
evm.TU.06.1324	0.15644619890366757	0.6214880804969949	44.74198956110612	0.047553990751808564	7346	9161	14724	8583
evm.TU.10.1316	0.15453286658311957	0.7645979702071982	44.652352148157526	0.04218579077566188	7295	10457	14723	8265
evm.TU.05.190_evm.TU.05.191	0.20676137578884451	0.6552316503199948	44.62330391544753	0.07899871262291448	8689	9497	14722	9847
novel_gene_3189_5bd9a17a	0.13301838020459994	0.6067761918579294	44.58028866424407	0.03433524154976738	6437	8994	14721	7709
evm.TU.03.365	0.2650435511527536	0.7034974782506318	44.54933058028559	0.1184729676972992	9807	9917	14720	10768
novel_gene_1897_5bd9a17a	0.3563010324646587	0.858572852484705	44.54896580511458	0.1913757436695751	10899	11166	14719	11927
evm.TU.04.69	0.10441916119923017	0.5391020160041541	44.54438632155951	0.02295468968999517	4970	8190	14718	6422
novel_gene_1543_5bd9a17a	0.11842182290464473	0.5483191010552663	44.52649038795697	0.029281622122838673	5762	8306	14717	7213
evm.TU.10.763	0.9078675035468432	1.4329986642828478	44.51454106233434	0.6439622567385006	13466	13712	14716	15252
evm.TU.06.1420	0.2396948287710883	0.8363144573180847	44.50653707254952	0.09200666138823342	9386	10987	14715	10194
novel_gene_2521_5bd9a17a	0.3709993907136655	1.0631192886914	44.5051210880786	0.16116534493168927	11037	12368	14714	11490
evm.TU.10.257	0.17332160716348421	0.599406601571325	44.50484646221008	0.05890011492124302	7854	8922	14713	9130
evm.TU.10.941	0.8724824993034074	1.145136625748438	44.445024797742555	0.6989028069358388	13355	12737	14712	15469
evm.TU.02.3113	0.1461778584949344	0.6275989235067249	44.42967563283976	0.04125726508910082	6969	9222	14711	8217
novel_gene_1403_5bd9a17a	0.23218800335925588	1.088566261733569	44.39351571469865	0.0742680511792868	9244	12474	14710	9725
evm.TU.07.1367	0.12959458316983888	0.5666518215023763	44.38326372361558	0.03423489027145444	6290	8527	14709	7698
evm.TU.06.863	0.15108347075916911	0.6428935887791581	44.37922610861185	0.04326403914645258	7156	9384	14708	8332
evm.TU.04.724	0.36232878136570146	1.118635383296839	44.37054374601588	0.16752617634253966	10950	12613	14707	11592
evm.TU.02.2878	0.6419005330464628	1.1229726973908947	44.34298329855101	0.45218137417254084	12608	12635	14706	14301
novel_gene_2245_5bd9a17a	0.2517938815936364	0.8620698081123416	44.320907379141616	0.09339535574556562	9581	11207	14705	10227
evm.TU.06.1550	1.9405566301773503	2.363990495194848	44.315885584550216	1.156962789636679	15369	15404	14704	16310
evm.TU.04.951	0.3558889790827949	0.7655302648723886	44.30457643843264	0.20721738107667856	10896	10463	14703	12147
evm.TU.02.2019	0.27474896242367	0.6717836245747303	44.281963846717424	0.12841136464498237	9962	9639	14702	10943
evm.TU.07.1901	0.04919475867493973	0.3126245255807227	44.27443971989286	0.006324724765577116	1144	4358	14701	2276
evm.TU.05.1095	0.24148968749992714	1.0875470293211242	44.24877761147508	0.08221569033212107	9416	12471	14700	9941
evm.TU.01.2345	0.5005272519917399	1.1447354698248762	44.242688929200696	0.2896283694723569	11776	12734	14699	13018
evm.TU.ctgX21.2	1.5501712732072563	1.5702200922575167	44.214676322435395	1.377883074748657	14557	14160	14698	16468
evm.TU.02.3015	0.3031482341532806	1.139184514858034	44.211005690566886	0.10618559945092707	10352	12703	14697	10530
evm.TU.06.2111	0.18859655581270351	0.9234351847136154	44.19497194878677	0.056019626135726135	8280	11599	14696	9007
evm.TU.01.2984	0.2204372807383829	0.7976677305112722	44.089583482205434	0.07952975676421355	9016	10692	14695	9868
evm.TU.04.1490	0.06735973967860857	0.4371640695508809	44.00626776489528	0.010370587289446762	2498	6771	14694	3696
evm.TU.04.118	0.12115002124217544	0.5300911327308906	43.98647243954921	0.030356255462833364	5895	8072	14693	7325
evm.TU.07.1693	0.17174383376418928	0.7428496101004946	43.97788421828121	0.05222495093214195	7799	10256	14692	8837
novel_gene_1297_5bd9a17a	0.31294669027817795	0.9544646841984248	43.94517148734505	0.1425215152656289	10457	11808	14691	11212
evm.TU.03.2004	0.23376816850697474	0.9429601965456987	43.8644788045123	0.08224873629827305	9269	11726	14690	9943
evm.TU.02.2491	0.1963809075231221	0.6102980695753226	43.859291554732465	0.07252418007977864	8444	9025	14689	9672
evm.TU.09.375	0.6541706650182245	1.4950634000351366	43.83991622752834	0.3781849761680979	12655	13850	14688	13809
evm.TU.06.1725	0.4637883045946404	0.9660073546339807	43.83621958008749	0.27758904345183905	11589	11882	14687	12927
evm.TU.02.1809	0.6021298906606842	0.8760714480927939	43.8276787574464	0.4813550137759906	12426	11316	14686	14488
evm.TU.10.180	2.4494897427831783	2.4494897427831783	43.77378841248091	0.9724656351670702	16352.5	16353.5	14685	16065
evm.TU.02.2682	0.9252952833872272	1.4288604676216283	43.74892586340067	0.6467224944240857	13514	13706	14684	15265
evm.TU.10.1191_evm.TU.10.1192	0.8071065644269863	1.4961756194790408	43.69908038940619	0.5249792219103953	13089	13854	14683	14731
evm.TU.08.196	2.449489742783178	2.4494897427831783	43.693403696728126	0.5919601948648243	15771	16353.5	14682	15053
evm.TU.10.416	1.5210089477222248	2.106023185304419	43.667140257627956	0.9607652386211191	14486	15199	14681	16053
evm.TU.10.1022	0.2039400760209317	0.9094909288200028	43.60713071954743	0.0652221016563808	8627	11501	14680	9405
evm.TU.04.1510	0.6439427616481134	1.3507130715429045	43.60307558329989	0.4010526104183274	12615	13486	14679	13980
evm.TU.10.1467	0.06187811470477046	0.33358199004144096	43.55584248849231	0.009739706194340303	2085	4817	14678	3496
evm.TU.10.2054	1.0212874096511877	1.8759488457199411	43.532259959151226	0.5886958452203849	13704	14912	14677	15041
evm.TU.08.1982	2.449489742783178	2.4494897427831783	43.52194004611151	1.5850774782782393	15771	16353.5	14676	16540
evm.TU.04.269	0.45098823023168566	0.9671388834944072	43.51066532191894	0.2728535874519544	11536	11888	14675	12886
evm.TU.10.1289	0.22129403574152706	0.6143975217598255	43.5016922034064	0.09069902603757678	9036	9066	14674	10164
evm.TU.04.1527	0.0716308554877764	0.3781404032716991	43.48374997339379	0.0124248438368402	2832	5741	14673	4320
evm.TU.07.1757	0.3544135329978237	1.287739015558614	43.477483296248785	0.14527786826288658	10884	13308	14672	11250
evm.TU.02.1875	0.09221743665324526	0.479527309023808	43.47465459081302	0.01856547826493718	4245	7375	14671	5713
novel_gene_603_5bda875f	0.24840483277760175	0.6956223925203106	43.46175333341013	0.10604221243755929	9529	9844	14670	10525
novel_gene_2039_5bd9a17a	1.7327372274442496	2.2889367539991965	43.43642017532739	0.9555134696854286	15203	15353	14669	16046
evm.TU.10.1516	1.1870811303233064	1.6545946384550723	43.43223631522267	0.7501241512424907	14108	14459	14668	15625
evm.TU.02.992	2.449489742783178	2.4494897427831783	43.42874584728784	1.4655827719653043	15771	16353.5	14667	16506
novel_gene_1290_5bd9a17a	0.043810605343372985	0.2945755391595182	43.394494104394006	0.005123163547754976	799	3924	14666	1756
novel_gene_3284_5bd9a17a	0.1795517690715177	0.7824705682142437	43.361528092759954	0.055365475899337865	8022	10585	14665	8985
evm.TU.06.220	0.3586875679502647	1.3582213304377848	43.35464411143856	0.14412375214495876	10917	13507	14664	11235
evm.TU.02.1712	0.18808438024586785	0.7640638093425092	43.34684811341707	0.059087673616254006	8262	10453	14663	9143
evm.TU.03.445	0.09964025798308412	0.5142755944581326	43.3179825570087	0.02117375339504531	4722	7862	14662	6154
evm.TU.06.1812	0.12975918193072034	0.6262427346077748	43.31408041930841	0.03284603551483984	6303	9205	14661	7559
evm.TU.10.1553	2.449489742783178	2.449489742783178	43.28370254077846	1.4814010448700095	15771	15771	14660	16510
evm.TU.06.335	0.05516577571108138	0.32622627788498815	43.256747211933146	0.007750504495688314	1594	4671	14659	2840
evm.TU.10.1892	0.2896029411320309	0.9140268276545909	43.21172623665785	0.12351682623243249	10172	11536	14658	10853
evm.TU.04.182	0.05454161435972859	0.358686268448474	43.15746832370671	0.007387171609167473	1541	5360	14657	2705
evm.TU.05.2095	0.9629742548629431	1.4523435028380067	43.14853605722573	0.6411883400864841	13613	13764	14656	15245
evm.TU.08.313	1.7742211524952691	2.183192494730779	43.13150686509371	1.191199162683018	15247	15272	14655	16343
evm.TU.07.70	1.6501572199192684	2.0726166070721974	43.071328065411095	1.1769775814509675	15073	15166	14654	16330
evm.TU.06.1656	0.09886944412619493	0.5592477672533258	42.992470773586604	0.020111434774546556	4671	8441	14653	5999
evm.TU.06.949	0.42348836529762696	1.2920650218253673	42.97729954641458	0.19474967282717767	11384	13322	14652	11991
evm.TU.02.1402	0.04767050263389608	0.2706866304376478	42.89352009042481	0.006194028925537475	1037	3347	14651	2219
evm.TU.07.1511	0.09965368001449847	0.473310982692047	42.869086157084915	0.021901175153852905	4723	7288	14650	6258
evm.TU.02.2055	0.09132904237092494	0.4635021116096579	42.806328521872025	0.018548238243822963	4169	7154	14649	5706
evm.TU.02.2356	0.13836513335911063	0.8623493752995999	42.80439364350871	0.030336185375764185	6671	11210	14648	7320
evm.TU.10.176	1.400625916863262	1.7081962260649328	42.80113324094669	1.0752910938706892	14417	14597	14647	16212
evm.TU.09.400	0.49704585471204094	1.2441235334556613	42.77025414340101	0.2668335664601728	11746	13157	14646	12812
evm.TU.10.188	0.37641676151310544	1.2281888513025938	42.76505847302166	0.16473748210029746	11088	13106	14645	11548
evm.TU.02.1197	1.587704381412136	1.554123037081259	42.759327478140044	1.1399416898912536	14871	14063	14644	16286
evm.TU.10.1343	0.20751276424846862	0.5981709092118624	42.73390222854825	0.08113585395618074	8710	8904	14643	9911
evm.TU.08.310	1.1513794140838498	1.6174921238927054	42.719335475348366	0.8273291753457902	13996	14328	14642	15826
evm.TU.01.234	0.1473626959326979	0.7383728290386159	42.71737815604979	0.03874274092216352	7026	10213	14641	8051
evm.TU.02.190	0.16075503016512466	0.6070454336683355	42.65491545705793	0.05025092890772598	7485	9000	14640	8730
evm.TU.01.814	0.44465973476458626	1.0554969748177543	42.65360613646814	0.2364172186285999	11509	12333	14639	12484
evm.TU.04.1932	2.0396924586062224	2.3354988515558373	42.62872583512358	1.3176403805848975	15412	15386	14638	16433
evm.TU.01.1736	0.14620683715121432	0.4819146044594674	42.627291979699756	0.04544472224794891	6971	7405	14637	8470
evm.TU.05.137	1.5676707077690437	1.583696514331129	42.604267717075665	1.2727632440690422	14757	14218	14636	16399
evm.TU.10.540	0.21231619813949715	0.8140398727494947	42.57575897915166	0.07334467214830799	8837	10830	14635	9696
novel_gene_2991_5bd9a17a	2.449489742783178	2.4494897427831783	42.57065361159684	1.4230259383053674	15771	16353.5	14634	16493
novel_gene_425_5bda875f	0.5021586219372303	1.1117862803362952	42.569032259943384	0.3075225502603491	11787	12581	14633	13188
evm.TU.01.267	0.033871431162178514	0.22818220943858014	42.55995441036309	0.0033089978604399902	350	2275	14632	914
evm.TU.04.2019	0.1868481184100625	0.7379800044305981	42.46933663471085	0.06131301882286421	8226	10207	14631	9253
evm.TU.04.215	0.03951000692998375	0.22699740273331043	42.42866087175244	0.0045242890476260966	570	2244	14630	1492
evm.TU.05.1632	0.1946055133012917	0.8579429318376441	42.3721001710518	0.060745413483388876	8400	11159	14629	9226
evm.TU.08.484	0.21097626293331753	0.628139751811641	42.35053146925701	0.08271115589079449	8808	9232	14628	9955
evm.TU.09.283	0.08159953205645404	0.4314684972201861	42.29807201863929	0.01520343763974959	3520	6686	14627	5025
evm.TU.07.1711	0.10762171924988187	0.5167792236824982	42.21458934873245	0.02398048077845019	5162	7906	14626	6566
evm.TU.03.1506	2.449489742783178	2.449489742783178	42.19607032474529	1.09666905932918	15771	15771	14625	16237
novel_gene_755_5bd9a17a	0.7201725843091262	1.1175122476150472	42.188400400315366	0.5351622878408366	12844	12607	14624	14790
evm.TU.01.83	0.08411727228608162	0.47163263349811924	42.18177984560983	0.015707950654302708	3679	7263	14623	5135
evm.TU.09.1338	0.49264245354420827	1.1536016965679843	42.14499007808126	0.27784147610569826	11704	12774	14622	12929
evm.TU.ctgX53.3	0.08839280603039294	0.4744064540080681	42.125177769540265	0.01723194277857223	3968	7304	14621	5441
evm.TU.02.487	0.11432401858589564	0.525786749676635	42.10083096681651	0.026709122955351564	5542	8023	14620	6909
novel_gene_1514_5bd9a17a	1.2963225364632776	1.673764351357011	42.09150062605536	1.0004271097346817	14317	14508	14619	16119
novel_gene_3403_5bd9a17a	0.13985941912850264	0.5786442330932978	42.078100580056145	0.03908202811639676	6733	8680	14618	8075
evm.TU.04.2166	0.5320815462768146	1.2563605492982974	42.056550042830395	0.2926858819090888	12006	13207	14617	13044
evm.TU.04.365	0.05489711029026237	0.32581094969893715	42.035171232563584	0.007693344031247121	1567	4662	14616	2821
evm.TU.07.708	0.38123896314647887	0.8705974996323479	42.02014526375443	0.1993815690859068	11113	11276	14615	12045
evm.TU.03.130	0.3423558916908264	0.9187557091447099	42.01439073768164	0.17133458466464374	10760	11562	14614	11649
novel_gene_2203_5bd9a17a	0.4374532766542592	0.8095828444558028	42.00588866148679	0.2724711447687126	11470	10793	14613	12880
evm.TU.06.1543	0.11766665323864497	0.8465819840721852	41.993818896242	0.022506676542540596	5729	11071	14612	6357
evm.TU.10.1450	0.6949750070286964	1.3788968423045385	41.978555538911635	0.43951578901387883	12784	13570	14611	14232
evm.TU.03.1734	0.33640509130486346	0.8902410992147276	41.95081460355736	0.16725107286921914	10702	11400	14610	11589
evm.TU.07.790	0.1109841990876513	0.570349269064329	41.94108674226409	0.025041562335950764	5343	8575	14609	6704
evm.TU.10.1292	0.19433925047777195	0.5600707311633905	41.93635988177125	0.0737432604702472	8396	8448	14608	9704
evm.TU.02.2144	0.4264990196663237	1.1005742042350068	41.88865255371683	0.20796357548261335	11405	12529	14607	12165
evm.TU.08.1677	0.4366510595111269	0.9150398946114751	41.88801014911587	0.26486117797545117	11464	11541	14606	12795
evm.TU.01.2443	0.9681988190603121	1.452462728234521	41.85402426898083	0.7106650041219249	13623	13766	14605	15511
evm.TU.07.209	0.1156240058804565	0.6508449798934136	41.84060810351418	0.02551128203294519	5610	9451	14604	6770
evm.TU.02.482	0.9524035797249985	1.6497670974787964	41.82821497063597	0.6521725760652638	13584	14448	14603	15284
evm.TU.02.2037	0.5613755072645951	0.9496310445681967	41.8110816647463	0.39830113331568245	12187	11769	14602	13962
evm.TU.10.390	2.449489742783178	2.4494897427831783	41.80884972505809	1.2774144588124217	15771	16353.5	14601	16403
evm.TU.01.2509	0.3520854965182013	0.7629071285408311	41.71853107245069	0.1941529471982143	10854	10441	14600	11976
evm.TU.08.844	0.08665112963183734	0.4219282814835182	41.71448402686984	0.017334179836936983	3846	6506	14599	5461
novel_gene_164_5bd9a17a	0.5331870347667408	1.6786540862688168	41.66151595555372	0.212321421668888	12013	14523	14598	12208
evm.TU.04.425	0.5730578577284633	1.3042365968203125	41.6551685853291	0.3373317901282563	12267	13348	14597	13487
novel_gene_3213_5bd9a17a	0.18393130289569842	0.7452270680719615	41.632346300161835	0.0565987710806632	8147	10280	14596	9034
evm.TU.04.1924	0.46601420944390626	1.1237598750713844	41.53800748709101	0.23967235857197963	11598	12640	14595	12515
evm.TU.10.522	0.32998972183375996	0.8067778133490315	41.46952802502722	0.16898806031218935	10639	10769	14594	11617
evm.TU.02.628	2.4494897427831783	2.449489742783178	41.46948639757168	1.1495635038153365	16352.5	15771	14593	16306
novel_gene_2614_5bd9a17a	0.10006378206984193	0.5243874997783751	41.462581335831686	0.0211236013440311	4747	7998	14592	6146
evm.TU.07.1756	0.6308460876389521	1.0181063124606855	41.45983610503037	0.4540626915193037	12555	12159	14591	14314
evm.TU.09.209	0.06907139856603536	0.4043372918487292	41.43408603512933	0.011246940675016852	2629	6212	14590	3965
evm.TU.08.1667	0.16342184552477432	0.7082147009416756	41.41897674842014	0.047428200450155535	7557	9953	14589	8574
evm.TU.02.2850	0.8339971178432974	1.3384049386150185	41.408252006050986	0.5667652668815353	13200	13444	14588	14950
evm.TU.07.1714	0.12166816888775218	0.7027127514599094	41.4056053689126	0.02727913722239847	5925	9908	14587	6968
evm.TU.06.110	0.4652684903757012	1.1565885703239218	41.39585381410949	0.2498888577427143	11596	12791	14586	12638
novel_gene_2480_5bd9a17a	0.28491173084176696	0.8692589183273797	41.39582838331554	0.12362253852472302	10106	11261	14585	10860
evm.TU.08.664	0.1808749309352227	0.8321530217846168	41.39416126474949	0.05379441226674883	8057	10961	14584	8907
evm.TU.08.91	0.09891302448323706	0.40951230348039747	41.305634278962444	0.022389840437060222	4673	6289	14583	6338
evm.TU.09.1348	0.5391052458968066	0.8952127843676971	41.259205259859186	0.38781896147113853	12049	11430	14582	13886
evm.TU.08.1965	0.22558492298963356	0.7005479358226944	41.23831533944689	0.0898590877338375	9118	9886	14581	10147
evm.TU.02.2117	0.4781058360946115	0.9136066312325197	41.21551210106256	0.2943806524157477	11642	11531	14580	13058
novel_gene_2546_5bd9a17a	0.0670908251510172	0.3580683810594712	41.19148925529756	0.011072107791287233	2482	5342	14579	3912
evm.TU.03.705	0.32364930915058365	0.8735991287804867	41.17821720476362	0.15554647340753103	10573	11298	14578	11402
evm.TU.03.300	0.20065757010228327	0.6845825840731484	41.127971076009764	0.07137116599701065	8543	9748	14577	9636
novel_gene_2948_5bd9a17a	0.6376313154721521	1.1104931543518914	41.07409388450294	0.3501519764438481	12584	12576	14576	13589
evm.TU.06.1889	0.22962677284350466	0.8614199424678862	41.04661986158021	0.07735006332481392	9194	11201	14575	9805
evm.TU.05.1648	0.1851535759170699	0.7331953131879558	41.03984921269823	0.058736729494709476	8179	10167	14574	9122
evm.TU.02.2370	0.09930027702844962	0.5316723327159639	41.03812195929137	0.020416669821553605	4698	8087	14573	6039
evm.TU.05.2114	0.1162556392665336	0.4731952358631594	41.0082211947658	0.029396411626277277	5643	7285	14572	7225
evm.TU.02.25	1.7223295336264484	2.2291687815358983	40.99235768159563	1.1043674492536324	15189	15303	14571	16248
novel_gene_2225_5bd9a17a	2.4494897427831783	2.449489742783178	40.99142499601069	1.4120092173232976	16352.5	15771	14570	16490
evm.TU.03.1115	0.2808535696944526	0.9104160432269638	40.9540991888635	0.11168965663800161	10044	11505	14569	10639
novel_gene_531_5bd9a17a	0.10049558100457064	0.581199693326359	40.90162114221049	0.020393973461421258	4769	8699	14568	6038
evm.TU.08.1877	2.449489742783178	2.4494897427831783	40.871368302177586	1.5300243636850794	15771	16353.5	14567	16523
evm.TU.01.2489	1.9073733892418367	2.3228836009946607	40.850438054354555	1.1901248885635385	15354	15372	14566	16340
evm.TU.01.2198	0.369755695719333	0.9277662665033005	40.830759745000144	0.19226233862733402	11022	11630	14565	11944
evm.TU.01.1797	0.1929939669596304	0.7463434664576737	40.82166494714088	0.06444719731917588	8375	10295	14564	9372
evm.TU.05.2062	0.36985112039645374	0.8311763391926805	40.79277075088337	0.1925476354714667	11023	10955	14563	11949
evm.TU.02.3129	0.04971750728905239	0.29938626000469587	40.75680515624915	0.006482944029346121	1177	4045	14562	2334
evm.TU.09.69	0.1785830844718215	0.7529005438169514	40.75457006671665	0.05505106879792263	7992	10353	14561	8972
evm.TU.10.1853	1.7079163396984238	2.0853748748641268	40.69274880983394	1.0753554595927006	15171	15175	14560	16214
novel_gene_476_5bd9a17a	1.5977960039340244	1.7212914269145276	40.67237749025305	0.9738591860113086	14917	14639	14559	16069
evm.TU.10.1205	0.07901897523624783	0.4484719531846877	40.64838878381371	0.013960511830894213	3320	6945	14558	4710
evm.TU.09.1618	0.041306227666255024	0.2766731610315177	40.62524948289898	0.004598156493256081	662	3483	14557	1529
evm.TU.05.1618	2.4494897427831783	2.449489742783178	40.607910960405526	1.433487366561279	16352.5	15771	14556	16496
evm.TU.06.894	0.8122463266177351	1.494492498876477	40.6017057664464	0.49911851379489075	13108	13848	14555	14593
evm.TU.02.3265	0.24472032802336338	0.7378853450898475	40.58017465274125	0.09833672248202387	9470	10205	14554	10350
evm.TU.04.1778	0.06660754299617169	0.319729196885568	40.57477257997811	0.010998225385662613	2454	4521	14553	3888
evm.TU.01.1162	0.22220695691254755	1.0417151165189744	40.57208287293872	0.07013611369031747	9057	12270	14552	9599
evm.TU.08.1582	1.4060470173487933	1.8431700224248515	40.56324215091205	0.941014976956342	14422	14864	14551	16020
evm.TU.04.1894	1.835421034553968	2.3217280988704	40.562159634414506	0.7823775173708538	15306	15371	14550	15710
evm.TU.07.416	0.11254187964542162	0.6012975093248137	40.54357498331043	0.02503179093093511	5436	8939	14549	6703
evm.TU.05.112	0.2923758165921828	0.7829115509088241	40.51265535458064	0.13129624841477402	10209	10589	14548	11003
evm.TU.03.462	0.14163572916826322	0.6002693851261076	40.51121381837204	0.03899886923172417	6797	8928	14547	8064
evm.TU.09.355	0.11245953220112541	0.4268985862460455	40.487488668350686	0.0288066268151602	5431	6591	14546	7161
evm.TU.06.1433	0.11409105070969244	0.6379206496782674	40.47502134151603	0.024993577237422102	5523	9328	14545	6697
evm.TU.01.1017	0.32700970489661996	0.8687561954868074	40.46693913523036	0.15392369141422665	10608	11255	14544	11374
evm.TU.02.3013	0.04161452336646676	0.2944192655189663	40.43124150172861	0.004509002596028407	678	3918	14543	1485
novel_gene_2689_5bd9a17a	0.2493222732490994	1.0613390356585988	40.37124411481892	0.0797464839525993	9544	12359	14542	9878
evm.TU.04.1140	0.2031942808336013	0.6541749501439246	40.33701180538979	0.07503493686687195	8612	9479	14541	9745
evm.TU.10.317	0.1631210483128789	0.698516804626485	40.30345482049419	0.047634592126674695	7548	9870	14540	8590
evm.TU.02.1087	1.4890330803255099	2.160376731236011	40.29997512965518	0.8687847225328988	14469	15250	14539	15892
evm.TU.10.857	2.4494897427831783	2.449489742783178	40.20356694993382	1.590965103418159	16352.5	15771	14538	16542
evm.TU.03.473	0.25373133834456363	0.9243113962392088	40.16881335856646	0.09482551936209298	9619	11600	14537	10267
evm.TU.02.832	0.3052786091682005	0.770552380172133	40.145586249060244	0.1478891530702537	10376	10500	14536	11296
evm.TU.01.1641	0.23209888453878968	0.8390409182812989	40.14439849362979	0.08652107969033661	9240	11010	14535	10057
evm.TU.04.317	2.088757293616665	2.3827939695498634	40.13230161482769	1.3055910215077835	15424	15424	14534	16424
evm.TU.06.2011	0.3572321142787642	0.8080645995958013	40.12616099249328	0.1969283758717946	10908	10778	14533	12006
novel_gene_3278_5bd9a17a	0.24519622421263793	0.5728317453669256	40.111360870053666	0.11103308763334749	9480	8614	14532	10627
evm.TU.01.2223	0.19232593845876303	0.8488246389296692	40.074268575272555	0.05911968692503587	8362	11090	14531	9145
evm.TU.10.515	0.6010836189098491	1.1985364721865057	40.04252259191984	0.35453172588881177	12418	12979	14530	13632
evm.TU.01.375	0.25770456300480216	0.6590696101569002	40.03681307740503	0.11596159795117865	9692	9530	14529	10720
evm.TU.10.1642	0.19624628912536501	0.8245951775053219	40.008893140861964	0.061921909935715565	8438	10914	14528	9283
evm.TU.06.1722	1.9373787513639542	2.2351190541755	39.9676420557528	0.869134548235733	15366	15310	14527	15893
evm.TU.08.1572	0.5817310923506573	1.0309575726898543	39.93907612954195	0.3930614020212356	12312	12222	14526	13918
evm.TU.03.157	1.8491929678365446	2.0733533996696187	39.89494672585886	1.2253826243223254	15316	15168	14525	16369
novel_gene_2379_5bd9a17a	2.4494897427831783	2.449489742783178	39.86621798107712	1.0700373807407386	16352.5	15771	14524	16207
evm.TU.06.449	0.08648923126300856	0.5282342001578887	39.859517582817205	0.015740724678131916	3836	8052	14523	5144
evm.TU.05.1577	0.37660765620491704	0.7310554622478198	39.85950530446097	0.21015125953952035	11089	10151	14522	12186
evm.TU.06.598	0.5963579261581432	0.967717001674303	39.849046228406124	0.4154431921715126	12388	11892	14521	14067
evm.TU.10.1756	0.1718318744333149	0.6442424290926922	39.84230122367086	0.05469739055360094	7801	9392	14520	8956
evm.TU.10.1011	0.7235855893819084	1.3754908258811533	39.7202818201812	0.47045950576793677	12853	13561	14519	14419
evm.TU.ctgX76.1	0.7922734212845337	1.1349869011368323	39.64489151956183	0.4356620342110961	13022	12684	14518	14204
evm.TU.01.948	0.20299551762588833	0.629799762780381	39.64451191423725	0.07429763501749512	8601	9251	14517	9727
evm.TU.04.408	0.4868998907519441	1.3600841664213008	39.601104113001746	0.23214550098193312	11678	13515	14516	12436
evm.TU.04.2240	2.4494897427831783	2.449489742783178	39.56049152194655	1.5978026717264253	16352.5	15771	14515	16544
evm.TU.08.29	0.2948001170213696	0.7878071200806223	39.554140089183576	0.12413186161533607	10241	10619	14514	10873
evm.TU.04.1519	0.153743222601673	0.4900159562882075	39.53916865213476	0.04904496726137547	7256	7524	14513	8672
evm.TU.02.2541	0.1727893461005863	0.7072477976714482	39.5383712861282	0.05205957839159414	7838	9942	14512	8827
evm.TU.06.217	0.0774313264933035	0.3634391458219337	39.53707050805789	0.014404831273424623	3221	5439	14511	4827
evm.TU.04.38	1.1241698393513344	2.0146227827122045	39.533810504420586	0.47574163086504523	13898	15103	14510	14450
evm.TU.09.1506	0.13437237873028662	0.650415791746604	39.497920451469085	0.03348740784625235	6489	9446	14509	7615
evm.TU.09.507	0.4292061194641999	1.1018415830458035	39.492799436430985	0.2096246313153957	11418	12538	14508	12180
evm.TU.02.1471	0.06093280284599693	0.3525948844175233	39.48780646876668	0.008773210339526926	2016	5227	14507	3207
evm.TU.10.713	0.8117738549919968	1.1976440569768125	39.47790335753853	0.5530865539713633	13105	12977	14506	14877
novel_gene_1054_5bd9a17a	0.4176594430807997	1.3164311512473925	39.45719182856106	0.18961106067803857	11354	13374	14505	11899
evm.TU.09.557	0.6593789108649181	1.4697824680454585	39.43391915460266	0.39493796317714275	12674	13804	14504	13935
novel_gene_3430_5bd9a17a	2.449489742783178	2.4494897427831783	39.408797468111686	0.8263750614856104	15771	16353.5	14503	15822
evm.TU.03.106	0.35038917745177595	0.9572880983847776	39.3945774279965	0.16932057826066055	10840	11827	14502	11621
evm.TU.ctgX9.5	0.6541798968959892	0.9922255401867466	39.34176579309616	0.4807176609057487	12656	12031	14501	14483
novel_gene_3781_5bd9a17a	0.8860143398435619	1.5839816164018194	39.30605532055053	0.5630005997496884	13398	14221	14500	14928
evm.TU.02.129	0.1688013401950929	0.4876587161930784	39.16627050076528	0.05970424961698543	7717	7477	14499	9181
evm.TU.07.227	0.11126992040776654	0.5264239686303266	39.13611317201249	0.0252192962986557	5365	8033	14498	6724
evm.TU.01.512	0.8510153086603829	1.1648884559666706	39.13590746192975	0.618361891630469	13270	12832	14497	15152
evm.TU.10.155	0.10820798504751765	0.5743067266413253	39.122916374252505	0.02318829240379156	5186	8633	14496	6456
evm.TU.01.802	0.2677110345807043	0.7740646617797603	39.092724786920755	0.109195244529254	9862	10523	14495	10594
novel_gene_2644_5bd9a17a	0.48675868316566295	1.4810621324545934	39.06849827193601	0.22298337333235901	11677	13826	14494	12312
evm.TU.10.1413	0.1324186663426699	0.6363740508510451	39.05350044323471	0.03313917957941726	6414	9316	14493	7585
evm.TU.09.852	1.028718467136524	1.5143332950606976	38.980097161162895	0.7002010036938578	13713	13906	14492	15476
novel_gene_3602_5bd9a17a	0.26366222556344965	1.0230739971340976	38.97470714166417	0.09428671584091042	9782	12191	14491	10249
evm.TU.05.1197	0.2857999452023709	0.7592065009857754	38.96980689446144	0.12534684973172291	10118	10403	14490	10897
evm.TU.04.2012	0.3839979986488034	1.2905337344112322	38.8873558968603	0.16567084552931366	11131	13319	14489	11567
novel_gene_3702_5bd9a17a	1.5891310784491923	1.8737049555923797	38.7857890552564	1.21721457908685	14880	14907	14488	16364
evm.TU.01.2763	1.1966381998924431	1.7849107652951193	38.58585239710715	0.8000248350827555	14135	14768	14487	15756
evm.TU.08.1866	0.24211531871061906	1.0714574282077982	38.58065156589256	0.07492785250080342	9430	12401	14486	9742
evm.TU.06.1243	0.26311654515832994	0.9514278537238874	38.56719872748914	0.09931745920041023	9777	11785	14485	10374
evm.TU.10.1923	0.15140934205421042	0.6735602804647005	38.54901919185493	0.041258403743050835	7168	9652	14484	8218
evm.TU.01.437	0.25512123138865195	0.760723993390344	38.54483168392024	0.10298331457339546	9643	10418	14483	10450
evm.TU.10.1802	0.16626318381997005	0.758622580716313	38.51939814537914	0.04732335161795524	7649	10400	14482	8571
novel_gene_3765_5bd9a17a	0.3405613300344072	1.1853173188999528	38.503599183718215	0.13551636216124174	10745	12923	14481	11079
evm.TU.04.87	0.4791887674452441	1.382435505091151	38.49505448050538	0.2173037029516702	11646	13582	14480	12264
novel_gene_2653_5bd9a17a	0.9042182916975215	1.3643362066257554	38.482912242994395	0.6187895168242028	13453	13530	14479	15154
novel_gene_617_5bd9a17a	0.31076512601462497	0.8406118764398075	38.46474589896218	0.1432409820670155	10437	11025	14478	11226
evm.TU.06.2001	0.14230287216488083	0.5444413986765778	38.44709105956657	0.04045977227554286	6830	8255	14477	8175
evm.TU.10.1847	0.07065680109019053	0.39979631730788695	38.44425545923486	0.011623814469909115	2762	6134	14476	4087
evm.TU.07.1840	0.33221845012290974	1.0689592655085136	38.43351216795568	0.13735212213392134	10661	12387	14475	11114
novel_gene_2792_5bd9a17a	0.07562834408651199	0.4152592622181152	38.42898346739721	0.013110935985620452	3113	6396	14474	4503
evm.TU.09.1608	0.6224182738116152	1.2351843888498413	38.42471124700724	0.38409272136460504	12516	13139	14473	13855
evm.TU.10.663	0.3129075244400604	0.5319141654872517	38.40955118179229	0.17241446858428786	10456	8089	14472	11670
evm.TU.08.918	0.13275460945503442	0.5821506521632185	38.4069240749377	0.03376430685641604	6425	8711	14471	7643
evm.TU.09.815	0.1400574871480677	0.6418145115179565	38.40649108914429	0.03664545156325168	6738	9376	14470	7894
evm.TU.09.285	0.12687888700438657	0.6048450885413468	38.40161589727524	0.030965499793006054	6159	8972	14469	7391
evm.TU.09.63	0.90995544531866	1.3702861878334494	38.38026686440463	0.6006671725473569	13471	13545	14468	15083
evm.TU.02.2275	0.06400838743210786	0.3699920431222119	38.36827793531935	0.009771343024542523	2239	5582	14467	3514
evm.TU.07.628	0.04615214469671754	0.34932966531724857	38.35057664881961	0.005130975108537322	937	5162	14466	1760
evm.TU.02.11	0.2574621772650604	0.7996783956019056	38.33272164239351	0.10548138080383673	9685	10713	14465	10513
evm.TU.01.1189	0.881421707021661	1.6513189310830019	38.317809972949824	0.532243641968824	13387	14452	14464	14772
evm.TU.10.1169	0.31068793117046384	0.8245961973552388	38.30006081817627	0.14387761463847304	10435	10915	14463	11231
evm.TU.08.1342	0.8564980572740692	1.21795261465832	38.27545370147398	0.6478003234779564	13295	13074	14462	15269
evm.TU.05.1061	0.6639646022597431	1.2235604350510398	38.23490209157569	0.4407885131496638	12691	13092	14461	14240
novel_gene_1909_5bd9a17a	0.18353844566205046	0.814972153555165	38.2221360443058	0.0549821147215175	8137	10841	14460	8969
novel_gene_3997_5bd9a17a	0.5998455429052693	1.3671189348583341	38.20521165070872	0.3342977887319552	12411	13534	14459	13464
evm.TU.09.664	0.33375684739743744	0.8027492875141469	38.16594484502621	0.1600971784531645	10680	10739	14458	11474
evm.TU.02.2927	0.10725037171562374	0.5392022062395789	38.13725928957456	0.023128035456834537	5142	8192	14457	6448
evm.TU.08.1045	0.06702598936603923	0.36538133596667394	38.135598226039576	0.010808330627512056	2480	5494	14456	3844
evm.TU.02.2154	0.40496358632071255	0.9341411351708903	38.124104039001445	0.2253823198320624	11287	11673	14455	12340
evm.TU.05.502	0.12708634587639495	0.540990567400463	38.110646584661325	0.031980568877731444	6174	8210	14454	7484
evm.TU.08.44	0.41623777346842233	0.9247928168056674	38.09601893103126	0.23247040304007746	11347	11605	14453	12439
evm.TU.08.1901	0.04574753943663526	0.28584246558125287	38.094290051229194	0.005525453588625665	915	3699	14452	1927
novel_gene_2588_5bd9a17a	1.6033672626242041	1.8702878838753123	38.091818047061075	1.1974145712825022	14940	14901	14451	16348
novel_gene_2011_5bd9a17a	0.11124692022195211	0.4848189757987296	38.09165416863312	0.026193213907099205	5361	7433	14450	6850
evm.TU.07.1353	0.1006079622668371	0.4295790809574743	38.08694405981603	0.02269779174470289	4773	6652	14449	6390
evm.TU.05.1347	0.6058934210589729	1.1820500224224972	38.055937132558114	0.3758539124349227	12442	12908	14448	13790
novel_gene_3881_5bd9a17a	0.9219043683568402	1.5072922133376936	38.04247023881431	0.5939029142291651	13510	13890	14447	15059
evm.TU.02.3123	0.273837510704659	0.8189641798127617	37.98800218793869	0.1143775430785426	9948	10875	14446	10703
evm.TU.02.1785	0.5561900146188715	1.056375674433377	37.97736814040999	0.34801665223160017	12153	12337	14445	13574
novel_gene_2535_5bd9a17a	0.49817107192856475	1.3611300852220558	37.95999834851714	0.21989254057579474	11754	13518	14444	12283
evm.TU.09.1629	0.4985875119987002	1.1396357615391086	37.95483880308756	0.28197021081429813	11756	12706	14443	12957
evm.TU.03.2102	1.2008009310276946	1.4676004604582726	37.93844051239453	0.7914047769845858	14143	13802	14442	15738
evm.TU.05.1907	0.18640338042187835	0.7664873444267077	37.93738128284827	0.05670709691704558	8216	10474	14441	9038
novel_gene_2115_5bd9a17a	0.9623828923096641	1.3758547563705694	37.89438745080051	0.729028898287142	13608	13564	14440	15560
evm.TU.07.205	0.07128272903349211	0.3521462689296988	37.85756312771591	0.012399950913398777	2804	5214	14439	4315
evm.TU.05.3	0.08334432559148781	0.5062024684031332	37.85309753202798	0.014615358296098313	3629	7750	14438	4883
evm.TU.10.332	0.11116593674912997	0.41362572084197513	37.829184516805626	0.02811988609545233	5352	6362	14437	7074
evm.TU.02.532	1.6903063526077406	2.01026759979886	37.81602580173489	1.1098429961194596	15139	15097	14436	16253
evm.TU.09.216	0.16557088250247257	1.207928711970974	37.75288721633032	0.03236761272514666	7619	13017	14435	7522
evm.TU.02.3103	0.5426047283741394	0.7458091475425359	37.750533095803796	0.4260006843964194	12071	10286	14434	14136
evm.TU.02.2945	0.3750473322875412	1.2100760689677479	37.74769529727395	0.16005377367248924	11069	13033	14433	11473
evm.TU.10.280	2.449489742783178	2.449489742783178	37.704113867617465	1.2784061898121757	15771	15771	14432	16408
evm.TU.08.1852	1.1512508952696776	1.4360479420848575	37.69973834826747	0.8933012895983453	13995	13722	14431	15935
evm.TU.02.3080	0.5669392788949845	1.2595858184772883	37.6605729934919	0.325441285274284	12222	13215	14430	13375
evm.TU.03.439	0.13756292702148729	0.5505740910418137	37.6414871277103	0.03760965266742596	6638	8330	14429	7965
evm.TU.06.875	0.3825177058576345	0.8829805153636743	37.63738275005152	0.19696258049087523	11124	11352	14428	12008
evm.TU.01.1264	0.2810749370264178	0.8532605099624532	37.61999557351247	0.1195789165751171	10048	11129	14427	10788
evm.TU.02.2009	0.09875636347544992	0.4168713471968236	37.61685837547165	0.021692199862190082	4661	6427	14426	6217
evm.TU.01.935	0.18735534535832649	0.6339777349046326	37.58774235378798	0.06397500826086	8238	9289	14425	9360
evm.TU.02.3248	0.2220810588934376	0.7011332841026611	37.449627418174224	0.07398543777508976	9054	9893	14424	9715
evm.TU.07.876	0.8749159711939976	1.6438068180478145	37.448341044447886	0.5250408576550581	13367	14434	14423	14732
novel_gene_2187_5bd9a17a	0.2177879024222588	0.8209018307516256	37.430273022447565	0.07475339718913059	8963	10888	14422	9739
evm.TU.07.280	0.25293919832011735	0.93136052391593	37.42080622386351	0.09146249174880255	9606	11655	14421	10179
evm.TU.06.4	0.05310772477082352	0.3330853158842858	37.386452473864225	0.007012749889897271	1445	4805	14420	2543
evm.TU.07.159	0.16050335608105482	0.7534502296072318	37.37310453217288	0.04402346509166028	7477	10357	14419	8387
novel_gene_3121_5bd9a17a	0.3059391655638754	0.8929909479684386	37.345880211255654	0.13315974409410256	10384	11420	14418	11032
evm.TU.10.1855	0.23545660515643504	0.8277510211272452	37.345523892977866	0.08646105530236521	9314	10935	14417	10053
evm.TU.03.125	1.5501006908915682	1.623459086653216	37.334737832980444	0.9769312433363871	14555	14356	14416	16076
novel_gene_1342_5bd9a17a	0.4910549697750463	0.5889687392713036	37.315422230630944	0.38827463479391644	11691	8801	14415	13889
evm.TU.01.1593	0.1409131510614951	0.6055014557679401	37.27508715167214	0.037922920219862634	6769	8979	14414	7984
evm.TU.10.719	1.1778395970955657	1.266981342110182	37.24048679393322	1.0062285417364292	14078	13246	14413	16131
evm.TU.07.1655	0.5353725162849766	1.0943648715601184	37.230509476966574	0.2973261666951824	12024	12496	14412	13085
evm.TU.08.609	0.0851286171765483	0.37431476332352714	37.223907618817925	0.016946431818923514	3745	5661	14411	5380
evm.TU.06.1559	0.2030985329580063	0.9832775988454462	37.20950506142619	0.05763546904035516	8609	11983	14410	9081
evm.TU.02.3270	0.15224913242123894	0.51200664845078	37.18042263411043	0.04706016877867063	7196	7833	14409	8552
evm.TU.01.373	0.10976971783132913	0.5438660914282148	37.176709627437994	0.024501830474241242	5272	8250	14408	6632
evm.TU.02.1033	2.4494897427831783	2.4494897427831783	37.13388710121711	1.5513264742658124	16352.5	16353.5	14407	16526
evm.TU.10.1174	0.7591898893694852	1.3628004259882096	37.13198609170096	0.46690213891451715	12923	13527	14406	14396
novel_gene_16_5bd9a17a	1.6115973917089277	1.977311949428552	37.12935858428921	1.1629799886833594	14965	15046	14405	16316
evm.TU.09.1659	0.7898099761738352	1.282096103515106	37.11548207919105	0.511206371767211	13014	13292	14404	14672
evm.TU.08.227	0.07173441250296789	0.4194857509982065	37.078468126881305	0.011498478671512206	2850	6472	14403	4048
evm.TU.08.219	1.6023699382446457	1.6376260136152163	37.06746913961823	1.146522262894914	14938	14410	14402	16295
evm.TU.07.1326	0.6012172912845545	0.9620513223346587	37.06057425128655	0.4177761535050488	12419	11864	14401	14077
evm.TU.09.483	0.0811785116034429	0.5161302748715062	36.93532272880843	0.013248687615751388	3485	7895	14400	4542
evm.TU.01.2508	0.3006366151458774	1.1254910786027437	36.931838486931106	0.11258587115336745	10317	12650	14399	10657
novel_gene_338_5bd9a17a	0.24395445732139137	0.8247362448939067	36.931332670156905	0.09191538189900686	9456	10916	14398	10192
evm.TU.03.400	2.4494897427831783	2.449489742783178	36.899224543749305	1.5066640399728097	16352.5	15771	14397	16517
novel_gene_841_5bd9a17a	0.9463546147254202	1.483338117409959	36.84967454125521	0.6531205264720211	13570	13831	14396	15292
evm.TU.10.961	1.5832713327284846	1.5669865513621877	36.833911604998825	1.0309261817216917	14846	14143	14395	16164
novel_gene_3431_5bd9a17a	0.14460923386922153	0.502889934135844	36.794875251550344	0.04294210958115909	6908	7698	14394	8313
evm.TU.01.400	0.19286826529998535	0.6876883048190103	36.782841647372905	0.062057071521936125	8374	9776	14393	9289
evm.TU.01.95	0.4080360557894304	1.4217612924850653	36.76474766881435	0.16852615825464426	11306	13687	14392	11610
evm.TU.03.607	0.5119249953343645	0.6968460834048332	36.76458777313884	0.3940938961616875	11855	9859	14391	13929
evm.TU.02.2283	0.5174016084342363	0.5419685996652109	36.72212837475183	0.42814678057278727	11893	8226	14390	14152
evm.TU.04.349	0.07198751970923692	0.3979386937793944	36.68554785147071	0.01203397241750134	2872	6104	14389	4201
evm.TU.04.1858	0.6719548955687111	1.187472304351137	36.65612546330324	0.4559871899130497	12719	12933	14388	14327
evm.TU.09.1541	0.25345340065703803	1.0922386589279192	36.647614616271106	0.08472409970081388	9614	12487	14387	10012
evm.TU.01.2333	0.0526870092832771	0.30596751816693274	36.64401434793895	0.007092498071556076	1418	4213	14386	2580
evm.TU.07.122	1.692730443980887	2.1270100527164693	36.6075758275074	1.1463843497748802	15143	15219	14385	16294
evm.TU.01.467	0.32744086716501614	0.9431929798938284	36.60541793076887	0.13963318342055347	10615	11727	14384	11153
novel_gene_2147_5bd9a17a	0.16066778590421546	0.5442277086090774	36.60248542968534	0.050974458075877346	7482	8252	14383	8775
evm.TU.06.1154	0.28627130860791666	0.8161912812214683	36.586166715161305	0.1258888380821527	10127	10853	14382	10908
evm.TU.08.919	0.4384510814127375	1.0201936681987642	36.58477372116354	0.22637256170484038	11475	12173	14381	12353
evm.TU.08.1808	2.4494897427831783	2.4494897427831783	36.58246495054702	1.45767216566941	16352.5	16353.5	14380	16503
evm.TU.06.588	0.25492181418820115	0.9015164891549774	36.528384370915184	0.09577826338102088	9640	11463	14379	10287
evm.TU.07.394	2.449489742783178	2.449489742783178	36.50603584136034	1.3912169353384032	15771	15771	14378	16480
evm.TU.01.787	0.13117605702305665	0.6048140662101772	36.47372364277715	0.0327536361483105	6366	8970	14377	7547
novel_gene_2152_5bd9a17a	0.1983668842776704	0.7493469572537821	36.467241378082704	0.06256973237112536	8490	10322	14376	9308
evm.TU.02.821	1.5952110061267126	1.7754742751467163	36.43029972215613	1.1383969470369288	14904	14755	14375	16284
evm.TU.09.79	0.08677324394999271	0.41955103560005236	36.405160472208074	0.016877264622936167	3857	6473	14374	5366
evm.TU.05.310	2.21792318358261	2.41967951872478	36.40037173659902	1.348107077339098	15449	15449	14373	16451
evm.TU.01.2283	0.10487636282619349	0.5943366537051133	36.38326529108753	0.021472451805169553	4995	8860	14372	6191
evm.TU.02.3191	0.3679083123649947	1.1893496980704177	36.374967998396095	0.1533452427322355	11007	12936	14371	11370
evm.TU.02.629	1.5631295757455703	1.5639175002540986	36.272717871407636	0.9853010470286169	14720	14129	14370	16095
evm.TU.09.1227	0.21167765589075854	0.7896605623836336	36.272291864545664	0.07170128490012323	8822	10630	14369	9648
evm.TU.02.2723	0.09588972975922716	0.5079073996876178	36.27220499055657	0.01896565123280563	4480	7769	14368	5787
evm.TU.02.1055	0.8064611598205456	1.6267244125868476	36.259871948496865	0.47627779761193206	13085	14367	14367	14453
evm.TU.04.973	0.34445263930922543	1.1112112582107188	36.24892272166607	0.14770799223126915	10782	12579	14366	11291
evm.TU.09.741	0.05983139124625839	0.3199816263084453	36.234292286812824	0.008934233088105321	1936	4529	14365	3257
evm.TU.06.1143	0.1621240190807953	0.7675285994287856	36.21204082344338	0.04437143077428537	7519	10485	14364	8413
evm.TU.05.1675	0.48814909225733905	1.0878622189552414	36.19017574062645	0.2675217757907206	11681	12472	14363	12827
evm.TU.03.540	0.1832285540629889	0.7127263744233645	36.1739726426521	0.05733116825735418	8126	9992	14362	9066
evm.TU.06.1699	0.05014208971692546	0.29032705097785133	36.06962171670134	0.006546506963594722	1211	3811	14361	2358
novel_gene_3608_5bd9a17a	1.6945973579616218	2.182482470519442	36.06152902081873	1.030819615081857	15147	15270	14360	16163
evm.TU.04.556	0.049718151059393735	0.27487721040865876	36.044130370280385	0.006523263301743332	1178	3443	14359	2351
evm.TU.06.862	0.13544169159911046	0.6274047135159768	36.03962329284795	0.03445804417844428	6540	9219	14358	7719
evm.TU.04.1656	0.20777534728335495	0.7348074538151013	36.017810587937035	0.07166568829500732	8716	10180	14357	9646
evm.TU.02.814	0.5461467907025505	1.1295666292678972	36.0153060893656	0.2519951410385468	12094	12671	14356	12661
evm.TU.06.1935	0.2664920286710254	0.6732936886621302	36.009170049179204	0.11986461618047431	9838	9648	14355	10792
evm.TU.04.1225	0.11631543901034322	0.5318368928762458	35.96797814708797	0.02706190650806294	5649	8088	14354	6943
evm.TU.06.2064	0.6111150789685714	1.0467605262171888	35.96612111167506	0.402982196486075	12468	12301	14353	13998
evm.TU.09.1587	0.1627887345665737	0.6978143296702611	35.94387019061633	0.04627005274168012	7542	9865	14352	8513
evm.TU.08.1509	0.23476412184460876	0.9674954434399574	35.94239828134428	0.07396234454662881	9300	11891	14351	9713
evm.TU.02.3218	0.8733159558227663	1.448813367710998	35.93974932039649	0.5733241037301915	13360	13755	14350	14971
novel_gene_2280_5bd9a17a	2.0861785102974837	2.4013960908243948	35.92259767654944	1.2358210556404583	15423	15438	14349	16375
evm.TU.01.1269	0.8002945724141135	1.5400050119423843	35.86105342947659	0.4798001869377921	13054	13964	14348	14477
evm.TU.07.267	0.0934467889917599	0.44469218940060884	35.85429124803347	0.019205459986257622	4316	6891	14347	5827
evm.TU.06.2152	0.09436180615803218	0.5845986245033954	35.84194086498738	0.017208386781350733	4382	8742	14346	5434
evm.TU.09.1352	0.06206571539385208	0.3958717701246263	35.83814054473621	0.00886988828661463	2099	6067	14345	3232
evm.TU.06.446	0.23262830175108165	0.5621576991422985	35.83809289239656	0.10028818290934252	9257	8471	14344	10397
novel_gene_4007_5bd9a17a	2.050725067595451	2.3740366598821807	35.81565313919482	1.2536583367032428	15416	15416	14343	16389
novel_gene_3984_5bd9a17a	0.31950432733840056	0.6189850025490519	35.77161879222759	0.17218369015698104	10529	9122	14342	11664
evm.TU.10.142	0.8234589224150003	1.3533734342721455	35.76483779998304	0.4893546460959819	13158	13491	14341	14534
evm.TU.05.386	0.26005696553025537	0.7834962301543553	35.76319231256897	0.10668420462317008	9741	10594	14340	10540
evm.TU.02.3134	0.1764080164717981	0.7150080450836003	35.761874486152585	0.05343119905906811	7940	10014	14339	8890
evm.TU.02.2132	0.12973021944274413	0.4787058807081884	35.744872717547516	0.03497453412623975	6300	7358	14338	7761
evm.TU.02.59	0.43746663517211415	0.8402200026855517	35.742390447144224	0.22273863736702457	11471	11020	14337	12308
evm.TU.10.1026	0.07783468242954374	0.4725929020177997	35.70849987084581	0.012998366699915859	3249	7280	14336	4470
evm.TU.06.1588	0.0658941676432266	0.3568109160271862	35.67903331431864	0.010482569910351106	2394	5312	14335	3729
evm.TU.10.2179	0.2696826432775153	0.8809334625925475	35.67677343955388	0.10355286876858212	9890	11340	14334	10466
evm.TU.01.2916	0.3359707603989739	0.984440782725961	35.662781638593074	0.15080270513654118	10697	11989	14333	11342
novel_gene_2858_5bd9a17a	0.5342165406095705	0.9904828620458782	35.63751270982802	0.3369110043257228	12018	12019	14332	13482
evm.TU.09.218	0.2785136473314375	0.7487745714674439	35.628347815073084	0.12034693161166826	10011	10315	14331	10800
evm.TU.05.42	0.5058100629758947	1.311983948476285	35.62816178164444	0.2383510925863745	11819	13363	14330	12507
evm.TU.02.2530	0.10218933039221442	0.4380612416699476	35.60037789949085	0.022575042054122786	4855	6787	14329	6371
evm.TU.06.946	1.6987514839280649	2.146066334958901	35.58630903536619	1.1327715150694564	15158	15235	14328	16278
evm.TU.05.1707	0.13057053958205816	0.6114745358193995	35.572813954877205	0.03132143559840449	6337	9036	14327	7424
evm.TU.05.49	0.3247410720037073	0.837615562813861	35.54587726893732	0.1497143623762785	10586	11000	14326	11328
evm.TU.02.2836	0.2040171894528514	0.8043505888233247	35.54034661425121	0.06660801983712944	8629	10753	14325	9453
evm.TU.01.459	0.36508020796909313	0.7412254957637314	35.532166883649104	0.20470534676386618	10979	10244	14324	12111
evm.TU.07.887	0.3214756752485895	0.8736482596683426	35.51111677583828	0.1504215939324278	10552	11299	14323	11337
novel_gene_1593_5bd9a17a	0.2803254269921084	0.7324667635340582	35.47681037161857	0.11985059303956143	10037	10157	14322	10791
evm.TU.03.1581	0.0843874029928412	0.3945086721830452	35.43307431168371	0.0163564331046929	3697	6046	14321	5267
evm.TU.03.359	0.15431835823974097	0.5302297205772355	35.43132489111731	0.04386265983082449	7286	8075	14320	8375
novel_gene_3305_5bd9a17a	0.8883510123294531	1.2694617157978947	35.391983415266616	0.6603534340137415	13404	13253	14319	15326
evm.TU.06.1371	0.05784009160196111	0.29077398962858586	35.347038653630584	0.008563010776711663	1786	3827	14318	3138
evm.TU.03.2002	1.3910696211066313	1.908320131818214	35.32443689803511	0.8874726197742167	14406	14955	14317	15931
evm.TU.10.2173	0.34943740577953275	0.6894912797362304	35.323890878717066	0.19957221588165705	10832	9789	14316	12049
evm.TU.05.179	0.21818210295103585	0.9383053407373044	35.31982699045504	0.06887002361413981	8976	11696	14315	9548
evm.TU.04.2448	0.2668886640015303	1.0258903606636125	35.29384337213102	0.0945710483207084	9843	12201	14314	10258
evm.TU.07.74	0.16356010762922052	0.5019271517396462	35.2907462283783	0.05252391456314911	7559	7681	14313	8849
evm.TU.10.1482	0.9889301054678673	1.396687276034118	35.27368815562698	0.604373076412579	13654	13627	14312	15095
evm.TU.10.1391	0.3321188644234532	0.6860751184127024	35.247463612339224	0.18041422677511523	10659	9760	14311	11776
evm.TU.10.443	0.3701887825848694	0.750745272771542	35.22700996352075	0.2062708476999563	11030	10336	14310	12136
evm.TU.07.1636	0.5456593159201926	0.8582510566521435	35.215661194091325	0.3318448339778485	12089	11162	14309	13440
evm.TU.08.1966	0.21028093031909445	0.8122234662410559	35.210085818311974	0.06947814695838052	8787	10815	14308	9569
evm.TU.07.1482	0.4319536660118962	1.1807018827389055	35.205304870887844	0.19386172173328897	11435	12901	14307	11970
novel_gene_1110_5bd9a17a	0.2901610014633722	1.078605870734859	35.18397340680562	0.10586416352337145	10179	12434	14306	10520
evm.TU.06.1553	0.3045189030897866	1.0183165825731468	35.139935655587195	0.12406367200607343	10368	12161	14305	10870
evm.TU.04.1038	1.3518193813552772	1.5534244742019185	35.12559115001774	1.0552278765456478	14374	14057	14304	16190
evm.TU.10.1589	0.34845131791896333	1.155294466844106	35.11559103817297	0.1412952394259845	10822	12784	14303	11180
evm.TU.08.1371	1.1261516863514545	1.138180723337871	35.10411461756238	0.9435894205821479	13909	12699	14302	16030
evm.TU.07.259	1.5539112700971398	1.9593567375668166	35.06216722477863	0.863332440663866	14627	15016	14301	15885
evm.TU.10.878	0.6708789998867231	1.407137887852808	35.06033066235277	0.356455465167733	12714	13654	14300	13644
evm.TU.01.2626	0.33863020337891825	1.1742397707349017	35.04430445599231	0.13542580462711046	10726	12878	14299	11077
evm.TU.10.2115	1.6745472649554494	2.12628105242254	35.02942461657804	0.9414163638210131	15119	15218	14298	16022
evm.TU.02.2517	0.20487645650502667	0.8217543300829809	35.0220439458464	0.0660030179772345	8645	10893	14297	9431
evm.TU.02.3088	0.10779654922337095	0.7243368908379755	35.0175096718662	0.018909716463360437	5172	10094	14296	5775
novel_gene_264_5bd9a17a	0.28067958532121806	0.7197386373953157	35.00777102075191	0.12713273741543718	10041	10060	14295	10929
novel_gene_1233_5bd9a17a	0.2719922871076679	0.7759488338842977	35.00524304604387	0.11428031245982172	9928	10538	14294	10701
evm.TU.07.1818	1.5557708326013888	1.5685632183460572	34.97809266310053	1.1535474861017292	14652	14148	14293	16308
evm.TU.04.272	0.15975748421967692	0.49433386141187813	34.95771222341299	0.05176236299885151	7448	7580	14292	8810
evm.TU.02.2915	0.3019798377744882	0.7404486280943021	34.954960904493525	0.1375957269655825	10331	10236	14291	11117
novel_gene_3878_5bd9a17a	0.07159445888493703	0.41077878424264114	34.93894382913257	0.011611699709256485	2830	6307	14290	4083
evm.TU.05.1548	0.09217420653935256	0.4021952395584655	34.92921035065504	0.019401851385772252	4239	6170	14289	5874
evm.TU.09.917	0.12341196842272742	0.5286398389034775	34.92479946474985	0.030686287838697337	6001	8055	14288	7358
evm.TU.01.323	1.8079333023926898	2.2711080223316156	34.897856003022326	1.1569969550811887	15279	15343	14287	16311
evm.TU.06.1290	0.0571599839458769	0.3332952905907201	34.876897898252345	0.007919064089629155	1732	4810	14286	2901
evm.TU.02.1971	0.13828571289465547	0.5580279754035761	34.876645707779964	0.036380273131243576	6665	8428	14285	7874
evm.TU.02.777	0.3698517707323627	1.040336517458959	34.853897163407595	0.1718513973772154	11024	12263	14284	11658
evm.TU.07.50	0.5282140494404003	0.780423808705425	34.84180732400997	0.38476458132055064	11979	10565	14283	13862
novel_gene_1088_5bd9a17a	1.5075945374980835	2.0922295718474326	34.81096110690179	0.911518783887859	14481	15184	14282	15967
evm.TU.08.1170	0.13839244583826044	0.673817853582339	34.791569836031044	0.034278662749987	6672	9655	14281	7701
evm.TU.01.1025	0.14557795068473772	0.513152335559503	34.76987737545605	0.04284071651284875	6944	7847	14280	8303
evm.TU.02.2831	0.4340368574404206	1.094874301220538	34.75755798133479	0.22400005605990114	11448	12499	14279	12328
evm.TU.06.1480	0.4461866796387883	1.1525799042617764	34.75746507560612	0.21539767669947396	11516	12771	14278	12246
novel_gene_1402_5bd9a17a	1.018017228495796	1.1436543000403911	34.74646829978672	0.7818190608912435	13698	12729	14277	15708
evm.TU.01.1151	0.5525317352378356	1.1579542678146584	34.743228131749284	0.32236414182905143	12129	12800	14276	13333
evm.TU.05.1890	0.21166224189785446	0.7275734914363517	34.70877772084974	0.07546122928283909	8821	10120	14275	9757
evm.TU.01.801	1.4601742822789927	2.198685149780179	34.69199280187306	0.6097032074244507	14455	15281	14274	15115
evm.TU.01.506	1.3835901055314472	2.0570405029198233	34.68283164648834	0.8269928073889925	14401	15156	14273	15825
novel_gene_117_5bd9a17a	1.5704779231111763	1.6721352915936272	34.66103690607733	1.0972238175189493	14775	14506	14272	16239
evm.TU.10.1623	0.06989542172991385	0.3967573411723028	34.65739128386486	0.010893805821318825	2700	6086	14271	3868
evm.TU.08.1200	0.05516250547836486	0.2866936095154494	34.64724846402787	0.007828882931605729	1593	3722	14270	2861
evm.TU.02.494	0.06302747297908298	0.32276972628681705	34.595320780451516	0.009827406921001347	2161	4588	14269	3537
evm.TU.09.1088	0.08296060785070469	0.5225597768896811	34.57609497628909	0.013991982617682705	3609	7976	14268	4720
novel_gene_1967_5bd9a17a	0.4567120604305704	0.9572386356941119	34.575472377822514	0.25584498315879806	11560	11826	14267	12703
evm.TU.02.639	0.2993319938424576	0.9388590801491801	34.56010782664426	0.12297327611715939	10300	11703	14266	10840
evm.TU.09.217	1.1848179624956399	1.3943357405702297	34.49768801975902	0.8238445780349151	14097	13618	14265	15814
evm.TU.08.973	1.0832520037490583	1.502346904326643	34.4835965624526	0.7348107350359736	13770	13876	14264	15577
evm.TU.01.1914	1.0470997987127317	1.7696956606996121	34.45898019096845	0.6427767923129588	13730	14740	14263	15251
evm.TU.07.960	0.11691873322890466	0.5589806519129551	34.43273759645891	0.02694906925788152	5693	8437	14262	6930
evm.TU.03.1248	1.5551676071758533	1.6406151080857476	34.43250172985508	1.1117771686193152	14644	14423	14261	16257
novel_gene_634_5bd9a17a	2.449489742783178	2.449489742783178	34.41373895531081	1.383456162244508	15771	15771	14260	16473
evm.TU.02.1929	0.3532674458213845	1.1819299281455309	34.39310786554082	0.14282369573037124	10872	12907	14259	11216
evm.TU.01.2677	0.11769905891121056	0.6888643719653076	34.388890324410276	0.024409720419264567	5733	9781	14258	6623
evm.TU.02.2360	0.1018026723424374	0.4346024470030169	34.37795644536029	0.02240829118039891	4831	6735	14257	6341
evm.TU.07.769	0.13474709457118772	0.7281377625307481	34.37379773421844	0.031509027568961366	6512	10126	14256	7442
evm.TU.10.2041	0.23584583502337964	0.9040284783892084	34.37244993396966	0.08007582492823297	9322	11480	14255	9883
evm.TU.05.210	0.655495164257045	1.0890015229318455	34.36006143343209	0.4197414446465233	12666	12476	14254	14090
evm.TU.07.908	0.18292371604144195	0.9326071483363848	34.341817752341775	0.04912157406111977	8116	11661	14253	8674
evm.TU.04.698	0.8956891181284922	1.4558891563843124	34.33662247405322	0.5580418364770605	13430	13772	14252	14900
evm.TU.04.1800	2.449489742783178	2.449489742783178	34.305670187080246	1.0776142684182342	15771	15771	14251	16218
evm.TU.08.1999	1.2124878456658659	1.593227112739811	34.29891086253735	0.8386105501057199	14170	14252	14250	15848
evm.TU.01.1537	1.114046420804875	1.5395946496003894	34.282067686191986	0.6513129185441322	13859	13962	14249	15279
novel_gene_2971_5bd9a17a	2.4494897427831783	2.4494897427831783	34.23589068817684	0.8478771781893153	16352.5	16353.5	14248	15865
novel_gene_3816_5bd9a17a	2.4494897427831783	2.4494897427831783	34.234390457125464	1.451865246487989	16352.5	16353.5	14247	16501
novel_gene_3345_5bd9a17a	0.15506998246180287	0.5216425099388489	34.219392865667864	0.04654295249793212	7308	7966	14246	8525
novel_gene_3392_5bd9a17a	0.8351992314479341	1.5712977713502811	34.20039750224352	0.40981820314374934	13207	14166	14245	14039
evm.TU.08.1782	0.4051762857585692	0.8420011609671643	34.19608727288948	0.2234155887079492	11288	11040	14244	12320
evm.TU.01.2095	0.5916086010671626	1.3927202094490703	34.1727381709206	0.30765670431632225	12362	13612	14243	13192
evm.TU.10.1702	2.4494897427831783	2.4494897427831783	34.148840339687105	1.0312821505272238	16352.5	16353.5	14242	16165
evm.TU.06.1951	0.13964081562036587	0.5279850247744323	34.148089439562945	0.03809873117862312	6723	8048	14241	8001
evm.TU.10.2031	0.30598699077514396	0.5964232425173808	34.13827870774653	0.16093116327202295	10386	8889	14240	11486
evm.TU.02.834	0.1883807812955489	0.7503848812223651	34.07290385284084	0.05758968309915845	8272	10333	14239	9078
evm.TU.10.1815	0.2843293002847688	0.7997387304815738	34.071396581347685	0.11906771341682643	10093	10714	14238	10777
evm.TU.02.2271	0.053756677811236296	0.2664048904675896	34.0688039082883	0.007526826058269221	1489	3247	14237	2757
evm.TU.03.1366	0.5889627393014785	1.0926563094775794	34.04940663808633	0.3475756776554492	12346	12491	14236	13566
novel_gene_2354_5bd9a17a	1.0771578541254123	1.8214515111828866	34.0435286936241	0.5296874997464494	13766	14830	14235	14759
novel_gene_3248_5bd9a17a	0.0777001849226664	0.3667015837818707	34.03915283152605	0.014118414097246151	3238	5518	14234	4752
evm.TU.03.2065	0.23983493576939244	0.876653322459794	34.01966278457623	0.08259686843239375	9391	11322	14233	9951
novel_gene_2536_5bd9a17a	0.7893894378568882	1.6153494694908723	33.94584395055919	0.4437357168449261	13013	14324	14232	14261
evm.TU.04.502	0.2664887481199438	0.7755749137818264	33.938900440575914	0.10735218304158053	9837	10536	14231	10555
evm.TU.09.306	0.2823668119606987	0.8014002465158798	33.89927897091782	0.12238911713685227	10069	10732	14230	10827
evm.TU.01.1484	0.055240316870179496	0.3518632677646282	33.88668639655141	0.00734254930216717	1601	5209	14229	2688
evm.TU.10.790	2.449489742783178	2.4494897427831783	33.86657049059779	1.394453639063294	15771	16353.5	14228	16483
evm.TU.10.167	0.4954116334480313	0.9470226181766551	33.85184774637635	0.29865146586828617	11729	11749	14227	13101
evm.TU.10.1754	0.05335381426844099	0.29675624545133694	33.83911444534979	0.0072271105604140035	1459	3978	14226	2634
evm.TU.04.2457	0.12310629975407733	0.5323168877963649	33.82535832185559	0.02970082871521665	5985	8096	14225	7256
evm.TU.09.417	0.49505759557613077	0.9382627201167438	33.82266983283467	0.3086255350264522	11723	11694	14224	13195
novel_gene_2262_5bd9a17a	1.3290459599663624	1.9885942268032302	33.81720770654733	0.8110380029197882	14355	15064	14223	15783
evm.TU.01.177	0.6223246686927556	1.172436280279352	33.76926053279681	0.3560386723802446	12515	12865	14222	13639
evm.TU.04.43	0.1570350154888735	0.6411992951253843	33.75710995164522	0.044421604381613154	7369	9369	14221	8416
evm.TU.02.2384	0.2923903988012865	0.7041828807339742	33.7324697544535	0.13847537731034865	10210	9920	14220	11132
novel_gene_2797_5bd9a17a	0.18421831370517602	0.7478423748512212	33.719004569014814	0.055681930161318886	8151	10311	14219	8994
evm.TU.01.449	0.7227589772470885	1.4663003207957535	33.69936380792837	0.4058422032520926	12851	13799	14218	14016
novel_gene_2320_5bd9a17a	0.21156064022366458	0.7607467905521625	33.69800288884099	0.07271224285811012	8818	10419	14217	9676
evm.TU.10.1100	0.5073174975375573	0.7968766203816398	33.65372135226772	0.3238667088575847	11829	10686	14216	13357
evm.TU.01.2942	0.34255327612893255	1.035806727997433	33.627028695269196	0.14820364044606657	10762	12241	14215	11301
evm.TU.07.1565	0.13648844784354175	0.7483045269546265	33.625197278510505	0.03131384357094792	6587	10313	14214	7422
evm.TU.02.509	0.12986996491253708	0.5572753436726593	33.624970017973624	0.03277361882610692	6308	8422	14213	7549
evm.TU.07.434	0.6988955364124041	1.3512386924975202	33.62082409125902	0.41972668858500617	12797	13487	14212	14089
novel_gene_1255_5bd9a17a	2.0940293996536687	2.357727407976263	33.609472723216946	0.980264718971018	15426	15398	14211	16084
evm.TU.05.2071	0.5858078116166406	1.1002273351003278	33.60650434218175	0.35156922981142114	12334	12526	14210	13603
evm.TU.04.357	0.6602992688007424	1.2545100217595138	33.59611426134224	0.37546653087912235	12676	13199	14209	13789
evm.TU.02.2143	0.6785829284009209	1.2418047517375863	33.59554308206108	0.43455146988904547	12743	13150	14208	14200
evm.TU.04.1889	1.0978358948535192	1.2490532295877532	33.5913220079407	0.8027020586414747	13790	13179	14207	15759
evm.TU.10.2227	2.0171814129617474	2.3712710673583874	33.574193482221666	1.1128832799101878	15398	15410	14206	16261
novel_gene_1510_5bd9a17a	0.13150145737794325	0.5417094394124424	33.56163787421861	0.03406020666270326	6377	8224	14205	7673
evm.TU.06.1299	0.12814237783733481	0.5889314089484103	33.54981537831954	0.03145366711426283	6225	8798	14204	7438
evm.TU.06.814	0.5699688520869387	0.9918403712154037	33.53849465274583	0.3895716133477459	12239	12028	14203	13896
evm.TU.01.1533	0.0816646908414906	0.3704146021555994	33.53495095673085	0.015492843421692222	3523	5590	14202	5087
evm.TU.07.1369	0.04088436830934919	0.24844818598563123	33.51404549203593	0.004521241315852922	640	2800	14201	1489
evm.TU.08.179	0.06348118705271137	0.44949929126973004	33.484174237753926	0.0086380142115664	2198	6959	14200	3171
evm.TU.05.1706	0.17975182121874764	0.5995948704551078	33.46317911898137	0.05788289940185429	8029	8925	14199	9093
evm.TU.06.178	0.6387134551659085	1.9241538717977307	33.4602168598355	0.2252189610373363	12588	14974	14198	12336
evm.TU.10.2082	0.3631963597887736	0.9434327301379135	33.45747577460914	0.1727636635517139	10963	11728	14197	11677
evm.TU.01.2069	0.5637346379838135	1.0729650781319742	33.43470289874314	0.34756424540321057	12201	12409	14196	13565
evm.TU.03.1717	1.2934560305785923	1.5503159765683243	33.43186962945427	0.7672359310511884	14312	14017	14195	15671
evm.TU.10.1668	1.5581021008331035	1.5511382725180514	33.415992356065345	1.0388570683749392	14676	14026	14194	16177
evm.TU.01.2904	0.4402115127435145	0.9593695880611741	33.40475627234115	0.24115130093765097	11486	11837	14193	12533
evm.TU.03.144	0.18607933792924478	0.6838600496198581	33.397939831127545	0.059322157893223	8209	9741	14192	9158
novel_gene_1907_5bd9a17a	0.1589574472454852	0.5650541156147495	33.37392812945695	0.0483570652021909	7425	8498	14191	8634
evm.TU.06.2108	1.2247401784172316	1.694432140501623	33.36282861781992	0.8030587500606273	14190	14556	14190	15761
evm.TU.02.308	1.614595178946184	1.9471416321354929	33.34976575736091	1.1391126566038132	14974	14998	14189	16285
novel_gene_3283_5bd9a17a	0.2868164614156638	0.8050541274580174	33.34379457603223	0.12441770507681164	10141	10758	14188	10879
evm.TU.05.294	2.0775046291782187	2.3805061306297746	33.33116283442544	1.2238961874070617	15421	15417	14187	16368
evm.TU.05.937	0.9226687015347489	1.5559271918772335	33.32945048736155	0.5699979770776781	13511	14080	14186	14962
novel_gene_3264_5bd9a17a	0.13080456012843622	0.5355481989864037	33.318456311071984	0.03350321862194141	6349	8139	14185	7618
novel_gene_3141_5bd9a17a	0.05749324624092063	0.3175712869239113	33.26355619178229	0.008167370645343026	1760	4477	14184	2985
evm.TU.08.1098	0.33566600750483694	1.0593178511883026	33.20325386294385	0.14138444771584396	10695	12348	14183	11185
evm.TU.03.152	0.16892580578702573	0.7172263289902076	33.18737028928283	0.048683693956625765	7720	10039	14182	8652
evm.TU.02.737	0.2781954838367743	0.7409201980451596	33.18514536644287	0.12198883613319625	10006	10241	14181	10823
evm.TU.10.1752	0.06743016299268655	0.33582677028836727	33.180276876491405	0.011016604143733708	2503	4872	14180	3897
novel_gene_3926_5bd9a17a	2.4494897427831783	2.4494897427831783	33.166672394085225	1.073829282386962	16352.5	16353.5	14179	16211
evm.TU.07.503	0.12566647434499478	0.49539162935821507	33.16125511940272	0.032234992131043486	6107	7598	14178	7509
evm.TU.07.850	1.411885987408051	2.080238438405211	33.14310196630446	0.7500636233484341	14433	15173	14177	15623
evm.TU.10.1587	0.36653099389375327	1.1199087946843247	33.141765470708926	0.15412959754917024	10992	12621	14176	11378
novel_gene_2842_5bd9a17a	0.3595585214190546	0.9537811102973153	33.136046501076834	0.15761467830155482	10924	11804	14175	11436
novel_gene_692_5bd9a17a	0.4251178083175685	1.2542177385331605	33.118269703787135	0.18952084316160409	11391	13196	14174	11897
evm.TU.05.1767	0.28427257670107203	1.1536230972815875	33.107626331348115	0.0899099778405323	10092	12775	14173	10149
evm.TU.09.1332	0.26244849063033	0.7396918640002557	33.1036679766922	0.10836168158621037	9767	10230	14172	10574
evm.TU.07.216	0.09734698742373811	0.49964458687803015	33.103357310109814	0.019554935124571498	4580	7649	14171	5894
evm.TU.01.98	2.0182348702391866	2.366117970145183	33.08407089020743	1.2128711890333517	15399	15405	14170	16360
evm.TU.02.1737	0.26287461910233234	0.7290256546496153	33.06159151443943	0.10603248943645353	9774	10131	14169	10524
evm.TU.05.1315	0.2671272174281546	0.6955657508355897	33.02085592705728	0.10725012587041527	9847	9843	14168	10551
evm.TU.09.1234	0.214866484415011	0.7946440950569572	33.02004180011547	0.07026641088621409	8895	10670	14167	9605
evm.TU.03.1668	0.3187768947432965	0.8883654899887244	32.93958978018097	0.13479505009869264	10524	11392	14166	11065
evm.TU.09.1070	1.7382735693838147	2.037776715358967	32.92414148904723	1.0180478970676474	15208	15135	14165	16145
evm.TU.08.1079	0.5980392241836068	1.304005733885432	32.899021169797834	0.3255782930203532	12402	13346	14164	13379
evm.TU.07.171	0.10571093807951634	0.5227911807613633	32.89872676849336	0.022584689599713333	5041	7981	14163	6374
novel_gene_2978_5bd9a17a	0.7215070211692941	1.3026445913215818	32.88460735444671	0.4553833530588693	12847	13344	14162	14320
evm.TU.08.1157	0.21640661246469747	0.6722672993634413	32.850036822002956	0.0801304447382735	8933	9643	14161	9885
evm.TU.04.1983	0.0932096584216564	0.47010740236734866	32.829368900080965	0.01829011382960342	4305	7240	14160	5651
evm.TU.03.1086	0.6147064803161187	1.1757312802364521	32.82384789991605	0.37358207448644265	12489	12884	14159	13778
novel_gene_2862_5bd9a17a	0.1545686755651831	0.6972170285770993	32.81549292749483	0.04165281626895573	7296	9862	14158	8237
evm.TU.04.2459	0.12870701626525238	0.6521232698352761	32.77246939877134	0.029681057525054386	6252	9457	14157	7254
evm.TU.08.1127	0.1225364744920359	0.6046372043396865	32.74645714549827	0.02826625148798064	5967	8969	14156	7096
evm.TU.06.1728	0.09402608839662674	0.45590523028472085	32.72405864527176	0.018847481902740378	4359	7044	14155	5764
evm.TU.04.1655	0.4325808275206896	0.7267122353040065	32.681314696975384	0.27765123880224896	11441	10110	14154	12928
novel_gene_1097_5bd9a17a	1.2552598497244158	1.470861696739715	32.66072230834167	0.8706276690185207	14251	13805	14153	15899
evm.TU.04.2149	0.25950545977075495	0.7822720723474481	32.643108635756235	0.10449795937048573	9733	10583	14152	10486
evm.TU.10.1416	0.32710749362934455	0.9661326182569624	32.63585385403551	0.13762791655252823	10610	11883	14151	11119
evm.TU.05.1701	0.305632042246768	0.7760455739930863	32.611283614962026	0.13856008066014525	10380	10539	14150	11134
novel_gene_2403_5bd9a17a	1.5924321121335117	1.8792045945238993	32.60013201931781	1.1565015278057178	14890	14918	14149	16309
evm.TU.01.256	0.3556016385370376	1.0807187755772045	32.60010909050687	0.15271861123050606	10895	12445	14148	11362
novel_gene_3310_5bd9a17a	0.23244701560552203	0.8240547902514304	32.57676960443288	0.07908793211048049	9248	10912	14147	9855
evm.TU.10.1958	0.11626223164599152	0.5261072878622657	32.57215117751681	0.026738659962895855	5644	8027	14146	6916
evm.TU.01.1191	1.784607571256682	2.216979601220592	32.57028341557378	1.0943631059023975	15255	15293	14145	16233
evm.TU.10.1590	0.5413253496199584	0.8272998659760291	32.55692477229111	0.385177956067742	12066	10933	14144	13865
novel_gene_2270_5bd9a17a	1.1417970816828171	1.4774497488473126	32.54713059289539	0.7932199605437376	13966	13818	14143	15743
evm.TU.07.301	0.10110853481124445	0.5871121737493815	32.53400357265018	0.019202109524390117	4802	8770	14142	5826
evm.TU.10.1408	0.10583449696290151	0.4208991175449441	32.497437417766996	0.023498228687068037	5054	6490	14141	6496
evm.TU.01.1365	2.449489742783178	2.449489742783178	32.475434082027675	1.4844404450889408	15771	15771	14140	16511
evm.TU.02.2470	1.1807908519376635	1.613996462092642	32.468105272038294	0.7541336992254046	14085	14319	14139	15637
evm.TU.06.2120	0.21842532162389364	0.6279236269016161	32.437554368149364	0.08299117514971946	8978	9230	14138	9963
evm.TU.04.1298	0.13194082307989516	0.4185446347431707	32.41446425962877	0.03721941305185109	6395	6458	14137	7937
evm.TU.06.1295	0.0688508617902932	0.3215950167801307	32.40128476329127	0.01154606253471193	2610	4566	14136	4068
evm.TU.02.1453	0.3007772547954868	0.9059208881519496	32.38080988662842	0.12580279608247508	10321	11487	14135	10905
evm.TU.09.897	0.16108068469587508	0.6705671413525072	32.3388772108816	0.04552575876899541	7497	9630	14134	8475
evm.TU.09.102	1.5510070716690405	1.6226866007028042	32.27850005463001	1.0955100811057599	14576	14350	14133	16236
novel_gene_1991_5bd9a17a	1.4373576172040587	2.2264571209463506	32.239470190041516	0.7899177640221566	14448	15302	14132	15735
novel_gene_838_5bd9a17a_novel_gene_839_5bd9a17a	0.12978263101748924	0.564160093235835	32.23713639290581	0.03131033133749415	6304	8488	14131	7421
evm.TU.02.1906	0.4847413884110374	0.8529172316722663	32.22102405180652	0.3099107648263267	11668	11126	14130	13209
evm.TU.04.1327	0.4746579963461311	1.183046410622614	32.219900985942175	0.23963787675292955	11627	12913	14129	12514
evm.TU.06.562	0.2700529648220485	0.8875765051455512	32.21893306401372	0.10482300835663756	9899	11386	14128	10494
evm.TU.02.38	0.08093475471604865	0.37282012639943024	32.202520456817894	0.015046148852261909	3466	5636	14127	4990
evm.TU.02.2870	0.6399809280578096	1.3219305754758301	32.19197771285203	0.3879909484730895	12595	13395	14126	13887
evm.TU.07.27	2.449489742783178	2.449489742783178	32.158902305868	1.1379241607342916	15771	15771	14125	16282
evm.TU.01.2861	1.959477998846081	2.323627530796112	32.148696635551914	1.1580288953855682	15377	15373	14124	16313
novel_gene_2258_5bd9a17a	0.915833439953907	1.072365951549808	32.11470554065766	0.7418326715298879	13495	12405	14123	15598
evm.TU.09.276	0.3537931993029748	0.67400693777283	32.076910907747994	0.1940955894199381	10881	9656	14122	11972
evm.TU.01.2536	0.5992983775075753	1.2496727409256652	32.06688378690861	0.3565956944769949	12410	13181	14121	13647
evm.TU.08.403	0.2613187254535888	1.007851396866238	32.05928066856071	0.08868985477442594	9757	12110	14120	10113
novel_gene_3014_5bd9a17a	0.16682849154320636	0.6607329586149204	32.05079726037782	0.047803620488075425	7663	9550	14119	8600
novel_gene_1380_5bd9a17a	0.05205729502672635	0.2878191903291349	32.04884836510316	0.00690664835088734	1359	3753	14118	2494
evm.TU.10.1921	0.5075181766722239	0.6192443780177891	32.030567007539304	0.40945292080957113	11832	9128	14117	14035
evm.TU.01.2791	0.09861638040569329	0.4119930406798019	32.023161115991556	0.021340765188749618	4650	6331	14116	6175
evm.TU.02.624	1.7881179865642698	2.279920501213706	32.019160227207536	0.7669287252289555	15258	15347	14115	15670
novel_gene_3434_5bd9a17a	0.06920351021292397	0.33875612520508736	32.01851157706467	0.011465679047279595	2644	4929	14114	4039
evm.TU.03.2111	0.2706209620517633	0.5904839934078314	32.00636684793451	0.12368831869372061	9911	8813	14113	10862
novel_gene_727_5bd9a17a	2.449489742783178	2.449489742783178	31.956563989340502	1.487240814606347	15771	15771	14112	16512
evm.TU.09.158	0.18750368648496918	0.6814716197700341	31.954867500987717	0.05887686207346801	8241	9717	14111	9128
evm.TU.ctgX29.1	0.670575136420392	1.5143660032925053	31.932223927064108	0.34992261477980313	12713	13907	14110	13587
evm.TU.01.26	0.08666836098710179	0.6235461021607139	31.924648110465363	0.0134567929951153	3848	9184	14109	4584
novel_gene_3988_5bd9a17a	1.6793015154842421	2.1418525473756693	31.91609269099292	1.0345876532256901	15125	15231	14108	16169
novel_gene_2849_5bd9a17a	0.23947219248435617	0.7850274024530605	31.849679026876284	0.08931709117897517	9375	10599	14107	10132
evm.TU.02.2367	0.049968759425582605	0.30184698095511076	31.838121855254425	0.006283359852244107	1199	4112	14106	2247
novel_gene_3475_5bd9a17a	0.6705345755870842	1.3604490019471596	31.83506380782685	0.3975326482677668	12712	13517	14105	13955
evm.TU.02.138	0.11369317747336084	0.4584605212851284	31.834149963332436	0.02683298372061348	5501	7073	14104	6922
evm.TU.05.348	0.29280664882148405	1.0104478576009752	31.825502860764697	0.1102881750704245	10215	12122	14103	10606
evm.TU.ctgX21.6	0.24542001163360164	0.9743115319718118	31.819298058082396	0.08073899262659787	9485	11925	14102	9902
evm.TU.04.770	1.8914268194842145	2.28086141214941	31.816345522718024	0.9786108703767409	15348	15348	14101	16080
evm.TU.02.1478	0.6959347125159654	1.3598418988200003	31.806128670725514	0.41100182961535353	12787	13514	14100	14045
evm.TU.05.2108	0.26385852481556704	0.8683119675009159	31.799640574971995	0.09522923078477481	9787	11253	14099	10277
evm.TU.ctgX8.11	0.6901065645864689	1.4180491159770174	31.76876103404754	0.3872203801084909	12773	13678	14098	13881
evm.TU.02.2442	0.3904913242550156	0.646504307239989	31.763421806787775	0.24876106977133697	11186	9417	14097	12625
evm.TU.09.50	0.11151401036141015	0.6756016957467473	31.631953169476446	0.021770071931161032	5376	9667	14096	6237
evm.TU.02.2194	0.5374052985411077	0.7933381498454832	31.62454533213874	0.37691445460034223	12039	10660	14095	13801
evm.TU.02.2661	0.20779699377955976	0.8148689341138543	31.615172460188	0.06642850055343631	8718	10839	14094	9444
evm.TU.02.1168	2.449489742783178	2.4494897427831783	31.6123900809069	1.5005408512540916	15771	16353.5	14093	16516
evm.TU.01.1997	2.4494897427831783	2.449489742783178	31.60698694373166	0.6732118118753786	16352.5	15771	14092	15376
evm.TU.06.2040	0.7547543936573048	1.3992567999729155	31.603941404324026	0.4595255473758197	12918	13637	14091	14355
evm.TU.04.1871	0.18371895681553407	0.5830711686452023	31.59244294328976	0.06201090255654366	8142	8724	14090	9288
evm.TU.05.2034	0.09628150855293714	0.518475851878168	31.56068425852418	0.01865995081007312	4510	7923	14089	5732
evm.TU.05.1623	0.19680553626775946	1.0396347059755395	31.557489209209592	0.04561533877919076	8450	12253	14088	8479
evm.TU.07.1318	0.09839436214430454	0.49542817363752845	31.54763870916491	0.019853839955106298	4632	7599	14087	5957
novel_gene_1911_5bd9a17a	0.9080303705060487	1.4257341596368562	31.50242773315823	0.635694095169765	13468	13695	14086	15216
evm.TU.08.105	0.29175169312111054	0.8562769138985714	31.501409050917	0.12248011909298906	10205	11146	14085	10830
evm.TU.05.96	1.1532056385996587	1.961403732298677	31.455258050194928	0.6031624389148752	13999	15020	14084	15092
evm.TU.06.1979	0.17220224246866525	0.6138204061131596	31.453162224452154	0.05318518007524492	7817	9057	14083	8877
evm.TU.02.3194	0.18278283365217002	0.5355072439590226	31.450930394924466	0.06229296888800774	8109	8137	14082	9294
evm.TU.09.1251	0.4900387278358301	1.3792081778243022	31.43713646973003	0.20594590871603324	11684	13571	14081	12133
evm.TU.07.44	0.18108922732743477	0.7464773648310767	31.423586658927853	0.05333039447450209	8062	10297	14080	8886
evm.TU.06.743	0.20719624580883675	0.8476496176050706	31.411047119189913	0.06433184164606048	8697	11084	14079	9370
evm.TU.10.702	0.11093729902432906	0.5022077953767858	31.37989297229264	0.02476852440358679	5339	7686	14078	6666
evm.TU.04.1993	0.41591359694307195	1.0617405068859826	31.367047293192766	0.20443820755657513	11345	12360	14077	12110
evm.TU.04.161	0.8839859050353156	1.0429374916888823	31.33701263707306	0.6759833906794894	13394	12282	14076	15383
novel_gene_753_5bd9a17a	1.1754148830452047	1.2881524574344796	31.322409802120994	0.7450464361453887	14068	13311	14075	15613
novel_gene_210_5bd9a17a	1.1168930980354215	1.9598741393160317	31.320056853663193	0.4569048241394331	13866	15018	14074	14332
evm.TU.02.1136	1.554472551695623	1.578126019507169	31.31638123131608	1.2428788040484928	14634	14197	14073	16379
evm.TU.04.2437	0.28876285723227735	0.9019282584105728	31.31456625954037	0.11290446226411699	10164	11469	14072	10665
evm.TU.04.2173	1.7142097766295574	2.2353624672925254	31.300822318656778	0.743569001716735	15178	15311	14071	15605
evm.TU.10.524	0.21087084686727603	0.7405183318072663	31.296829207100437	0.07237602196447175	8804	10238	14070	9667
evm.TU.02.1931	0.4541058409870724	1.3300250215124858	31.26559084814358	0.2063596251858448	11549	13419	14069	12137
evm.TU.04.104	0.18436669001682116	0.7682862403153073	31.230340848903666	0.05331844280340826	8154	10489	14068	8884
evm.TU.07.665	2.0278751915765016	2.368174757898728	31.198455780702986	1.2010441951531268	15405	15407	14067	16351
evm.TU.08.1884	0.8518906184326404	2.0148761416059595	31.191524439584146	0.25133320356929084	13275	15105	14066	12653
evm.TU.04.1980	0.1379215696148915	0.5608075866184812	31.191469069178105	0.03541750230325664	6649	8455	14065	7796
evm.TU.08.1293	0.20355529904343755	0.5715498692234184	31.189607158006165	0.07578694959036843	8618	8591	14064	9767
evm.TU.10.1890	0.1787123870502524	0.6205840633363495	31.17918418588233	0.05600014684155058	7996	9146	14063	9004
evm.TU.01.2384	0.25672291620796195	1.1132654594122369	31.142594620829993	0.07570525653112628	9674	12591	14062	9764
evm.TU.10.1789	0.866850607514694	0.9659561511702659	31.141455857156263	0.7351807670024092	13337	11880	14061	15578
evm.TU.07.1349	0.3340317314000614	0.7821351090220888	31.1249069013155	0.1652038689908888	10682	10582	14060	11557
evm.TU.04.1050	0.1753985428065732	0.7585263897032104	31.122556936665315	0.04812424519772451	7911	10399	14059	8620
evm.TU.06.1906	0.30304609045792696	0.7621614364945568	31.122144307457994	0.14120723319192852	10351	10437	14058	11177
evm.TU.02.2157	0.1843908097515959	0.489663857772486	31.10473759318469	0.06822491694599371	8155	7511	14057	9526
novel_gene_1011_5bd9a17a	1.6200211631891046	1.834122458238924	31.09927439352501	1.0921287861087459	14989	14850	14056	16230
evm.TU.09.339	0.2960028816914182	1.0131585646086396	31.09611006226612	0.1028985635531104	10257	12136	14055	10448
evm.TU.06.1913	0.13074233316759537	0.46152087918156176	31.094225884105338	0.03440816692905125	6345	7121	14054	7714
evm.TU.02.2474	1.1469408386260054	1.4143208918749972	31.089552587051944	0.8430807673133476	13983	13669	14053	15854
evm.TU.06.607	0.8911338119304738	1.289227444405908	31.064052411264306	0.611027599734123	13413	13315	14052	15122
evm.TU.03.934	0.16608218373969963	0.7165657977080799	31.062318299345378	0.04609891507449871	7640	10030	14051	8506
evm.TU.06.973	0.23043521932182498	0.8639322193796787	31.057240239790186	0.07763643723980437	9209	11221	14050	9812
evm.TU.02.3045	0.1341814300374126	0.6654753071839785	31.049913704597923	0.032003542883885704	6477	9597	14049	7487
evm.TU.02.1228	0.6058050051171745	1.1208551476377469	31.042555131655	0.3699515823431219	12440	12627	14048	13756
evm.TU.06.1729	1.618547750134453	1.9878787724279623	31.03760079981677	1.084756366973159	14983	15063	14047	16227
novel_gene_3706_5bd9a17a	0.134249543721449	0.704546409410526	31.027409831168903	0.03089374179827557	6481	9925	14046	7382
evm.TU.07.853	0.3473151277297393	1.1918138613615663	31.014847621336678	0.13554522068699434	10810	12950	14045	11082
evm.TU.01.2121	0.5713102279224805	1.4381590927370447	31.011894894233375	0.28274664760192186	12252	13733	14044	12961
evm.TU.07.1736	0.30762602090817026	0.8472469891581763	30.989013875691906	0.13213765297839528	10402	11079	14043	11016
evm.TU.08.234	1.0954869809987873	1.1224403721332823	30.97689114671009	0.9581530448074927	13780	12631	14042	16049
evm.TU.02.2688	0.5928411507957739	1.073363071733792	30.94094870863149	0.35715094994690755	12369	12412	14041	13650
evm.TU.06.1652	0.15184294161337458	0.5659551864052497	30.93000210630806	0.04292572724326027	7185	8510	14040	8311
evm.TU.01.554	0.34444593281764246	1.247503291140578	30.928548440828752	0.12779932679553055	10781	13172	14039	10935
evm.TU.04.1274	0.1686371164478679	0.759931107566137	30.92217049605039	0.0457371937637636	7712	10411	14038	8490
evm.TU.01.248	0.25071251726024096	0.7671381656927466	30.920677068586475	0.09112061899276132	9564	10480	14037	10174
evm.TU.08.1309	0.1435437822355506	0.6827958307424796	30.894744257187277	0.03582168991833346	6873	9733	14036	7826
evm.TU.02.2295	0.07869641963449818	0.41157010597934024	30.890828101881535	0.01371116290895323	3302	6322	14035	4653
evm.TU.04.1749	1.8506240537032677	2.2809625529724555	30.880208395550568	1.0624792163033068	15317	15350	14034	16198
evm.TU.01.1742	0.3640775731194383	1.1907884048404325	30.87864218985233	0.14438298867198424	10970	12945	14033	11241
evm.TU.05.941	0.12690765110327595	0.5835091285434354	30.875324939064427	0.030147263502734	6161	8727	14032	7297
evm.TU.02.3039	0.43532309972029154	1.079882250161991	30.854958129827946	0.21689940725880402	11456	12443	14031	12260
evm.TU.07.1617	0.94226522611882	1.4418462978460351	30.852809507438923	0.5905279259385994	13557	13741	14030	15044
evm.TU.10.602	0.19633342843596496	0.5496897570352454	30.849721826800636	0.06981246915865355	8442	8319	14029	9584
evm.TU.02.2327	0.06853458408254544	0.38602535224315077	30.847517494516275	0.01069876988305718	2583	5887	14028	3794
evm.TU.01.671	1.0673818115107623	1.4063730522221247	30.84334568573764	0.718822977503869	13755	13652	14027	15532
evm.TU.04.1976	0.35282903525857323	0.6994747006821298	30.84046174573912	0.17581675611335676	10865	9877	14026	11717
novel_gene_3974_5bd9a17a	1.8882081689219956	2.336012572292225	30.812009570759486	1.0687556694729754	15344	15388	14025	16205
evm.TU.05.45	0.21063694074450007	0.666200949426719	30.759074050548044	0.07018505346430118	8798	9606	14024	9602
evm.TU.10.481	0.02780780352844403	0.2311973160579959	30.747318828090766	0.0020972212194695235	169	2356	14023	415
evm.TU.01.1465	0.32772661118504176	1.071567869150913	30.74650727919636	0.13197511949060511	10620	12402	14022	11013
evm.TU.02.705	0.26758939352439937	0.7920610731676724	30.74287194937655	0.10785864270185443	9858	10652	14021	10563
evm.TU.01.2950	0.2845583512328305	1.1331721915884476	30.733681720804846	0.09410190182143136	10102	12679	14020	10246
evm.TU.10.2231	2.4494897427831783	2.449489742783178	30.72307390639301	1.3174938118411674	16352.5	15771	14019	16432
evm.TU.03.1921	1.841551454386777	2.2158180047927316	30.710876507069738	1.072147018181125	15312	15291	14018	16210
evm.TU.08.1164	0.37964597050006643	0.8492578475233874	30.703489733620668	0.19768169785426973	11108	11094	14017	12023
novel_gene_615_5bd9a17a	0.3001315031419359	0.8457194040906394	30.6992459012573	0.12394794205106124	10312	11063	14016	10868
evm.TU.10.1462	0.2376760862791794	0.8496253296353529	30.69600314944652	0.08322195315540293	9351	11097	14015	9971
evm.TU.10.141	0.27398502773266636	1.0434714910571377	30.68025242451198	0.09515956701335915	9950	12285	14014	10276
novel_gene_1446_5bd9a17a	0.23399819891357995	0.7462894918848828	30.655224161955744	0.0830102620881882	9278	10293	14013	9965
evm.TU.02.1722	1.5809301541471927	1.7934767547555384	30.632727460512378	1.157652543138765	14831	14782	14012	16312
evm.TU.02.1388	0.11095387521556534	0.7458107804445757	30.560683997981737	0.018546050205369646	5340	10287	14011	5704
evm.TU.01.2790	0.13846923096453959	0.6644661720036418	30.558475378657796	0.033524128562939244	6675	9588	14010	7621
evm.TU.04.2449	0.11457158082299088	0.5509730357978638	30.54711577750039	0.025243043805367026	5564	8335	14009	6725
evm.TU.10.1548	0.1187367725828557	0.5177045536985656	30.519609276197308	0.027147996146729646	5775	7915	14008	6947
evm.TU.02.3033	0.4242515381466063	0.9587956456755131	30.51850931497911	0.22366522717793916	11388	11834	14007	12323
evm.TU.06.540	1.1099274179428267	1.352026172938272	30.517626719049854	0.7341598873390189	13840	13489	14006	15574
novel_gene_116_5bd9a17a	0.3954781648191353	0.9037141832546249	30.510769708486098	0.204098100273877	11217	11477	14005	12107
evm.TU.07.964	0.09238088659015523	0.48730036282344585	30.50612778760441	0.017411913643196896	4255	7468	14004	5482
evm.TU.07.1241	0.05590773111363732	0.28768535381568144	30.47987580504962	0.007898044317662984	1659	3749	14003	2890
evm.TU.03.66	0.11428664576712083	0.41395846681073545	30.47385735854587	0.027854992901322116	5536	6371	14002	7043
novel_gene_2599_5bd9a17a	0.2704671305987583	0.8122184331604221	30.467559137529445	0.1086751031163799	9907	10814	14001	10584
evm.TU.05.413	0.18493335679953476	0.7560730105411831	30.453072850134504	0.055367450188804	8174	10381	14000	8986
evm.TU.04.530_evm.TU.04.529	0.6717934412753548	1.1468753564353011	30.44496336408086	0.4408140788952294	12718	12741	13999	14241
evm.TU.04.544	0.8011454002183982	1.5967239795101413	30.38541783156077	0.4111494086191163	13059	14263	13998	14046
evm.TU.06.2044	0.40703894471083724	0.8951293706376356	30.36877525452625	0.20519554903849158	11301	11428	13997	12119
evm.TU.04.833	0.06429356428536719	0.3818448968964015	30.36190374813576	0.009420038162065264	2263	5812	13996	3414
evm.TU.02.2036	0.42363480600884634	0.8892811003571903	30.35750700037066	0.20424057689801525	11385	11395	13995	12109
evm.TU.04.1572	0.17937292085814804	0.6413382280238396	30.34506755393512	0.056013444535416464	8013	9373	13994	9006
evm.TU.10.1757	0.07210873495289996	0.5010939773888621	30.33395892109544	0.010377699013944574	2878	7670	13993	3697
evm.TU.04.2280	0.08342824864269596	0.39862039886680495	30.332711511570196	0.015548079837112877	3638	6116	13992	5096
evm.TU.02.2896	0.2954712933895511	1.0492185027442575	30.331281595729873	0.10482033455020824	10250	12310	13991	10493
evm.TU.04.611	0.35988606222256325	0.8844732066585743	30.300791466243	0.16476545225090958	10931	11362	13990	11549
evm.TU.03.1486	0.5818130966839709	1.0132279355588434	30.25442893033477	0.3804759521356196	12314	12137	13989	13831
evm.TU.05.552	0.2597827717588174	0.709722980353885	30.225815162758604	0.10589364401885844	9735	9971	13988	10521
evm.TU.08.331	0.1001243769730538	0.4358123615512866	30.222262089567433	0.02148818139595433	4751	6746	13987	6192
evm.TU.ctgX1.8	0.2463483695604171	0.9017630757416599	30.21018439544241	0.08552983870808126	9500	11467	13986	10033
evm.TU.01.550	0.43820707852536445	0.9940674040952708	30.177158112356285	0.2299706896757264	11473	12042	13985	12403
evm.TU.01.1491	0.0988459593488847	0.4876065539694877	30.167075925928195	0.01980987422326607	4667	7474	13984	5946
novel_gene_3879_5bd9a17a	0.08272367793675985	0.34610945609024724	30.16436313602068	0.016067476957193672	3592	5094	13983	5206
evm.TU.02.181	1.6424099634325295	1.7431856932700318	30.156812429800098	1.088189167597712	15053	14678	13982	16229
novel_gene_3506_5bd9a17a	0.3699470892110672	1.1968908615457021	30.151127836179725	0.14701493309153207	11026	12971	13981	11284
evm.TU.03.1952	2.449489742783178	2.4494897427831783	30.14300856318002	1.3277626575023367	15771	16353.5	13980	16441
evm.TU.02.2058	1.018831140158404	1.3279215853709536	30.137474186401477	0.6975602470890292	13699	13412	13979	15468
evm.TU.08.1377	0.09330581664643517	0.47103709687191714	30.114340877511914	0.01798940336022907	4307	7249	13978	5602
evm.TU.08.948	1.7458100041567353	2.074207427344439	30.102057125849722	0.9934326101552111	15215	15170	13977	16104
evm.TU.01.2503	2.449489742783178	2.4494897427831783	30.077434214474014	1.3111960659098194	15771	16353.5	13976	16429
evm.TU.01.1039	0.19991413602250363	0.9535628068758536	30.059203281834183	0.05554892625781268	8521	11801	13975	8990
novel_gene_1521_5bd9a17a	0.08789836133554266	0.43820881654471916	30.031204367965863	0.016413875169931178	3934	6791	13974	5280
evm.TU.01.1534	2.4494897427831783	2.4494897427831783	29.991438567150283	1.3327988965169166	16352.5	16353.5	13973	16445
evm.TU.07.302	0.12139646327245669	0.5115452347149277	29.982190836518665	0.02911504917953527	5914	7827	13972	7190
evm.TU.08.471	1.18636529399413	1.2039504965151977	29.945832909666937	0.751289020668352	14102	13001	13971	15628
evm.TU.01.1438	0.10597849119686156	0.5092339076460115	29.922885054892205	0.022492184436990546	5061	7789	13970	6354
evm.TU.10.1823	0.7772701478094051	1.620631840937142	29.91384858708895	0.3888196316120899	12970	14342	13969	13892
evm.TU.07.1299	0.18380225028767075	0.5891781551109454	29.896643970992237	0.058251294840132875	8144	8802	13968	9103
evm.TU.01.3012	0.9426357470612309	1.5128519752497436	29.88827260067037	0.5608022450596752	13559	13902	13967	14917
evm.TU.01.613	0.24101971157438942	0.7395119121225346	29.887084653723996	0.08636900954828076	9408	10226	13966	10047
evm.TU.03.379	0.08631446545915554	0.438695201949414	29.882040274533487	0.015851062160168357	3823	6799	13965	5170
novel_gene_479_5bd9a17a	0.7767676980022677	0.9427680860018726	29.8811692322983	0.6283024425235925	12966	11723	13964	15188
evm.TU.02.3090	0.19952410490673633	0.6840935073068565	29.852662370685152	0.06476159129245346	8511	9744	13963	9386
evm.TU.01.2627	0.09813144437841861	0.45703722556958903	29.851023715161517	0.020008567543248746	4617	7056	13962	5979
evm.TU.01.1833	0.16589320661295195	0.8044142095461047	29.8339742702506	0.042819159952008426	7634	10754	13961	8301
evm.TU.02.895	0.11942573332458879	0.5214898708546131	29.81718132957032	0.02779596051520597	5809	7964	13960	7035
evm.TU.09.200	0.23407673764567002	0.7563735097796264	29.785810964841893	0.08567880352616196	9281	10383	13959	10037
evm.TU.04.1129	0.1820524686603548	0.745947118400727	29.771819254689106	0.04955287050346463	8094	10291	13958	8699
evm.TU.04.2291	2.449489742783178	2.4494897427831783	29.752980533916638	1.3826779797375173	15771	16353.5	13957	16472
novel_gene_3081_5bd9a17a	0.4565603947980066	0.9618900345618312	29.751527351769003	0.22596166314235097	11558	11862	13956	12351
evm.TU.04.11	0.06387168024295972	0.3850891843671875	29.73847809321193	0.00904124175908309	2227	5869	13955	3293
evm.TU.01.2517	1.7928264094675066	2.0569977861377784	29.730321536494046	1.1174680427167427	15262	15155	13954	16268
evm.TU.09.861	0.9521817012178713	1.2339691487825837	29.71605849275058	0.6790329895530463	13582	13132	13953	15394
evm.TU.04.200	0.2271240533485427	0.6078703485616163	29.711484795160768	0.08461918501029272	9146	9006	13952	10009
evm.TU.04.2272	0.07595073400418514	0.39286893969766196	29.66387883114003	0.012834411569581934	3129	6012	13951	4421
evm.TU.09.60	0.05650070042217865	0.394917327965329	29.64406615347904	0.007076441619325275	1694	6055	13950	2570
evm.TU.10.765	0.23923314015299668	0.9164488656031208	29.6323002182027	0.07839566363152542	9368	11546	13949	9830
novel_gene_3021_5bd9a17a	0.10522165709786777	0.49932184471814367	29.604605965937434	0.02220526054684862	5011	7643	13948	6314
evm.TU.03.1923	0.0946993024355785	0.39507477614938935	29.600254508992496	0.019799007541672308	4407	6058	13947	5944
evm.TU.04.642	0.10341451312633576	0.5199318037107349	29.573263609938625	0.021126122973812764	4914	7944	13946	6148
evm.TU.10.1267	1.591284965087661	2.031800775721261	29.571794732807533	0.875942655220501	14886	15122	13945	15910
evm.TU.09.272	1.092461701946829	1.5586033898834257	29.56532071188395	0.6734893861199389	13776	14099	13944	15377
evm.TU.04.1768	0.11433161293842996	0.3662351789328611	29.564928956991956	0.028833366680550993	5543	5514	13943	7165
novel_gene_2527_5bd9a17a	0.2700229062056569	0.8038201713462549	29.52241230301584	0.10165445676561714	9897	10744	13942	10424
novel_gene_2081_5bd9a17a	0.6064322511375616	1.0437485148353733	29.51806246081368	0.36591340520145327	12444	12287	13941	13732
evm.TU.04.2092	0.07205234929523856	0.34475871071780007	29.47144027178569	0.012214620487944217	2875	5068	13940	4253
evm.TU.02.2906	0.34712460167365355	0.7399440356100371	29.44923318982107	0.1752170352362371	10807	10233	13939	11709
evm.TU.08.554	0.2777577397439316	0.7549348124112488	29.435091922064995	0.11388190358889373	10000	10371	13938	10691
novel_gene_3841_5bd9a17a	0.09720038958777968	0.5089765646567814	29.429503309368144	0.018824857341975035	4574	7785	13937	5760
evm.TU.05.102	0.2481936436038032	0.8397006305785194	29.423541070738388	0.079550750235616835	9527	11015	13936	9870
evm.TU.07.6	0.49645152391654196	1.475585744007159	29.41434384756635	0.20757828978525578	11739	13814	13935	12157
evm.TU.09.319	0.5462152078756228	1.0175901795596827	29.411879574021604	0.3269687296625921	12095	12156	13934	13392
evm.TU.06.1891	0.0250226103054031	0.18734841919009249	29.39527082455644	0.0018054335131533386	116	1302	13933	321
evm.TU.02.2743	0.14122311389334674	0.6276694506026977	29.39331496054707	0.03490916230818565	6781	9223	13932	7756
evm.TU.06.327	0.1969585894867112	0.7198678610358589	29.38344605766592	0.06098257311397165	8456	10061	13931	9236
evm.TU.10.1887	1.0739994215604245	1.4600574741063723	29.377054223031156	0.5458000120952465	13764	13777	13930	14849
evm.TU.09.100	0.4340797431388876	1.1075784054744682	29.34832232634885	0.19154385758317802	11449	12560	13929	11932
evm.TU.02.969	0.22846168635006386	0.8762417874523611	29.324633946081406	0.07324520878271086	9176	11318	13928	9691
evm.TU.01.626	0.10744464256799431	0.5024986420489205	29.311604409134162	0.023039894098540806	5152	7691	13927	6437
evm.TU.05.401	0.1570134479089553	0.5363967193890634	29.286356163084623	0.04502232226405882	7366	8151	13926	8442
novel_gene_3471_5bd9a17a	1.17267739093173	1.3725614451359234	29.28199740693388	0.8566928582445769	14059	13550	13925	15877
evm.TU.07.733	0.6443781739595283	1.1638547525537493	29.281921758027735	0.4032749911186134	12617	12825	13924	14000
evm.TU.10.1492	0.5555108932920786	0.7390136836276939	29.26393202392854	0.43078153595459395	12147	10219	13923	14176
evm.TU.09.1684	0.13661922657537315	0.5584580967202215	29.248726259589716	0.03530939355418662	6592	8435	13922	7788
evm.TU.06.280	0.859216889368512	1.4238443521519693	29.241948949972947	0.4775356821163574	13308	13690	13921	14464
evm.TU.09.1439	1.5588357671571116	1.675425410611023	29.238715913341277	1.1125737979907657	14683	14514	13920	16259
evm.TU.01.879	0.17419066040918843	0.7616868417481141	29.227179823337206	0.048525242305978544	7879	10429	13919	8643
evm.TU.01.2848	0.1801579194049243	0.8370880774665004	29.22522786982342	0.0481462447227341	8046	10995	13918	8622
evm.TU.10.1931	0.3128035796948449	1.022960646122295	29.21707422096786	0.12113317122668611	10453	12190	13917	10809
evm.TU.02.3219	0.5689162067069693	0.9187154911326728	29.212756681119046	0.37407460954554655	12230	11561	13916	13782
evm.TU.04.823	0.33000749869377244	0.9806863891946976	29.20611192688656	0.14037370112917993	10640	11963	13915	11161
evm.TU.06.138	0.3187607717930101	0.8210994068555227	29.200967951390343	0.14152934160880412	10522	10889	13914	11189
evm.TU.01.224	0.10204734829639953	0.5424758681432	29.18041492329397	0.020010874492447657	4848	8230	13913	5981
novel_gene_3970_5bd9a17a	1.2467813593436585	1.6232243446821593	29.171648692699698	0.8252115966317138	14239	14355	13912	15820
evm.TU.06.1890	0.07688812871939593	0.40371634408620477	29.166204789842695	0.013025848855639895	3188	6199	13911	4473
evm.TU.02.1800	0.3241656224913906	1.0064975746319087	29.157839839696578	0.12610819059662212	10579	12100	13910	10911
novel_gene_2841_5bd9a17a	1.4898047940377694	1.7264244707544691	29.155878225313977	0.9984507359680318	14470	14646	13909	16115
evm.TU.07.1716	0.09877631049016153	0.4863324450759949	29.113737921204503	0.01971006721449261	4664	7450	13908	5927
novel_gene_1205_5bd9a17a	0.4315654869302911	0.6983958486688093	29.099353525884506	0.24348791497499284	11433	9869	13907	12560
evm.TU.01.959	0.1298908126110599	0.6367885016981268	29.065312655961158	0.02899336546515889	6309	9320	13906	7180
novel_gene_970_5bd9a17a	1.0483332993579453	1.6791636744873795	29.0323263489175	0.620693795426594	13733	14524	13905	15163
evm.TU.04.803	0.3468975381502987	1.2438738575354062	29.016087806789578	0.12285247183032585	10805	13156	13904	10837
evm.TU.10.1460	0.5849342509202773	1.25564932583223	29.01409054228503	0.3016904462283925	12328	13202	13903	13135
evm.TU.02.2639	0.05783096437841404	0.3222613740804654	29.006166383421274	0.008006557017990407	1785	4575	13902	2933
novel_gene_2373_5bd9a17a	0.16885767321346107	0.5737854197420142	29.003378872708097	0.052775359699999524	7719	8623	13901	8860
novel_gene_1868_5bd9a17a	0.3001489157243538	0.909093172237025	28.96310446099628	0.12349454296982333	10313	11497	13900	10852
evm.TU.05.2128	0.2447273717541254	1.0225453754470375	28.92290570123889	0.07598074126476181	9471	12188	13899	9771
evm.TU.01.1073	0.3399280090951286	1.2334537818257245	28.922473906997485	0.1242781453664913	10740	13130	13898	10878
evm.TU.03.136	0.09346905481340079	0.4299825889303687	28.911573835444937	0.018681188971154197	4318	6661	13897	5737
evm.TU.07.1847	0.10000081381122462	0.4968724792438489	28.881160721339704	0.02004826066836664	4743	7617	13896	5986
evm.TU.07.310	1.3910943717452953	2.0779724932158565	28.87841670242232	0.7397617971092169	14407	15171	13895	15587
evm.TU.08.1980	1.0980750724060677	1.7132993319686491	28.868329940521146	0.48939021688769113	13792	14615	13894	14535
evm.TU.ctgX8.7	0.12890149808688828	0.4996211483979069	28.85145666792226	0.03291986430857291	6262	7648	13893	7568
evm.TU.10.885	1.0551630755735548	1.7816496177809305	28.82731366575394	0.5982039913330631	13740	14763	13892	15075
novel_gene_1394_5bd9a17a	0.8229518593394246	1.2154627165302911	28.819064382278125	0.4448718560300453	13156	13056	13891	14270
evm.TU.09.1281	0.049036244533939406	0.28001225779591327	28.812437670520783	0.006091817260849479	1132	3569	13890	2173
evm.TU.10.1790	1.1768944552068852	1.509801618499019	28.806484971403215	0.8235546165024945	14074	13893	13889	15811
evm.TU.09.775	0.35898004761680996	0.8591059963481382	28.7748545622595	0.16772862942521857	10919	11174	13888	11597
evm.TU.06.20	0.30546916720960415	0.8577867415982653	28.76083612930973	0.11296827890287729	10379	11157	13887	10671
evm.TU.02.2081	0.1709569030902148	0.5662505325006388	28.735211812124263	0.05339362420488311	7777	8516	13886	8889
evm.TU.01.2034	1.592091338888026	2.1189953032211957	28.735024242642297	0.7235895678446264	14889	15212	13885	15542
evm.TU.01.2671	0.1178282908656067	0.4633426951032876	28.729370730531727	0.028185525176093965	5739	7151	13884	7085
evm.TU.05.2146	0.39021486575740927	1.1561860407377214	28.707809821705784	0.15599460908541204	11182	12789	13883	11410
evm.TU.04.1664	1.247296932810523	2.0585191981593964	28.690139102792035	0.637901580725066	14241	15161	13882	15228
evm.TU.10.944	0.1621434023123116	0.5332510702961504	28.649654752885258	0.048346000457671415	7520	8109	13881	8632
evm.TU.06.1542	0.060387894010469526	0.36084402288702583	28.61816427904986	0.008385463218445268	1976	5396	13880	3066
evm.TU.09.1461	0.3978244129774522	0.8187210818118474	28.60539849436219	0.21445083968560452	11240	10872	13879	12234
evm.TU.ctgX30.6	0.25844994521627707	0.8361460033414908	28.57635738565135	0.08927884163802746	9705	10986	13878	10130
evm.TU.09.913	0.16221567052534785	0.723758195612372	28.562506432673562	0.04277004693685172	7522	10092	13877	8298
evm.TU.06.303	0.4996298132242955	0.8681709359505712	28.550853979589125	0.3177255821414615	11768	11251	13876	13281
novel_gene_1738_5bd9a17a	1.5975110715524492	1.6297230472791036	28.544493829384855	0.9721295577456395	14914	14380	13875	16064
evm.TU.05.1190	0.3504499313168427	0.8007292081175014	28.53845834746506	0.158155319931561	10842	10723	13874	11443
evm.TU.02.2085	0.09742197880344515	0.47749651671462756	28.51765858150697	0.019384003321761153	4588	7340	13873	5870
evm.TU.02.356	0.38627313305160615	0.7112378045231451	28.50781687661473	0.20598550910618696	11146	9980	13872	12134
evm.TU.08.715	0.2833965576596233	0.9915768914212713	28.499873908481668	0.10137460591690611	10080	12025	13871	10415
evm.TU.03.317	0.7066613925961435	1.1732663399870211	28.46296973769686	0.4413843285280673	12814	12871	13870	14246
evm.TU.09.124	1.8788765775160967	2.2707081336958446	28.462287243005633	1.0047547969913229	15338	15342	13869	16127
evm.TU.10.1807	0.21126365051578905	0.7980439793688049	28.425306392156074	0.06822684581284237	8815	10699	13868	9527
evm.TU.08.107	0.6145457237982671	1.2779697947023825	28.4115767474102	0.33007712405539297	12482	13276	13867	13422
evm.TU.03.2107	0.9594692394529188	1.3562989952719973	28.376984306852258	0.6171334905541984	13599	13502	13866	15146
evm.TU.05.1800	0.29114497069832274	1.0330703029029489	28.36873928637198	0.10523289272221394	10194	12227	13865	10504
evm.TU.10.1724	1.3786188721376225	2.0491299091669477	28.35772354281105	0.7680141639194563	14393	15145	13864	15672
evm.TU.01.318	0.3275765191404707	1.0055793226504308	28.353125129788808	0.12088017010583187	10617	12095	13863	10807
evm.TU.02.2833	0.12966468600873907	0.6067377320504842	28.337896063778494	0.030491758585357527	6295	8993	13862	7343
evm.TU.10.1269	0.11190363733175045	0.437515736217875	28.32713224959842	0.026187063904436116	5399	6779	13861	6848
evm.TU.02.1244	0.17188373791360456	0.6357774607330297	28.312071034172718	0.04796433711601295	7802	9308	13860	8615
evm.TU.10.1541	1.2272254984908464	1.8880083872692288	28.311307301926586	0.6625015295909632	14197	14933	13859	15336
evm.TU.04.2316	0.4989198005408617	1.0491744044833085	28.293445178147337	0.27618728147840493	11758	12309	13858	12919
evm.TU.02.472	0.2409891984087767	0.701773664877744	28.25766664186808	0.0929404018679194	9407	9896	13857	10214
evm.TU.10.1716	0.0802869480328709	0.3762248917261349	28.22206552841976	0.014426680174845143	3426	5697	13856	4831
evm.TU.03.119	0.18305074569602472	0.6268860630544545	28.19572254399118	0.058362998186419386	8122	9217	13855	9107
evm.TU.05.116	0.27555286749691826	0.8446385070468007	28.188235511965573	0.10849499181780335	9976	11058	13854	10578
evm.TU.09.1384	0.2592385001804412	0.8258288391731766	28.18764752676951	0.09919853377363722	9723	10924	13853	10372
evm.TU.08.1092	0.05525310204406489	0.32586309292661414	28.1824100937363	0.0072588566918380705	1603	4665	13852	2645
evm.TU.08.943	0.11344930582904186	0.5307192680694328	28.181537796207543	0.023954591814577278	5484	8081	13851	6559
evm.TU.03.260	0.3610502397573445	0.8700654419013155	28.15727865956516	0.16984962964326358	10937	11268	13850	11633
evm.TU.08.719	0.14031375174825142	0.6393767362290543	28.154094598447994	0.03462863023457394	6750	9346	13849	7734
evm.TU.10.144	0.25180674101535433	0.8702931443281329	28.148690877513662	0.08405438809669225	9583	11271	13848	9995
evm.TU.07.48	0.2641989080060652	0.9094813252862322	28.1451626060753	0.0939609312990527	9791	11500	13847	10240
evm.TU.05.2069	0.20429084643196002	0.6153400367756144	28.142110209105045	0.0689835717533851	8634	9073	13846	9553
evm.TU.08.92	0.17873539609391467	0.696006861974127	28.12798715251232	0.05186812984895176	7997	9855	13845	8818
evm.TU.09.182	0.8219556084255268	1.4224389112365654	28.124384219281136	0.5216010093430095	13154	13688	13844	14716
evm.TU.10.2236	0.28603586079432863	1.0164368436225617	28.121984238811194	0.10418683201038378	10122	12151	13843	10478
evm.TU.04.1747	0.2835533864127043	0.6444855143287488	28.121326781571952	0.12149851515698504	10082	9396	13842	10816
evm.TU.01.1499	0.20726363662892358	0.9032850250719692	28.111080901149993	0.060749892183122926	8700	11475	13841	9228
novel_gene_1527_5bd9a17a	0.3311157652925672	1.1586516907722344	28.109948373820018	0.12128466532354276	10649	12805	13840	10811
evm.TU.09.1656	0.39610612695208364	1.0607916061951654	28.101855576876865	0.18160145016688045	11223	12355	13839	11792
evm.TU.05.1685	0.33784864561044903	0.9626957975168473	28.073248931247683	0.13760031614781848	10717	11866	13838	11118
evm.TU.04.280	0.12948946643041379	0.5804369177462075	28.066673449194585	0.03036092800914934	6285	8693	13837	7327
evm.TU.04.895	0.7645094256359437	1.424928392359159	28.053712289646022	0.4063446505730061	12933	13693	13836	14021
evm.TU.09.1576	2.0073297167197888	2.2463103165669396	28.036272499220598	0.8993757578533047	15394	15321	13835	15950
evm.TU.06.333	0.1797360612610744	0.6483362799504205	28.030119874309843	0.051834893470858526	8028	9425	13834	8815
evm.TU.02.1941	0.9459487604245486	1.3417874711200184	28.029540341206165	0.6295654378957708	13569	13450	13833	15190
evm.TU.07.144	0.0833135018228367	0.4427565239473635	28.01549562209294	0.01453580069042648	3625	6865	13832	4860
evm.TU.07.1263	0.1666089512354334	0.7644229850230941	28.00083846905294	0.04182770477271089	7659	10456	13831	8247
evm.TU.04.2428	0.07668888747397624	0.3906119810630223	27.992207027852686	0.013029604370556152	3171	5966	13830	4479
evm.TU.05.321	0.40741547424035685	0.9176884538733684	27.98404515743615	0.19869314057281598	11304	11555	13829	12034
evm.TU.01.45	0.09277859975642008	0.4624879739834719	27.95389340508002	0.017758627340411608	4276	7137	13828	5557
evm.TU.02.2793	0.2965827600211254	0.8417581451561216	27.952035339184814	0.12337325017454986	10271	11038	13827	10849
evm.TU.01.1449	2.4494897427831783	2.449489742783178	27.94711101755352	1.447942344759543	16352.5	15771	13826	16499
evm.TU.07.397	0.0945902366952422	0.3010749616876454	27.917861590815335	0.021444154290239742	4402	4094	13825	6185
evm.TU.02.1680	0.3193312033862659	0.8122237325531352	27.893051400221555	0.14585511564253345	10528	10816	13824	11261
evm.TU.04.1878	0.29439936885227747	0.8237094856294245	27.88389812861246	0.1224341334900914	10238	10908	13823	10829
evm.TU.08.807	0.10603796809311831	0.47852707547236295	27.883440883332195	0.022695317473869044	5065	7356	13822	6389
evm.TU.04.2073	0.08901473441079509	0.37847368250888547	27.879079187123196	0.01752529099422749	4009	5748	13821	5509
evm.TU.02.345	0.056178079232223795	0.3567103026008282	27.878387302938997	0.0072711040804051144	1676	5309	13820	2651
evm.TU.01.2364	0.08484741300050254	0.3971652351567991	27.874387037275326	0.015717638031641706	3726	6090	13819	5139
evm.TU.01.2629	0.43581266324149426	0.9609680630566111	27.84055396199398	0.23017358058505413	11457	11853	13818	12407
novel_gene_2798_5bd9a17a	0.11658932414177987	0.5257683317786234	27.815560154875307	0.026139858278702383	5673	8022	13817	6840
novel_gene_1742_5bd9a17a	0.19254732302770441	0.8890811503131094	27.810643998750212	0.053297649671140264	8368	11393	13816	8883
evm.TU.01.538	0.9012812972635991	1.6617075433566377	27.803443354812014	0.5001015231205999	13447	14480	13815	14599
evm.TU.03.901	0.25259523115392196	0.8570872287841783	27.802809845885065	0.08960250000036556	9599	11152	13814	10139
evm.TU.09.26	0.760712207880902	1.4952698707238556	27.780069548100087	0.43185627022744666	12926	13852	13813	14181
evm.TU.04.2302	0.4208564285751876	0.9458995260474694	27.77595930587523	0.21098084572483428	11368	11744	13812	12197
evm.TU.07.1811	0.07486620946460017	0.36589005285487347	27.775093697442742	0.01265381604062024	3063	5500	13811	4380
evm.TU.01.1251	0.15757436680386833	0.44580333684181433	27.758900433376933	0.05133067045165359	7386	6908	13810	8789
evm.TU.06.908	0.1034980775834859	0.4897435115982458	27.735058978395756	0.021323861896968648	4922	7512	13809	6172
evm.TU.02.2804	0.13585776187811338	0.561606658577781	27.72939310414171	0.033505354871713425	6555	8466	13808	7619
evm.TU.04.1952	1.658007293099549	1.8106118312614552	27.718914823858263	0.954185324810849	15094	14811	13807	16045
evm.TU.01.2655	0.4726039829095918	0.911113479910568	27.718101537003278	0.270434902202933	11616	11509	13806	12856
evm.TU.10.872	0.11716805408629315	0.5072892107089914	27.713876390404785	0.026850580014612095	5704	7767	13805	6923
evm.TU.01.649	0.2589318004070655	0.72534519121837	27.708134785082	0.10340793018907066	9717	10100	13804	10461
evm.TU.01.2768	0.12525489030152054	0.6059960452925081	27.70482399328109	0.028292405446864982	6085	8983	13803	7098
evm.TU.06.345	2.4494897427831783	2.4494897427831783	27.676695904842653	0.9616205752141884	16352.5	16353.5	13802	16054
evm.TU.01.1212	0.15956879154684864	0.7579183677168895	27.668096780997704	0.040512213181729054	7440	10395	13801	8177
evm.TU.02.1858	0.1477663369869977	0.553190046520039	27.647045751806218	0.038790915391511145	7036	8364	13800	8054
novel_gene_3901_5bd9a17a	0.7742280256390418	0.9420623219612984	27.60053253615688	0.5933927805907531	12955	11719	13799	15057
evm.TU.02.2080	0.2535695480696923	0.8909148265506516	27.592996614094975	0.0881612477762423	9617	11404	13798	10097
evm.TU.05.480	0.21925491127441338	0.7042656742946929	27.586068226402947	0.07238111593451156	8999	9922	13797	9668
evm.TU.02.2642	1.5625190661972717	1.6269169657498006	27.575629200181243	1.1169331583330924	14716	14369	13796	16267
evm.TU.10.1258	0.13888083707006765	0.6228910731170635	27.558050013974565	0.03423245260640702	6691	9172	13795	7696
evm.TU.09.233	1.6614407454716895	1.897713370342429	27.53052992322345	1.0057269808063116	15102	14945	13794	16129
novel_gene_3819_5bd9a17a	0.9109274834152408	1.163965770282439	27.530442170327618	0.5749783614109379	13478	12826	13793	14979
evm.TU.10.836	1.6820697882257716	2.0989343302060917	27.526517089134085	0.977679932006025	15128	15193	13792	16079
evm.TU.09.539	0.5933115325744455	1.284557885514683	27.522185016997764	0.2718146250426307	12371	13297	13791	12870
evm.TU.04.1578	1.0359025052973752	1.3580773386431946	27.520422864261015	0.7418651144448914	13720	13506	13790	15599
evm.TU.02.1503	0.22729961283518726	0.516757453942482	27.51959429842038	0.09457541413794442	9151	7905	13789	10259
evm.TU.01.655	2.449489742783178	2.449489742783178	27.492532378805794	1.12093132554806	15771	15771	13788	16269
evm.TU.02.1966	0.1284421114998992	0.5808658532953553	27.48632071550791	0.030008172982381762	6235	8696	13787	7285
evm.TU.06.2060	0.2576187787246749	0.6857856231878312	27.48199068551105	0.10616626865438236	9689	9759	13786	10528
novel_gene_828_5bd9a17a	1.8003343513618293	2.305965792402558	27.46815945881655	0.8227859063902994	15271	15364	13785	15810
evm.TU.06.500	0.07671513774684688	0.4299948224009797	27.45344064680415	0.012503614752327745	3173	6662	13784	4339
evm.TU.07.1197	0.1746731714823996	0.6915665236172828	27.43879533863591	0.050318551203183536	7893	9810	13783	8735
evm.TU.10.686	0.7877909087083849	1.6347337930587995	27.436365995044465	0.3909787554559332	13007	14401	13782	13908
evm.TU.05.1960	0.23600734878595572	1.0125748922401736	27.41832180016678	0.0677419686783613	9328	12131	13781	9508
evm.TU.02.3204	0.2426778215402994	0.7966215466843181	27.396208108544307	0.08720305443457323	9438	10683	13780	10077
evm.TU.07.257	0.17613691220766395	0.7604697163806743	27.39052197204432	0.047844275803604175	7931	10417	13779	8603
evm.TU.06.1983	0.17191832846593774	0.6084054651282478	27.38900446635287	0.04978597952380249	7803	9013	13778	8705
evm.TU.07.552	0.1258442494711651	0.41591055726976495	27.38054909764	0.03293946373320457	6115	6410	13777	7572
novel_gene_2763_5bd9a17a	0.3972036268143306	1.3287513551537664	27.380534008524993	0.14972780391286228	11237	13416	13776	11329
evm.TU.06.258	0.04522631740396516	0.28250270373821906	27.364238682881194	0.005114023584414456	881	3621	13775	1750
evm.TU.02.3157	0.22635988866005954	0.6314792053516655	27.32732273384436	0.08594229924074484	9133	9264	13774	10043
evm.TU.10.871	1.967277110933397	2.2569994144450396	27.32655801899348	1.1380411135203847	15380	15330	13773	16283
evm.TU.07.45	1.2572310734556813	1.9778868963124439	27.32630674230425	0.602478065640124	14253	15047	13772	15089
evm.TU.07.1200	1.6065575838385235	1.9202064344667442	27.31254164003825	1.0852044168997743	14950	14969	13771	16228
evm.TU.08.1657	0.6738898707166366	1.090798032734768	27.308274288696154	0.43900972187509013	12726	12479	13770	14228
evm.TU.04.1842	0.13899700003932314	0.5370299144056273	27.286709051686774	0.035140297373625104	6696	8162	13769	7773
evm.TU.08.110	0.21804207288028746	0.8131129526255659	27.28195950254494	0.06885886568135623	8968	10823	13768	9547
evm.TU.04.783	0.22783967103831915	0.8521435617354269	27.281535248841404	0.07072908092412157	9162	11121	13767	9617
evm.TU.01.1731	0.4663403851008145	1.2341599770119436	27.267464777092222	0.21784158750888327	11600	13133	13766	12268
evm.TU.03.434	1.5691377637550636	1.7451244212754615	27.258714095673557	1.1127648663591705	14767	14681	13765	16260
evm.TU.07.1631	0.06427683511324453	0.32930955830417735	27.247872192108645	0.009752048772973792	2260	4735	13764	3502
evm.TU.02.508	2.449489742783178	2.4494897427831783	27.244071201676395	1.346014944968912	15771	16353.5	13763	16450
evm.TU.10.2274	0.2729388771534918	0.9519469810396656	27.22070434203642	0.09797734828531887	9935	11789	13762	10343
evm.TU.01.1706	0.08748229952138341	0.4073835358908832	27.22070321449786	0.01657490174964611	3904	6260	13761	5317
novel_gene_3485_5bd9a17a	0.32275990253072767	0.7640145011891234	27.20322177404573	0.14777583578807388	10565	10452	13760	11294
novel_gene_1125_5bd9a17a	0.3955717828441328	1.0409761492186747	27.181858698668442	0.1766932328020335	11219	12266	13759	11726
novel_gene_566_5bd9a17a	0.2034496209913902	0.6741746943915006	27.17478923058137	0.06670886153439783	8614	9658	13758	9460
novel_gene_3317_5bd9a17a	0.9078106854765194	1.588428476232597	27.16808953426976	0.5365870787737345	13465	14241	13757	14800
novel_gene_292_5bd9a17a	0.5015183057216988	1.196106127317865	27.108726883388883	0.24359662767242646	11781	12970	13756	12566
evm.TU.09.119	0.3387779868231213	0.8973554879910596	27.096466212145174	0.13648147034056615	10730	11440	13755	11100
evm.TU.02.2590	0.16271473711470472	0.6484115284410289	27.089909258180786	0.045346304423011616	7537	9426	13754	8464
evm.TU.02.514	1.2220005334592647	1.77639218275006	27.077074748888478	0.7404848964010678	14186	14756	13753	15590
novel_gene_1141_5bd9a17a	0.42699157601575627	0.7547028703261732	27.06747602229893	0.24589351303459653	11409	10368	13752	12596
evm.TU.01.185	0.0937903789632239	0.4707539399337915	27.05537069994715	0.017825006593720813	4341	7247	13751	5567
novel_gene_1336_5bd9a17a	0.9965662831286228	1.562975270660883	27.027903767205682	0.6241225218861267	13670	14125	13750	15176
evm.TU.02.3099	0.3506569473311312	0.984790567823206	26.98827505787407	0.14398923264508026	10845	11991	13749	11232
evm.TU.04.2421	0.10456233481309965	0.5202287565962215	26.98368061261981	0.02079749987612613	4973	7950	13748	6102
novel_gene_4005_5bd9a17a	0.2143884190299914	0.845436585154647	26.96275622343787	0.06559265564130172	8886	11061	13747	9421
evm.TU.02.2657	2.449489742783178	2.4494897427831783	26.95781631533552	1.2145426761282845	15771	16353.5	13746	16362
evm.TU.02.2419	0.9772861013436493	1.4951345875577147	26.926216597536868	0.6425543004652927	13639	13851	13745	15250
evm.TU.07.112	0.07405588039440753	0.4033323330035829	26.92615618655293	0.011631541912362856	3009	6191	13744	4089
evm.TU.09.676	0.252135932972829	0.8194047993463166	26.905713730958734	0.09266443000857066	9589	10879	13743	10208
evm.TU.03.943	1.1471475798511392	1.2696145829184848	26.905245625209005	0.826969816347438	13984	13254	13742	15824
evm.TU.02.2772	0.138304408716162	0.5552597697170947	26.894999388745678	0.034855686818799546	6667	8398	13741	7751
evm.TU.07.1740	0.20629091755530626	0.8184213608708354	26.894697414921982	0.06313301440463205	8675	10870	13740	9325
evm.TU.01.1811	0.2594342305525286	0.7224594036137856	26.85334239693321	0.09879441514443979	9731	10081	13739	10359
evm.TU.07.126	0.058025649651391925	0.29205577624907053	26.80728588842413	0.008201330632499325	1801	3856	13738	2997
evm.TU.06.2123	0.6458589990151079	1.15414543592066	26.78420955161198	0.39794080330463766	12622	12778	13737	13959
evm.TU.10.272	1.1252360448022545	1.2863742418932789	26.77199962026766	0.8470768201967462	13905	13305	13736	15863
novel_gene_1591_5bd9a17a	0.0883260036922566	0.4478465137078197	26.759295545335664	0.016197062662674455	3959	6936	13735	5234
evm.TU.03.882	0.6239395583880539	1.1357518779669502	26.72369082159468	0.3404167850775515	12522	12687	13734	13510
evm.TU.07.1680	0.5275106727625051	0.909988915737194	26.714525610045108	0.3125954893601033	11969	11502	13733	13239
evm.TU.01.144	0.48740052737985884	1.2657470783133264	26.693662809701433	0.22736524636628846	11680	13240	13732	12366
evm.TU.01.2992	0.14171675834079317	0.6403034065233063	26.679129631561132	0.034403172126802994	6803	9355	13731	7713
evm.TU.04.111	0.1521640138097572	0.6206425130826286	26.675839595552983	0.040331363801858866	7194	9148	13730	8166
evm.TU.08.1324	0.39921861928801533	1.1915071617068722	26.644877335408765	0.1586107927272877	11248	12947	13729	11450
evm.TU.08.118	0.15794639942797453	0.47841147149426294	26.630137984520488	0.048340257280530076	7397	7353	13728	8631
evm.TU.08.1356	0.20966880054617498	0.6753804152021545	26.61955113148363	0.07060956368891236	8770	9665	13727	9614
evm.TU.07.1659	1.1943629633351567	1.5459295382357376	26.595121629565725	0.7872194505039564	14127	13979	13726	15723
evm.TU.09.289	0.21334846058083537	0.7074783494028173	26.59300465009237	0.07038987614762834	8866	9944	13725	9609
novel_gene_3157_5bd9a17a	0.25740899994855154	0.6161195196112653	26.591151560798348	0.10017129643121253	9683	9083	13724	10394
novel_gene_2768_5bd9a17a	0.29042812122021766	0.8912991598678633	26.578155465396453	0.11264910635420422	10184	11411	13723	10659
evm.TU.08.54	0.1286355106404334	0.5514402353930755	26.556004078660653	0.030418438228360208	6248	8343	13722	7333
evm.TU.02.2578	0.12694897143564565	0.5298040794080686	26.55123683258434	0.029800712619548055	6164	8070	13721	7267
evm.TU.05.797_evm.TU.05.796	1.1242058094338467	1.3208407526082435	26.531550150641536	0.8556522428150717	13899	13390	13720	15874
evm.TU.10.1544	0.34014295685050505	0.9669467663869195	26.531529040419585	0.1453655660386099	10743	11886	13719	11251
evm.TU.04.361	0.20378550472107906	0.8496303527780449	26.50471177929018	0.05914749949032296	8623	11098	13718	9148
evm.TU.02.1260	1.554185328313574	1.6095620210539556	26.48797953366001	1.1967002109558775	14629	14305	13717	16347
evm.TU.02.977	1.1254364959872725	1.7613016680432338	26.487907428739085	0.6665827573221595	13906	14721	13716	15359
novel_gene_3148_5bd9a17a	1.4609074318256174	1.648632129348166	26.46945678177056	0.9270419515766952	14457	14447	13715	15989
evm.TU.06.1738	0.11366441824694981	0.5211965972408091	26.462568634845614	0.024839627015943784	5499	7962	13714	6675
evm.TU.01.1474	1.6159539451701634	2.0540204925899825	26.455254451635888	0.9059223941277461	14978	15150	13713	15960
evm.TU.03.1112	0.7032611377492862	1.244495574423539	26.45478121694801	0.42880538259064954	12806	13159	13712	14161
evm.TU.02.2668	0.0978661636194848	0.3946633666749291	26.45469216100089	0.019753805242486953	4603	6048	13711	5939
evm.TU.06.700	0.05993412116310111	0.31871486752847583	26.437855890260312	0.00853292109977688	1943	4507	13710	3126
evm.TU.04.846	0.08535359863047555	0.3799689562876678	26.434768944508072	0.015995462362835722	3764	5778	13709	5198
evm.TU.07.1819	1.551241968892547	1.556443384666985	26.423601079082804	1.0182936095692219	14582	14085	13708	16147
evm.TU.08.1888	0.3202055732949337	1.0226504361801771	26.412560233724097	0.12479769306622172	10537	12189	13707	10888
novel_gene_3293_5bd9a17a	0.0759191645870907	0.3942239631602657	26.40445553233068	0.01248744446907792	3128	6040	13706	4333
evm.TU.09.1682	0.567326212347823	1.1266513665319167	26.368048500685507	0.30959641076528377	12224	12654	13705	13205
evm.TU.02.1521	0.18246151997935767	0.5245417155280269	26.357130192664936	0.059485659991297755	8101	8000	13704	9167
evm.TU.05.1889	0.26764404275632625	0.5122207909965568	26.35355398819154	0.13103777101386793	9861	7836	13703	10998
evm.TU.03.1413	0.34728435118572304	0.8588913811629298	26.339742287702986	0.1612027468671004	10809	11172	13702	11491
evm.TU.04.2040	0.3923000713499848	0.8837296601264717	26.328305352324328	0.19218428442407684	11200	11356	13701	11943
evm.TU.01.1798	0.12391296364762537	0.566482042653783	26.31047623824018	0.026973993729050943	6024	8523	13700	6932
evm.TU.02.2718	0.2478077191889872	0.7152378799878518	26.28478193492946	0.09394377642518334	9520	10018	13699	10239
evm.TU.ctgX18.2	0.0468792304211443	0.30418552147523087	26.265234781341476	0.00532586600885377	982	4169	13698	1852
evm.TU.06.916	1.6334359196948944	1.768507651101054	26.263360362717645	0.958535672564844	15030	14737	13697	16050
evm.TU.10.1481	0.32850304369190103	0.8323614852948271	26.22904635481658	0.1429810925864416	10629	10964	13696	11221
evm.TU.02.458	0.19774139151906714	0.968285076543684	26.227304839554368	0.049856292764554784	8471	11897	13695	8709
evm.TU.04.184	0.20929802285676882	0.7343998294270372	26.21921682992833	0.06700225872941434	8753	10177	13694	9478
evm.TU.09.954	0.6456735460497014	1.4813909399658731	26.202621831891054	0.31522433235311403	12621	13828	13693	13260
novel_gene_1949_5bd9a17a	2.4494897427831783	2.449489742783178	26.198719730699562	1.3847237512468562	16352.5	15771	13692	16474
evm.TU.10.1383	1.1613674709268864	1.7558476977718627	26.1948112669293	0.6892022940229026	14027	14708	13691	15437
evm.TU.01.966	0.47302220782175486	1.1579185659185791	26.193347088347917	0.22343488151300978	11620	12799	13690	12321
evm.TU.06.248	0.24154626200836787	0.785880781475327	26.185225410925547	0.08426527425802804	9419	10603	13689	10000
evm.TU.04.314	1.5492209349896753	1.7401492713601565	26.179773742801963	0.8696360634212563	14506	14672	13688	15894
evm.TU.09.998	0.3040330051296129	1.17884995293416	26.168375026612125	0.10231472067601363	10362	12895	13687	10437
evm.TU.07.1807	0.08575919941606523	0.3908513160544263	26.162886418409215	0.01601136847637913	3791	5970	13686	5199
evm.TU.05.1334	0.3897827531191224	1.0494445617860362	26.13738791684607	0.17475838267909272	11177	12311	13685	11704
evm.TU.10.919	0.24085819844502898	0.7368270107577941	26.135625713476898	0.08224724493115088	9405	10197	13684	9942
evm.TU.08.1845	0.5827324795201276	1.0416087756477095	26.11429685121326	0.2979717202016692	12320	12268	13683	13096
evm.TU.01.2998	0.22247935224438015	0.9576266865586943	26.101866616447676	0.06312753257903551	9061	11828	13682	9324
novel_gene_620_5bd9a17a	0.1347796535060166	0.5899776114277392	26.073878968354695	0.03189268090082571	6515	8807	13681	7478
evm.TU.05.428	0.6862453414076728	0.9631702193946463	26.0731369334086	0.4759191420857108	12756	11867	13680	14451
evm.TU.01.540	0.325183973193743	0.797999477645006	26.07241444227192	0.1405118596291858	10592	10698	13679	11164
novel_gene_123_5bd9a17a	0.29909618801837623	0.8897541158780639	26.071333728358614	0.11407610146984441	10299	11397	13678	10695
evm.TU.07.35	2.449489742783178	2.4494897427831783	26.05708095149428	1.3330926436173303	15771	16353.5	13677	16446
evm.TU.01.1281	0.16401136801880062	0.5757318207076929	26.05374357283461	0.04743882815508479	7571	8646	13676	8577
evm.TU.01.1622	0.08596177161014174	0.49466288683626514	26.042117402316055	0.014649790457282002	3802	7587	13675	4895
evm.TU.06.1464	0.9174753793574602	1.1960409863443069	26.03135543760828	0.6559147891643499	13498	12969	13674	15306
evm.TU.08.542	0.9102998598849326	1.0982727084521555	26.02429789186188	0.7018880104698646	13474	12516	13673	15488
evm.TU.10.2015	0.1589575171576981	0.5451424115865249	26.017116487866502	0.04448778962634241	7426	8267	13672	8419
evm.TU.03.1219	0.3951893313230859	0.9407267543946956	26.008642275891145	0.19385317821722445	11213	11713	13671	11969
evm.TU.01.1145	0.22601581039883148	0.6861591702016826	26.000598860734954	0.08142174828130429	9125	9761	13670	9917
evm.TU.08.718	0.3874014281018433	1.0203246712902165	25.996298167416136	0.17768752563832677	11162	12175	13669	11748
evm.TU.01.517	0.1601255495696439	0.7538134272992153	25.990698309041242	0.040285004722006613	7462	10361	13668	8163
novel_gene_1061_5bd9a17a	0.26200653885208874	0.8129111934525014	25.97464585595941	0.09452858328738555	9761	10822	13667	10257
evm.TU.04.2260	0.201379602278989	0.769732843154486	25.961595189386653	0.06115364571662479	8558	10496	13666	9247
evm.TU.02.984	0.14588123101801426	0.4242753238374733	25.95825945663774	0.04393627865455135	6954	6554	13665	8381
evm.TU.10.2046	0.3637077245200107	0.7892191430488745	25.94399980194402	0.18389755558704984	10965	10625	13664	11826
novel_gene_550_5bd9a17a	0.2594291361219139	0.8523412861526684	25.941447747947073	0.09361669235091113	9730	11122	13663	10232
evm.TU.09.205	0.1106591819051152	0.48438929751149407	25.936113689515665	0.024034146632666304	5322	7427	13662	6577
evm.TU.03.1725	2.0744260158364414	2.3825372802001827	25.916349854424094	1.0950423842970916	15420	15423	13661	16235
evm.TU.09.872	0.5787453191670843	1.079687091350539	25.90983655756308	0.351195098288886	12300	12441	13660	13599
evm.TU.05.505	0.8659573610020925	1.3336493657959285	25.90083899186553	0.555805963411116	13333	13430	13659	14888
novel_gene_724_5bd9a17a	1.5633460257746317	1.6396565006327326	25.867126141082423	1.1488277599690988	14721	14419	13658	16305
evm.TU.08.1565	0.09505653432104613	0.34782155164154316	25.830259839497668	0.020559033453145487	4428	5126	13657	6063
evm.TU.10.1905	0.6229808710034052	1.080278108955616	25.827086498594504	0.37734382400118366	12519	12444	13656	13805
evm.TU.05.1851	0.400225377878103	0.7199957852827511	25.824379027062715	0.23799950040125947	11255	10063	13655	12504
evm.TU.02.1917	0.5566055453569762	0.7831063890798948	25.816644142126016	0.37606357454594547	12156	10592	13654	13792
evm.TU.02.2834	0.2543771904471295	0.7560650099666646	25.799452458144014	0.09341614632154556	9629	10380	13653	10229
evm.TU.03.1166	0.31554749705942947	0.7737245183722099	25.780877963667656	0.13833194217004677	10489	10521	13652	11130
evm.TU.03.1729	1.5494199099928452	1.5811972339714335	25.7779026715868	1.0052265332913388	14523	14212	13651	16128
evm.TU.07.443	0.06731481880993552	0.37547225519085525	25.764573857514137	0.009982177604458964	2496	5686	13650	3579
evm.TU.02.2189	0.1482199629499286	0.6413126112424712	25.759575308004745	0.03734742345267285	7061	9372	13649	7947
evm.TU.02.3281	0.19718158857529872	0.6816738289429166	25.704445345464396	0.06299725551169559	8460	9721	13648	9318
novel_gene_141_5bd9a17a	0.24195708169582356	0.7648268903401346	25.70420075407006	0.08441357038708114	9427	10458	13647	10002
novel_gene_1708_5bd9a17a	2.449489742783178	2.4494897427831783	25.69300389106998	1.1926945206732	15771	16353.5	13646	16344
evm.TU.05.722	0.7376738865063207	1.658171321443768	25.652794527594278	0.3327350206662844	12881	14468	13645	13447
evm.TU.07.331	0.14842190973373337	0.6379279503231092	25.636770449784468	0.0372564352700902	7068	9329	13644	7940
evm.TU.02.2905	0.9541483172540441	1.7544041999141426	25.61940366606602	0.5072418488174953	13588	14703	13643	14647
evm.TU.04.2270	0.23754806031487566	0.8005405015331134	25.61037876705254	0.08132617344339804	9346	10718	13642	9914
evm.TU.04.2080	0.11700249271273186	0.5252581100743454	25.606240348915524	0.02586670491982196	5697	8016	13641	6808
novel_gene_777_5bd9a17a	0.29212838247249256	0.7708211533070805	25.577621110783202	0.12493242721471592	10208	10501	13640	10892
evm.TU.03.337	0.23236114668390181	0.7802298957996683	25.57411019879931	0.08116800938010284	9246	10564	13639	9912
evm.TU.01.418	0.24703779723911337	1.2900821177385913	25.565492966438494	0.05836046350735975	9508	13317	13638	9106
novel_gene_1269_5bd9a17a	0.4104011749384482	0.7230549020821373	25.565177498005983	0.22000645621666662	11321	10085	13637	12286
evm.TU.01.2973	0.4522505059854835	0.9135862294447772	25.539654746985523	0.2279271662871466	11542	11530	13636	12381
evm.TU.10.1726	0.12651105788120104	0.4999667006247112	25.5345733954812	0.030624794958799474	6144	7656	13635	7354
evm.TU.01.3035	0.30536514661374903	0.9456676374209223	25.530994922044233	0.11419683437962887	10377	11743	13634	10698
evm.TU.09.632	0.14822609823942576	0.7253242793506147	25.507242262759075	0.034257744853601745	7062	10099	13633	7699
evm.TU.08.671	0.8336369285508534	1.1419823824805153	25.497234783250526	0.6054604337446957	13197	12720	13632	15100
evm.TU.04.1718	0.14043889379411698	0.6978323342294703	25.490992603217148	0.03147223009747742	6756	9866	13631	7440
evm.TU.07.1114	0.8903771350501457	1.1975442444506552	25.47773854419022	0.5412863088292202	13412	12976	13630	14825
evm.TU.04.1754	0.23467845721086275	0.6017399443405224	25.474277774719543	0.09173872147962536	9296	8944	13629	10183
evm.TU.06.899	2.2295923383492444	2.415244753279352	25.466330018708245	1.0371591452764641	15451	15444	13628	16175
evm.TU.06.712	2.449489742783178	2.4494897427831783	25.446281284564982	1.3242092793029605	15771	16353.5	13627	16438
novel_gene_1537_5bd9a17a	0.665506023508881	0.9211313842770236	25.435587729849928	0.44700053873190737	12694	11583	13626	14280
evm.TU.07.1339	0.17608450359825215	0.7234184699341041	25.431898955280264	0.04930079833829275	7928	10086	13625	8682
evm.TU.03.663	1.1979399680735077	1.7254964829971724	25.427249640035438	0.6406234152195306	14139	14645	13624	15242
evm.TU.05.1191	0.2562688992082121	0.6621547715104114	25.426666061703983	0.10309796192950842	9664	9565	13623	10455
evm.TU.08.1381	0.1978189442555494	0.7934743728670544	25.416885814403752	0.05835104039437719	8473	10662	13622	9105
evm.TU.03.859	2.4494897427831783	2.4494897427831783	25.407066619111617	1.2042103493445253	16352.5	16353.5	13621	16353
evm.TU.08.723	0.20178102591709582	0.6155543047614705	25.39092025798833	0.0666138050796017	8571	9076	13620	9454
novel_gene_1693_5bd9a17a	0.3029651007457132	0.861025928107621	25.340158621435457	0.12312981953693962	10348	11195	13619	10846
evm.TU.10.2089	0.15292577924991166	0.6031259115561083	25.335707354675346	0.04073658778409273	7220	8954	13618	8192
evm.TU.01.280	0.12479365744539837	0.5910868573319503	25.30685422006223	0.027812161777852736	6069	8820	13617	7040
novel_gene_3093_5bd9a17a	0.5984454829860335	1.5496264202145178	25.26304434960072	0.23060431360979483	12403	14001	13616	12410
evm.TU.04.910	1.1230807790404587	1.7935790421864524	25.261921875304466	0.6374662355042205	13895	14783	13615	15225
evm.TU.01.3014	0.37131504377876157	1.0208628622243205	25.253735117102853	0.16025160168099523	11040	12180	13614	11477
evm.TU.06.1632	0.11430358981312745	0.5672523435228792	25.248108258711458	0.023822691302975485	5539	8535	13613	6545
evm.TU.04.1035	0.25454356476006135	0.8142576501000358	25.23882756454834	0.09283152566491487	9631	10831	13612	10210
evm.TU.02.3268	0.13479127208686678	0.5646608639684962	25.22856498570008	0.03250994702232205	6517	8493	13611	7532
novel_gene_1092_5bd9a17a	0.17058388019112475	0.6496389498577464	25.21745346887802	0.04894578132727833	7770	9440	13610	8666
evm.TU.05.1226	2.449489742783178	2.4494897427831783	25.2139313768663	1.1308309694395802	15771	16353.5	13609	16276
evm.TU.06.1797	0.27986560166563923	1.1518609571277438	25.1941624192519	0.08680244770170817	10027	12767	13608	10066
evm.TU.02.3242	0.09367260131498464	0.3748562484471332	25.18750253355003	0.019295488754581636	4331	5674	13607	5856
evm.TU.09.1668	1.4093569790124518	1.9180688389042333	25.154428820811216	0.8167178931735006	14427	14966	13606	15799
evm.TU.06.2020	0.3296225238441582	1.1829044573823655	25.1444050189379	0.11093378534259567	10638	12911	13605	10623
novel_gene_3076_5bd9a17a	0.22797763979898428	0.8921873031567522	25.127177781109864	0.06701587323311795	9166	11415	13604	9481
evm.TU.10.1501	0.042157748261596184	0.26164623847736806	25.117869238297285	0.004502449320015144	701	3131	13603	1480
evm.TU.08.1217	2.449489742783178	2.4494897427831783	25.10779679323642	1.2086045789055837	15771	16353.5	13602	16356
evm.TU.03.2022	0.501674047292954	0.9551001566111453	25.098149238828768	0.29070737072521896	11783	11814	13601	13024
evm.TU.09.264	0.05734967204233956	0.32858781109035934	25.08775730913831	0.007634118695039943	1748	4718	13600	2793
evm.TU.07.1375	1.7020643149033647	2.176647738532432	25.082334625119984	0.8857544952156398	15164	15264	13599	15926
evm.TU.08.803	1.0486078098714644	1.78875057209252	25.075952207585388	0.5967410563901417	13734	14776	13598	15072
evm.TU.02.2436	0.5572939317463079	1.2090527603087309	25.062961538323922	0.2626461702033984	12160	13025	13597	12779
evm.TU.08.364	0.1568392169939664	0.6542435354656733	25.042961875769297	0.04001428173385145	7361	9482	13596	8142
evm.TU.04.2199	0.6591084190342202	0.9613182851071278	25.030473296178243	0.4284148335498198	12672	11856	13595	14154
evm.TU.05.1827	0.3471749434444742	0.9803258591005729	25.018747254115986	0.13263269821551185	10808	11961	13594	11021
evm.TU.04.1906	1.9057544710814034	2.3045619329943117	25.014731964539088	0.9728166379036385	15351	15361	13593	16066
evm.TU.05.2040	0.2141064691599957	0.7157203575972303	24.979473628459157	0.06871759920710327	8882	10023	13592	9541
evm.TU.10.1820	1.2931254216575567	1.7599132332437604	24.962201836982736	0.7876042323484113	14310	14717	13591	15726
evm.TU.05.1544	0.337094252412659	0.9901906505356918	24.948655704876625	0.135045285350583	10710	12016	13590	11069
evm.TU.09.908	0.6543205040539817	1.2344578655362084	24.890630250834562	0.371861384329531	12658	13135	13589	13768
evm.TU.01.2795	0.31782303317272104	0.7671104433732671	24.8815829904531	0.14309833585444318	10512	10478	13588	11222
evm.TU.08.156	1.2253676902472304	1.7398438546649606	24.87868158187593	0.7339360686515507	14193	14670	13587	15571
evm.TU.05.1994	0.08629665989337722	0.4333269452889396	24.87775405963761	0.015420867848176282	3822	6712	13586	5076
evm.TU.10.1112	0.44616709484248607	0.9301483555431297	24.87754296231997	0.2223257589736657	11515	11649	13585	12304
novel_gene_28_5bd9a17a	0.11454015123161768	0.4823887648794112	24.873054514959534	0.025043970357982382	5558	7408	13584	6705
evm.TU.10.1814	0.2778293343025137	0.7003253498531853	24.856215808809225	0.11222004345302299	10002	9884	13583	10650
evm.TU.09.1637	0.0499528273492547	0.2891260301570002	24.847247570454908	0.006069130960277444	1197	3780	13582	2158
novel_gene_567_5bda875f	1.2623208121916734	1.936819493211712	24.84380829782281	0.6593520992707571	14262	14982	13581	15321
evm.TU.03.120	0.05975245142456549	0.3748461379094702	24.83823551994385	0.00785727826684413	1928	5673	13580	2872
evm.TU.02.2575	1.1283127411599514	1.579478016706093	24.82711903824899	0.6281578982704104	13916	14206	13579	15187
novel_gene_918_5bd9a17a	0.20769824755229038	0.6295930525845046	24.80012904202309	0.0685912537195564	8713	9248	13578	9538
evm.TU.02.3208	0.2743166786876275	0.8986168675072393	24.79355950743275	0.09936205819194364	9957	11444	13577	10377
evm.TU.10.496	2.0269718064043865	2.316948318437943	24.76433861459029	1.1161860795102199	15404	15370	13576	16266
evm.TU.04.129	0.09304472100677284	0.424548349084368	24.745431357854784	0.01809663554252329	4291	6557	13575	5621
evm.TU.07.157	0.07421041397693415	0.30780217765658435	24.73357434818708	0.0130348624158878	3023	4252	13574	4481
evm.TU.10.156	0.18398052417953248	0.5788596880805235	24.729879811360597	0.059699058447066286	8148	8684	13573	9180
evm.TU.07.1587	0.5218453402622187	1.01931393991914	24.68015577079821	0.2819397132660746	11925	12166	13572	12956
evm.TU.10.1074	0.09858089894953216	0.5138094721017535	24.648685718865174	0.01851263401620916	4645	7857	13571	5695
evm.TU.01.1001	0.06328623647650197	0.2994223364439338	24.644087112041287	0.009570853950072126	2187	4046	13570	3462
evm.TU.05.163	2.4494897427831783	2.449489742783178	24.638809771834932	1.3869500947641642	16352.5	15771	13569	16475
evm.TU.04.1856	0.13518532519007984	0.6949959155098423	24.634257311430307	0.029796312406131172	6529	9839	13568	7266
evm.TU.09.101	0.21862446480419293	0.8420655228328118	24.619908496556995	0.06684793514745357	8985	11042	13567	9465
evm.TU.10.40	0.13961825911332496	0.6538417743181713	24.61348220888741	0.03271643809964136	6722	9474	13566	7545
evm.TU.01.2343	0.0856727925267371	0.4301013718898016	24.5671000889793	0.015107768941949172	3785	6664	13565	5002
evm.TU.02.209	0.5580232228556452	1.2720958325506044	24.546686698811964	0.19740910250298688	12165	13264	13564	12017
evm.TU.01.1496	2.4494897427831783	2.449489742783178	24.539552109262605	0.8842641467137407	16352.5	15771	13563	15924
evm.TU.10.1956	0.2806311504369038	0.6685616800745483	24.533838570452676	0.12290362969356648	10039	9622	13562	10838
evm.TU.02.2507	0.11866307210251936	0.49182230280737416	24.527372400830608	0.0271403501201602	5770	7552	13561	6946
novel_gene_3450_5bd9a17a	0.12047691200134467	0.44512230159221927	24.519671642995423	0.029263321030569993	5867	6900	13560	7207
evm.TU.02.2812	0.11540819251266889	0.6009300083900044	24.51642468202444	0.02336623611291761	5603	8934	13559	6474
evm.TU.02.3282	0.03963533935720768	0.23906950980021502	24.5124987039932	0.004106107362359849	574	2582	13558	1287
evm.TU.10.1625	0.12379965303613046	0.5336454319788312	24.502542933181996	0.027931145733492604	6019	8115	13557	7050
evm.TU.05.53	0.8685810833592882	1.3173889812500152	24.502134344219627	0.44078661905999955	13341	13376	13556	14239
evm.TU.03.599	0.2855629198362307	0.9254292985120066	24.437832270142465	0.10475046585771706	10116	11611	13555	10490
evm.TU.10.1333	1.612514081306222	1.854613159878224	24.428633642515432	0.8722516568054	14967	14881	13554	15903
evm.TU.07.1646	0.5852594597616553	1.081782375741609	24.409282711448956	0.30278502263743845	12332	12450	13553	13152
evm.TU.02.2816	0.19987623057856854	0.5901710771247622	24.40810582809551	0.0654499008567562	8518	8809	13552	9414
evm.TU.05.2139	1.549208494308242	1.56221379263499	24.395961158039476	1.1026383434847058	14504	14122	13551	16244
evm.TU.02.1338	1.5495634546718127	1.5502585028660472	24.383973150998084	1.1243217115738247	14534	14015	13550	16271
evm.TU.09.541	0.23448872849491992	0.6828155330378609	24.38080842401907	0.0823586612947001	9290	9734	13549	9948
evm.TU.10.1305	0.36746894854650236	1.0388612104262915	24.378842935494237	0.15173842208831897	11004	12251	13548	11352
evm.TU.03.730	0.12119353525808498	0.5308561572147179	24.373116112240798	0.027386974990165836	5899	8082	13547	6982
evm.TU.09.1567	0.05036298115707376	0.27023373356397584	24.36097199662586	0.006337488696110728	1237	3341	13546	2282
evm.TU.10.1611	0.07760608821539781	0.42255616961228587	24.35411017222847	0.012588732308306304	3233	6521	13545	4362
evm.TU.05.768	0.3062718742681248	0.6894962491559316	24.353557879676142	0.13891351658403692	10387	9790	13544	11142
evm.TU.05.878	0.05337992371299136	0.2760985866876339	24.33555842819357	0.007060311968809841	1461	3473	13543	2564
evm.TU.05.1951	0.2928076380281689	0.8347533225763111	24.323501503567392	0.11680564062792823	10216	10976	13542	10732
evm.TU.04.1869	0.08676476994277448	0.39339334665175524	24.310402888287474	0.016254298141983807	3854	6022	13541	5243
novel_gene_996_5bd9a17a	1.55494903335531	1.5754005900157346	24.289059254012294	1.1311120341124263	14639	14187	13540	16277
novel_gene_2859_5bd9a17a	0.39171001046256654	1.1812685254879922	24.2828133183877	0.157814533714374	11194	12903	13539	11439
evm.TU.06.715	0.11731121275653067	0.5546686206494259	24.280034174537345	0.02509292590346141	5711	8393	13538	6712
evm.TU.01.1015	0.14992840624042042	0.4114756409530053	24.27964863876981	0.046420121950781275	7124	6320	13537	8517
evm.TU.03.734	0.11642784145291603	0.5348262943399155	24.27439678514109	0.024805874073778628	5662	8130	13536	6671
evm.TU.05.2000	0.07162850238775759	0.3487616287164704	24.262602577554496	0.011586647015630731	2831	5146	13535	4075
novel_gene_2878_5bd9a17a	1.7284875637032016	2.265374748230585	24.25780728178069	0.7022708162988001	15197	15336	13534	15489
evm.TU.08.1483	1.5950223364256069	1.9748383252608142	24.246328840127397	0.8712460887212439	14901	15042	13533	15902
evm.TU.01.951	0.12113362611700527	0.8417055620151405	24.2403950434692	0.020582276789132596	5893	11037	13532	6069
evm.TU.05.2059	0.15352884895364785	0.5679504311385842	24.236333659121126	0.04219813621824957	7246	8544	13531	8267
evm.TU.10.163	0.4294552770074224	1.2714084062832798	24.233946973600823	0.1719184842025887	11419	13260	13530	11661
evm.TU.05.341	0.934121267644324	1.4521696672868678	24.217428283434895	0.5722771200183429	13536	13762	13529	14967
evm.TU.04.206	0.698238536285734	1.279432744581147	24.215688306826774	0.4042300428912886	12796	13281	13528	14003
evm.TU.06.1642_evm.TU.06.1644	0.5361565938708719	0.9089131998487865	24.196196003477258	0.3306892947299507	12031	11496	13527	13428
evm.TU.08.1023	1.9525202655380896	2.2978776599575874	24.193436366981103	1.0665044169757127	15374	15356	13526	16201
evm.TU.02.1772	0.20281968807337217	0.7530286363562849	24.184160435508414	0.061560743018547706	8594	10354	13525	9266
evm.TU.03.366	0.9149122656331614	1.4929009995953773	24.161696590723633	0.5407808217639105	13493	13843	13524	14823
novel_gene_47_5bda875f	0.10364407260649926	0.470133292295534	24.148447447693577	0.0212711636467568	4926	7242	13523	6166
evm.TU.04.2462	0.07959282280254153	0.3904760508995655	24.14670312413347	0.013499640032996287	3364	5963	13522	4599
evm.TU.02.3120	0.0900980812557269	0.4620290552441169	24.14227150394426	0.01626899332509789	4095	7131	13521	5247
evm.TU.02.1175	2.4494897427831783	2.449489742783178	24.141826522025696	1.39136021391492	16352.5	15771	13520	16481
evm.TU.07.1837	0.06260166961777475	0.30219417221649186	24.115546883283482	0.00932963696535495	2135	4122	13519	3377
evm.TU.04.2028	1.5547593506879944	2.0556306371331625	24.113977278255703	0.612912667523503	14636	15151	13518	15134
evm.TU.02.2440	0.2303952650000565	0.9477808099427314	24.097584027898524	0.06672549951952714	9208	11755	13517	9461
evm.TU.05.830	1.2674245066219774	1.466708493026807	24.071667819904274	0.9047738277156921	14273	13800	13516	15958
evm.TU.02.1891	0.10269737513150161	0.5518493476848221	24.02639109995533	0.01864647348650637	4874	8347	13515	5728
novel_gene_3130_5bd9a17a	0.36174195595339953	1.0677787247599317	24.02051427207518	0.1444916304087074	10944	12382	13514	11244
evm.TU.10.1863	0.0960437966044352	0.45417752731887995	24.01227136101224	0.018226959797727114	4492	7022	13513	5643
evm.TU.06.2131	0.14330961409281034	0.6316305880621066	24.003694902453322	0.035115050573769895	6861	9266	13512	7771
novel_gene_3929_5bd9a17a	0.5002439746525228	1.2937915311438641	23.972973768690473	0.21912435310018405	11772	13328	13511	12279
evm.TU.02.618	0.20939329406766796	0.6134772127024041	23.955548622427344	0.0708484644846223	8757	9052	13510	9620
novel_gene_1142_5bd9a17a	2.4494897427831783	2.4494897427831783	23.949804242296096	1.1480220593532413	16352.5	16353.5	13509	16301
evm.TU.01.2313	0.13064202756383375	0.5467372857547491	23.943431305854528	0.03044125212097829	6341	8280	13508	7338
evm.TU.10.996	0.6672276047945225	1.2000212163957626	23.942344194283713	0.39591969916104663	12700	12984	13507	13940
evm.TU.10.1937	0.9683834122597937	1.6762779146909086	23.93932856643119	0.5014785191726193	13624	14518	13506	14613
evm.TU.08.809	0.12933120989173483	0.5181665847561395	23.934354329921028	0.03115525923379782	6277	7919	13505	7410
evm.TU.01.651	0.30849230920910337	1.0429940290973576	23.932388904363727	0.09326924228240549	10410	12283	13504	10224
novel_gene_925_5bd9a17a	0.37950745676865894	0.8782441265385277	23.928486915737146	0.17828614103804538	11107	11328	13503	11753
novel_gene_1215_5bd9a17a	2.449489742783178	2.4494897427831783	23.915685576394807	1.3538437841262911	15771	16353.5	13502	16455
evm.TU.08.790	0.12016522330267254	0.5941420684836081	23.914451671009722	0.025341393851175977	5850	8857	13501	6743
novel_gene_464_5bd9a17a	0.26904446438557156	0.8230637821813374	23.908262839666865	0.096970470656764	9882	10905	13500	10320
evm.TU.02.2953	0.17227287570325805	0.9378491260371196	23.878216014239463	0.03836542292676825	7819	11688	13499	8027
evm.TU.01.1026	0.0927010401912984	0.44912877621464947	23.877478666745386	0.017182452163251857	4272	6953	13498	5430
evm.TU.10.1975	0.25167383576228625	0.7517012154636346	23.877429197796307	0.09103307260025872	9579	10338	13497	10172
evm.TU.01.2447	0.1770153215617619	0.6683599889662645	23.87056859377332	0.05081376664580298	7954	9620	13496	8769
evm.TU.07.424	0.06899557669349138	0.44897328823636307	23.85478556492351	0.009512678641945407	2620	6950	13495	3449
evm.TU.01.253	0.18577001376410981	0.672231689588174	23.849119240174783	0.054398501754179505	8202	9642	13494	8940
novel_gene_1078_5bd9a17a	0.5256911604222448	1.5098755878065988	23.845850369551425	0.19897255446998088	11959	13894	13493	12041
evm.TU.08.830	1.1905300833985482	1.8524356498859822	23.839019610497697	0.5825116949383651	14114	14877	13492	15012
evm.TU.05.1931	0.20043736253453825	0.8119676029763919	23.8253003542202	0.056295994452273984	8537	10812	13491	9019
evm.TU.02.196	0.5115722873731526	1.0485190667017623	23.82007550256345	0.27520534433241467	11853	12306	13490	12910
evm.TU.04.2192	0.25407298030725234	0.8910738927541106	23.81529463259639	0.08503389190209779	9626	11407	13489	10021
evm.TU.06.329	0.20159020225413363	0.670109293694001	23.812345399362474	0.06524070756373532	8564	9629	13488	9408
novel_gene_2996_5bd9a17a	0.0907363498332444	0.36498062461216346	23.808732133273864	0.01796893610424956	4127	5480	13487	5599
evm.TU.05.1283	0.0545548628173223	0.29364632958098597	23.79273818152531	0.007124996527946076	1544	3902	13486	2590
evm.TU.08.424	0.10096015970288755	0.4015401033046526	23.77717424141976	0.021609893861937002	4794	6157	13485	6209
evm.TU.10.1176	0.7710596949880925	1.3045811024578733	23.771727712530584	0.4551836374770876	12945	13350	13484	14319
evm.TU.05.1113	0.10920612798772027	0.5095776412237362	23.75221917478848	0.022126819560759004	5244	7794	13483	6298
evm.TU.04.60	0.1654683264634247	0.7519259414550429	23.737173810180074	0.04154098233416824	7617	10341	13482	8231
evm.TU.07.422	0.09285233613817268	0.4266117746315016	23.69380865382137	0.017813396390083933	4281	6587	13481	5566
evm.TU.03.1613	1.7257818175115287	2.1418826325507254	23.691500353191753	0.9919512132733831	15192	15232	13480	16103
evm.TU.04.1685	2.449489742783178	2.449489742783178	23.6900590521428	1.317209675284149	15771	15771	13479	16431
novel_gene_2398_5bd9a17a	0.4098175527753528	0.7909761160556108	23.687535260379697	0.2121873501094157	11318	10642	13478	12207
evm.TU.02.3278	0.09565232166687355	0.4365400639433113	23.684596967325827	0.01834214901158607	4463	6759	13477	5662
evm.TU.ctgX7.3	1.433830659777877	2.099642846236974	23.679744019976763	0.7360308861486038	14443	15195	13476	15579
evm.TU.08.1066	1.5425963178743274	1.6930827917691382	23.676146122656043	1.0076972821168044	14494	14554	13475	16133
evm.TU.06.1448	0.07895210804398477	0.38052414403589957	23.671213316209872	0.013474759734869843	3316	5791	13474	4592
evm.TU.01.976	0.11645266062587997	0.563470652039233	23.663649373312275	0.024462298158733044	5665	8484	13473	6628
evm.TU.02.1999	0.17013171732800303	0.6009434281915584	23.650097242450425	0.049228585835756934	7756	8935	13472	8678
evm.TU.03.1785	1.1315600994597823	1.2475205645646368	23.6466919737788	0.8607457892404988	13936	13173	13471	15881
evm.TU.10.2156	0.3199490018643582	0.8643744628713563	23.643245729525756	0.12870150329908345	10535	11225	13470	10954
evm.TU.04.1625	1.1635847994885045	1.2561415429190461	23.634455587205935	0.882870236736675	14036	13204	13469	15922
evm.TU.05.326	0.17978610741157616	0.5742347647630024	23.613932775634467	0.055563704530686424	8032	8630	13468	8991
evm.TU.06.2104	2.4494897427831783	2.4494897427831783	23.60706223297187	1.036119518125643	16352.5	16353.5	13467	16171
evm.TU.02.2764	0.361239650715055	0.8607402688571799	23.604121036471682	0.16686485570403142	10939	11191	13466	11583
evm.TU.01.2720	0.11597580038921539	0.47944178062506043	23.60141972415959	0.025689131382921608	5624	7372	13465	6788
novel_gene_3070_5bd9a17a	0.14357600671397322	0.6764597589140926	23.585546117653895	0.03307831372283697	6875	9676	13464	7581
evm.TU.01.139	0.21923481683413007	0.6903437958850553	23.550018144424694	0.074439865144574	8997	9800	13463	9731
evm.TU.05.1249	0.18356144327298216	0.8308111920155495	23.543827499153732	0.04681725429443326	8139	10952	13462	8540
evm.TU.05.332	1.1591137646706566	1.7325858866443675	23.53366724480127	0.672163147179993	14018	14659	13461	15373
evm.TU.09.439	0.07052256485648033	0.31480815814909485	23.52546653956529	0.011542383440469529	2748	4398	13460	4066
evm.TU.05.1934	0.8876335643854579	1.2077790453240602	23.501763262913023	0.5956782432446052	13399	13016	13459	15067
evm.TU.01.46	0.8464794225110013	1.6435492734410018	23.49764761642928	0.4176759166280722	13259	14432	13458	14076
evm.TU.08.1580	1.75473847655167	2.19681370650473	23.495291689878293	0.6141333639348712	15223	15280	13457	15137
evm.TU.08.1735	0.27182830755067405	0.6999055337819357	23.457174247209796	0.10983898299907799	9926	9883	13456	10601
evm.TU.08.912	0.3584092346331288	0.834545277329165	23.45476048599879	0.1676352666536825	10912	10974	13455	11594
evm.TU.06.288	0.13762291616591793	0.5691556152590386	23.454664390079117	0.031751009349854205	6640	8561	13454	7463
evm.TU.09.443	0.3096368402409229	0.9880529728614323	23.45418382398672	0.11524374711828826	10423	12008	13453	10711
evm.TU.09.86	0.08883018262666924	0.44710407560241255	23.43703773906643	0.015853263927491347	3998	6922	13452	5171
evm.TU.06.896	2.4494897427831783	2.449489742783178	23.436112824779727	1.1061836083385987	16352.5	15771	13451	16249
evm.TU.02.1111	0.09813068461136916	0.41292537658412476	23.431259624710616	0.020054577532851094	4615	6351	13450	5989
evm.TU.10.1927	0.1453946759936033	0.60165888041772	23.430425297644828	0.0362916932196174	6938	8941	13449	7867
evm.TU.07.509	0.360804031275055	0.7030873669528098	23.43028218773772	0.18762933005145319	10935	9912	13448	11872
evm.TU.04.1161	0.3894069569474621	0.8189187290820569	23.42778009687872	0.19648897229308512	11172	10874	13447	12002
evm.TU.01.1272	0.14119850399627348	0.5409777500968477	23.425815709667084	0.03641907203443587	6780	8208	13446	7879
evm.TU.01.844	0.28664194932337866	0.7191762082764152	23.415836299440638	0.11932720790989161	10137	10056	13445	10782
novel_gene_3503_5bd9a17a	1.5899915459170628	1.857470541278488	23.413924758135842	1.051049480812011	14884	14883	13444	16188
evm.TU.02.1962	0.1345494328208846	0.5053806476152417	23.403224432968372	0.034064447267245015	6503	7738	13443	7674
evm.TU.02.2551	0.13951472544509572	0.4684492170768078	23.39663585580906	0.03782873620253719	6715	7218	13442	7978
novel_gene_3110_5bd9a17a	1.8146573768535619	2.2530219328116345	23.396365551907767	0.996167262564043	15284	15327	13441	16107
evm.TU.08.1448	0.2819558728685653	1.0313662265162982	23.388891457625103	0.09312731268718881	10059	12223	13440	10222
novel_gene_3398_5bd9a17a	0.06956936321543934	0.40173209582290115	23.3885452973766	0.010193806758328065	2677	6161	13439	3634
evm.TU.08.97	2.4494897427831783	2.4494897427831783	23.38847612719263	1.3519844703848611	16352.5	16353.5	13438	16453
evm.TU.06.1555	1.5615233030764986	1.6819060766297802	23.373213952630252	1.1130018320503807	14706	14528	13437	16262
evm.TU.10.1624	0.2809883734868064	0.5727370041060954	23.36230236668837	0.11954168155561014	10045	8609	13436	10786
evm.TU.01.1348	0.08685643262601636	0.4234873527431404	23.35726457732219	0.015229122177423882	3859	6543	13435	5033
evm.TU.08.1746	0.4515605443789121	1.0305840582813328	23.325477999952913	0.21234636957739747	11541	12219	13434	12209
evm.TU.05.303	1.2079378808066	1.995852048326804	23.317082755681536	0.40109124991141254	14159	15075	13433	13981
novel_gene_2107_5bd9a17a	1.7511410836170678	2.1826581650886525	23.308341586231283	1.0014045979174835	15219	15271	13432	16121
evm.TU.09.226	0.2508714392342016	1.037897822657644	23.304496982092836	0.07597774556948267	9566	12249	13431	9770
evm.TU.10.404	0.1362776102189561	0.560391592105399	23.303621810715132	0.03341540190109395	6578	8450	13430	7610
evm.TU.10.664	0.41391426513439633	0.744938393211414	23.297971874179492	0.22900558096080595	11333	10277	13429	12394
evm.TU.01.614	1.26220044947663	1.8132786790181878	23.29275906151619	0.6458237143876068	14261	14816	13428	15257
evm.TU.10.1163	0.22889591035590984	0.6890169215059029	23.292552147301812	0.07878669729528018	9183	9783	13427	9840
novel_gene_1015_5bd9a17a	2.449489742783178	2.4494897427831783	23.288772074014545	1.276476183867459	15771	16353.5	13426	16402
evm.TU.01.1735	0.16072792131517943	0.7530837550882299	23.281280988006372	0.039380213999986965	7483	10355	13425	8095
evm.TU.02.2562	0.0746019068699081	0.377865460619762	23.275283392776235	0.011956499790273648	3044	5734	13424	4187
novel_gene_2395_5bd9a17a	1.6491429431326698	1.7275188974439804	23.266463007271035	0.9848536755299491	15070	14648	13423	16094
evm.TU.04.312	2.449489742783178	2.449489742783178	23.252959942320345	1.077265747548621	15771	15771	13422	16217
evm.TU.04.1912	0.16045492398679248	0.5753236715248855	23.226452282481098	0.04415653674418515	7475	8643	13421	8398
evm.TU.10.2212	0.21123913392913546	0.6526465141772856	23.21765106895889	0.06967523126793317	8813	9460	13420	9580
evm.TU.02.2509	0.07835703068060645	0.46110996003561155	23.208234212587644	0.012204522535948977	3276	7114	13419	4250
evm.TU.02.36	0.20379192762712084	0.7435436072683147	23.19574855138222	0.061653617611470805	8625	10263	13418	9268
evm.TU.08.124	1.6620747139924639	2.0344663506004053	23.1928130446571	0.9845901843250663	15103	15128	13417	16092
evm.TU.05.1606	1.7296830423014282	1.9910344873570955	23.17358556266923	0.9315368876062603	15199	15066	13416	16002
novel_gene_1817_5bd9a17a	0.06413111092486617	0.36820499254042366	23.167933363895738	0.009014813196169405	2246	5553	13415	3282
evm.TU.10.1358	1.1167541427424668	1.1392799310026747	23.14202744905019	0.7242047643183176	13865	12705	13414	15545
novel_gene_1443_5bd9a17a	1.7677639177169044	1.7640718881746293	23.140427811206948	0.8678157225690788	15240	14727	13413	15888
evm.TU.02.2383	0.342168031553423	0.6777269006134176	23.130549416281653	0.16703344573452258	10757	9686	13412	11586
evm.TU.02.1933	1.31828896789926	1.8224729411475664	23.127569486850284	0.6998248291781947	14345	14833	13411	15473
novel_gene_1501_5bd9a17a	1.158024599207895	1.5301786851801886	23.125923711457443	0.7193143287946779	14014	13940	13410	15533
evm.TU.09.1672	0.36688263690714107	1.1597440615636996	23.11466916961306	0.13846622112598697	10997	12811	13409	11131
evm.TU.10.780	0.3210429111375531	0.8806970664223731	23.10985707876943	0.13228078336465796	10550	11339	13408	11019
novel_gene_2906_5bd9a17a	1.5579182109802525	1.5492415910115183	23.10730730491534	1.0761220583042665	14673	13988	13407	16215
evm.TU.08.5	1.5603617887236982	1.6621548807891557	23.090748092142448	1.102178126540124	14696	14482	13406	16243
evm.TU.10.1443	1.379002092554022	1.9759231306347274	23.08540904795571	0.727822945236036	14398	15044	13405	15557
evm.TU.05.1288	0.08825730923262654	0.34307132257926487	23.080339047785387	0.0170954567583456	3955	5030	13404	5411
novel_gene_3767_5bd9a17a	0.21311384060308647	0.8166002250017317	23.05678784678874	0.06171539637406239	8859	10857	13403	9270
evm.TU.02.2566	0.17216431755644507	0.7194869302998342	23.051039739251415	0.04486304547849189	7815	10058	13402	8430
evm.TU.10.1785	0.16732026048539203	0.547495024075509	23.050209461862277	0.04989708074376418	7676	8289	13401	8714
novel_gene_2646_5bd9a17a	0.508589929582042	1.595337998742166	23.040967040141112	0.17111089404799165	11838	14260	13400	11645
evm.TU.01.2561	0.07409243566691508	0.4694921417716223	23.027045766476864	0.010688095660137311	3014	7227	13399	3791
evm.TU.06.979	0.2296301820867738	0.8143652148019028	22.98494095221529	0.0740485640785147	9195	10832	13398	9716
evm.TU.01.102	1.103254535639828	1.3482439461310112	22.97836963977473	0.7424268669562741	13812	13476	13397	15601
evm.TU.10.1469	0.18857840181773172	0.865227028871707	22.956205302754743	0.04970141875016067	8278	11234	13396	8702
evm.TU.04.234	0.541373778113816	0.925936582961761	22.951430052089343	0.30942184393940725	12067	11614	13395	13202
evm.TU.06.47	2.449489742783178	2.449489742783178	22.951419111977707	1.2734225709837024	15771	15771	13394	16400
evm.TU.06.1391	2.4494897427831783	2.4494897427831783	22.940065980795957	1.0062099369531043	16352.5	16353.5	13393	16130
evm.TU.04.16	1.21897558414737	1.735527555607245	22.90730657278275	0.6658492252191102	14183	14666	13392	15356
evm.TU.04.547	0.30742882114945436	0.780839803120455	22.90352763511883	0.12700872833498	10400	10571	13391	10925
evm.TU.07.113	0.07969025270799265	0.37821977197803036	22.89144461047049	0.013370315145883247	3373	5744	13390	4568
evm.TU.07.94	0.3064208589117826	0.8615442722954133	22.884203200446223	0.11911828958085893	10389	11203	13389	10778
evm.TU.02.2125	0.2608911590636921	0.8332669390597671	22.841680711953465	0.0908454022340154	9752	10968	13388	10168
evm.TU.02.1591	0.11456774792081702	0.5103265747238137	22.836707925314833	0.02436568967687203	5563	7808	13387	6618
novel_gene_528_5bd9a17a	0.35183172929454104	0.9860441446878585	22.82750749478542	0.13794197937919125	10851	12000	13386	11125
evm.TU.09.1450	0.2559894029488735	0.945466166341785	22.801032916436576	0.08228144031435364	9657	11739	13385	9945
evm.TU.05.834	0.07194960258679314	0.39751869622604175	22.8003178841621	0.010756748068771246	2868	6099	13384	3823
novel_gene_1595_5bd9a17a	0.17162287194628809	0.5910671073208283	22.78026537247073	0.049730091967152716	7795	8818	13383	8703
novel_gene_2309_5bd9a17a	0.2990606217119123	0.675385313542232	22.78023764487689	0.13196830570725285	10297	9666	13382	11012
novel_gene_1958_5bd9a17a	0.08674968429738986	0.3730324740991069	22.730263876004503	0.016108960468370462	3853	5640	13381	5216
evm.TU.07.148	0.38725883519092835	1.1163746042708889	22.72999225763675	0.1464601970459367	11159	12604	13380	11274
evm.TU.10.1565	1.5640980146838621	1.6255539215994321	22.72579040405158	0.8670458494015069	14731	14366	13379	15886
novel_gene_82_5bd9a17a	0.42433183730854357	1.1499897113018236	22.680740636955054	0.17972592193445974	11389	12757	13378	11767
evm.TU.09.891	0.28835487918108726	0.9169461594014133	22.67550818774821	0.10027744569586136	10159	11547	13377	10396
evm.TU.04.238	0.24081041928816385	0.7910273892140091	22.673374488042633	0.08213072709626194	9404	10643	13376	9938
novel_gene_255_5bd9a17a	0.5614081468229545	1.005266017327014	22.67150562220745	0.3230379928860917	12188	12093	13375	13345
evm.TU.07.1233	0.2891891364249305	1.4437856011685097	22.66359398803699	0.05725531214120916	10169	13746	13374	9062
evm.TU.03.362	0.13466235768380738	0.6469858673731198	22.658376565832867	0.029646990892499652	6508	9419	13373	7248
evm.TU.01.2268	0.33812312046967963	0.6832586500971916	22.64503052130359	0.15441811476763642	10722	9740	13372	11382
novel_gene_2282_5bd9a17a	1.1781806411661768	1.3339734355936592	22.642663753236615	0.8011814756335702	14079	13432	13371	15758
evm.TU.02.2396	1.5694725611415037	1.5552242666405938	22.637610324205177	0.8587017988940024	14768	14073	13370	15879
evm.TU.02.709	0.21730359268646152	0.8374345891901681	22.62666960744132	0.06413376720434386	8952	10997	13369	9362
evm.TU.02.2366	0.06711496842957981	0.36240930827350876	22.608901169276134	0.009902699258383359	2483	5419	13368	3563
evm.TU.09.1673	0.25612078489650325	0.8535039137929219	22.607418529035794	0.08766723369394717	9659	11131	13367	10089
novel_gene_1947_5bd9a17a	0.8626916564716128	1.8575898955874544	22.603433920900383	0.37215648655304723	13324	14884	13366	13769
evm.TU.03.1978	0.198559616697986	0.775083888231246	22.600407976443158	0.056604240904020026	8494	10531	13365	9036
evm.TU.04.2286	0.08714428417196957	0.4044676291782046	22.588510391821885	0.015741170269983774	3886	6215	13364	5145
novel_gene_386_5bda875f	0.2011868368016036	0.5556066577498509	22.586249133855972	0.06744771480838277	8553	8402	13363	9499
evm.TU.08.1516	0.9034614533549458	1.4008521584221298	22.585590879036797	0.5135632747199175	13452	13641	13362	14683
evm.TU.07.1576	0.28523151023537596	0.9229269043599516	22.57932302245026	0.10223511419690912	10111	11594	13361	10434
evm.TU.01.1661	0.7155163513793916	1.7114026471244905	22.57324018434588	0.26279689495689584	12829	14610	13360	12781
novel_gene_3087_5bd9a17a	0.8639865976628621	1.3485706493011076	22.56646546034015	0.5266010769252343	13327	13477	13359	14740
evm.TU.10.921	0.21686622827107851	0.7247931011984003	22.561240185071817	0.07048387246336242	8939	10096	13358	9611
evm.TU.01.457	0.12423102746382982	0.6347339507597382	22.55179917638829	0.025972954437972744	6040	9297	13357	6817
evm.TU.03.2077	0.17720090252634946	0.5666371534716477	22.544067688158627	0.052929244124272454	7959	8526	13356	8869
evm.TU.04.2165	0.16001609515606185	0.4895841447117047	22.487715150755456	0.04664052547698477	7459	7508	13355	8534
evm.TU.02.2729	0.5400377355431418	1.5325703474091616	22.482129023165307	0.15752281947312635	12056	13948	13354	11434
evm.TU.06.60	2.449489742783178	2.449489742783178	22.474505926881807	1.3679572871779673	15771	15771	13353	16463
evm.TU.03.74	0.7799930426555587	1.3853802977484087	22.46942061787089	0.432642960617017	12978	13594	13352	14185
evm.TU.10.1926	0.3698534762690508	0.8089770631632979	22.436808468615848	0.17726533087855834	11025	10785	13351	11738
evm.TU.05.356	0.16092097187256033	0.6887216818975259	22.433792455108545	0.040371182642517905	7492	9780	13350	8169
novel_gene_1530_5bd9a17a	0.15042532974386905	0.6537317771416205	22.430605136895515	0.0365052802312237	7134	9472	13349	7884
evm.TU.02.1598	0.7100738209732457	1.3843177512363942	22.418532395820048	0.38316875105897336	12821	13589	13348	13846
novel_gene_549_5bda875f	0.893467280914841	1.1554321682895707	22.417415938044165	0.6322604935805652	13420	12785	13347	15202
evm.TU.10.1615	0.09508141544078492	0.4286357637150752	22.413502305840897	0.018415011286598847	4430	6631	13346	5675
novel_gene_3883_5bd9a17a	0.4183554927467017	1.0235622870358085	22.379086770818787	0.17469516675645994	11357	12193	13345	11703
evm.TU.02.2169	0.18519173596806424	0.8110628069548929	22.3642396207177	0.04870823414492227	8181	10805	13344	8653
novel_gene_3287_5bd9a17a	0.0938390408689556	0.37222124749362584	22.34089210429043	0.018882349345091236	4345	5623	13343	5770
evm.TU.08.120	2.4494897427831783	2.4494897427831783	22.326857533080716	1.0947430087670726	16352.5	16353.5	13342	16234
evm.TU.09.1445	0.10715845858581602	0.47106103938377614	22.309756101260326	0.021755875875159748	5134	7252	13341	6235
evm.TU.04.482	0.11342861346268676	0.5006658710316149	22.309626200776176	0.02401075181632929	5482	7664	13340	6573
evm.TU.01.228	0.09595216921271989	0.479205687043354	22.29061315314073	0.01770207198015209	4484	7366	13339	5543
evm.TU.07.993	0.9135299649979596	1.838600836534909	22.289523958392476	0.23071328084242493	13489	14856	13338	12414
evm.TU.04.1657	0.4679741567105942	1.175321317080897	22.288117056818095	0.2130588337214237	11607	12882	13337	12223
evm.TU.02.2799	0.07215715430838808	0.3420873889118971	22.262522545119445	0.011672850756826825	2883	5007	13336	4101
evm.TU.07.292	0.575216450225345	1.0417712004621567	22.254904108720496	0.24594652476229317	12278	12271	13335	12597
evm.TU.04.1173	0.16786722735344042	0.3946853639700283	22.235997354213172	0.05530077660004315	7689	6049	13334	8983
evm.TU.08.52	0.9515179878238983	1.605093968582552	22.222600884349202	0.5313646571994858	13580	14289	13333	14767
evm.TU.05.1870	0.2535978807193832	0.8143896132029808	22.210056908014767	0.08787195573624237	9618	10833	13332	10093
evm.TU.06.936	1.5840436595731933	1.5561452607074346	22.196958094810316	0.9888738068107475	14855	14083	13331	16100
evm.TU.01.1743	0.37964739415961896	0.91196484725596	22.19214062260783	0.16963343643726642	11109	11515	13330	11631
evm.TU.09.899	0.06995699990053478	0.37388995485504933	22.18590284079689	0.010538582994693211	2704	5656	13329	3749
evm.TU.03.59	1.5636316822333636	1.6172404588745115	22.18391368515469	1.0765449746417992	14725	14327	13328	16216
evm.TU.02.2848	0.1704481826659546	0.5671714508190873	22.181015940110857	0.05014910453655438	7765	8533	13327	8723
evm.TU.10.2004	2.449489742783178	2.449489742783178	22.115613337114976	1.0791065590951954	15771	15771	13326	16221
evm.TU.09.1211	0.17612558482589738	0.6565425478653092	22.106688045452422	0.04982388341191852	7930	9511	13325	8707
evm.TU.09.1256	2.449489742783178	2.449489742783178	22.106171999782873	1.0472083018329268	15771	15771	13324	16183
evm.TU.10.1618	0.26309606211128983	0.7792121170964573	22.09181400145353	0.09811780269000055	9776	10559	13323	10347
evm.TU.02.2695	0.2525092580800849	0.7351222580275991	22.08343482127255	0.09243477365311786	9598	10181	13322	10203
evm.TU.02.1924	0.30799675245261143	1.081260993013666	22.076071807879295	0.10449662012125821	10407	12448	13321	10485
novel_gene_594_5bd9a17a	1.8561312085495991	2.266751359276785	22.06606358447021	1.034819533888768	15321	15338	13320	16170
evm.TU.02.2643	1.7712558149564377	2.158342518799805	22.049352688363033	0.9467185263570281	15245	15248	13319	16032
evm.TU.04.327	0.2163889722392742	0.6613415248069929	22.048808190764024	0.07224545079810624	8932	9559	13318	9662
evm.TU.02.2304	0.1419012434218275	0.48490450096468996	22.044405150642643	0.03746272174429849	6809	7435	13317	7953
evm.TU.04.209	0.12817236923114064	0.4292892241378392	22.040257215424937	0.032318302753511566	6227	6647	13316	7516
evm.TU.09.442	0.24064320669027506	0.7614950035931034	22.01113151017117	0.07869633925725879	9403	10426	13315	9838
evm.TU.08.1266	0.09894326583977461	0.5723645495349543	22.003841853900937	0.01721621287870482	4678	8604	13314	5437
evm.TU.10.2259	0.09444100497952354	0.4604502439785365	21.996042716635994	0.0174502106640911	4386	7105	13313	5486
evm.TU.10.1608	0.0605325306736789	0.3248920400048559	21.976890674546627	0.008380911509217936	1983	4637	13312	3061
evm.TU.06.790	0.11061059047716512	0.5262905900291441	21.976808488925847	0.02251969129585341	5316	8030	13311	6361
evm.TU.09.659	0.1584806829165054	0.649763352317776	21.96783407205696	0.040923528820426984	7412	9442	13310	8201
evm.TU.02.2926	2.449489742783178	2.449489742783178	21.964358864176138	0.6639700541315431	15771	15771	13309	15345
evm.TU.02.3272	0.09892483486940254	0.426388549014787	21.960747011348765	0.019801111073063277	4675	6581	13308	5945
evm.TU.02.3115	0.2340265362593215	0.9030176459218004	21.95129543316213	0.07002676595248598	9280	11474	13307	9591
