# target name        accession   tlen query name                    accession   qlen   E-value  score  bias   #  of  c-Evalue  i-Evalue  score  bias  from    to  from    to  from    to  acc description of target
Methyltransf_3       PF01596.23   204 cds.evm.model.01.262 -             60     0.017   14.8   0.0   1   1   8.8e-07     0.021   14.5   0.0     2    24    35    59    34    60 0.92 O-methyltransferase
BTB_2                PF02214.28    94 cds.evm.model.05.1191 -             60    0.0012   19.6   0.0   1   1   5.5e-08    0.0013   19.4   0.0     1    31    19    50    19    59 0.88 BTB/POZ domain
DUF4887              PF16228.10   176 cds.novel_model_7213_5bd9a17a.1.5bd9b13d -             60     0.044   14.3   7.3   1   1     3e-05     0.048   14.2   7.3    24    60    14    51     6    57 0.69 Domain of unknown function (DUF4887)
CDC45                PF02724.19   624 cds.novel_model_7213_5bd9a17a.1.5bd9b13d -             60      0.16   10.6   4.6   1   1    0.0001      0.16   10.6   4.6   187   231    15    58     4    60 0.56 CDC45
DUF6739              PF20524.3    691 cds.novel_model_7213_5bd9a17a.1.5bd9b13d -             60      0.45    8.9   3.1   1   1   0.00027      0.43    8.9   3.1   482   514    14    46     3    58 0.68 Family of unknown function (DUF6739)
DUF4770              PF15994.10   181 cds.novel_model_7213_5bd9a17a.1.5bd9b13d -             60      0.48   11.0   4.9   1   1   0.00032      0.51   10.9   4.9    91   125    17    51     5    58 0.42 Domain of unknown function (DUF4770)
Tim54                PF11711.13   376 cds.novel_model_7213_5bd9a17a.1.5bd9b13d -             60      0.88    8.7   7.4   1   1   0.00055      0.88    8.7   7.4   225   265    15    55     2    59 0.52 Inner membrane protein import complex subunit Tim54
Ferlin_C             PF16165.10   154 cds.novel_model_7213_5bd9a17a.1.5bd9b13d -             60      0.93    9.8   5.8   1   1   0.00056      0.89    9.8   5.8    27    52    16    41     5    58 0.59 Ferlin C-terminus
Renin_r              PF07850.19    98 cds.novel_model_7213_5bd9a17a.1.5bd9b13d -             60       1.1   10.2   3.5   1   1   0.00077       1.2   10.1   3.5     4    51     5    52     2    57 0.45 Renin receptor-like protein
Sec62                PF03839.21   191 cds.novel_model_7213_5bd9a17a.1.5bd9b13d -             60       1.2    9.3   5.0   1   1   0.00076       1.2    9.3   5.0    61    85    17    40     2    58 0.38 Translocation protein Sec62
Med2                 PF11214.13   100 cds.novel_model_7213_5bd9a17a.1.5bd9b13d -             60       1.7    9.3   9.0   1   1    0.0012         2    9.0   9.0    70    96    10    37     4    42 0.54 Mediator complex subunit 2
Cas8b_N              PF24121.1    265 cds.novel_model_7213_5bd9a17a.1.5bd9b13d -             60       3.9    7.2   8.9   1   1    0.0026       4.1    7.1   8.9    33    73    11    51     3    58 0.55 Type I-B CRISPR Cas8b N-terminal domain
PRTRC_E              PF19556.4    175 cds.novel_model_7213_5bd9a17a.1.5bd9b13d -             60         4    7.5  14.5   1   1    0.0028       4.5    7.4  14.5    99   134    12    46     2    50 0.76 PRTRC system protein E
O-antigen_lig        PF13425.11   462 cds.novel_model_7213_5bd9a17a.1.5bd9b13d -             60       5.7    6.0   6.0   1   1    0.0036       5.7    6.0   6.0   282   313    15    46     3    55 0.56 O-antigen ligase like membrane protein
DUF6732              PF20506.3     72 cds.novel_model_7213_5bd9a17a.1.5bd9b13d -             60       6.6    7.0   6.4   1   1     0.005       7.9    6.8   6.4    46    69    11    35     3    42 0.53 Family of unknown function (DUF6732)
OAD_gamma            PF04277.18    76 cds.novel_model_7213_5bd9a17a.1.5bd9b13d -             60         8    7.6   6.5   1   1    0.0067        11    7.2   6.5    32    63    12    39     6    47 0.47 Oxaloacetate decarboxylase, gamma chain
Atrophin-1           PF03154.20   992 cds.novel_model_7213_5bd9a17a.1.5bd9b13d -             60       9.4    4.6   7.3   1   1    0.0057         9    4.6   7.3   602   634    13    44     4    57 0.59 Atrophin-1 family
TbsP_N               PF19138.6    144 cds.evm.model.01.540 -             60     0.045   14.2   0.6   1   1   4.1e-06     0.049   14.1   0.6    90   118     5    33     1    40 0.89 Transcriptional regulator TbsP-like, N-terminal
zf-C3HC              PF07967.19   132 cds.evm.model.01.540 -             60     0.068   13.6   0.0   1   1   5.7e-06     0.068   13.6   0.0    59    97    14    52     5    60 0.76 NuBaID N-terminal domain (aka zf-C3HC)
C2                   PF00168.36   104 cds.evm.model.02.2416 -             60   2.1e-16   60.4   0.0   1   1   1.8e-20   2.2e-16   60.3   0.0     2    58     5    59     4    60 0.96 C2 domain
CEP76-C2             PF15627.12   157 cds.evm.model.02.2416 -             60   0.00044   20.2   0.0   1   1   3.7e-08   0.00044   20.2   0.0    29    70    18    59     6    60 0.88 CEP76 C2 domain
DUF7400              PF24133.1    262 cds.evm.model.03.396.1.5bdae6db -             60      0.13   11.7   0.0   1   1   6.3e-06      0.15   11.5   0.0    12    35    32    55    28    59 0.89 Domain of unknown function (DUF7400)
potato_inhibit       PF00280.23    64 cds.evm.model.04.2441 -             60   4.9e-21   75.5   1.2   1   1   2.2e-25   5.3e-21   75.4   1.2     1    53     7    59     7    60 0.98 Potato inhibitor I family
S-AdoMet_synt_N      PF00438.25    99 cds.evm.model.01.623.1.5bd9b134 -             60   2.8e-30  105.1   0.3   1   1   2.6e-34   3.1e-30  105.0   0.3     2    58     4    60     3    60 0.98 S-adenosylmethionine synthetase, N-terminal domain
AdoMet_Synthase      PF01941.24   395 cds.evm.model.01.623.1.5bd9b134 -             60      0.16   11.2   0.0   1   1   1.3e-05      0.16   11.2   0.0    26    42    13    29     7    49 0.87 S-adenosylmethionine synthetase (AdoMet synthetase)
S-AdoMet_synt_N      PF00438.25    99 cds.evm.model.01.623 -             60   2.8e-30  105.1   0.3   1   1   2.6e-34   3.1e-30  105.0   0.3     2    58     4    60     3    60 0.98 S-adenosylmethionine synthetase, N-terminal domain
AdoMet_Synthase      PF01941.24   395 cds.evm.model.01.623 -             60      0.16   11.2   0.0   1   1   1.3e-05      0.16   11.2   0.0    26    42    13    29     7    49 0.87 S-adenosylmethionine synthetase (AdoMet synthetase)
S_locus_glycop       PF00954.25   111 cds.novel_model_4855_5bd9a17a -             60   1.3e-14   55.0   3.3   1   1   3.8e-18   1.5e-14   54.9   3.3    62   111     2    52     1    52 0.94 S-locus glycoprotein domain
EB                   PF01683.23    52 cds.novel_model_4855_5bd9a17a -             60   0.00045   20.6   2.8   1   1   1.4e-07   0.00056   20.3   2.8    18    50    17    53     5    55 0.88 EB module
EGF_3                PF12947.13    36 cds.novel_model_4855_5bd9a17a -             60    0.0041   17.7   3.1   1   1   1.9e-06    0.0077   16.8   3.1     6    30    25    49    21    49 0.94 EGF domain
EGF                  PF00008.33    32 cds.novel_model_4855_5bd9a17a -             60     0.034   14.8   4.5   1   1   1.4e-05     0.056   14.1   4.5     5    31    20    51    17    52 0.82 EGF-like domain
EGF_MSP1_1           PF12946.13    37 cds.novel_model_4855_5bd9a17a -             60     0.042   14.2   2.4   1   1   2.5e-05       0.1   13.0   2.5     5    30    25    49    20    55 0.85 MSP1 EGF domain 1
Plasmod_Pvs28        PF06247.17    41 cds.novel_model_4855_5bd9a17a -             60     0.056   13.9   5.9   1   1     2e-05     0.079   13.4   5.9     6    38    26    54    20    57 0.88 Pvs28 EGF domain
Aldedh               PF00171.27   461 cds.evm.model.10.2004 -             60   1.5e-19   70.3   0.0   1   1     7e-24   1.7e-19   70.1   0.0   342   395     7    60     2    60 0.96 Aldehyde dehydrogenase family
SEO_N                PF14576.11   287 cds.evm.model.04.333 -             60     0.009   15.6   0.1   1   1   4.2e-07      0.01   15.5   0.1     1    34    27    60    27    60 0.95 Sieve element occlusion N-terminus
Jacalin              PF01419.22   136 cds.evm.model.01.2954 -             60   2.2e-14   54.4   1.4   1   1     1e-18   2.4e-14   54.3   1.4     1    54     8    59     8    60 0.95 Jacalin-like lectin domain
potato_inhibit       PF00280.23    64 cds.evm.model.07.1706 -             60   3.5e-20   72.8   0.6   1   1   1.6e-24   3.8e-20   72.7   0.6     1    56     6    60     6    60 0.97 Potato inhibitor I family
AP2                  PF00847.26    54 cds.evm.model.10.1380 -             60   8.4e-10   39.2   0.4   1   1   5.1e-14   1.2e-09   38.7   0.4     2    39    26    60    25    60 0.89 AP2 domain
Hs1pro-1_N           PF07231.17   182 cds.evm.model.02.398 -             60   3.1e-19   69.8   0.7   1   1   1.4e-23   3.4e-19   69.7   0.7     1    58     1    60     1    60 0.97 Hs1pro-1 N-terminus
LRRNT_2              PF08263.17    41 cds.evm.model.01.3035 -             60     2e-07   31.6   0.2   1   1   1.1e-11   2.6e-07   31.2   0.2     4    33    32    60    29    60 0.92 Leucine rich repeat N-terminal domain
SAM_decarbox         PF01536.21   343 cds.evm.model.10.1657 -             60   3.7e-12   46.4   0.0   1   1   1.7e-16   3.9e-12   46.3   0.0     3    53     9    60     7    60 0.92 Adenosylmethionine decarboxylase
MtN3_slv             PF03083.21    87 cds.evm.model.10.2043 -             60     2e-15   57.0   0.1   1   1   1.8e-19   2.2e-15   56.8   0.1     2    52    10    60     9    60 0.98 Sugar efflux transporter for intercellular exchange
PQ-loop              PF04193.19    61 cds.evm.model.10.2043 -             60    0.0089   16.1   0.1   1   1   8.7e-07      0.01   15.9   0.1     3    51    12    60    10    60 0.94 PQ loop repeat
CaATP_NAI            PF12515.13    45 cds.evm.model.04.1733 -             60   6.3e-22   77.2   2.4   1   1   6.2e-26   7.3e-22   77.0   2.4     1    45     5    50     5    50 0.97 Ca2+-ATPase N terminal autoinhibitory domain
HEPN_RES_NTD1        PF18870.6    131 cds.evm.model.04.1733 -             60     0.082   13.6   0.1   1   1   7.6e-06     0.091   13.5   0.1    99   127    14    43     3    47 0.80 HEPN/RES N-terminal domain 1
Hydrolase            PF00702.32   191 cds.evm.model.04.642 -             60      0.22   12.3   0.0   1   1   9.7e-06      0.23   12.2   0.0     2    26    24    48    23    59 0.82 haloacid dehalogenase-like hydrolase
Annexin              PF00191.25    66 cds.evm.model.08.1483 -             60   5.9e-15   55.5   0.0   1   1   2.7e-19   6.4e-15   55.4   0.0     2    46    16    60    15    60 0.97 Annexin
HMA                  PF00403.32    62 cds.evm.model.10.1333 -             60   3.5e-16   59.7   2.4   1   1   9.5e-20   3.8e-16   59.6   2.4     3    60     7    60     5    60 0.95 Heavy-metal-associated domain
DUF6286              PF19803.4    108 cds.evm.model.10.1333 -             60    0.0038   18.1   0.1   1   1     1e-06    0.0042   17.9   0.1    30    72     5    47     2    59 0.83 Family of unknown function (DUF6286)
BON                  PF04972.22    69 cds.evm.model.10.1333 -             60     0.012   16.2   0.1   1   1   3.4e-06     0.014   16.1   0.1     6    50    16    57    11    60 0.86 BON domain
PHD_2                PF13831.12    36 cds.evm.model.10.1333 -             60     0.048   13.5   0.1   1   1   1.7e-05     0.068   13.0   0.1    12    26     6    20     5    23 0.85 PHD-finger
Radical_SAM_2        PF19238.5    151 cds.evm.model.10.1333 -             60     0.089   12.8   0.1   1   1   2.4e-05     0.094   12.8   0.1    99   139    17    57     4    59 0.88 Radical SAM-like domain
N_Asn_amidohyd       PF14736.11   270 cds.evm.model.10.1333 -             60      0.13   11.7   0.0   1   1   3.6e-05      0.14   11.7   0.0    57   101     9    53     4    59 0.92 Protein N-terminal asparagine amidohydrolase
DIOX_N               PF14226.12   117 cds.evm.model.05.49  -             60      0.13   13.3   0.0   1   1   9.1e-06      0.22   12.6   0.0     1    26    38    60    38    60 0.96 non-haem dioxygenase in morphine synthesis N-terminal
HLH                  PF00010.31    53 cds.evm.model.06.743.3.5bd9b13a -             60     4e-10   39.8   0.2   1   1   1.1e-13   5.3e-10   39.3   0.2     5    52    16    60    13    60 0.97 Helix-loop-helix DNA-binding domain
bHLH_SAC51           PF23173.1     61 cds.evm.model.06.743.3.5bd9b13a -             60    0.0023   18.3   0.0   1   1   5.3e-07    0.0025   18.1   0.0    10    50    20    60    13    60 0.92 Transcription factor SAC51 bHLH domain
bHLH_LHW             PF23176.1     63 cds.evm.model.06.743.3.5bd9b13a -             60     0.012   15.9   0.1   1   2      0.85     4e+03   -1.7   0.6     2     8     2     8     1    12 0.78 Transcription factor LHW bHLH domain
bHLH_LHW             PF23176.1     63 cds.evm.model.06.743.3.5bd9b13a -             60     0.012   15.9   0.1   2   2   2.6e-06     0.012   15.9   0.1     8    44    24    60    17    60 0.88 Transcription factor LHW bHLH domain
DnaB                 PF00772.26   103 cds.evm.model.06.743.3.5bd9b13a -             60     0.038   14.4   0.0   1   1   9.2e-06     0.044   14.2   0.0    52   102     8    58     5    59 0.86 DnaB-like helicase N terminal domain
Tom22                PF04281.18   141 cds.evm.model.06.743.3.5bd9b13a -             60     0.046   13.9   0.1   1   1   9.7e-06     0.046   13.9   0.1    52    89    21    58     6    60 0.81 Mitochondrial import receptor subunit Tom22
HLH                  PF00010.31    53 cds.evm.model.06.743.1.5bd9b13a -             60     4e-10   39.8   0.2   1   1   1.1e-13   5.3e-10   39.3   0.2     5    52    16    60    13    60 0.97 Helix-loop-helix DNA-binding domain
bHLH_SAC51           PF23173.1     61 cds.evm.model.06.743.1.5bd9b13a -             60    0.0023   18.3   0.0   1   1   5.3e-07    0.0025   18.1   0.0    10    50    20    60    13    60 0.92 Transcription factor SAC51 bHLH domain
bHLH_LHW             PF23176.1     63 cds.evm.model.06.743.1.5bd9b13a -             60     0.012   15.9   0.1   1   2      0.85     4e+03   -1.7   0.6     2     8     2     8     1    12 0.78 Transcription factor LHW bHLH domain
bHLH_LHW             PF23176.1     63 cds.evm.model.06.743.1.5bd9b13a -             60     0.012   15.9   0.1   2   2   2.6e-06     0.012   15.9   0.1     8    44    24    60    17    60 0.88 Transcription factor LHW bHLH domain
DnaB                 PF00772.26   103 cds.evm.model.06.743.1.5bd9b13a -             60     0.038   14.4   0.0   1   1   9.2e-06     0.044   14.2   0.0    52   102     8    58     5    59 0.86 DnaB-like helicase N terminal domain
Tom22                PF04281.18   141 cds.evm.model.06.743.1.5bd9b13a -             60     0.046   13.9   0.1   1   1   9.7e-06     0.046   13.9   0.1    52    89    21    58     6    60 0.81 Mitochondrial import receptor subunit Tom22
HLH                  PF00010.31    53 cds.evm.model.06.743.2.5bd9b13a -             60     4e-10   39.8   0.2   1   1   1.1e-13   5.3e-10   39.3   0.2     5    52    16    60    13    60 0.97 Helix-loop-helix DNA-binding domain
bHLH_SAC51           PF23173.1     61 cds.evm.model.06.743.2.5bd9b13a -             60    0.0023   18.3   0.0   1   1   5.3e-07    0.0025   18.1   0.0    10    50    20    60    13    60 0.92 Transcription factor SAC51 bHLH domain
bHLH_LHW             PF23176.1     63 cds.evm.model.06.743.2.5bd9b13a -             60     0.012   15.9   0.1   1   2      0.85     4e+03   -1.7   0.6     2     8     2     8     1    12 0.78 Transcription factor LHW bHLH domain
bHLH_LHW             PF23176.1     63 cds.evm.model.06.743.2.5bd9b13a -             60     0.012   15.9   0.1   2   2   2.6e-06     0.012   15.9   0.1     8    44    24    60    17    60 0.88 Transcription factor LHW bHLH domain
DnaB                 PF00772.26   103 cds.evm.model.06.743.2.5bd9b13a -             60     0.038   14.4   0.0   1   1   9.2e-06     0.044   14.2   0.0    52   102     8    58     5    59 0.86 DnaB-like helicase N terminal domain
Tom22                PF04281.18   141 cds.evm.model.06.743.2.5bd9b13a -             60     0.046   13.9   0.1   1   1   9.7e-06     0.046   13.9   0.1    52    89    21    58     6    60 0.81 Mitochondrial import receptor subunit Tom22
Ist1                 PF03398.19   164 cds.evm.model.10.796 -             60   1.1e-06   29.1   0.2   1   1   5.4e-11   1.3e-06   28.8   0.2     1    41    20    60    20    60 0.95 Regulator of Vps4 activity in the MVB pathway
SLC35F               PF06027.18   299 cds.evm.model.07.908.1.5bd9b13c -             60   2.1e-14   54.2   0.1   1   1   8.7e-19   2.1e-14   54.2   0.1   206   255    11    60     1    60 0.90 Solute carrier family 35
SLC35F               PF06027.18   299 cds.evm.model.07.908.1.5bd9b13c.1.5bdae6da -             60     2e-25   90.3   5.5   1   1   1.8e-29   2.2e-25   90.2   5.5   237   296     1    60     1    60 0.99 Solute carrier family 35
EamA                 PF00892.26   136 cds.evm.model.07.908.1.5bd9b13c.1.5bdae6da -             60     0.062   13.8   3.4   1   1   5.6e-06     0.066   13.7   3.4    74   132     1    59     1    60 0.96 EamA-like transporter family
SLC35F               PF06027.18   299 cds.evm.model.07.908 -             60   6.2e-26   92.0   3.7   1   1   5.3e-30   6.3e-26   92.0   3.7    69   121     8    60     1    60 0.94 Solute carrier family 35
DUF485               PF04341.17    88 cds.evm.model.07.908 -             60      0.34   11.3   2.8   1   1   3.4e-05      0.41   11.0   2.8    27    71    13    59    10    60 0.93 Protein of unknown function, DUF485
Thaumatin            PF00314.22   209 cds.evm.model.03.882 -             60     4e-05   23.8   0.0   1   1   1.9e-09   4.6e-05   23.6   0.0     1    33    27    59    27    60 0.96 Thaumatin family
Epimerase            PF01370.27   240 cds.evm.model.02.2522 -             60   2.1e-06   27.7   0.0   1   1   4.9e-10   2.3e-06   27.6   0.0     1    39     9    49     9    57 0.93 NAD dependent epimerase/dehydratase family
GDP_Man_Dehyd        PF16363.11   332 cds.evm.model.02.2522 -             60   3.6e-05   23.8   0.0   1   1   7.8e-09   3.7e-05   23.7   0.0     1    45    10    53    10    60 0.83 GDP-mannose 4,6 dehydratase
NAD_binding_4        PF07993.18   258 cds.evm.model.02.2522 -             60    0.0028   17.2   0.0   1   1   6.6e-07    0.0031   17.1   0.0     1    29    11    38    11    46 0.94 Male sterility protein
3Beta_HSD            PF01073.25   280 cds.evm.model.02.2522 -             60     0.016   14.6   0.0   1   1   3.6e-06     0.017   14.5   0.0     1    34    10    43    10    57 0.84 3-beta hydroxysteroid dehydrogenase/isomerase family
Polysacc_synt_2      PF02719.21   293 cds.evm.model.02.2522 -             60      0.16   11.5   0.0   1   1   3.4e-05      0.16   11.5   0.0     1    33     9    42     9    56 0.85 Polysaccharide biosynthesis protein
CA109-like           PF15011.11   161 cds.evm.model.10.1416 -             60      0.15   12.3   0.0   1   1   6.6e-06      0.16   12.2   0.0    70    99     7    36     3    50 0.91 Ribosome biogenesis protein C1orf109-like
DUF599               PF04654.17   211 cds.novel_model_2163_5bd9a17a -             60   1.5e-13   51.0   0.2   1   1   6.6e-18   1.6e-13   50.9   0.2     1    48    11    58    11    60 0.94 Protein of unknown function, DUF599
GST_N                PF02798.26    76 cds.evm.model.04.2316 -             60   4.2e-13   49.8   0.0   1   1   7.7e-17   4.6e-13   49.7   0.0     2    61     3    60     2    60 0.97 Glutathione S-transferase, N-terminal domain
GST_N_2              PF13409.12    70 cds.evm.model.04.2316 -             60   3.5e-10   40.7   0.0   1   1   6.7e-14     4e-10   40.6   0.0     2    54    12    60    11    60 0.89 Glutathione S-transferase, N-terminal domain
GST_N_3              PF13417.12    75 cds.evm.model.04.2316 -             60   5.8e-10   39.8   0.0   1   1     1e-13   6.1e-10   39.7   0.0     6    54    11    60     6    60 0.94 Glutathione S-transferase, N-terminal domain
CLIC-like_N          PF22441.2     86 cds.evm.model.04.2316 -             60    0.0017   18.9   0.0   1   1   3.2e-07    0.0019   18.8   0.0    19    65    12    59     5    60 0.91 CLIC-like N-terminal domain
Abhydrolase_1        PF00561.26   245 cds.novel_model_451_5bd9a17a.1.5bd9b134 -             60   8.3e-06   26.0   0.1   1   1   1.6e-09   9.4e-06   25.8   0.1     1    36    25    60    25    60 0.94 alpha/beta hydrolase fold
Chlorophyllase2      PF12740.13   256 cds.novel_model_451_5bd9a17a.1.5bd9b134 -             60    0.0037   16.8   0.0   1   1     7e-07    0.0042   16.7   0.0    15    52    22    59    14    60 0.78 Cutinase
Abhydrolase_6        PF12697.13   217 cds.novel_model_451_5bd9a17a.1.5bd9b134 -             60    0.0042   18.2   0.4   1   1     8e-07    0.0047   18.0   0.4     1    36    27    60    27    60 0.88 Alpha/beta hydrolase family
Chlorophyllase       PF07224.17   307 cds.novel_model_451_5bd9a17a.1.5bd9b134 -             60      0.02   14.4   0.0   1   1   3.5e-06     0.021   14.3   0.0    43    81    21    59    10    60 0.91 Chlorophyllase
Abhydrolase_1        PF00561.26   245 cds.novel_model_450_5bd9a17a -             60   8.3e-06   26.0   0.1   1   1   1.6e-09   9.4e-06   25.8   0.1     1    36    25    60    25    60 0.94 alpha/beta hydrolase fold
Chlorophyllase2      PF12740.13   256 cds.novel_model_450_5bd9a17a -             60    0.0037   16.8   0.0   1   1     7e-07    0.0042   16.7   0.0    15    52    22    59    14    60 0.78 Cutinase
Abhydrolase_6        PF12697.13   217 cds.novel_model_450_5bd9a17a -             60    0.0042   18.2   0.4   1   1     8e-07    0.0047   18.0   0.4     1    36    27    60    27    60 0.88 Alpha/beta hydrolase family
Chlorophyllase       PF07224.17   307 cds.novel_model_450_5bd9a17a -             60      0.02   14.4   0.0   1   1   3.5e-06     0.021   14.3   0.0    43    81    21    59    10    60 0.91 Chlorophyllase
Arf                  PF00025.27   174 cds.evm.model.10.1245.2.5bd9b13d -             60   3.9e-22   78.9   0.2   1   1   1.7e-25   4.4e-22   78.8   0.2     1    57     5    60     5    60 0.96 ADP-ribosylation factor family
6PF2K                PF01591.24   223 cds.evm.model.10.1245.2.5bd9b13d -             60    0.0015   18.3   0.1   1   1   5.6e-07    0.0015   18.3   0.1     9    50    13    54     6    60 0.83 6-phosphofructo-2-kinase
SRPRB                PF09439.16   178 cds.evm.model.10.1245.2.5bd9b13d -             60     0.005   16.6   0.1   1   1   2.1e-06    0.0055   16.5   0.1     2    35    16    49    15    60 0.80 Signal recognition particle receptor beta subunit
G-alpha              PF00503.26   333 cds.evm.model.10.1245.2.5bd9b13d -             60     0.022   14.3   0.0   1   1   8.2e-06     0.022   14.3   0.0    18    43    14    39     7    59 0.87 G-protein alpha subunit
Roc                  PF08477.19   119 cds.evm.model.10.1245.2.5bd9b13d -             60     0.027   15.1   0.1   1   1   1.2e-05     0.031   14.9   0.1     1    40    19    57    19    60 0.87 Ras of Complex, Roc, domain of DAPkinase
AAA_7                PF12775.13   181 cds.evm.model.10.1245.2.5bd9b13d -             60     0.057   13.3   0.1   1   1   2.3e-05      0.06   13.3   0.1    23    55     7    40     3    58 0.79 P-loop containing dynein motor region
T2SSE                PF00437.26   269 cds.evm.model.10.1245.2.5bd9b13d -             60     0.089   12.3   0.2   1   1   3.4e-05     0.089   12.3   0.2   117   155     4    43     1    59 0.72 Type II/IV secretion system protein
SRP54                PF00448.28   196 cds.evm.model.10.1245.2.5bd9b13d -             60      0.11   12.5   0.1   1   1   4.9e-05      0.13   12.3   0.1     3    21    19    37    17    44 0.90 SRP54-type protein, GTPase domain
AAA_33               PF13671.12   143 cds.evm.model.10.1245.2.5bd9b13d -             60       0.2   12.4   0.0   1   1   9.3e-05      0.25   12.0   0.0     2    18    20    36    20    46 0.88 AAA domain
Arf                  PF00025.27   174 cds.evm.model.10.1245.5.5bd9b13d -             60   3.9e-22   78.9   0.2   1   1   1.7e-25   4.4e-22   78.8   0.2     1    57     5    60     5    60 0.96 ADP-ribosylation factor family
6PF2K                PF01591.24   223 cds.evm.model.10.1245.5.5bd9b13d -             60    0.0015   18.3   0.1   1   1   5.6e-07    0.0015   18.3   0.1     9    50    13    54     6    60 0.83 6-phosphofructo-2-kinase
SRPRB                PF09439.16   178 cds.evm.model.10.1245.5.5bd9b13d -             60     0.005   16.6   0.1   1   1   2.1e-06    0.0055   16.5   0.1     2    35    16    49    15    60 0.80 Signal recognition particle receptor beta subunit
G-alpha              PF00503.26   333 cds.evm.model.10.1245.5.5bd9b13d -             60     0.022   14.3   0.0   1   1   8.2e-06     0.022   14.3   0.0    18    43    14    39     7    59 0.87 G-protein alpha subunit
Roc                  PF08477.19   119 cds.evm.model.10.1245.5.5bd9b13d -             60     0.027   15.1   0.1   1   1   1.2e-05     0.031   14.9   0.1     1    40    19    57    19    60 0.87 Ras of Complex, Roc, domain of DAPkinase
AAA_7                PF12775.13   181 cds.evm.model.10.1245.5.5bd9b13d -             60     0.057   13.3   0.1   1   1   2.3e-05      0.06   13.3   0.1    23    55     7    40     3    58 0.79 P-loop containing dynein motor region
T2SSE                PF00437.26   269 cds.evm.model.10.1245.5.5bd9b13d -             60     0.089   12.3   0.2   1   1   3.4e-05     0.089   12.3   0.2   117   155     4    43     1    59 0.72 Type II/IV secretion system protein
SRP54                PF00448.28   196 cds.evm.model.10.1245.5.5bd9b13d -             60      0.11   12.5   0.1   1   1   4.9e-05      0.13   12.3   0.1     3    21    19    37    17    44 0.90 SRP54-type protein, GTPase domain
AAA_33               PF13671.12   143 cds.evm.model.10.1245.5.5bd9b13d -             60       0.2   12.4   0.0   1   1   9.3e-05      0.25   12.0   0.0     2    18    20    36    20    46 0.88 AAA domain
Arf                  PF00025.27   174 cds.evm.model.10.1245.4.5bd9b13d -             60   3.9e-22   78.9   0.2   1   1   1.7e-25   4.4e-22   78.8   0.2     1    57     5    60     5    60 0.96 ADP-ribosylation factor family
6PF2K                PF01591.24   223 cds.evm.model.10.1245.4.5bd9b13d -             60    0.0015   18.3   0.1   1   1   5.6e-07    0.0015   18.3   0.1     9    50    13    54     6    60 0.83 6-phosphofructo-2-kinase
SRPRB                PF09439.16   178 cds.evm.model.10.1245.4.5bd9b13d -             60     0.005   16.6   0.1   1   1   2.1e-06    0.0055   16.5   0.1     2    35    16    49    15    60 0.80 Signal recognition particle receptor beta subunit
G-alpha              PF00503.26   333 cds.evm.model.10.1245.4.5bd9b13d -             60     0.022   14.3   0.0   1   1   8.2e-06     0.022   14.3   0.0    18    43    14    39     7    59 0.87 G-protein alpha subunit
Roc                  PF08477.19   119 cds.evm.model.10.1245.4.5bd9b13d -             60     0.027   15.1   0.1   1   1   1.2e-05     0.031   14.9   0.1     1    40    19    57    19    60 0.87 Ras of Complex, Roc, domain of DAPkinase
AAA_7                PF12775.13   181 cds.evm.model.10.1245.4.5bd9b13d -             60     0.057   13.3   0.1   1   1   2.3e-05      0.06   13.3   0.1    23    55     7    40     3    58 0.79 P-loop containing dynein motor region
T2SSE                PF00437.26   269 cds.evm.model.10.1245.4.5bd9b13d -             60     0.089   12.3   0.2   1   1   3.4e-05     0.089   12.3   0.2   117   155     4    43     1    59 0.72 Type II/IV secretion system protein
SRP54                PF00448.28   196 cds.evm.model.10.1245.4.5bd9b13d -             60      0.11   12.5   0.1   1   1   4.9e-05      0.13   12.3   0.1     3    21    19    37    17    44 0.90 SRP54-type protein, GTPase domain
AAA_33               PF13671.12   143 cds.evm.model.10.1245.4.5bd9b13d -             60       0.2   12.4   0.0   1   1   9.3e-05      0.25   12.0   0.0     2    18    20    36    20    46 0.88 AAA domain
Arf                  PF00025.27   174 cds.evm.model.10.1245.1.5bd9b13d -             60   3.9e-22   78.9   0.2   1   1   1.7e-25   4.4e-22   78.8   0.2     1    57     5    60     5    60 0.96 ADP-ribosylation factor family
6PF2K                PF01591.24   223 cds.evm.model.10.1245.1.5bd9b13d -             60    0.0015   18.3   0.1   1   1   5.6e-07    0.0015   18.3   0.1     9    50    13    54     6    60 0.83 6-phosphofructo-2-kinase
SRPRB                PF09439.16   178 cds.evm.model.10.1245.1.5bd9b13d -             60     0.005   16.6   0.1   1   1   2.1e-06    0.0055   16.5   0.1     2    35    16    49    15    60 0.80 Signal recognition particle receptor beta subunit
G-alpha              PF00503.26   333 cds.evm.model.10.1245.1.5bd9b13d -             60     0.022   14.3   0.0   1   1   8.2e-06     0.022   14.3   0.0    18    43    14    39     7    59 0.87 G-protein alpha subunit
Roc                  PF08477.19   119 cds.evm.model.10.1245.1.5bd9b13d -             60     0.027   15.1   0.1   1   1   1.2e-05     0.031   14.9   0.1     1    40    19    57    19    60 0.87 Ras of Complex, Roc, domain of DAPkinase
AAA_7                PF12775.13   181 cds.evm.model.10.1245.1.5bd9b13d -             60     0.057   13.3   0.1   1   1   2.3e-05      0.06   13.3   0.1    23    55     7    40     3    58 0.79 P-loop containing dynein motor region
T2SSE                PF00437.26   269 cds.evm.model.10.1245.1.5bd9b13d -             60     0.089   12.3   0.2   1   1   3.4e-05     0.089   12.3   0.2   117   155     4    43     1    59 0.72 Type II/IV secretion system protein
SRP54                PF00448.28   196 cds.evm.model.10.1245.1.5bd9b13d -             60      0.11   12.5   0.1   1   1   4.9e-05      0.13   12.3   0.1     3    21    19    37    17    44 0.90 SRP54-type protein, GTPase domain
AAA_33               PF13671.12   143 cds.evm.model.10.1245.1.5bd9b13d -             60       0.2   12.4   0.0   1   1   9.3e-05      0.25   12.0   0.0     2    18    20    36    20    46 0.88 AAA domain
Arf                  PF00025.27   174 cds.evm.model.10.1245 -             60   3.9e-22   78.9   0.2   1   1   1.7e-25   4.4e-22   78.8   0.2     1    57     5    60     5    60 0.96 ADP-ribosylation factor family
6PF2K                PF01591.24   223 cds.evm.model.10.1245 -             60    0.0015   18.3   0.1   1   1   5.6e-07    0.0015   18.3   0.1     9    50    13    54     6    60 0.83 6-phosphofructo-2-kinase
SRPRB                PF09439.16   178 cds.evm.model.10.1245 -             60     0.005   16.6   0.1   1   1   2.1e-06    0.0055   16.5   0.1     2    35    16    49    15    60 0.80 Signal recognition particle receptor beta subunit
G-alpha              PF00503.26   333 cds.evm.model.10.1245 -             60     0.022   14.3   0.0   1   1   8.2e-06     0.022   14.3   0.0    18    43    14    39     7    59 0.87 G-protein alpha subunit
Roc                  PF08477.19   119 cds.evm.model.10.1245 -             60     0.027   15.1   0.1   1   1   1.2e-05     0.031   14.9   0.1     1    40    19    57    19    60 0.87 Ras of Complex, Roc, domain of DAPkinase
AAA_7                PF12775.13   181 cds.evm.model.10.1245 -             60     0.057   13.3   0.1   1   1   2.3e-05      0.06   13.3   0.1    23    55     7    40     3    58 0.79 P-loop containing dynein motor region
T2SSE                PF00437.26   269 cds.evm.model.10.1245 -             60     0.089   12.3   0.2   1   1   3.4e-05     0.089   12.3   0.2   117   155     4    43     1    59 0.72 Type II/IV secretion system protein
SRP54                PF00448.28   196 cds.evm.model.10.1245 -             60      0.11   12.5   0.1   1   1   4.9e-05      0.13   12.3   0.1     3    21    19    37    17    44 0.90 SRP54-type protein, GTPase domain
AAA_33               PF13671.12   143 cds.evm.model.10.1245 -             60       0.2   12.4   0.0   1   1   9.3e-05      0.25   12.0   0.0     2    18    20    36    20    46 0.88 AAA domain
Arf                  PF00025.27   174 cds.evm.model.10.1245.6.5bd9b13d -             60   3.9e-22   78.9   0.2   1   1   1.7e-25   4.4e-22   78.8   0.2     1    57     5    60     5    60 0.96 ADP-ribosylation factor family
6PF2K                PF01591.24   223 cds.evm.model.10.1245.6.5bd9b13d -             60    0.0015   18.3   0.1   1   1   5.6e-07    0.0015   18.3   0.1     9    50    13    54     6    60 0.83 6-phosphofructo-2-kinase
SRPRB                PF09439.16   178 cds.evm.model.10.1245.6.5bd9b13d -             60     0.005   16.6   0.1   1   1   2.1e-06    0.0055   16.5   0.1     2    35    16    49    15    60 0.80 Signal recognition particle receptor beta subunit
G-alpha              PF00503.26   333 cds.evm.model.10.1245.6.5bd9b13d -             60     0.022   14.3   0.0   1   1   8.2e-06     0.022   14.3   0.0    18    43    14    39     7    59 0.87 G-protein alpha subunit
Roc                  PF08477.19   119 cds.evm.model.10.1245.6.5bd9b13d -             60     0.027   15.1   0.1   1   1   1.2e-05     0.031   14.9   0.1     1    40    19    57    19    60 0.87 Ras of Complex, Roc, domain of DAPkinase
AAA_7                PF12775.13   181 cds.evm.model.10.1245.6.5bd9b13d -             60     0.057   13.3   0.1   1   1   2.3e-05      0.06   13.3   0.1    23    55     7    40     3    58 0.79 P-loop containing dynein motor region
T2SSE                PF00437.26   269 cds.evm.model.10.1245.6.5bd9b13d -             60     0.089   12.3   0.2   1   1   3.4e-05     0.089   12.3   0.2   117   155     4    43     1    59 0.72 Type II/IV secretion system protein
SRP54                PF00448.28   196 cds.evm.model.10.1245.6.5bd9b13d -             60      0.11   12.5   0.1   1   1   4.9e-05      0.13   12.3   0.1     3    21    19    37    17    44 0.90 SRP54-type protein, GTPase domain
AAA_33               PF13671.12   143 cds.evm.model.10.1245.6.5bd9b13d -             60       0.2   12.4   0.0   1   1   9.3e-05      0.25   12.0   0.0     2    18    20    36    20    46 0.88 AAA domain
Arf                  PF00025.27   174 cds.evm.model.10.1245.3.5bd9b13d -             60   3.9e-22   78.9   0.2   1   1   1.7e-25   4.4e-22   78.8   0.2     1    57     5    60     5    60 0.96 ADP-ribosylation factor family
6PF2K                PF01591.24   223 cds.evm.model.10.1245.3.5bd9b13d -             60    0.0015   18.3   0.1   1   1   5.6e-07    0.0015   18.3   0.1     9    50    13    54     6    60 0.83 6-phosphofructo-2-kinase
SRPRB                PF09439.16   178 cds.evm.model.10.1245.3.5bd9b13d -             60     0.005   16.6   0.1   1   1   2.1e-06    0.0055   16.5   0.1     2    35    16    49    15    60 0.80 Signal recognition particle receptor beta subunit
G-alpha              PF00503.26   333 cds.evm.model.10.1245.3.5bd9b13d -             60     0.022   14.3   0.0   1   1   8.2e-06     0.022   14.3   0.0    18    43    14    39     7    59 0.87 G-protein alpha subunit
Roc                  PF08477.19   119 cds.evm.model.10.1245.3.5bd9b13d -             60     0.027   15.1   0.1   1   1   1.2e-05     0.031   14.9   0.1     1    40    19    57    19    60 0.87 Ras of Complex, Roc, domain of DAPkinase
AAA_7                PF12775.13   181 cds.evm.model.10.1245.3.5bd9b13d -             60     0.057   13.3   0.1   1   1   2.3e-05      0.06   13.3   0.1    23    55     7    40     3    58 0.79 P-loop containing dynein motor region
T2SSE                PF00437.26   269 cds.evm.model.10.1245.3.5bd9b13d -             60     0.089   12.3   0.2   1   1   3.4e-05     0.089   12.3   0.2   117   155     4    43     1    59 0.72 Type II/IV secretion system protein
SRP54                PF00448.28   196 cds.evm.model.10.1245.3.5bd9b13d -             60      0.11   12.5   0.1   1   1   4.9e-05      0.13   12.3   0.1     3    21    19    37    17    44 0.90 SRP54-type protein, GTPase domain
AAA_33               PF13671.12   143 cds.evm.model.10.1245.3.5bd9b13d -             60       0.2   12.4   0.0   1   1   9.3e-05      0.25   12.0   0.0     2    18    20    36    20    46 0.88 AAA domain
SapB_2               PF03489.22    34 cds.novel_model_2092_5bd9a17a.2.5bd9b136 -             60   5.5e-12   46.0   1.8   1   1   1.2e-15     7e-12   45.7   1.8     1    34    14    47    14    47 0.98 Saposin-like type B, region 2
Saposin              PF20825.2    131 cds.novel_model_2092_5bd9a17a.2.5bd9b136 -             60   0.00021   21.7   0.1   1   1   3.7e-08   0.00022   21.6   0.1    41    80    13    52     6    57 0.90 Saposin-like domain
Importin_rep_3       PF18806.7     75 cds.novel_model_2092_5bd9a17a.2.5bd9b136 -             60     0.048   14.1   0.1   1   1   9.2e-06     0.055   13.9   0.1    27    50    14    37     2    44 0.81 Importin 13 repeat
RH1                  PF09744.14    65 cds.novel_model_2092_5bd9a17a.2.5bd9b136 -             60       0.2   11.9   0.0   1   1   4.6e-05      0.28   11.5   0.0     7    32    10    35     7    36 0.89 RILP homology 1 domain
PADRE                PF14009.12   184 cds.evm.model.04.1043 -             60   1.3e-14   55.4   0.0   1   1   5.8e-19   1.4e-14   55.3   0.0     1    60     1    60     1    60 0.89 PADRE domain
DUF1005              PF06219.17   436 cds.novel_model_593_5bd9a17a.1.5bd9b134 -             60   8.2e-22   78.3   0.3   1   1   3.6e-26   8.6e-22   78.2   0.3     1    57     1    57     1    60 0.97 Protein of unknown function (DUF1005)
DUF1005              PF06219.17   436 cds.novel_model_592_5bd9a17a -             60   8.2e-22   78.3   0.3   1   1   3.6e-26   8.6e-22   78.2   0.3     1    57     1    57     1    60 0.97 Protein of unknown function (DUF1005)
PMR5N                PF14416.11    55 cds.evm.model.09.272 -             60   4.1e-11   43.4   0.4   1   1   2.4e-15   5.8e-11   42.9   0.4     1    36    25    60    25    60 0.95 PMR5 N terminal Domain
Pyr_redox_3          PF13738.12   305 cds.evm.model.01.709 -             60   1.6e-06   28.0   0.0   1   1     5e-10   1.7e-06   27.9   0.0     1    40     9    48     9    58 0.83 Pyridine nucleotide-disulphide oxidoreductase
FAD_binding_3        PF01494.25   349 cds.evm.model.01.709 -             60   0.00034   20.3   0.3   1   1   1.1e-07   0.00037   20.2   0.3     4    33     8    37     5    43 0.93 FAD binding domain
Pyr_redox            PF00070.33    82 cds.evm.model.01.709 -             60    0.0014   19.5   0.0   1   1   4.9e-07    0.0017   19.2   0.0     2    53     8    59     7    59 0.92 Pyridine nucleotide-disulphide oxidoreductase
Thi4                 PF01946.23   235 cds.evm.model.01.709 -             60    0.0028   17.3   0.1   1   1   9.1e-07    0.0031   17.2   0.1    20    50     8    37     2    42 0.90 Thi4 family
NAD_binding_8        PF13450.12    68 cds.evm.model.01.709 -             60     0.012   16.3   0.0   1   1     4e-06     0.014   16.1   0.0     1    32    10    41    10    58 0.83 NAD(P)-binding Rossmann-like domain
DAO                  PF01266.30   353 cds.evm.model.01.709 -             60     0.027   14.4   0.1   1   1   8.1e-06     0.027   14.4   0.1     2    34     8    39     7    52 0.91 FAD dependent oxidoreductase
Pyr_redox_2          PF07992.20   291 cds.evm.model.01.709 -             60      0.06   13.1   0.0   1   1   1.8e-05      0.06   13.1   0.0   145   183     8    46     2    59 0.69 Pyridine nucleotide-disulphide oxidoreductase
zf-UDP               PF14569.12    78 cds.evm.model.08.330 -             60   3.4e-13   49.8   1.2   1   1   1.9e-17   4.5e-13   49.4   1.2     1    34    27    60    27    60 0.96 Zinc-binding RING-finger
RPE65                PF03055.21   469 cds.evm.model.01.1076 -             60   6.5e-13   48.9   0.2   1   1   2.8e-17   6.8e-13   48.9   0.2    26    81     3    59     1    60 0.96 Retinal pigment epithelial membrane protein
CysA_C_terminal      PF17850.7     43 cds.evm.model.06.2001 -             60     0.037   15.0   0.0   1   1     2e-06     0.049   14.6   0.0     3    22    27    46    26    54 0.83 CysA C-terminal regulatory domain
GPR15L               PF15854.10    77 cds.evm.model.08.1217 -             60     0.023   15.3   0.0   1   1   9.8e-07     0.023   15.3   0.0     5    33     3    32     1    55 0.78 G-protein coupled receptor ligand 15
AP2                  PF00847.26    54 cds.evm.model.09.1185 -             60   4.7e-09   36.8   0.8   1   1   2.6e-13   6.3e-09   36.4   0.8     2    37    27    59    26    60 0.92 AP2 domain
PTR2                 PF00854.27   392 cds.evm.model.05.1861 -             60   1.1e-19   71.0   0.3   1   1   4.8e-24   1.1e-19   70.9   0.3    33    87     2    59     1    60 0.95 POT family
Lipase_GDSL          PF00657.28   208 cds.evm.model.10.1937 -             60   1.3e-05   25.9   0.0   1   1   5.7e-10   1.4e-05   25.8   0.0     1    35     9    60     9    60 0.96 GDSL-like Lipase/Acylhydrolase
DUF6745              PF20530.3    206 cds.evm.model.08.1081 -             60     0.055   13.1   0.0   1   1   2.3e-06     0.056   13.1   0.0   125   161    10    46     2    55 0.86 Domain of unknown function (DUF6745)
DUF3475              PF11961.13    57 cds.evm.model.09.316 -             60   5.1e-08   33.2   0.1   1   2      0.13   3.1e+03   -1.3   0.0    38    48    11    21     8    28 0.69 Domain of unknown function (DUF3475)
DUF3475              PF11961.13    57 cds.evm.model.09.316 -             60   5.1e-08   33.2   0.1   2   2   5.4e-12   1.3e-07   31.9   0.1     1    25    35    59    35    60 0.96 Domain of unknown function (DUF3475)
Bet_v_1              PF00407.25   151 cds.evm.model.04.1362 -             60   1.4e-14   54.7   0.0   1   1   6.2e-19   1.5e-14   54.6   0.0     3    59     4    60     2    60 0.96 Pathogenesis-related protein Bet v 1 family
HIG_1_N              PF04588.18    52 cds.novel_model_854_5bd9a17a.1.5bd9b134 -             60   1.4e-09   38.4   0.1   1   1   6.7e-14   1.6e-09   38.2   0.1     9    49    17    60    10    60 0.88 Hypoxia induced protein conserved region
HIG_1_N              PF04588.18    52 cds.novel_model_853_5bd9a17a -             60   1.9e-12   47.6   0.1   1   1   8.9e-17   2.1e-12   47.4   0.1     1    48    10    60    10    60 0.96 Hypoxia induced protein conserved region
DUF761               PF05553.16    36 cds.evm.model.08.1852 -             60   3.3e-08   33.3   0.3   1   1   3.8e-12   4.5e-08   32.9   0.3     2    29    31    58    30    60 0.93 Cotton fibre expressed protein
DEDD_Tnp_IS110       PF01548.22   155 cds.evm.model.08.1852 -             60     0.082   13.1   0.1   1   1   7.3e-06     0.087   13.0   0.1     3    48     1    47     1    56 0.88 Transposase
DUF3050              PF11251.13   233 cds.evm.model.02.3185 -             60       0.2   11.7   0.0   1   1   9.8e-06      0.23   11.5   0.0   192   218    20    46    17    53 0.89 Protein of unknown function (DUF3050)
SQAPI                PF16845.11    83 cds.evm.model.02.2791 -             60   2.8e-07   31.2   0.2   1   1     3e-11   3.5e-07   30.9   0.2     1    26    35    60    35    60 0.95 Aspartic acid proteinase inhibitor
Cystatin             PF00031.27    92 cds.evm.model.02.2791 -             60   0.00043   20.9   0.0   1   1   4.1e-08   0.00049   20.7   0.0     1    28    30    58    30    60 0.90 Cystatin domain
Bax1-I               PF01027.25   207 cds.evm.model.07.527 -             60    0.0018   18.5   0.8   1   1   8.7e-08    0.0021   18.3   0.8     2    25    36    59    35    60 0.92 Inhibitor of apoptosis-promoting Bax1
Alpha-amylase        PF00128.30   347 cds.evm.model.06.109 -             60   2.1e-07   31.2   0.0   1   1     2e-11   2.3e-07   31.0   0.0    46    81    11    46     6    53 0.91 Alpha amylase, catalytic domain
Glyco_hydro_70       PF02324.22   831 cds.evm.model.06.109 -             60     0.009   14.5   0.0   1   1   8.4e-07      0.01   14.4   0.0   654   690     7    40     4    48 0.86 Glycosyl hydrolase family 70
DUF4492              PF14899.11    63 cds.evm.model.10.1011 -             60      0.02   15.2   0.9   1   1   3.9e-06     0.023   15.0   0.9    28    54     3    30     1    38 0.77 Domain of unknown function (DUF4492)
LETM1_RBD            PF07766.19   229 cds.evm.model.10.1011 -             60      0.07   13.1   0.2   1   1   1.2e-05     0.071   13.1   0.2    33    61     6    35     3    57 0.81 LETM1-like, RBD
YebO                 PF13974.11    80 cds.evm.model.10.1011 -             60      0.22   12.1   0.4   1   1   3.7e-05      0.22   12.1   0.4     4    29     3    29     1    45 0.85 YebO-like protein
PDR_CDR              PF06422.18    92 cds.evm.model.10.1011 -             60      0.35   11.2   1.8   1   1   6.5e-05      0.39   11.0   1.7    49    78     2    31     1    44 0.82 CDR ABC transporter
AP2                  PF00847.26    54 cds.evm.model.02.1330 -             60   5.8e-11   42.9   2.1   1   1   2.9e-15   6.8e-11   42.7   2.1     2    43    20    59    19    60 0.90 AP2 domain
NQR2_RnfD_RnfE       PF03116.20   296 cds.evm.model.05.1033 -             60    0.0064   16.3   1.3   1   1   5.7e-07    0.0068   16.2   1.3   221   266     8    53     2    59 0.93 NQR2, RnfD, RnfE family
CitMHS               PF03600.22   336 cds.evm.model.05.1033 -             60     0.011   15.2   0.6   1   1   1.2e-06     0.014   14.9   0.4     8    35    27    59    18    60 0.80 Citrate transporter
X8                   PF07983.18    76 cds.evm.model.10.702 -             60   1.4e-07   32.4   2.2   1   1   6.8e-12   1.6e-07   32.2   2.2     2    44    22    60    21    60 0.95 X8 domain
VIT1                 PF01988.24   214 cds.evm.model.01.1387 -             60   6.7e-06   26.5   1.2   1   1   3.3e-10   7.8e-06   26.2   1.2     1    23    37    59    37    60 0.94 VIT family
SPT_ssu-like         PF11779.13    54 cds.evm.model.05.937.1.5bd9b13a -             60      0.22   11.6   3.3   1   1   2.4e-05      0.29   11.2   3.3    30    52     6    28     2    29 0.79 Small subunit of serine palmitoyltransferase-like
Calc_CGRP_IAPP       PF00214.24   131 cds.evm.model.05.937.1.5bd9b13a -             60      0.37   11.7   0.4   1   1   3.2e-05      0.38   11.6   0.4     3    30     3    31     1    44 0.75 Calcitonin / CGRP / IAPP family
SPT_ssu-like         PF11779.13    54 cds.evm.model.05.937 -             60      0.22   11.6   3.3   1   1   2.4e-05      0.29   11.2   3.3    30    52     6    28     2    29 0.79 Small subunit of serine palmitoyltransferase-like
Calc_CGRP_IAPP       PF00214.24   131 cds.evm.model.05.937 -             60      0.37   11.7   0.4   1   1   3.2e-05      0.38   11.6   0.4     3    30     3    31     1    44 0.75 Calcitonin / CGRP / IAPP family
PADRE                PF14009.12   184 cds.evm.model.10.142 -             60   3.2e-12   47.6   0.0   1   1   1.4e-16   3.4e-12   47.5   0.0     1    59     1    51     1    59 0.87 PADRE domain
DUF7711              PF24821.1    197 cds.evm.model.01.2924 -             60     0.062   13.4   0.0   1   1   2.9e-06     0.069   13.2   0.0    68   102    14    48     7    53 0.85 Domain of unknown function (DUF7711)
Tubulin              PF00091.31   190 cds.evm.model.05.1113.2.5bd9b13a -             60   5.7e-10   40.2   0.2   1   1   7.7e-14   6.1e-10   40.1   0.2     1    44     3    60     3    60 0.93 Tubulin/FtsZ family, GTPase domain
Misat_Tub_SegII      PF10644.15   115 cds.evm.model.05.1113.2.5bd9b13a -             60      0.05   14.3   0.1   1   1   7.4e-06     0.058   14.1   0.1     1    22     2    23     2    43 0.92 Misato Segment II tubulin-like domain
POLH-Rev1_HhH        PF21704.3     56 cds.evm.model.05.1113.2.5bd9b13a -             60       0.1   13.2   0.0   1   1   1.4e-05      0.11   13.1   0.0     8    30    15    37    13    56 0.85 DNApol eta/Rev1, HhH motif
Tubulin              PF00091.31   190 cds.evm.model.05.1113 -             60   5.7e-10   40.2   0.2   1   1   7.7e-14   6.1e-10   40.1   0.2     1    44     3    60     3    60 0.93 Tubulin/FtsZ family, GTPase domain
Misat_Tub_SegII      PF10644.15   115 cds.evm.model.05.1113 -             60      0.05   14.3   0.1   1   1   7.4e-06     0.058   14.1   0.1     1    22     2    23     2    43 0.92 Misato Segment II tubulin-like domain
POLH-Rev1_HhH        PF21704.3     56 cds.evm.model.05.1113 -             60       0.1   13.2   0.0   1   1   1.4e-05      0.11   13.1   0.0     8    30    15    37    13    56 0.85 DNApol eta/Rev1, HhH motif
Tubulin              PF00091.31   190 cds.evm.model.05.1113.1.5bd9b13a -             60   5.7e-10   40.2   0.2   1   1   7.7e-14   6.1e-10   40.1   0.2     1    44     3    60     3    60 0.93 Tubulin/FtsZ family, GTPase domain
Misat_Tub_SegII      PF10644.15   115 cds.evm.model.05.1113.1.5bd9b13a -             60      0.05   14.3   0.1   1   1   7.4e-06     0.058   14.1   0.1     1    22     2    23     2    43 0.92 Misato Segment II tubulin-like domain
POLH-Rev1_HhH        PF21704.3     56 cds.evm.model.05.1113.1.5bd9b13a -             60       0.1   13.2   0.0   1   1   1.4e-05      0.11   13.1   0.0     8    30    15    37    13    56 0.85 DNApol eta/Rev1, HhH motif
EF-hand_6            PF13405.12    30 cds.evm.model.09.339 -             60   1.2e-05   25.1   0.1   1   1   3.8e-09   1.8e-05   24.4   0.1     4    30    27    53    24    53 0.91 EF-hand domain
EF-hand_1            PF00036.38    29 cds.evm.model.09.339 -             60   1.4e-05   24.7   0.1   1   1   3.7e-09   1.8e-05   24.4   0.1     3    29    26    52    24    52 0.92 EF hand
EF-hand_7            PF13499.12    67 cds.evm.model.09.339 -             60    0.0064   17.2   0.0   1   1   1.6e-06    0.0076   17.0   0.0    32    66    15    49     5    54 0.82 EF-hand domain pair
EF-hand_5            PF13202.12    25 cds.evm.model.09.339 -             60    0.0077   16.1   0.2   1   1   2.2e-06      0.01   15.6   0.2     4    22    28    46    25    50 0.84 EF hand
FCaBP_EF-hand        PF22592.2     93 cds.evm.model.09.339 -             60     0.086   13.6   0.1   1   1     2e-05     0.094   13.4   0.1     9    39    17    47     9    53 0.84 FCaBP EF-hand domain
GUB_WAK_bind         PF13947.11    64 cds.evm.model.04.1244 -             60   6.2e-06   26.9   3.0   1   1   3.3e-10   7.9e-06   26.5   3.0     1    32    25    56    25    60 0.92 Wall-associated receptor kinase galacturonan-binding
ZF-HD_dimer          PF04770.17    55 cds.novel_model_3092_5bd9a17a -             60   5.1e-16   59.1   1.2   1   1   2.7e-20   6.4e-16   58.8   1.2     2    34    28    60    27    60 0.96 ZF-HD protein dimerisation region
HSP70                PF00012.26   599 cds.evm.model.05.1253 -             60   3.4e-23   82.1   0.0   1   1   3.1e-27   3.7e-23   82.0   0.0     1    52     9    60     9    60 0.98 Hsp70 protein
Btz                  PF09405.15   131 cds.evm.model.05.1253 -             60      0.23   12.1   0.0   1   1   2.2e-05      0.26   11.9   0.0    96   118    22    44    15    54 0.83 CASC3/Barentsz eIF4AIII binding
Tetraspanin          PF00335.26   225 cds.evm.model.02.727 -             60   1.7e-08   34.8   6.2   1   1   7.6e-13   1.8e-08   34.7   6.2     2    65     6    60     5    60 0.95 Tetraspanin family
DUF6857              PF21647.2    312 cds.evm.model.07.733 -             60     2e-15   57.7   0.5   1   1   8.6e-20     2e-15   57.6   0.5    29    85     2    58     1    60 0.95 Domain of unknown function (DUF6857)
UQ_con               PF00179.31   140 cds.evm.model.06.1699.3.5bd9b13b -             60   1.8e-27   96.0   0.5   1   1   1.7e-31     2e-27   95.9   0.5    27    86     1    60     1    60 0.99 Ubiquitin-conjugating enzyme
RWD                  PF05773.27   112 cds.evm.model.06.1699.3.5bd9b13b -             60    0.0055   17.2   0.0   1   1   4.6e-07    0.0055   17.2   0.0    51    74    21    44     5    59 0.85 RWD domain
UQ_con               PF00179.31   140 cds.evm.model.06.1699.2.5bd9b13b -             60   3.9e-15   56.1   0.0   1   1   1.8e-19   4.2e-15   55.9   0.0     1    57     5    60     5    60 0.98 Ubiquitin-conjugating enzyme
UQ_con               PF00179.31   140 cds.evm.model.06.1699.1.5bd9b13b -             60   3.9e-15   56.1   0.0   1   1   1.8e-19   4.2e-15   55.9   0.0     1    57     5    60     5    60 0.98 Ubiquitin-conjugating enzyme
UQ_con               PF00179.31   140 cds.evm.model.06.1699 -             60   3.9e-15   56.1   0.0   1   1   1.8e-19   4.2e-15   55.9   0.0     1    57     5    60     5    60 0.98 Ubiquitin-conjugating enzyme
UQ_con               PF00179.31   140 cds.evm.model.06.1699.5.5bd9b13b -             60   1.8e-27   96.0   0.5   1   1   1.7e-31     2e-27   95.9   0.5    27    86     1    60     1    60 0.99 Ubiquitin-conjugating enzyme
RWD                  PF05773.27   112 cds.evm.model.06.1699.5.5bd9b13b -             60    0.0055   17.2   0.0   1   1   4.6e-07    0.0055   17.2   0.0    51    74    21    44     5    59 0.85 RWD domain
UQ_con               PF00179.31   140 cds.evm.model.06.1699.4.5bd9b13b -             60   3.9e-15   56.1   0.0   1   1   1.8e-19   4.2e-15   55.9   0.0     1    57     5    60     5    60 0.98 Ubiquitin-conjugating enzyme
SPX                  PF03105.24   340 cds.evm.model.10.451 -             60   7.2e-18   66.1   0.1   1   1     3e-22   7.2e-18   66.1   0.1     1    44     1    44     1    59 0.86 SPX domain
p450                 PF00067.27   462 cds.evm.model.08.120 -             60    0.0067   15.6   0.0   1   1   2.8e-07    0.0067   15.6   0.0    39    90     3    52     1    59 0.83 Cytochrome P450
EF-hand_5            PF13202.12    25 cds.evm.model.10.1303 -             60   0.00051   19.8   0.4   1   1   1.6e-07   0.00076   19.2   0.4     9    24    42    57    38    59 0.91 EF hand
EF-hand_6            PF13405.12    30 cds.evm.model.10.1303 -             60    0.0022   17.9   0.3   1   1   6.5e-07    0.0031   17.5   0.3     2    27    34    59    33    60 0.88 EF-hand domain
EF-hand_1            PF00036.38    29 cds.evm.model.10.1303 -             60    0.0027   17.5   0.5   1   1   8.3e-07     0.004   17.0   0.5    10    27    42    59    35    60 0.94 EF hand
EF-hand_7            PF13499.12    67 cds.evm.model.10.1303 -             60     0.012   16.4   0.3   1   1   3.3e-06     0.016   16.0   0.3     2    29    32    59    31    60 0.91 EF-hand domain pair
EF-hand_8            PF13833.12    54 cds.evm.model.10.1303 -             60     0.023   14.8   0.1   1   1     5e-06     0.024   14.8   0.1    35    52    42    59    18    60 0.82 EF-hand domain pair
Phi_1                PF04674.17   276 cds.evm.model.01.2327 -             60   2.3e-05   24.3   0.4   1   1   1.2e-09   2.9e-05   23.9   0.4     1    21    40    60    40    60 0.98 Phosphate-induced protein 1 conserved region
FadR_C               PF07840.17   164 cds.evm.model.01.2413 -             60      0.28   11.5   0.0   1   1   1.5e-05      0.36   11.1   0.0   102   129    27    54    26    59 0.90 FadR C-terminal domain
peroxidase           PF00141.28   237 cds.novel_model_6184_5bd9a17a -             60     8e-09   36.0   0.1   1   1   3.5e-13   8.2e-09   36.0   0.1   158   208     3    59     1    60 0.88 Peroxidase
MEA1                 PF06910.16   128 cds.evm.model.02.3039 -             60     0.071   14.1   0.0   1   1   1.2e-05     0.091   13.7   0.0    67    91    21    45    14    48 0.88 Male enhanced antigen 1 (MEA1)
NXF_NTF2             PF22602.2    158 cds.evm.model.02.3039 -             60      0.34   11.4   1.5   1   2      0.25     2e+03   -0.8   0.0    52    66    24    38    19    45 0.73 Nuclear RNA export factor, NTF2 domain
NXF_NTF2             PF22602.2    158 cds.evm.model.02.3039 -             60      0.34   11.4   1.5   2   2   7.2e-05      0.57   10.7   0.8     3    18    44    59    41    60 0.89 Nuclear RNA export factor, NTF2 domain
TMEM128              PF20479.3    124 cds.evm.model.02.3039 -             60      0.55   11.1   2.1   1   1   9.4e-05      0.75   10.7   2.1    86   105     6    25     1    25 0.77 TMEM128 protein
Transferase          PF02458.20   434 cds.evm.model.01.69  -             60   2.3e-12   46.7   0.1   1   1   9.6e-17   2.3e-12   46.7   0.1   128   176     9    57     1    60 0.86 Transferase family
Dimerisation         PF08100.17    93 cds.novel_model_945_5bd9a17a.1.5bd9b135 -             60   6.2e-08   32.7   0.0   1   1   6.1e-12   7.3e-08   32.5   0.0     2    39    22    59    21    60 0.92 Plant O-methyltransferase dimerisation domain
MR_MLE_N             PF02746.21   117 cds.novel_model_945_5bd9a17a.1.5bd9b135 -             60      0.12   12.9   0.0   1   1   1.1e-05      0.13   12.8   0.0    64   107    11    57     4    60 0.89 Mandelate racemase / muconate lactonizing enzyme, N-terminal domain
Dimerisation         PF08100.17    93 cds.novel_model_944_5bd9a17a -             60   6.2e-08   32.7   0.0   1   1   6.1e-12   7.3e-08   32.5   0.0     2    39    22    59    21    60 0.92 Plant O-methyltransferase dimerisation domain
MR_MLE_N             PF02746.21   117 cds.novel_model_944_5bd9a17a -             60      0.12   12.9   0.0   1   1   1.1e-05      0.13   12.8   0.0    64   107    11    57     4    60 0.89 Mandelate racemase / muconate lactonizing enzyme, N-terminal domain
SelK_SelG            PF10961.13    86 cds.evm.model.02.2340 -             60      0.37   11.8   3.1   1   1   1.6e-05      0.38   11.8   3.1    58    83    15    49     1    52 0.56 Selenoprotein SelK_SelG
DUF2771              PF10969.13   128 cds.evm.model.02.2896 -             60     0.076   13.6   0.0   1   1   3.4e-06     0.081   13.5   0.0    48    87    10    49     4    56 0.87 Protein of unknown function (DUF2771)
PMEI                 PF04043.20   156 cds.evm.model.02.1863 -             60     0.021   15.3   0.2   1   1   1.3e-06     0.031   14.8   0.2     2    23    38    59    37    60 0.90 Plant invertase/pectin methylesterase inhibitor
NmrA                 PF05368.19   236 cds.evm.model.01.2925 -             60   3.2e-13   50.1   1.1   1   2   8.8e-11   2.6e-07   30.7   0.2     1    28     8    35     8    36 0.97 NmrA-like family
NmrA                 PF05368.19   236 cds.evm.model.01.2925 -             60   3.2e-13   50.1   1.1   2   2   2.8e-07   0.00082   19.2   0.0    50    73    36    59    35    60 0.94 NmrA-like family
NAD_binding_10       PF13460.12   184 cds.evm.model.01.2925 -             60   0.00026   21.3   0.4   1   2    0.0026       7.8    6.7   0.1     1    24    12    34    12    35 0.84 NAD(P)H-binding
NAD_binding_10       PF13460.12   184 cds.evm.model.01.2925 -             60   0.00026   21.3   0.4   2   2   2.5e-06    0.0076   16.5   0.1    37    69    27    59    23    60 0.88 NAD(P)H-binding
Epimerase            PF01370.27   240 cds.evm.model.01.2925 -             60   0.00036   20.4   0.8   1   1   4.7e-07    0.0014   18.5   0.8     1    33     8    40     8    60 0.75 NAD dependent epimerase/dehydratase family
Sacchrp_dh_NADP      PF03435.24   129 cds.evm.model.01.2925 -             60     0.017   15.8   2.2   1   2   0.00052       1.5    9.5   0.5     1    21     8    29     8    37 0.88 Saccharopine dehydrogenase NADP binding domain
Sacchrp_dh_NADP      PF03435.24   129 cds.evm.model.01.2925 -             60     0.017   15.8   2.2   2   2    0.0036        11    6.8   0.1    56    76    39    58    32    60 0.85 Saccharopine dehydrogenase NADP binding domain
Semialdhyde_dh       PF01118.30   121 cds.evm.model.01.2925 -             60     0.024   15.4   0.4   1   2   5.5e-05      0.16   12.7   0.2     1    34     7    42     7    49 0.85 Semialdehyde dehydrogenase, NAD binding domain
Semialdhyde_dh       PF01118.30   121 cds.evm.model.01.2925 -             60     0.024   15.4   0.4   2   2      0.16   4.7e+02    1.6   0.0    62    76    46    60    40    60 0.83 Semialdehyde dehydrogenase, NAD binding domain
3Beta_HSD            PF01073.25   280 cds.evm.model.01.2925 -             60     0.034   13.5   2.4   1   2    0.0056        17    4.7   0.6     1    16     9    24     9    31 0.86 3-beta hydroxysteroid dehydrogenase/isomerase family
3Beta_HSD            PF01073.25   280 cds.evm.model.01.2925 -             60     0.034   13.5   2.4   2   2    0.0001       0.3   10.5   0.0    40    74    24    58    21    60 0.85 3-beta hydroxysteroid dehydrogenase/isomerase family
GDP_Man_Dehyd        PF16363.11   332 cds.evm.model.01.2925 -             60     0.059   13.2   0.8   1   1     9e-05      0.27   11.0   0.7     1    27     9    35     9    52 0.82 GDP-mannose 4,6 dehydratase
RmlD_sub_bind        PF04321.23   287 cds.evm.model.01.2925 -             60      0.14   11.6   0.0   1   1   5.2e-05      0.15   11.5   0.0     2    56     7    55     6    59 0.89 RmlD substrate binding domain
Glyco_hydro_19       PF00182.24   232 cds.novel_model_861_5bd9a17a.1.5bd9b134 -             60   2.2e-34  119.7   0.2   1   1   9.9e-39   2.4e-34  119.6   0.2   113   172     1    60     1    60 0.99 Chitinase class I
Chitin_bind_1        PF00187.25    38 cds.novel_model_862_5bd9a17a.2.5bd9b134 -             60     4e-15   56.2  21.1   1   1   1.9e-19   4.6e-15   56.0  21.1     1    38    23    60    23    60 0.99 Chitin recognition protein
Chitin_bind_1        PF00187.25    38 cds.novel_model_860_5bd9a17a -             60     4e-15   56.2  21.1   1   1   1.9e-19   4.6e-15   56.0  21.1     1    38    23    60    23    60 0.99 Chitin recognition protein
Pyridoxal_deC        PF00282.25   375 cds.evm.model.04.949.2.5bd9b137.1.5bdae6d9 -             60   9.6e-12   44.7   0.0   1   1   8.5e-16     1e-11   44.6   0.0    87   152     1    59     1    60 0.93 Pyridoxal-dependent decarboxylase conserved domain
TM_ErbB1             PF21314.2     36 cds.evm.model.04.949.2.5bd9b137.1.5bdae6d9 -             60      0.86    9.8   1.8   1   1   0.00014       1.7    8.8   1.8    17    33    29    45    17    47 0.81 Epidermal growth factor receptor transmembrane-juxtamembrane segment
Pyridoxal_deC        PF00282.25   375 cds.evm.model.04.949.2.5bd9b137 -             60   9.6e-12   44.7   0.0   1   1   8.5e-16     1e-11   44.6   0.0    87   152     1    59     1    60 0.93 Pyridoxal-dependent decarboxylase conserved domain
TM_ErbB1             PF21314.2     36 cds.evm.model.04.949.2.5bd9b137 -             60      0.86    9.8   1.8   1   1   0.00014       1.7    8.8   1.8    17    33    29    45    17    47 0.81 Epidermal growth factor receptor transmembrane-juxtamembrane segment
Pyridoxal_deC        PF00282.25   375 cds.evm.model.04.949.2.5bd9b137.2.5bdae6d9 -             60   9.6e-12   44.7   0.0   1   1   8.5e-16     1e-11   44.6   0.0    87   152     1    59     1    60 0.93 Pyridoxal-dependent decarboxylase conserved domain
TM_ErbB1             PF21314.2     36 cds.evm.model.04.949.2.5bd9b137.2.5bdae6d9 -             60      0.86    9.8   1.8   1   1   0.00014       1.7    8.8   1.8    17    33    29    45    17    47 0.81 Epidermal growth factor receptor transmembrane-juxtamembrane segment
Skp1_POZ             PF03931.21    62 cds.evm.model.01.2364 -             60   2.7e-30  104.7   0.3   1   1   1.2e-34   2.9e-30  104.6   0.3     2    57     6    60     5    60 0.98 Skp1 family, tetramerisation domain
Skp1_POZ             PF03931.21    62 cds.evm.model.01.2364.1.5bd9b136 -             60   2.7e-30  104.7   0.3   1   1   1.2e-34   2.9e-30  104.6   0.3     2    57     6    60     5    60 0.98 Skp1 family, tetramerisation domain
Kelch_KLHDC2_KLHL20_DRC7 PF24681.1    221 cds.evm.model.10.1017 -             60   7.4e-11   42.1   0.0   1   1     3e-14   8.8e-11   41.9   0.0    89   141     6    60     2    60 0.85 KLHDC2/KLHL20/DRC7 Kelch-repeats domain
Kelch_4                  PF13418.12    49 cds.evm.model.10.1017 -             60   1.6e-07   31.6   0.1   1   2       0.3   8.8e+02    0.3   0.0    38    48     5    18     4    19 0.78 Galactose oxidase, central domain
Kelch_4                  PF13418.12    49 cds.evm.model.10.1017 -             60   1.6e-07   31.6   0.1   2   2   3.5e-10     1e-06   28.9   0.0     1    41    20    60    20    60 0.92 Galactose oxidase, central domain
Kelch_3                  PF13415.12    48 cds.evm.model.10.1017 -             60   1.8e-07   31.6   0.0   1   2   2.6e-06    0.0077   16.8   0.0    28    46     6    27     3    29 0.90 Galactose oxidase, central domain
Kelch_3                  PF13415.12    48 cds.evm.model.10.1017 -             60   1.8e-07   31.6   0.0   2   2   3.2e-05     0.095   13.3   0.0     3    30    32    60    30    60 0.93 Galactose oxidase, central domain
Kelch_5                  PF13854.12    42 cds.evm.model.10.1017 -             60   8.1e-06   25.8   0.0   1   1   3.5e-09   1.1e-05   25.5   0.0     2    40    18    56    17    57 0.93 Kelch motif
Kelch_1                  PF01344.31    46 cds.evm.model.10.1017 -             60   8.3e-05   22.4   0.0   1   2       2.4   7.2e+03   -3.0   0.0    36    42     5    11     4    11 0.73 Kelch motif
Kelch_1                  PF01344.31    46 cds.evm.model.10.1017 -             60   8.3e-05   22.4   0.0   2   2   5.4e-08   0.00016   21.5   0.0     1    39    20    60    20    60 0.97 Kelch motif
Kelch_2                  PF07646.21    48 cds.evm.model.10.1017 -             60     0.014   15.8   0.0   1   1     1e-05      0.03   14.7   0.0     1    41    20    60    20    60 0.81 Kelch motif
Kelch_6                  PF13964.12    50 cds.evm.model.10.1017 -             60     0.018   15.5   0.3   1   2       2.8   8.3e+03   -2.5   0.0    28    34     6    12     3    14 0.53 Kelch motif
Kelch_6                  PF13964.12    50 cds.evm.model.10.1017 -             60     0.018   15.5   0.3   2   2   2.9e-05     0.087   13.3   0.1     1    37    20    57    20    60 0.80 Kelch motif
Fibrillarin              PF01269.23   227 cds.evm.model.10.1017 -             60      0.18   11.3   0.0   1   1   6.2e-05      0.18   11.3   0.0    79   108    15    44     5    54 0.89 Fibrillarin
Kelch_KLHDC2_KLHL20_DRC7 PF24681.1    221 cds.evm.model.10.1017.1.5bd9b13d -             60     6e-10   39.2   0.0   1   1   2.3e-13   6.7e-10   39.0   0.0    93   143     7    59     3    60 0.81 KLHDC2/KLHL20/DRC7 Kelch-repeats domain
Kelch_4                  PF13418.12    49 cds.evm.model.10.1017.1.5bd9b13d -             60   6.4e-08   32.8   0.0   1   1   3.5e-11   1.1e-07   32.1   0.0     1    43    17    59    17    60 0.90 Galactose oxidase, central domain
Kelch_3                  PF13415.12    48 cds.evm.model.10.1017.1.5bd9b13d -             60   2.1e-06   28.1   0.0   1   2   8.4e-05      0.25   12.0   0.0    33    46     8    24     3    26 0.81 Galactose oxidase, central domain
Kelch_3                  PF13415.12    48 cds.evm.model.10.1017.1.5bd9b13d -             60   2.1e-06   28.1   0.0   2   2   1.1e-05     0.032   14.8   0.0     3    31    29    58    27    60 0.92 Galactose oxidase, central domain
Kelch_5                  PF13854.12    42 cds.evm.model.10.1017.1.5bd9b13d -             60   8.1e-06   25.8   0.0   1   1   3.5e-09   1.1e-05   25.5   0.0     2    40    15    53    14    54 0.93 Kelch motif
Kelch_1                  PF01344.31    46 cds.evm.model.10.1017.1.5bd9b13d -             60   8.3e-06   25.6   0.0   1   1   3.6e-09   1.1e-05   25.3   0.0     1    42    17    60    17    60 0.97 Kelch motif
Kelch_2                  PF07646.21    48 cds.evm.model.10.1017.1.5bd9b13d -             60     0.003   17.9   0.0   1   1   1.9e-06    0.0057   17.0   0.0     1    42    17    58    17    60 0.88 Kelch motif
Kelch_6                  PF13964.12    50 cds.evm.model.10.1017.1.5bd9b13d -             60     0.011   16.1   0.1   1   1   7.2e-06     0.021   15.2   0.1     1    42    17    59    17    60 0.90 Kelch motif
Fibrillarin              PF01269.23   227 cds.evm.model.10.1017.1.5bd9b13d -             60      0.21   11.1   0.0   1   1   7.7e-05      0.23   11.0   0.0    79   108    12    41     8    52 0.89 Fibrillarin
UBact                PF20513.3     43 cds.evm.model.08.1662 -             60       3.3    8.0   4.7   1   2    0.0068   1.6e+02    2.6   1.2     9    19    16    26    10    36 0.71 Prokaryotic ubiquitin-like protein UBact
UBact                PF20513.3     43 cds.evm.model.08.1662 -             60       3.3    8.0   4.7   2   2   0.00021       5.1    7.4   0.2     9    22    38    51    31    57 0.90 Prokaryotic ubiquitin-like protein UBact
EAR                  PF07897.16    36 cds.evm.model.10.1726 -             60    0.0042   17.1   1.6   1   1   2.5e-07     0.006   16.6   1.6     2    13    49    60    48    60 0.94 Ethylene-responsive binding factor-associated repression
PADRE                PF14009.12   184 cds.evm.model.06.936 -             60   1.3e-08   35.9   0.0   1   1   5.8e-13   1.4e-08   35.7   0.0     1    60     1    59     1    60 0.83 PADRE domain
HEPN                 PF05168.19   117 cds.evm.model.01.2358 -             60      0.13   12.8   0.0   1   1   1.3e-05      0.16   12.5   0.0    12    44    18    50    16    57 0.87 HEPN domain
Fungus-induced       PF10917.13    50 cds.evm.model.01.2358 -             60      0.26   12.0   0.8   1   1   3.4e-05      0.41   11.4   0.8     4    21     6    23     4    31 0.88 Fungus-induced protein
peroxidase           PF00141.28   237 cds.evm.model.10.1282 -             60   2.6e-08   34.4   0.1   1   1   1.3e-12   3.1e-08   34.1   0.1     1    37    26    60    26    60 0.96 Peroxidase
Cation_ATPase_N      PF00690.31    69 cds.evm.model.01.2819 -             60   1.1e-10   41.4   0.4   1   2      0.22   5.2e+03   -2.4   0.0    18    27     4    13     3    15 0.63 Cation transporter/ATPase, N-terminus
Cation_ATPase_N      PF00690.31    69 cds.evm.model.01.2819 -             60   1.1e-10   41.4   0.4   2   2   6.4e-15   1.5e-10   40.9   0.1     3    42    21    59    19    60 0.92 Cation transporter/ATPase, N-terminus
Msg2_C               PF12373.13    30 cds.evm.model.07.50  -             60      0.17   11.7   0.2   1   1   1.2e-05      0.28   11.0   0.2    17    25    16    24    16    25 0.92 Major surface glycoprotein 2 C terminal
REF                  PF05755.17   206 cds.novel_model_5137_5bd9a17a.3.5bd9b13a -             60   2.1e-20   73.8   0.0   1   1     1e-24   2.4e-20   73.7   0.0     3    48    15    60    13    60 0.97 Rubber elongation factor protein (REF)
REF                  PF05755.17   206 cds.novel_model_5135_5bd9a17a -             60   1.6e-19   71.0   0.0   1   1   7.7e-24   1.8e-19   70.8   0.0     2    46    16    60    15    60 0.97 Rubber elongation factor protein (REF)
REF                  PF05755.17   206 cds.novel_model_5141_5bd9a17a.6.5bd9b13a -             60   1.3e-15   58.2   2.9   1   1     6e-20   1.4e-15   58.1   2.9    74   132     2    60     1    60 0.97 Rubber elongation factor protein (REF)
REF                  PF05755.17   206 cds.novel_model_5139_5bd9a17a.4.5bd9b13a -             60   1.3e-15   58.2   2.9   1   1     6e-20   1.4e-15   58.1   2.9    74   132     2    60     1    60 0.97 Rubber elongation factor protein (REF)
REF                  PF05755.17   206 cds.novel_model_5138_5bd9a17a.1.5bd9b13a -             60   1.8e-13   51.2   0.8   1   1   1.7e-17     2e-13   51.1   0.8    75   122    13    60     7    60 0.97 Rubber elongation factor protein (REF)
COBRA1               PF06209.18   348 cds.novel_model_5138_5bd9a17a.1.5bd9b13a -             60      0.11   11.9   0.1   1   1   9.1e-06      0.11   11.9   0.1   265   316     2    53     1    60 0.81 Cofactor of BRCA1 (COBRA1)
REF                  PF05755.17   206 cds.novel_model_5140_5bd9a17a.5.5bd9b13a -             60   1.7e-13   51.3   0.3   1   1   1.7e-17     2e-13   51.0   0.3   108   155     2    60     1    60 0.98 Rubber elongation factor protein (REF)
SpGH101_helical      PF20909.2     60 cds.novel_model_5140_5bd9a17a.5.5bd9b13a -             60     0.059   13.7   0.1   1   1   6.3e-06     0.074   13.4   0.1     9    41    21    54    14    57 0.84 Endo-alpha-N-acetylgalactosaminidase, helical bundle domain
REF                  PF05755.17   206 cds.novel_model_5136_5bd9a17a.2.5bd9b13a -             60   4.7e-20   72.7   0.0   1   1   2.2e-24   5.3e-20   72.5   0.0     2    47    15    60    14    60 0.97 Rubber elongation factor protein (REF)
CASP_dom             PF04535.17   151 cds.novel_model_6198_5bd9a17a -             60    0.0033   17.6   0.0   1   1   1.5e-07    0.0037   17.4   0.0     4    45    20    58    18    60 0.86 Casparian strip membrane protein domain
DUF3774              PF12609.13    80 cds.evm.model.08.919 -             60   1.9e-18   67.7   0.4   1   1   8.7e-23   2.1e-18   67.5   0.4     2    44    11    53    10    60 0.91 Wound-induced protein
GluRS_N              PF18466.6     55 cds.evm.model.01.1496 -             60     0.035   14.9   0.1   1   1   2.1e-06      0.05   14.4   0.1     6    24     2    19     1    24 0.90 Glutamate--tRNA ligase N-terminal domain
COX7a                PF02238.20    53 cds.evm.model.06.4   -             60   5.1e-09   36.8   0.0   1   1   2.8e-13   6.7e-09   36.4   0.0     1    35    26    60    26    60 0.90 Cytochrome c oxidase subunit VII
DUF819               PF05684.17   379 cds.evm.model.05.1251 -             60      0.14   11.5   0.1   1   1   6.2e-06      0.15   11.5   0.1   314   350     6    44     1    49 0.86 Protein of unknown function (DUF819)
LigB                 PF02900.23   269 cds.evm.model.08.1881 -             60   0.00037   20.0   0.1   1   1   1.6e-08   0.00038   20.0   0.1     2    59     6    56     5    60 0.85 Catalytic LigB subunit of aromatic ring-opening dioxygenase
Bet_v_1              PF00407.25   151 cds.evm.model.10.817 -             60   3.1e-17   63.3   0.2   1   1   1.4e-21   3.3e-17   63.2   0.2     1    54     7    60     7    60 0.98 Pathogenesis-related protein Bet v 1 family
UQ_con               PF00179.31   140 cds.evm.model.02.2085.1.5bd9b136 -             60   1.1e-15   57.8   0.1   1   1   5.4e-20   1.3e-15   57.6   0.1     1    62     5    60     5    60 0.96 Ubiquitin-conjugating enzyme
UQ_con               PF00179.31   140 cds.evm.model.02.2085.2.5bd9b136 -             60   3.2e-15   56.4   0.0   1   1   1.4e-19   3.4e-15   56.2   0.0     1    57     5    60     5    60 0.98 Ubiquitin-conjugating enzyme
UQ_con               PF00179.31   140 cds.evm.model.02.2085 -             60   3.2e-15   56.4   0.0   1   1   1.4e-19   3.4e-15   56.2   0.0     1    57     5    60     5    60 0.98 Ubiquitin-conjugating enzyme
PTR2                 PF00854.27   392 cds.evm.model.06.1617 -             60   2.2e-07   30.5   0.2   1   1   1.8e-11   2.2e-07   30.5   0.2    96   130     7    41     1    57 0.87 POT family
ASFV_p27             PF06556.16   131 cds.evm.model.06.1617 -             60     0.057   13.9   0.0   1   1   7.7e-06     0.092   13.3   0.0    24    50    28    54    22    58 0.87 IAP-like protein p27 C-terminus
Methyltransf_7       PF03492.21   335 cds.evm.model.08.1808 -             60   1.4e-14   54.5   0.3   1   1   6.1e-19   1.5e-14   54.3   0.3     2    47    12    58    11    60 0.91 SAM dependent carboxyl methyltransferase
DUF5722              PF18989.5    393 cds.evm.model.10.2015.2.5bd9b13e -             60      0.12   11.7   0.0   1   1   5.2e-06      0.12   11.6   0.0   206   243     9    49     2    55 0.80 Family of unknown function (DUF5722)
Pyridoxal_deC        PF00282.25   375 cds.evm.model.07.1636 -             60     4e-11   42.7   0.5   1   1   1.9e-15   4.6e-11   42.5   0.5    16    88     3    60     1    60 0.95 Pyridoxal-dependent decarboxylase conserved domain
Terpene_synth        PF01397.27   188 cds.evm.model.07.850 -             60   2.2e-11   44.2   0.2   1   1     1e-15   2.4e-11   44.1   0.2    20    75     9    60     2    60 0.87 Terpene synthase, N-terminal domain
GCV_H                PF01597.25   122 cds.evm.model.09.205 -             60   7.4e-07   29.5   0.0   1   1   3.8e-11   9.1e-07   29.2   0.0     2    31    32    60    31    60 0.96 Glycine cleavage H-protein
Hydrophob_seed       PF14547.11    85 cds.evm.model.05.1611 -             60   7.5e-07   29.8   0.7   1   2       1.3   1.5e+04   -3.2   0.0    64    68    12    16     4    21 0.48 Hydrophobic seed protein
Hydrophob_seed       PF14547.11    85 cds.evm.model.05.1611 -             60   7.5e-07   29.8   0.7   2   2   6.3e-11   7.5e-07   29.8   0.7     2    35    26    60    25    60 0.97 Hydrophobic seed protein
Tryp_alpha_amyl      PF00234.27    76 cds.evm.model.05.1611 -             60     0.017   15.7   0.3   1   1   1.9e-06     0.022   15.4   0.3     1    30    26    59    26    60 0.93 Protease inhibitor/seed storage/LTP family
Chitin_bind_1        PF00187.25    38 cds.evm.model.04.1168.3.5bd9b138 -             60   7.6e-06   26.5  12.4   1   1   4.8e-10   1.1e-05   25.9  12.4     1    30    31    60    31    60 0.99 Chitin recognition protein
Chitin_bind_1        PF00187.25    38 cds.evm.model.04.1168.1.5bd9b138 -             60   7.6e-06   26.5  12.4   1   1   4.8e-10   1.1e-05   25.9  12.4     1    30    31    60    31    60 0.99 Chitin recognition protein
Chitin_bind_1        PF00187.25    38 cds.evm.model.04.1168.2.5bd9b138 -             60   7.6e-06   26.5  12.4   1   1   4.8e-10   1.1e-05   25.9  12.4     1    30    31    60    31    60 0.99 Chitin recognition protein
Chitin_bind_1        PF00187.25    38 cds.evm.model.04.1168.1.5bdae6db -             60   7.6e-06   26.5  12.4   1   1   4.8e-10   1.1e-05   25.9  12.4     1    30    31    60    31    60 0.99 Chitin recognition protein
Chitin_bind_1        PF00187.25    38 cds.evm.model.04.1168 -             60   7.6e-06   26.5  12.4   1   1   4.8e-10   1.1e-05   25.9  12.4     1    30    31    60    31    60 0.99 Chitin recognition protein
DUF1677              PF07911.18    94 cds.evm.model.02.2660 -             60   5.7e-14   52.7   1.1   1   1   3.2e-18   7.6e-14   52.3   1.1     1    32    29    60    29    60 0.97 Protein of unknown function (DUF1677)
Hemotin              PF21944.1     74 cds.novel_model_2129_5bd9a17a -             60     0.068   13.3   0.1   1   1     3e-06     0.072   13.2   0.1     6    35     9    38     3    56 0.72 Hemotin
Transferase          PF02458.20   434 cds.novel_model_7516_5bd9a17a -             60   1.7e-08   33.9   0.0   1   1   7.3e-13   1.7e-08   33.9   0.0   156   212     1    56     1    60 0.93 Transferase family
Transferase          PF02458.20   434 cds.novel_model_7517_5bd9a17a.1.5bd9b13e -             60      0.18   10.8   0.0   1   1   8.2e-06      0.19   10.7   0.0     2    44     6    49     5    56 0.85 Transferase family
SRF-TF               PF00319.23    48 cds.evm.model.04.1600 -             60   2.3e-27   94.5   0.3   1   1   1.1e-31   2.6e-27   94.4   0.3     1    48    10    57    10    57 0.99 SRF-type transcription factor (DNA-binding and dimerisation domain)
LCE6A                PF15858.10    81 cds.evm.model.03.1294 -             60     0.084   13.5   1.4   1   1   3.9e-06     0.093   13.4   1.4    11    62     7    58     2    60 0.93 Late cornified envelope protein 6A family
rRNA_methylase       PF06962.18   137 cds.evm.model.10.1838 -             60      0.19   12.0   0.0   1   1     8e-06      0.19   12.0   0.0    81   114     5    38     1    58 0.78 Putative rRNA methylase
PAGK                 PF15284.11    64 cds.evm.model.07.626.1.5bd9b13b -             60   0.00011   22.4   0.3   1   1   5.9e-09   0.00014   22.1   0.3     2    46    12    59    11    60 0.85 Phage-encoded virulence factor
PAGK                 PF15284.11    64 cds.evm.model.07.626 -             60   0.00011   22.4   0.3   1   1   5.9e-09   0.00014   22.1   0.3     2    46    12    59    11    60 0.85 Phage-encoded virulence factor
Bet_v_1              PF00407.25   151 cds.evm.model.07.392 -             60   8.8e-09   35.8   0.0   1   1   3.9e-13   9.4e-09   35.7   0.0     1    59     1    59     1    60 0.97 Pathogenesis-related protein Bet v 1 family
Cu_bind_like         PF02298.23    84 cds.evm.model.01.2739 -             60   1.2e-10   41.6   0.7   1   2      0.28   6.7e+03   -2.4   0.0    16    23     9    16     6    17 0.70 Plastocyanin-like domain
Cu_bind_like         PF02298.23    84 cds.evm.model.01.2739 -             60   1.2e-10   41.6   0.7   2   2   7.9e-15   1.9e-10   41.0   0.5     1    44    19    59    19    60 0.92 Plastocyanin-like domain
Cu_bind_like         PF02298.23    84 cds.evm.model.08.1342 -             60    0.0049   17.2   0.1   1   1   2.6e-07    0.0062   16.9   0.1    56    82     2    28     1    30 0.90 Plastocyanin-like domain
DUF7503              PF24335.1     42 cds.evm.model.02.90  -             60     0.023   14.7   0.4   1   2   9.7e-07     0.023   14.7   0.4    19    37     9    27     7    29 0.89 Family of unknown function (DUF7503)
DUF7503              PF24335.1     42 cds.evm.model.02.90  -             60     0.023   14.7   0.4   2   2      0.34     8e+03   -3.1   0.2    36    42    51    57    48    57 0.53 Family of unknown function (DUF7503)
LRRNT_2              PF08263.17    41 cds.evm.model.02.36  -             60   6.5e-08   33.1   1.7   1   1   3.5e-12   8.3e-08   32.8   1.7     1    35    28    59    28    60 0.95 Leucine rich repeat N-terminal domain
Dimerisation         PF08100.17    93 cds.evm.model.01.796 -             60   3.7e-09   36.7   0.0   1   1   3.6e-13   4.3e-09   36.5   0.0     1    43    18    60    18    60 0.95 Plant O-methyltransferase dimerisation domain
DUF3896              PF13035.11    61 cds.evm.model.01.796 -             60      0.13   12.8   0.0   1   1   1.3e-05      0.16   12.6   0.0    32    55    14    37     5    41 0.87 Protein of unknown function (DUF3896)
Bet_v_1              PF00407.25   151 cds.evm.model.07.391 -             60   1.1e-07   32.2   0.0   1   1   5.1e-12   1.2e-07   32.1   0.0     1    60     1    60     1    60 0.95 Pathogenesis-related protein Bet v 1 family
Snf7                 PF03357.26   171 cds.evm.model.02.2927.1.5bd9b136 -             60    0.0015   18.6   4.6   1   1   1.4e-07    0.0017   18.4   4.6     2    47    10    55     9    60 0.92 Snf7
DUF3886              PF13025.11    68 cds.evm.model.02.2927.1.5bd9b136 -             60      0.12   12.9   6.1   1   1   1.3e-05      0.15   12.6   6.1    17    52    12    47     4    52 0.84 Protein of unknown function (DUF3886)
Snf7                 PF03357.26   171 cds.evm.model.02.2927 -             60    0.0015   18.6   4.6   1   1   1.4e-07    0.0017   18.4   4.6     2    47    10    55     9    60 0.92 Snf7
DUF3886              PF13025.11    68 cds.evm.model.02.2927 -             60      0.12   12.9   6.1   1   1   1.3e-05      0.15   12.6   6.1    17    52    12    47     4    52 0.84 Protein of unknown function (DUF3886)
HSF_DNA-bind         PF00447.23   100 cds.evm.model.10.2054 -             60   1.6e-12   48.2   0.1   1   1   7.3e-17   1.7e-12   48.1   0.1     1    47    14    60    14    60 0.99 HSF-type DNA-binding
Inhibitor_I9         PF05922.21    82 cds.evm.model.05.42  -             60   4.2e-12   47.0   0.6   1   1   3.6e-16   4.3e-12   46.9   0.6    12    66     5    59     1    60 0.88 Peptidase inhibitor I9
MORF_dom             PF21864.1     93 cds.evm.model.05.42  -             60     0.012   15.8   0.1   1   1   1.1e-06     0.013   15.8   0.1    24    69    15    60     3    60 0.82 Multiple organellar RNA editing factor 1, MORF domain
bZIP_1               PF00170.26    64 cds.evm.model.04.1   -             60      0.14   12.7   2.9   1   1     2e-05      0.16   12.5   2.9    31    63    22    54    13    55 0.94 bZIP transcription factor
DUF1235              PF06822.17   261 cds.evm.model.04.1   -             60      0.17   11.6   1.8   1   1   2.3e-05      0.18   11.4   1.8    19    66     6    54     3    59 0.85 Protein of unknown function (DUF1235)
AAA_3                PF07726.17   131 cds.evm.model.04.1   -             60      0.19   12.0   0.1   1   1   2.5e-05      0.19   12.0   0.1    64    98    19    55     4    59 0.79 ATPase family associated with various cellular activities (AAA)
FAM76                PF16046.10   298 cds.evm.model.10.164 -             60      0.15   11.9   0.0   1   1   6.2e-06      0.15   11.9   0.0   111   131     2    22     1    52 0.90 FAM76 protein
PfkB                 PF00294.29   302 cds.evm.model.07.1506.6.5bd9b13c.1.5bdae6dc -             60   9.5e-08   32.1   0.0   1   1   4.3e-12     1e-07   32.0   0.0     3    50    15    60    13    60 0.94 pfkB family carbohydrate kinase
PfkB                 PF00294.29   302 cds.evm.model.07.1506.1.5bd9b13c -             60   9.5e-08   32.1   0.0   1   1   4.3e-12     1e-07   32.0   0.0     3    50    15    60    13    60 0.94 pfkB family carbohydrate kinase
PfkB                 PF00294.29   302 cds.evm.model.07.1506.6.5bd9b13c -             60   9.5e-08   32.1   0.0   1   1   4.3e-12     1e-07   32.0   0.0     3    50    15    60    13    60 0.94 pfkB family carbohydrate kinase
PfkB                 PF00294.29   302 cds.evm.model.07.1506 -             60   9.5e-08   32.1   0.0   1   1   4.3e-12     1e-07   32.0   0.0     3    50    15    60    13    60 0.94 pfkB family carbohydrate kinase
PfkB                 PF00294.29   302 cds.evm.model.07.1506.3.5bd9b13c -             60   9.5e-08   32.1   0.0   1   1   4.3e-12     1e-07   32.0   0.0     3    50    15    60    13    60 0.94 pfkB family carbohydrate kinase
PfkB                 PF00294.29   302 cds.evm.model.07.1506.2.5bd9b13c -             60   9.5e-08   32.1   0.0   1   1   4.3e-12     1e-07   32.0   0.0     3    50    15    60    13    60 0.94 pfkB family carbohydrate kinase
PfkB                 PF00294.29   302 cds.evm.model.07.1506.5.5bd9b13c -             60   3.1e-06   27.1   0.0   1   1   1.3e-10   3.2e-06   27.1   0.0   151   200     3    58     1    60 0.88 pfkB family carbohydrate kinase
PfkB                 PF00294.29   302 cds.evm.model.07.1506.4.5bd9b13c -             60   9.5e-08   32.1   0.0   1   1   4.3e-12     1e-07   32.0   0.0     3    50    15    60    13    60 0.94 pfkB family carbohydrate kinase
ADH_N                PF08240.17   104 cds.evm.model.01.1577 -             60     0.041   14.5   0.0   1   2     0.014   3.4e+02    1.9   0.0    41    63     5    26     2    33 0.81 Alcohol dehydrogenase GroES-like domain
ADH_N                PF08240.17   104 cds.evm.model.01.1577 -             60     0.041   14.5   0.0   2   2   2.1e-05      0.51   11.0   0.0     2    24    35    56    34    60 0.86 Alcohol dehydrogenase GroES-like domain
MtN3_slv             PF03083.21    87 cds.novel_model_5713_5bd9a17a -             60   3.5e-15   56.2   1.7   1   1   3.3e-19   3.9e-15   56.0   1.7     2    52    10    60     9    60 0.98 Sugar efflux transporter for intercellular exchange
PQ-loop              PF04193.19    61 cds.novel_model_5713_5bd9a17a -             60    0.0003   20.8   3.3   1   1   2.9e-08   0.00034   20.7   3.3     2    51    11    60    10    60 0.93 PQ loop repeat
Transferase          PF02458.20   434 cds.evm.model.09.400 -             60   1.7e-06   27.4   0.1   1   1   7.1e-11   1.7e-06   27.4   0.1     5    51     8    56     4    60 0.91 Transferase family
Myb_DNA-binding      PF00249.37    46 cds.evm.model.07.1482 -             60   5.1e-16   58.9   0.3   1   1     5e-20   5.9e-16   58.7   0.3     1    45    14    60    14    60 0.98 Myb-like DNA-binding domain
Myb_DNA-bind_6       PF13921.12    60 cds.evm.model.07.1482 -             60   1.8e-05   25.2   0.1   1   1   1.9e-09   2.2e-05   24.9   0.1     1    41    17    59    17    60 0.96 Myb-like DNA-binding domain
UQ_con               PF00179.31   140 cds.evm.model.06.922.2.5bdae6dd -             60   1.5e-18   67.2   0.8   1   1   1.3e-22   1.6e-18   67.1   0.8    51    98     1    60     1    60 0.97 Ubiquitin-conjugating enzyme
RWD                  PF05773.27   112 cds.evm.model.06.922.2.5bdae6dd -             60     0.048   14.2   1.6   1   1   5.7e-06     0.068   13.7   1.5    56    74     2    20     1    41 0.88 RWD domain
UQ_con               PF00179.31   140 cds.evm.model.06.922.2.5bd9b13a.1.5bdae6dd -             60     6e-11   42.5   0.0   1   1   2.7e-15   6.4e-11   42.4   0.0     2    53     9    60     8    60 0.95 Ubiquitin-conjugating enzyme
UQ_con               PF00179.31   140 cds.evm.model.06.922.1.5bd9b13a -             60     6e-11   42.5   0.0   1   1   2.7e-15   6.4e-11   42.4   0.0     2    53     9    60     8    60 0.95 Ubiquitin-conjugating enzyme
UQ_con               PF00179.31   140 cds.evm.model.06.922 -             60     6e-11   42.5   0.0   1   1   2.7e-15   6.4e-11   42.4   0.0     2    53     9    60     8    60 0.95 Ubiquitin-conjugating enzyme
UQ_con               PF00179.31   140 cds.evm.model.06.922.2.5bd9b13a -             60     6e-11   42.5   0.0   1   1   2.7e-15   6.4e-11   42.4   0.0     2    53     9    60     8    60 0.95 Ubiquitin-conjugating enzyme
ABC2_membrane_5      PF13346.12   205 cds.evm.model.02.458 -             60    0.0051   16.7   1.3   1   1     7e-07    0.0056   16.6   1.3   114   160     8    52     2    56 0.80 ABC-2 family transporter protein
DUF4190              PF13828.11    62 cds.evm.model.02.458 -             60       1.2    9.3   7.3   1   1     0.017   1.4e+02    2.8   7.3     2    33    11    56    10    59 0.47 Domain of unknown function (DUF4190)
Adeno_E3_CR2         PF02439.20    38 cds.evm.model.02.458 -             60       9.2    6.5  12.0   1   2   2.6e-05      0.21   11.8   5.2     1    25     4    28     4    33 0.93 Adenovirus E3 region protein CR2
Adeno_E3_CR2         PF02439.20    38 cds.evm.model.02.458 -             60       9.2    6.5  12.0   2   2      0.44   3.5e+03   -1.7   0.5     8    13    47    52    45    53 0.44 Adenovirus E3 region protein CR2
NAS                  PF03059.22   276 cds.evm.model.07.353 -             60   3.1e-24   86.2   0.4   1   1   1.4e-28   3.3e-24   86.1   0.4    60   118     1    59     1    60 0.97 Nicotianamine synthase protein
PALP                 PF00291.31   295 cds.evm.model.06.766 -             60   1.2e-10   41.6   0.0   1   1     1e-14   1.2e-10   41.6   0.0    46    99     2    59     1    60 0.86 Pyridoxal-phosphate dependent enzyme
DFP                  PF04127.21   186 cds.evm.model.06.766 -             60      0.13   12.5   0.0   1   1   1.1e-05      0.13   12.5   0.0    25    52    20    47    11    59 0.84 DNA / pantothenate metabolism flavoprotein
GH18_BT1044-like     PF16141.11   325 cds.evm.model.07.1590 -             60     0.082   12.5   0.0   1   1   3.5e-06     0.082   12.5   0.0   283   320    21    58     7    60 0.83 Glycoside hydrolase family 18, BT1044-like
MVD-like_N           PF22700.2    157 cds.evm.model.02.2004 -             60   4.1e-18   65.9   0.1   1   1   1.9e-22   4.6e-18   65.7   0.1     2    42    17    59    16    60 0.96 Diphosphomevalonate decarboxylase-like N-terminal domain
MORN_2               PF07661.19    22 cds.evm.model.07.744.3.5bd9b13c -             60      0.11   13.1   0.0   1   2     0.021   4.9e+02    1.9   0.0    10    18    23    31    22    32 0.87 MORN repeat variant
MORN_2               PF07661.19    22 cds.evm.model.07.744.3.5bd9b13c -             60      0.11   13.1   0.0   2   2   9.7e-05       2.3    9.1   0.0     4    16    42    54    42    57 0.86 MORN repeat variant
MORN_2               PF07661.19    22 cds.evm.model.07.744.1.5bd9b13c -             60      0.11   13.1   0.0   1   2     0.021   4.9e+02    1.9   0.0    10    18    23    31    22    32 0.87 MORN repeat variant
MORN_2               PF07661.19    22 cds.evm.model.07.744.1.5bd9b13c -             60      0.11   13.1   0.0   2   2   9.7e-05       2.3    9.1   0.0     4    16    42    54    42    57 0.86 MORN repeat variant
C2                   PF00168.36   104 cds.evm.model.07.744 -             60   9.1e-13   48.7   0.0   1   1   4.1e-17   9.8e-13   48.6   0.0     1    57     6    59     6    60 0.91 C2 domain
C2                   PF00168.36   104 cds.evm.model.07.744.2.5bd9b13c -             60   1.4e-10   41.7   0.0   1   1   6.3e-15   1.5e-10   41.6   0.0     1    58     6    59     6    60 0.91 C2 domain
AWPM-19              PF05512.16   142 cds.evm.model.09.1608 -             60   4.3e-15   56.5   0.0   1   1   4.3e-19   5.1e-15   56.2   0.0     1    46    15    60    15    60 0.99 AWPM-19-like family
Consortin_C          PF15281.11   114 cds.evm.model.09.1608 -             60     0.055   13.8   0.0   1   1   4.9e-06     0.059   13.7   0.0    54    91    10    46     4    55 0.77 Consortin C-terminus
EamA                 PF00892.26   136 cds.evm.model.08.948 -             60     0.012   16.1   0.7   1   1   5.1e-07     0.012   16.1   0.7     4    56     4    57     1    60 0.79 EamA-like transporter family
BSP                  PF04450.18   207 cds.novel_model_366_5bd9a17a -             60    0.0059   16.8   0.0   1   1     3e-07    0.0072   16.5   0.0     4    36    28    60    25    60 0.94 Peptidase of plants and bacteria
OTU                  PF02338.25   128 cds.evm.model.04.425 -             60    0.0032   18.3   0.0   1   1   1.5e-07    0.0036   18.2   0.0     1    36    25    58    25    60 0.72 OTU-like cysteine protease
ACP_syn_III          PF08545.16    80 cds.evm.model.01.2423 -             60     0.019   15.2   0.0   1   1   8.1e-07     0.019   15.2   0.0     3    45     3    45     1    57 0.84 3-Oxoacyl-[acyl-carrier-protein (ACP)] synthase III
PADRE                PF14009.12   184 cds.evm.model.04.1715 -             60   1.4e-10   42.3   0.1   1   1   1.2e-14   1.4e-10   42.2   0.1     1    54     1    46     1    56 0.84 PADRE domain
EstA_Ig_like         PF18435.7    120 cds.evm.model.04.1715 -             60      0.02   15.4   0.0   1   1   1.7e-06      0.02   15.3   0.0    44    82    15    56     5    60 0.79 Esterase Ig-like N-terminal domain
DUF6787              PF20584.3     79 cds.evm.model.05.102 -             60      0.31   11.8   4.2   1   2     2e-05      0.48   11.2   2.5    31    54    13    36     2    45 0.84 Family of unknown function (DUF6787)
DUF6787              PF20584.3     79 cds.evm.model.05.102 -             60      0.31   11.8   4.2   2   2     0.025     6e+02    1.3   0.0     8    24    40    56    37    60 0.75 Family of unknown function (DUF6787)
RIP                  PF00161.24   197 cds.evm.model.08.1877 -             60   1.5e-08   34.8   0.0   1   1     7e-13   1.7e-08   34.7   0.0     5    58     5    57     1    59 0.94 Ribosome inactivating protein
DUF501               PF04417.17   139 cds.evm.model.01.1440.2.5bd9b135 -             60     0.031   14.6   0.0   1   1   1.3e-06     0.031   14.6   0.0    27    73    12    56     2    60 0.81 Protein of unknown function (DUF501)
bHLH-MYC_N           PF14215.12   181 cds.evm.model.09.659 -             60   1.5e-13   51.8   0.2   1   1     7e-18   1.7e-13   51.7   0.2     1    46     7    50     7    59 0.77 bHLH-MYC and R2R3-MYB transcription factors N-terminal
MIP                  PF00230.25   222 cds.evm.model.05.1671.3.5bd9b13a.1.5bdae6e1 -             60   3.4e-06   27.4   0.1   1   1   1.5e-10   3.5e-06   27.4   0.1     4    40    14    50    11    60 0.81 Major intrinsic protein
MIP                  PF00230.25   222 cds.evm.model.05.1671.2.5bd9b13a -             60   3.4e-06   27.4   0.1   1   1   1.5e-10   3.5e-06   27.4   0.1     4    40    14    50    11    60 0.81 Major intrinsic protein
MIP                  PF00230.25   222 cds.evm.model.05.1671.1.5bd9b13a -             60   2.6e-06   27.8   0.1   1   1   1.1e-10   2.7e-06   27.7   0.1     5    47    14    59    10    60 0.82 Major intrinsic protein
MIP                  PF00230.25   222 cds.evm.model.05.1671 -             60   3.4e-06   27.4   0.1   1   1   1.5e-10   3.5e-06   27.4   0.1     4    40    14    50    11    60 0.81 Major intrinsic protein
MIP                  PF00230.25   222 cds.evm.model.05.1671.3.5bd9b13a -             60   3.4e-06   27.4   0.1   1   1   1.5e-10   3.5e-06   27.4   0.1     4    40    14    50    11    60 0.81 Major intrinsic protein
Cytochrom_B561       PF03188.21   137 cds.evm.model.07.1659 -             60   1.5e-16   61.2   2.6   1   1   1.4e-20   1.7e-16   61.1   2.6    18    80     1    60     1    60 0.95 Eukaryotic cytochrome b561
DUF5432              PF17497.7     74 cds.evm.model.07.1659 -             60     0.036   14.5   0.7   1   1   3.3e-06     0.039   14.4   0.7    29    61    21    53     8    60 0.81 Family of unknown function (DUF5432)
Response_reg         PF00072.30   111 cds.novel_model_830_5bd9a17a -             60   1.5e-10   41.6   0.0   1   1   1.3e-14   1.5e-10   41.6   0.0    52   106     1    57     1    60 0.94 Response regulator receiver domain
VirDNA-topo-I_N      PF09266.15    58 cds.novel_model_830_5bd9a17a -             60     0.068   13.7   0.0   1   1   9.4e-06      0.11   13.0   0.0    24    49     6    31     4    36 0.84 Viral DNA topoisomerase I, N-terminal
bZIP_1               PF00170.26    64 cds.evm.model.01.557 -             60   1.2e-08   35.3   6.1   1   1   2.6e-12   1.5e-08   35.0   6.1     5    38    22    55    20    58 0.91 bZIP transcription factor
bZIP_2               PF07716.20    54 cds.evm.model.01.557 -             60   6.6e-07   29.7   3.5   1   1   1.4e-10   8.1e-07   29.4   3.5     3    36    20    54    18    59 0.87 Basic region leucine zipper
bZIP_Maf             PF03131.22    92 cds.evm.model.01.557 -             60    0.0078   17.1   2.4   1   1   1.3e-06    0.0078   17.1   2.4    27    64    19    56     4    60 0.86 bZIP Maf transcription factor
DUF4349              PF14257.11   213 cds.evm.model.01.557 -             60     0.034   13.9   1.4   1   1   6.1e-06     0.036   13.8   1.4    72   118     3    49     1    56 0.93 Domain of unknown function (DUF4349)
Dabb                 PF07876.18    96 cds.novel_model_4406_5bd9a17a -             60   2.1e-10   41.5   0.2   1   1   9.6e-15   2.3e-10   41.4   0.2     2    58     5    60     4    60 0.97 Stress responsive A/B Barrel Domain
Glutaredoxin         PF00462.30    60 cds.evm.model.09.539 -             60      0.11   13.1   0.0   1   1   5.7e-06      0.14   12.8   0.0    19    57     3    41     2    43 0.88 Glutaredoxin
PC-Esterase          PF13839.12   284 cds.evm.model.09.217 -             60   1.1e-09   39.1   0.0   1   1   4.6e-14   1.1e-09   39.1   0.0   152   206     1    57     1    60 0.92 GDSL/SGNH-like Acyl-Esterase family found in Pmr5 and Cas1p
DUF740               PF05340.17   624 cds.evm.model.04.1484 -             60   2.6e-07   30.2   0.9   1   1   3.2e-11   2.6e-07   30.2   0.9    11    58     7    51     3    60 0.77 Protein of unknown function (DUF740)
V1R_C                PF08983.15    48 cds.evm.model.04.1484 -             60     0.021   15.4   0.5   1   1   4.6e-06     0.036   14.7   0.5     5    18    33    46    31    59 0.87 Vasopressin V1 receptor, C-terminal
DUF6757              PF20542.3     54 cds.evm.model.04.1484 -             60     0.044   14.3   0.0   1   1   7.7e-06     0.061   13.8   0.0    20    38    19    37    10    41 0.90 Family of unknown function (DUF6757)
ATP-synt_8           PF00895.25    55 cds.evm.model.10.1073.1.5bd9b13d -             60     0.043   14.6   0.1   1   1   2.2e-06     0.053   14.4   0.1    16    46     9    39     7    47 0.87 ATP synthase protein 8
ATP-synt_8           PF00895.25    55 cds.evm.model.10.1073 -             60     0.043   14.6   0.1   1   1   2.2e-06     0.053   14.4   0.1    16    46     9    39     7    47 0.87 ATP synthase protein 8
Stress-antifung      PF01657.22    99 cds.evm.model.04.136 -             60   6.5e-10   39.9   0.3   1   1     3e-14   7.1e-10   39.8   0.3    39    87     7    57     2    60 0.76 Salt stress response/antifungal
PMEI                 PF04043.20   156 cds.evm.model.02.814.1.5bd9b134 -             60    0.0062   17.1   0.3   1   1     3e-07    0.0072   16.9   0.3     2    23    32    53    31    60 0.86 Plant invertase/pectin methylesterase inhibitor
PMEI                 PF04043.20   156 cds.evm.model.02.814 -             60    0.0062   17.1   0.3   1   1     3e-07    0.0072   16.9   0.3     2    23    32    53    31    60 0.86 Plant invertase/pectin methylesterase inhibitor
Etd1                 PF20162.4     98 cds.evm.model.02.2187 -             60      0.25   12.3   0.0   1   1   1.1e-05      0.27   12.2   0.0    33    63     3    33     1    45 0.91 Septation protein etd1
Patatin              PF01734.27   191 cds.evm.model.04.1893 -             60    0.0016   19.1   0.0   1   1   7.5e-08    0.0018   18.9   0.0     1    32    19    60    19    60 0.91 Patatin-like phospholipase
Pkinase              PF00069.31   263 cds.evm.model.06.2108 -             60     3e-10   40.3   0.0   1   1   2.6e-14   3.1e-10   40.3   0.0   148   194     2    49     1    59 0.88 Protein kinase domain
PK_Tyr_Ser-Thr       PF07714.23   258 cds.evm.model.06.2108 -             60   1.3e-06   28.3   0.0   1   1   1.1e-10   1.3e-06   28.3   0.0   161   199     8    47     1    58 0.80 Protein tyrosine and serine/threonine kinase
Response_reg         PF00072.30   111 cds.evm.model.04.408 -             60   3.1e-05   24.5   0.0   1   1   1.4e-09   3.4e-05   24.4   0.0     1    41    19    59    19    60 0.96 Response regulator receiver domain
F420_oxidored        PF03807.23    94 cds.evm.model.02.3160 -             60   3.4e-06   27.9   0.0   1   1   1.9e-09     4e-06   27.7   0.0     1    34    26    57    26    60 0.92 NADP oxidoreductase coenzyme F420-dependent
NAD_Gly3P_dh_N       PF01210.29   158 cds.evm.model.02.3160 -             60   0.00015   22.2   0.0   1   1   7.7e-08   0.00017   22.0   0.0     1    31    26    56    26    60 0.92 NAD-dependent glycerol-3-phosphate dehydrogenase N-terminus
NAD_binding_2        PF03446.21   161 cds.evm.model.02.3160 -             60   0.00036   20.9   0.0   1   1   1.9e-07    0.0004   20.8   0.0     1    32    26    57    26    60 0.93 NAD binding domain of 6-phosphogluconate dehydrogenase
2-Hacid_dh_C         PF02826.25   178 cds.evm.model.02.3160 -             60    0.0034   17.2   0.0   1   1   1.6e-06    0.0034   17.2   0.0    26    69    14    57     2    60 0.86 D-isomer specific 2-hydroxyacid dehydrogenase, NAD binding domain
Rossmann-like        PF10727.15   131 cds.evm.model.02.3160 -             60    0.0042   17.2   0.0   1   1   1.9e-06    0.0042   17.2   0.0    10    44    20    54     7    60 0.84 Rossmann-like domain
3HCDH_N              PF02737.24   180 cds.evm.model.02.3160 -             60    0.0097   16.2   0.0   1   1   4.9e-06     0.011   16.1   0.0     1    31    26    56    26    60 0.90 3-hydroxyacyl-CoA dehydrogenase, NAD binding domain
ELFV_dehydrog        PF00208.27   241 cds.evm.model.02.3160 -             60     0.011   15.8   0.0   1   1   5.6e-06     0.012   15.7   0.0    33    63    25    55    13    58 0.88 Glutamate/Leucine/Phenylalanine/Valine dehydrogenase
TrkA_N               PF02254.24   116 cds.evm.model.02.3160 -             60     0.023   15.4   0.0   1   1   1.2e-05     0.027   15.2   0.0     1    25    27    51    27    58 0.83 TrkA-N domain
ApbA                 PF02558.22   150 cds.evm.model.02.3160 -             60     0.077   13.0   0.0   1   1   4.2e-05     0.091   12.8   0.0     1    31    27    57    27    60 0.92 Ketopantoate reductase PanE/ApbA
GFO_IDH_MocA         PF01408.28   120 cds.evm.model.02.3160 -             60      0.19   12.8   0.0   1   1    0.0001      0.22   12.6   0.0     1    23    25    47    25    57 0.86 Oxidoreductase family, NAD-binding Rossmann fold
Shikimate_DH         PF01488.26   138 cds.evm.model.02.3160 -             60      0.27   11.7   0.0   1   1   0.00012      0.27   11.7   0.0    11    41    23    52    13    60 0.83 Shikimate / quinate 5-dehydrogenase
PP2                  PF14299.13   148 cds.evm.model.09.919 -             60    0.0016   18.8   0.0   1   1   6.7e-08    0.0016   18.8   0.0     4    28    25    49    22    60 0.80 Phloem protein 2
TM_ErbB1             PF21314.2     36 cds.evm.model.06.2019 -             60      0.18   12.0   0.5   1   1     1e-05      0.25   11.5   0.5     4    24    10    30     9    30 0.94 Epidermal growth factor receptor transmembrane-juxtamembrane segment
GH18_BT1044-like     PF16141.11   325 cds.evm.model.07.1592 -             60     0.026   14.1   0.0   1   1   1.2e-06     0.028   14.0   0.0   280   320    17    57     7    59 0.87 Glycoside hydrolase family 18, BT1044-like
GrpE                 PF01025.24   165 cds.evm.model.02.2953.1.5bd9b136 -             60      0.11   12.6   0.0   1   1   5.1e-06      0.12   12.4   0.0    71   118    10    58     3    59 0.87 GrpE
BPS1                 PF03087.19   238 cds.evm.model.02.2953 -             60     0.062   13.4   0.3   1   1   2.8e-06     0.067   13.3   0.3     4    37     4    36     3    56 0.75 Protein BPS1
DUF2645              PF10840.13    98 cds.evm.model.03.143 -             60    0.0057   17.6   0.5   1   1   2.6e-07    0.0062   17.5   0.5    45    95     3    52     1    54 0.83 Protein of unknown function (DUF2645)
GAS                  PF13851.11   200 cds.evm.model.02.3196 -             60    0.0099   15.7   2.8   1   1   1.8e-06     0.011   15.6   2.8    38    83     6    51     2    58 0.88 Growth-arrest specific micro-tubule binding
DUF6043              PF19509.4    314 cds.evm.model.02.3196 -             60     0.052   13.3   0.4   1   1     1e-05     0.059   13.1   0.4   188   235     7    57     2    59 0.81 Family of unknown function (DUF6043)
bZIP_1               PF00170.26    64 cds.evm.model.02.3196 -             60      0.15   12.5   3.5   1   1   3.5e-05      0.21   12.1   3.5    24    63     6    45     5    46 0.96 bZIP transcription factor
FapA                 PF03961.19   272 cds.evm.model.02.3196 -             60      0.18   11.8   1.5   1   1   3.1e-05      0.19   11.7   1.5   186   233     5    52     1    59 0.85 Flagellar Assembly Protein A beta solenoid domain
TrkH                 PF02386.22   502 cds.evm.model.04.632 -             60   5.7e-06   25.4   0.1   1   1   2.5e-10   5.9e-06   25.4   0.1   211   261     2    47     1    53 0.86 Cation transport protein
NAR2                 PF16974.11   142 cds.novel_model_2629_5bd9a17a -             60   3.3e-08   33.6   0.0   1   1   1.8e-12   4.2e-08   33.2   0.0     1    33    28    60    28    60 0.97 High-affinity nitrate transporter accessory, Ig-like domain
COX6B                PF02297.22    66 cds.evm.model.08.1045 -             60   9.6e-17   61.3   1.9   1   1   1.4e-20   1.1e-16   61.1   1.9     2    48    14    60    13    60 0.99 Cytochrome oxidase c subunit VIb
CHCH                 PF06747.18    35 cds.evm.model.08.1045 -             60    0.0053   17.2   0.8   1   2       2.8   2.2e+04   -3.8   0.0    20    22    22    24    19    25 0.53 CHCH domain
CHCH                 PF06747.18    35 cds.evm.model.08.1045 -             60    0.0053   17.2   0.8   2   2   8.5e-07    0.0067   16.9   0.1     7    32    30    56    30    58 0.93 CHCH domain
CX9C                 PF16860.10    44 cds.evm.model.08.1045 -             60      0.13   12.6   0.5   1   1   2.3e-05      0.18   12.1   0.5     5    31    21    47    19    49 0.91 CHCH-CHCH-like Cx9C, IMS import disulfide relay-system,
bZIP_1               PF00170.26    64 cds.evm.model.08.1796 -             60   3.2e-08   34.0   5.1   1   1   3.1e-12   3.7e-08   33.7   5.1     5    36    28    59    19    60 0.93 bZIP transcription factor
bZIP_2               PF07716.20    54 cds.evm.model.08.1796 -             60     6e-06   26.6   4.3   1   1   6.1e-10   7.3e-06   26.4   4.3     3    33    26    57    18    60 0.89 Basic region leucine zipper
PPL5                 PF18168.6    356 cds.evm.model.07.1665 -             60     0.042   13.5   0.1   1   1     2e-06     0.046   13.3   0.1   235   282     9    57     4    59 0.87 Prim-pol family 5
MIP                  PF00230.25   222 cds.novel_model_3136_5bd9a17a.2.5bd9b137 -             60   3.6e-05   24.0   0.3   1   1   1.7e-09     4e-05   23.9   0.3     2    29    32    59    31    60 0.90 Major intrinsic protein
MIP                  PF00230.25   222 cds.novel_model_3134_5bd9a17a -             60   3.6e-05   24.0   0.3   1   1   1.7e-09     4e-05   23.9   0.3     2    29    32    59    31    60 0.90 Major intrinsic protein
MIP                  PF00230.25   222 cds.novel_model_3137_5bd9a17a.3.5bd9b137 -             60   3.6e-05   24.0   0.3   1   1   1.7e-09     4e-05   23.9   0.3     2    29    32    59    31    60 0.90 Major intrinsic protein
MIP                  PF00230.25   222 cds.novel_model_3135_5bd9a17a.1.5bd9b137 -             60   3.6e-05   24.0   0.3   1   1   1.7e-09     4e-05   23.9   0.3     2    29    32    59    31    60 0.90 Major intrinsic protein
adh_short            PF00106.31   195 cds.evm.model.10.2231 -             60   7.3e-13   48.8   1.0   1   1   6.6e-17   7.8e-13   48.7   1.0   128   177    11    60     2    60 0.96 short chain dehydrogenase
adh_short_C2         PF13561.12   236 cds.evm.model.10.2231 -             60   8.6e-13   48.8   0.4   1   1   7.2e-17   8.6e-13   48.8   0.4   122   171    11    60     1    60 0.92 Enoyl-(Acyl carrier protein) reductase
CAF1                 PF04857.26   320 cds.novel_model_4602_5bd9a17a -             60    0.0013   18.5   0.0   1   1   5.7e-08    0.0014   18.4   0.0     1    33    18    50    18    60 0.85 CAF1 family ribonuclease
Auxin_repressed      PF05564.17   117 cds.evm.model.02.1875 -             60   2.6e-09   38.1   0.0   1   1   1.2e-13   2.8e-09   38.0   0.0     1    36     7    41     7    59 0.78 Dormancy/auxin associated protein
Auxin_repressed      PF05564.17   117 cds.evm.model.02.1875.3.5bd9b135 -             60   2.6e-09   38.1   0.0   1   1   1.2e-13   2.8e-09   38.0   0.0     1    36     7    41     7    59 0.78 Dormancy/auxin associated protein
Auxin_repressed      PF05564.17   117 cds.evm.model.02.1875.1.5bd9b135 -             60   2.6e-09   38.1   0.0   1   1   1.2e-13   2.8e-09   38.0   0.0     1    36     7    41     7    59 0.78 Dormancy/auxin associated protein
Auxin_repressed      PF05564.17   117 cds.evm.model.02.1875.3.5bd9b135.1.5bdae6e1 -             60   2.6e-09   38.1   0.0   1   1   1.2e-13   2.8e-09   38.0   0.0     1    36     7    41     7    59 0.78 Dormancy/auxin associated protein
Auxin_repressed      PF05564.17   117 cds.evm.model.02.1875.2.5bd9b135 -             60   2.8e-09   38.0   0.0   1   1   1.3e-13     3e-09   37.9   0.0     1    36     7    42     7    58 0.83 Dormancy/auxin associated protein
AAA_17               PF13207.12   136 cds.evm.model.01.1622.1.5bd9b135 -             60   1.1e-14   55.3   0.1   1   1   8.2e-18   1.4e-14   54.9   0.1     1    34    27    60    27    60 0.97 AAA domain
ADK                  PF00406.28   151 cds.evm.model.01.1622.1.5bd9b135 -             60   1.4e-13   51.6   0.1   1   1     1e-16   1.8e-13   51.3   0.1     1    35    26    60    26    60 0.97 Adenylate kinase
Zeta_toxin           PF06414.18   199 cds.evm.model.01.1622.1.5bd9b135 -             60   0.00079   19.3   0.0   1   1   4.7e-07   0.00079   19.3   0.0     2    37     6    42     5    58 0.79 Zeta toxin
AAA_19               PF13245.12   134 cds.evm.model.01.1622.1.5bd9b135 -             60    0.0022   18.6   0.0   1   1   1.3e-06    0.0023   18.5   0.0    10    38    20    48    12    58 0.86 AAA domain
NB-ARC               PF00931.28   248 cds.evm.model.01.1622.1.5bd9b135 -             60    0.0051   16.5   0.0   1   1   3.3e-06    0.0056   16.3   0.0     7    42    11    45     3    50 0.82 NB-ARC domain
AAA_33               PF13671.12   143 cds.evm.model.01.1622.1.5bd9b135 -             60     0.015   16.0   0.0   1   1   1.2e-05      0.02   15.6   0.0     1    35    23    57    23    59 0.91 AAA domain
AAA_18               PF13238.12   128 cds.evm.model.01.1622.1.5bd9b135 -             60      0.02   15.7   0.0   1   1   1.6e-05     0.027   15.3   0.0     1    32    24    56    24    59 0.86 AAA domain
Sigma54_activ_2      PF14532.12   138 cds.evm.model.01.1622.1.5bd9b135 -             60     0.057   14.0   0.0   1   1   3.5e-05      0.06   14.0   0.0    16    48    16    49     2    57 0.76 Sigma-54 interaction domain
ATP_bind_1           PF03029.23   240 cds.evm.model.01.1622.1.5bd9b135 -             60      0.07   13.3   0.2   1   1   5.2e-05     0.089   13.0   0.2     1    21    26    46    26    52 0.90 Conserved hypothetical ATP binding protein
AAA_16               PF13191.12   167 cds.evm.model.01.1622.1.5bd9b135 -             60     0.073   13.9   0.0   1   1   4.3e-05     0.073   13.9   0.0    13    51    10    48     2    57 0.79 AAA ATPase domain
Ploopntkinase3       PF18751.7    187 cds.evm.model.01.1622.1.5bd9b135 -             60     0.083   12.8   0.0   1   1   5.5e-05     0.094   12.6   0.0     4    36    22    54    19    59 0.88 P-loop Nucleotide Kinase3
Cytidylate_kin       PF02224.24   211 cds.evm.model.01.1622.1.5bd9b135 -             60     0.096   12.8   0.0   1   1     7e-05      0.12   12.5   0.0     5    35    28    58    24    59 0.90 Cytidylate kinase
AAA_28               PF13521.12   164 cds.evm.model.01.1622.1.5bd9b135 -             60      0.11   13.1   0.1   1   1   7.6e-05      0.13   12.9   0.1     2    28    24    50    23    57 0.91 AAA domain
nSTAND3              PF20720.3    155 cds.evm.model.01.1622.1.5bd9b135 -             60      0.22   11.6   0.0   1   1   0.00014      0.23   11.5   0.0    18    40    22    44    10    53 0.84 Novel STAND NTPase 3
AAA_17               PF13207.12   136 cds.evm.model.01.1622 -             60   1.1e-14   55.3   0.1   1   1   8.2e-18   1.4e-14   54.9   0.1     1    34    27    60    27    60 0.97 AAA domain
ADK                  PF00406.28   151 cds.evm.model.01.1622 -             60   1.4e-13   51.6   0.1   1   1     1e-16   1.8e-13   51.3   0.1     1    35    26    60    26    60 0.97 Adenylate kinase
Zeta_toxin           PF06414.18   199 cds.evm.model.01.1622 -             60   0.00079   19.3   0.0   1   1   4.7e-07   0.00079   19.3   0.0     2    37     6    42     5    58 0.79 Zeta toxin
AAA_19               PF13245.12   134 cds.evm.model.01.1622 -             60    0.0022   18.6   0.0   1   1   1.3e-06    0.0023   18.5   0.0    10    38    20    48    12    58 0.86 AAA domain
NB-ARC               PF00931.28   248 cds.evm.model.01.1622 -             60    0.0051   16.5   0.0   1   1   3.3e-06    0.0056   16.3   0.0     7    42    11    45     3    50 0.82 NB-ARC domain
AAA_33               PF13671.12   143 cds.evm.model.01.1622 -             60     0.015   16.0   0.0   1   1   1.2e-05      0.02   15.6   0.0     1    35    23    57    23    59 0.91 AAA domain
AAA_18               PF13238.12   128 cds.evm.model.01.1622 -             60      0.02   15.7   0.0   1   1   1.6e-05     0.027   15.3   0.0     1    32    24    56    24    59 0.86 AAA domain
Sigma54_activ_2      PF14532.12   138 cds.evm.model.01.1622 -             60     0.057   14.0   0.0   1   1   3.5e-05      0.06   14.0   0.0    16    48    16    49     2    57 0.76 Sigma-54 interaction domain
ATP_bind_1           PF03029.23   240 cds.evm.model.01.1622 -             60      0.07   13.3   0.2   1   1   5.2e-05     0.089   13.0   0.2     1    21    26    46    26    52 0.90 Conserved hypothetical ATP binding protein
AAA_16               PF13191.12   167 cds.evm.model.01.1622 -             60     0.073   13.9   0.0   1   1   4.3e-05     0.073   13.9   0.0    13    51    10    48     2    57 0.79 AAA ATPase domain
Ploopntkinase3       PF18751.7    187 cds.evm.model.01.1622 -             60     0.083   12.8   0.0   1   1   5.5e-05     0.094   12.6   0.0     4    36    22    54    19    59 0.88 P-loop Nucleotide Kinase3
Cytidylate_kin       PF02224.24   211 cds.evm.model.01.1622 -             60     0.096   12.8   0.0   1   1     7e-05      0.12   12.5   0.0     5    35    28    58    24    59 0.90 Cytidylate kinase
AAA_28               PF13521.12   164 cds.evm.model.01.1622 -             60      0.11   13.1   0.1   1   1   7.6e-05      0.13   12.9   0.1     2    28    24    50    23    57 0.91 AAA domain
nSTAND3              PF20720.3    155 cds.evm.model.01.1622 -             60      0.22   11.6   0.0   1   1   0.00014      0.23   11.5   0.0    18    40    22    44    10    53 0.84 Novel STAND NTPase 3
Glyco_hydro_32N      PF00251.26   307 cds.evm.model.05.1646.1.5bd9b13a -             60   6.2e-13   49.4   0.0   1   1   2.7e-17   6.5e-13   49.3   0.0    58   114     1    59     1    60 0.93 Glycosyl hydrolases family 32 N-terminal domain
INV_N                PF11837.13   109 cds.evm.model.05.1646 -             60   0.00031   21.6   0.0   1   1     3e-08   0.00035   21.4   0.0     6    47     9    52     5    57 0.79 Beta-fructofuranosidase, N-terminal domain
Lamp2_2nd            PF21222.2     32 cds.evm.model.05.1646 -             60    0.0037   17.4   0.3   1   2      0.48   5.7e+03   -2.4   1.3    23    28    21    26    21    27 0.82 Lysosome-associated membrane glycoprotein 2, transmembrane segment
Lamp2_2nd            PF21222.2     32 cds.evm.model.05.1646 -             60    0.0037   17.4   0.3   2   2   3.1e-07    0.0037   17.4   0.3    10    25    36    51    31    55 0.87 Lysosome-associated membrane glycoprotein 2, transmembrane segment
PADRE                PF14009.12   184 cds.evm.model.08.1023 -             60   1.1e-09   39.4   0.0   1   1   9.7e-14   1.1e-09   39.3   0.0     1    54     1    58     1    60 0.88 PADRE domain
MFE-2_hydrat-2_N     PF22622.2    130 cds.evm.model.08.1023 -             60      0.18   12.0   0.0   1   1   1.6e-05      0.19   11.9   0.0    52    88    14    49     2    55 0.81 MFE-2 hydratase 2 N-terminal domain
Chitin_bind_1        PF00187.25    38 cds.evm.model.04.1181 -             60   1.6e-06   28.6  11.0   1   1     1e-10   2.5e-06   28.0  11.0     1    30    31    60    31    60 0.98 Chitin recognition protein
Methyltransf_2       PF00891.24   210 cds.evm.model.07.1843 -             60   0.00093   19.0   0.0   1   1   8.3e-08   0.00099   18.9   0.0     1    51    10    59    10    60 0.94 O-methyltransferase domain
GFO_IDH_MocA_C3      PF22725.1    124 cds.evm.model.07.1843 -             60       0.2   12.0   0.0   1   1   1.7e-05       0.2   12.0   0.0    35    63    23    50     5    60 0.69 GFO/IDH/MocA C-terminal domain
adh_short            PF00106.31   195 cds.evm.model.10.205.1.5bd9b13d -             60   1.7e-08   34.6   0.1   1   1   1.5e-12   1.8e-08   34.5   0.1    81   137     1    60     1    60 0.94 short chain dehydrogenase
adh_short_C2         PF13561.12   236 cds.evm.model.10.205.1.5bd9b13d -             60   2.7e-07   30.8   0.0   1   1   2.4e-11   2.9e-07   30.7   0.0    75   131     1    60     1    60 0.88 Enoyl-(Acyl carrier protein) reductase
adh_short            PF00106.31   195 cds.evm.model.10.205 -             60   8.4e-09   35.6   0.2   1   1   1.5e-12   9.2e-09   35.4   0.2     1    45    14    58    14    60 0.95 short chain dehydrogenase
adh_short_C2         PF13561.12   236 cds.evm.model.10.205 -             60   3.2e-05   24.0   0.1   1   1   7.5e-09   4.5e-05   23.5   0.1     2    40    21    58    20    60 0.86 Enoyl-(Acyl carrier protein) reductase
KR                   PF08659.16   180 cds.evm.model.10.205 -             60    0.0017   18.7   0.1   1   1     3e-07    0.0018   18.6   0.1     3    29    16    42    14    57 0.93 KR domain
3HCDH_N              PF02737.24   180 cds.evm.model.10.205 -             60     0.014   15.7   0.2   1   1   2.5e-06     0.015   15.6   0.2     6    43    21    58    14    60 0.80 3-hydroxyacyl-CoA dehydrogenase, NAD binding domain
Dimerisation         PF08100.17    93 cds.evm.model.01.795 -             60   9.1e-07   29.0   0.0   1   1     9e-11   1.1e-06   28.8   0.0     1    38    22    59    22    60 0.93 Plant O-methyltransferase dimerisation domain
DUF3896              PF13035.11    61 cds.evm.model.01.795 -             60     0.083   13.5   0.1   1   1   8.7e-06       0.1   13.1   0.1    29    55    16    41     9    45 0.85 Protein of unknown function (DUF3896)
peroxidase           PF00141.28   237 cds.evm.model.01.494 -             60   5.9e-12   46.3   0.3   1   1   2.6e-16   6.2e-12   46.2   0.3   170   225     1    59     1    60 0.89 Peroxidase
PP2C                 PF00481.26   255 cds.novel_model_295_5bd9a17a -             60   3.2e-16   60.2   0.0   1   1   1.4e-20   3.3e-16   60.1   0.0   127   181     2    58     1    60 0.93 Protein phosphatase 2C
NAD_kinase           PF01513.26   130 cds.evm.model.06.1002.1.5bd9b13a -             60     1e-06   29.4   0.0   1   1   8.7e-11     1e-06   29.4   0.0    66    93    32    59     1    60 0.66 ATP-NAD kinase N-terminal domain
DAGK_cat             PF00781.29   125 cds.evm.model.06.1002.1.5bd9b13a -             60   0.00016   21.6   0.0   1   1   1.4e-08   0.00017   21.6   0.0    26    75    13    58     4    60 0.67 Diacylglycerol kinase catalytic domain
Transcrip_act        PF04949.18   154 cds.evm.model.06.110 -             60   9.2e-12   45.5   2.6   1   1   4.1e-16   9.8e-12   45.4   2.6    11    48    24    60    12    60 0.85 Transcriptional activator
peroxidase           PF00141.28   237 cds.evm.model.06.2124 -             60   4.2e-21   76.2   0.1   1   1   1.9e-25   4.5e-21   76.1   0.1    15    74     1    60     1    60 0.94 Peroxidase
Glyco_hydro_1        PF00232.24   453 cds.evm.model.04.770 -             60   3.8e-15   55.7   0.0   1   1   1.7e-19   4.1e-15   55.6   0.0    61   105    14    60     7    60 0.96 Glycosyl hydrolase family 1
Cu_bind_like         PF02298.23    84 cds.evm.model.08.1715 -             60   0.00011   22.5   0.0   1   2      0.26   3.1e+03   -1.3   0.0    15    23    25    33    15    35 0.73 Plastocyanin-like domain
Cu_bind_like         PF02298.23    84 cds.evm.model.08.1715 -             60   0.00011   22.5   0.0   2   2   2.3e-08   0.00027   21.2   0.0     1    24    36    60    36    60 0.92 Plastocyanin-like domain
CBM_5_12             PF02839.19    44 cds.evm.model.08.1715 -             60     0.047   14.1   0.2   1   2    0.0066        79    3.8   0.1     5    15    25    35    23    37 0.80 Carbohydrate-binding module family 5/12
CBM_5_12             PF02839.19    44 cds.evm.model.08.1715 -             60     0.047   14.1   0.2   2   2   0.00022       2.6    8.5   0.0     1    13    47    59    47    60 0.94 Carbohydrate-binding module family 5/12
SAM_decarbox         PF01536.21   343 cds.evm.model.08.301 -             60   6.9e-23   81.6   0.1   1   1     3e-27   7.1e-23   81.6   0.1    27    80     7    60     1    60 0.95 Adenosylmethionine decarboxylase
KH-I_CeGLD3_rpt3     PF22467.2     72 cds.evm.model.02.2484 -             60      0.52   10.8   1.9   1   2    0.0015        36    4.9   0.0    21    43     8    30     2    35 0.84 CeGLD-3 third Type I KH domain
KH-I_CeGLD3_rpt3     PF22467.2     72 cds.evm.model.02.2484 -             60      0.52   10.8   1.9   2   2   0.00071        17    6.0   0.6    24    43    37    55    29    59 0.83 CeGLD-3 third Type I KH domain
TSP_Ig-like          PF20745.2     86 cds.evm.model.07.450 -             60     0.034   14.8   0.0   1   1   1.6e-06     0.038   14.6   0.0    34    74    15    55     8    59 0.89 Tailspike protein-like, Ig-like domain
GH18_BT1044-like     PF16141.11   325 cds.evm.model.07.1595 -             60     0.041   13.5   0.0   1   1   1.8e-06     0.042   13.5   0.0   277   320    14    58     6    60 0.82 Glycoside hydrolase family 18, BT1044-like
Aa_trans             PF01490.24   410 cds.evm.model.08.29  -             60   5.3e-10   38.9   3.7   1   1   2.4e-14   5.8e-10   38.8   3.7     2    37    24    59    23    60 0.95 Transmembrane amino acid transporter protein
Tryp_alpha_amyl      PF00234.27    76 cds.novel_model_3619_5bd9a17a -             60     0.048   14.3   5.7   1   1   3.1e-06     0.074   13.7   5.7     1    39    28    60     3    60 0.84 Protease inhibitor/seed storage/LTP family
SRF-TF               PF00319.23    48 cds.evm.model.01.2517 -             60   5.5e-23   80.5   0.3   1   1   2.8e-27   6.7e-23   80.3   0.3     1    42    19    60    19    60 0.97 SRF-type transcription factor (DNA-binding and dimerisation domain)
Inhibitor_I9         PF05922.21    82 cds.evm.model.02.2470 -             60   2.2e-14   54.2   0.2   1   1   2.2e-18   2.7e-14   54.0   0.2    36    82     6    52     3    52 0.96 Peptidase inhibitor I9
MORF_dom             PF21864.1     93 cds.evm.model.02.2470 -             60     1e-05   25.6   0.1   1   1   9.2e-10   1.1e-05   25.6   0.1    36    83     4    51     1    57 0.90 Multiple organellar RNA editing factor 1, MORF domain
bHLH-MYC_N           PF14215.12   181 cds.evm.model.04.2434 -             60   8.2e-10   39.6   0.3   1   1   3.7e-14   8.7e-10   39.6   0.3    12    43    26    55    19    60 0.78 bHLH-MYC and R2R3-MYB transcription factors N-terminal
peroxidase           PF00141.28   237 cds.evm.model.04.1907 -             60   9.9e-20   71.7   0.0   1   1   4.5e-24   1.1e-19   71.6   0.0    15    71     1    60     1    60 0.97 Peroxidase
Glyco_hydro_17       PF00332.24   306 cds.evm.model.07.357 -             60   1.9e-11   44.5   0.1   1   1   9.3e-16   2.2e-11   44.3   0.1     1    35    26    60    26    60 0.97 Glycosyl hydrolases family 17
CASP_dom             PF04535.17   151 cds.evm.model.10.390 -             60   9.6e-06   25.8   0.2   1   1   4.8e-10   1.1e-05   25.6   0.2     2    33    28    59    27    60 0.93 Casparian strip membrane protein domain
Cu-oxidase_3         PF07732.21   119 cds.evm.model.09.462 -             60   3.7e-19   69.3   0.3   1   1   1.7e-23   3.9e-19   69.2   0.3    61   118     2    58     1    59 0.95 Multicopper oxidase
Glyco_hydro_32N      PF00251.26   307 cds.evm.model.02.2600 -             60   1.1e-26   94.5   1.3   1   1   4.9e-31   1.2e-26   94.4   1.3    16    75     1    60     1    60 0.98 Glycosyl hydrolases family 32 N-terminal domain
LTP_2                PF14368.11   100 cds.novel_model_6263_5bd9a17a -             60   3.1e-05   24.4   1.6   1   1   4.3e-09   3.4e-05   24.3   1.6     4    53    12    60     9    60 0.71 Probable lipid transfer
DUF6722              PF20482.3     49 cds.novel_model_6263_5bd9a17a -             60     0.008   16.8   0.1   1   1   1.3e-06     0.011   16.4   0.1     6    25     3    22     3    31 0.89 Family of unknown function (DUF6722)
Tryp_alpha_amyl      PF00234.27    76 cds.novel_model_6263_5bd9a17a -             60     0.032   14.9   2.1   1   1   5.7e-06     0.045   14.4   2.1     1    31    30    60    30    60 0.90 Protease inhibitor/seed storage/LTP family
ROH1-like            PF05633.16   384 cds.evm.model.01.1386 -             60   3.9e-09   36.4   0.0   1   1   1.7e-13     4e-09   36.4   0.0     1    55     1    57     1    60 0.76 Protein ROH1-like
Pro_CA               PF00484.24   156 cds.evm.model.03.331 -             60   3.6e-15   57.0   0.0   1   1   3.1e-19   3.6e-15   56.9   0.0    27    75     2    54     1    60 0.88 Carbonic anhydrase
Turandot             PF07240.16    80 cds.evm.model.03.331 -             60      0.17   12.3   0.0   1   1   1.8e-05      0.22   11.9   0.0     9    62     3    51     1    54 0.92 Stress-inducible humoral factor Turandot
LOB                  PF03195.19    99 cds.evm.model.10.1603 -             60   1.2e-10   42.2   0.3   1   1   5.4e-15   1.3e-10   42.1   0.3     1    51     4    59     4    60 0.95 Lateral organ boundaries (LOB) domain
p450                 PF00067.27   462 cds.evm.model.06.1713.1.5bd9b13b -             60      0.23   10.6   0.1   1   1   1.1e-05      0.26   10.4   0.1     1    26    34    58    34    60 0.83 Cytochrome P450
p450                 PF00067.27   462 cds.evm.model.06.1713 -             60      0.23   10.6   0.1   1   1   1.1e-05      0.26   10.4   0.1     1    26    34    58    34    60 0.83 Cytochrome P450
DUF2645              PF10840.13    98 cds.evm.model.04.317 -             60      0.14   13.2   0.2   1   1   6.3e-06      0.15   13.1   0.2    48    75     8    35     1    39 0.77 Protein of unknown function (DUF2645)
DUF677               PF05055.17   336 cds.evm.model.04.1982 -             60   4.4e-23   82.1   1.7   1   1   5.7e-27   4.5e-23   82.1   1.7    36    92     1    57     1    60 0.96 Protein of unknown function (DUF677)
ROH1-like            PF05633.16   384 cds.evm.model.04.1982 -             60   0.00041   19.9   0.3   1   1   5.6e-08   0.00044   19.8   0.3    72   121     3    52     1    57 0.82 Protein ROH1-like
CARD_2               PF16739.11    93 cds.evm.model.04.1982 -             60      0.12   12.8   0.4   1   2     0.039   3.1e+02    1.9   0.1    29    48     1    20     1    33 0.75 Caspase recruitment domain
CARD_2               PF16739.11    93 cds.evm.model.04.1982 -             60      0.12   12.8   0.4   2   2   8.6e-05      0.68   10.4   0.0     7    36    28    57    24    60 0.87 Caspase recruitment domain
Aldo_ket_red         PF00248.27   291 cds.novel_model_6359_5bd9a17a -             60   2.3e-08   33.9   0.0   1   1   9.6e-13   2.3e-08   33.9   0.0    32    72     2    42     1    59 0.85 Aldo/keto reductase family
Doppel               PF11466.13    30 cds.novel_model_7307_5bd9a17a -             60       3.2    7.9   4.0   1   1   0.00032       7.6    6.7   4.0    14    27    13    28     9    31 0.75 Prion-like protein Doppel
Abhydrolase_3        PF07859.19   210 cds.novel_model_7197_5bd9a17a -             60   2.6e-10   40.8   0.0   1   1   1.2e-14   2.8e-10   40.7   0.0   135   189     1    60     1    60 0.85 alpha/beta hydrolase fold
U-box                PF04564.21    73 cds.evm.model.07.1670 -             60   1.1e-05   25.8   0.1   1   1   3.1e-09   1.8e-05   25.2   0.1     1    26    35    60    35    60 0.96 U-box domain
zf-RING_UBOX         PF13445.12    39 cds.evm.model.07.1670 -             60     0.054   13.9   0.0   1   1   2.1e-05      0.12   12.8   0.0     1    13    41    52    41    57 0.82 RING-type zinc-finger
zf-C3HC4_4           PF15227.12    42 cds.evm.model.07.1670 -             60      0.06   13.9   0.0   1   1   1.6e-05     0.094   13.2   0.0     1    19    41    59    41    60 0.90 zinc finger of C3HC4-type, RING
zf-Nse               PF11789.14    57 cds.evm.model.07.1670 -             60      0.12   12.6   0.0   1   1   3.2e-05      0.19   12.0   0.0    11    26    38    53    26    55 0.82 Zinc-finger of the MIZ type in Nse subunit
Bet_v_1              PF00407.25   151 cds.evm.model.02.1087 -             60   2.4e-05   24.7   0.0   1   1   2.2e-09   2.6e-05   24.6   0.0     1    57     1    58     1    60 0.88 Pathogenesis-related protein Bet v 1 family
Polyketide_cyc2      PF10604.15   142 cds.evm.model.02.1087 -             60     0.037   14.7   0.0   1   1   3.2e-06     0.038   14.7   0.0     3    44     5    50     3    59 0.66 Polyketide cyclase / dehydrase and lipid transport
MatE                 PF01554.23   161 cds.evm.model.05.708 -             60   3.2e-12   46.8   4.7   1   1   1.5e-16   3.5e-12   46.7   4.7     2    60     1    60     1    60 0.97 MatE
Transferase          PF02458.20   434 cds.evm.model.06.240 -             60   4.8e-08   32.5   0.0   1   1   2.1e-12   5.1e-08   32.4   0.0     1    45    12    56    12    60 0.95 Transferase family
TssR_VWA             PF20782.3    304 cds.evm.model.01.918 -             60    0.0082   15.6   0.0   1   1   3.6e-07    0.0085   15.6   0.0   259   299    19    59    12    60 0.89 TssR protein VWA domain
PEPCK_ATP            PF01293.25   465 cds.evm.model.04.1536.2.5bd9b138 -             60   1.9e-12   47.1   0.1   1   1   1.7e-16     2e-12   47.0   0.1    66   124     1    60     1    60 0.97 Phosphoenolpyruvate carboxykinase
Herpes_HEPA          PF03324.19    95 cds.evm.model.04.1536.2.5bd9b138 -             60      0.12   13.2   0.0   1   1   1.3e-05      0.16   12.8   0.0     8    39    25    57    18    59 0.84 Herpesvirus DNA helicase/primase complex associated protein
PEPCK_ATP            PF01293.25   465 cds.evm.model.04.1536.1.5bd9b138 -             60   2.6e-09   36.7   0.0   1   1   1.2e-13   2.8e-09   36.6   0.0   121   171     9    60     4    60 0.96 Phosphoenolpyruvate carboxykinase
PEPCK_ATP            PF01293.25   465 cds.evm.model.04.1536.3.5bd9b138 -             60   1.9e-12   47.1   0.1   1   1   1.7e-16     2e-12   47.0   0.1    66   124     1    60     1    60 0.97 Phosphoenolpyruvate carboxykinase
Herpes_HEPA          PF03324.19    95 cds.evm.model.04.1536.3.5bd9b138 -             60      0.12   13.2   0.0   1   1   1.3e-05      0.16   12.8   0.0     8    39    25    57    18    59 0.84 Herpesvirus DNA helicase/primase complex associated protein
LRR_1                PF00560.39    23 cds.novel_model_1511_5bd9a17a -             60   1.3e-09   36.6   0.3   1   3    0.0013         6    7.9   0.0     8    23     2    17     1    17 0.89 Leucine Rich Repeat
LRR_1                PF00560.39    23 cds.novel_model_1511_5bd9a17a -             60   1.3e-09   36.6   0.3   2   3   2.2e-06     0.011   16.1   0.1     1    21    19    39    19    41 0.92 Leucine Rich Repeat
LRR_1                PF00560.39    23 cds.novel_model_1511_5bd9a17a -             60   1.3e-09   36.6   0.3   3   3   0.00024       1.1   10.1   0.0     2    17    44    59    43    60 0.90 Leucine Rich Repeat
LRR_4                PF12799.13    44 cds.novel_model_1511_5bd9a17a -             60   3.6e-08   33.8   5.8   1   2   5.4e-07    0.0026   18.4   0.2     9    36     2    30     1    40 0.75 Leucine Rich repeats (2 copies)
LRR_4                PF12799.13    44 cds.novel_model_1511_5bd9a17a -             60   3.6e-08   33.8   5.8   2   2     2e-08   9.7e-05   22.9   1.2     1    36    18    54    18    59 0.88 Leucine Rich repeats (2 copies)
LRR_8                PF13855.12    61 cds.novel_model_1511_5bd9a17a -             60   0.00051   20.1   0.8   1   1   3.4e-07    0.0016   18.5   0.9    11    61     4    54     2    54 0.83 Leucine rich repeat
LRR_14               PF23598.1    353 cds.novel_model_1511_5bd9a17a -             60    0.0068   15.6   0.1   1   1   1.4e-06    0.0068   15.6   0.1    60   101     8    50     2    59 0.80 Leucine-rich repeat region
LRR_At5g56370        PF24758.1    227 cds.novel_model_1511_5bd9a17a -             60      0.07   13.2   0.0   1   1   1.5e-05      0.07   13.2   0.0    54    97    11    53     1    58 0.79 FBD-associated F-box protein At5g56370, LRR repeats
TMEM132_C            PF15706.10    87 cds.evm.model.02.1941 -             60     0.094   12.9   0.2   1   1   4.7e-06      0.11   12.6   0.2    42    57    12    27    11    50 0.79 TMEM132 C-terminal
Cu-oxidase_3         PF07732.21   119 cds.evm.model.01.802 -             60     0.059   13.8   0.0   1   1   2.9e-06      0.07   13.6   0.0     2    27    36    60    35    60 0.93 Multicopper oxidase
KIP1                 PF07765.17    74 cds.novel_model_5880_5bd9a17a -             60   5.1e-16   59.0   7.2   1   1   9.4e-20   7.4e-16   58.4   7.2     1    39    22    60    22    60 0.98 KIP1-like protein
Xin                  PF08043.17    16 cds.novel_model_5880_5bd9a17a -             60      0.12   12.5   0.2   1   2   2.8e-05      0.22   11.6   0.1     4    12    32    40    32    41 0.89 Xin repeat
Xin                  PF08043.17    16 cds.novel_model_5880_5bd9a17a -             60      0.12   12.5   0.2   2   2       1.9   1.5e+04   -3.7   0.0     3     6    48    51    48    52 0.69 Xin repeat
PIN_TASOR            PF24630.1    141 cds.novel_model_5880_5bd9a17a -             60      0.46   10.6   3.9   1   1   6.5e-05      0.52   10.5   3.9    19    66     9    55     2    59 0.59 TASOR PIN domain
DUF608               PF04685.19   361 cds.novel_model_5997_5bd9a17a -             60   2.2e-17   63.8   1.3   1   1   9.6e-22   2.3e-17   63.7   1.3   182   239     1    59     1    60 0.96 Glycosyl-hydrolase family 116, catalytic region
LRRNT_2              PF08263.17    41 cds.evm.model.06.449 -             60   2.2e-08   34.6   0.9   1   2      0.18   4.2e+03   -1.5   0.0    21    25     7    11     3    18 0.71 Leucine rich repeat N-terminal domain
LRRNT_2              PF08263.17    41 cds.evm.model.06.449 -             60   2.2e-08   34.6   0.9   2   2   1.4e-12   3.3e-08   34.1   0.2     2    34    28    60    27    60 0.97 Leucine rich repeat N-terminal domain
X8                   PF07983.18    76 cds.evm.model.09.1555 -             60   6.6e-17   62.3   0.8   1   1     3e-21   7.1e-17   62.2   0.8    14    75     2    58     1    59 0.97 X8 domain
Motile_Sperm             PF00635.32   109 cds.evm.model.08.918 -             60     2e-14   53.8   0.0   1   1   5.5e-18   2.2e-14   53.7   0.0    14    65     9    60     4    60 0.91 MSP (Major sperm protein) domain
HYDIN_VesB_CFA65-like_Ig PF22544.2    100 cds.evm.model.08.918 -             60   0.00057   20.5   0.0   1   1   1.5e-07   0.00059   20.4   0.0    17    64    11    56     5    60 0.87 HYDIN/CFA65/VesB-like, Ig-like domain
Ig_CFAP65_4th            PF24507.1     76 cds.evm.model.08.918 -             60   0.00093   19.9   0.0   1   1   2.8e-07    0.0011   19.7   0.0     2    44    19    60    18    60 0.88 CFAP65, fourth Ig-like domain
Cep192_D6                PF22076.2    101 cds.evm.model.08.918 -             60     0.012   16.2   0.0   1   1   3.3e-06     0.013   16.1   0.0    19    63    12    57     4    60 0.86 Cep192 domain 6
Cep192_D3                PF22067.2     99 cds.evm.model.08.918 -             60     0.032   14.7   0.0   1   1   8.4e-06     0.033   14.7   0.0    14    61    10    56     5    60 0.90 Cep192 domain 3
LTD                      PF00932.25   109 cds.evm.model.08.918 -             60      0.16   12.7   0.0   1   1   7.9e-05      0.31   11.8   0.0     9    66     2    57     1    59 0.80 Lamin Tail Domain
Dredd_N              PF23725.1    100 cds.evm.model.02.956.2.5bd9b134.1.5bdae6dd -             60      0.13   12.6   0.1   1   1   1.2e-05      0.14   12.5   0.1    21    64    10    51     3    58 0.81 Caspase-8, N-terminal domain
Malic_M              PF03949.21   258 cds.evm.model.02.956.2.5bd9b134.1.5bdae6dd -             60      0.28   10.8   0.0   1   1   2.6e-05      0.31   10.7   0.0    68    94    28    55    24    60 0.87 Malic enzyme, NAD binding domain
malic                PF00390.24   182 cds.evm.model.02.956.2.5bd9b134 -             60   5.7e-22   78.8   0.0   1   1   2.5e-26     6e-22   78.7   0.0    89   146     1    58     1    60 0.97 Malic enzyme, N-terminal domain
LRRNT_2              PF08263.17    41 cds.evm.model.01.1521 -             60     4e-05   24.2   1.3   1   2     0.082   1.9e+03   -0.4   0.1    23    28     7    12     2    26 0.70 Leucine rich repeat N-terminal domain
LRRNT_2              PF08263.17    41 cds.evm.model.01.1521 -             60     4e-05   24.2   1.3   2   2   1.7e-09     4e-05   24.2   1.3     2    33    29    60    28    60 0.84 Leucine rich repeat N-terminal domain
PMEI                 PF04043.20   156 cds.evm.model.02.3038 -             60   5.2e-14   53.0   0.3   1   1   2.2e-18   5.4e-14   53.0   0.3    70   128     6    58     1    60 0.90 Plant invertase/pectin methylesterase inhibitor
Bet_v_1              PF00407.25   151 cds.evm.model.10.823 -             60   5.5e-19   69.0   0.2   1   1   2.5e-23   5.9e-19   68.8   0.2     3    58     5    60     3    60 0.98 Pathogenesis-related protein Bet v 1 family
HMA                  PF00403.32    62 cds.evm.model.08.1211 -             60   0.00086   20.0   0.1   1   1   9.2e-08    0.0011   19.7   0.1     2    38    23    59    22    60 0.94 Heavy-metal-associated domain
PRO8NT               PF08082.16   152 cds.evm.model.08.1211 -             60      0.05   13.9   0.0   1   1   4.4e-06     0.052   13.9   0.0    24    68    15    59     3    60 0.81 PRO8NT (NUC069), PrP8 N-terminal domain
LOB                  PF03195.19    99 cds.evm.model.03.206 -             60   7.3e-19   68.6   6.7   1   1   4.2e-21     1e-16   61.7   6.7     1    70     3    60     3    60 0.97 Lateral organ boundaries (LOB) domain
Cupin_1              PF00190.28   151 cds.evm.model.07.1589 -             60   1.5e-05   25.0   0.0   1   1   1.3e-09   1.6e-05   24.9   0.0     8    51    14    57     7    60 0.92 Cupin
Fibrillarin          PF01269.23   227 cds.evm.model.07.1589 -             60      0.14   11.6   0.0   1   1   1.2e-05      0.15   11.6   0.0    33    53    10    30     6    48 0.85 Fibrillarin
LRRNT_2              PF08263.17    41 cds.evm.model.10.848 -             60   1.5e-06   28.7   0.0   1   2      0.14   3.3e+03   -1.1   0.0    17    24    25    33    18    33 0.62 Leucine rich repeat N-terminal domain
LRRNT_2              PF08263.17    41 cds.evm.model.10.848 -             60   1.5e-06   28.7   0.0   2   2   1.9e-10   4.5e-06   27.2   0.0     2    25    37    60    36    60 0.96 Leucine rich repeat N-terminal domain
NAM                  PF02365.20   122 cds.evm.model.10.443.1.5bd9b13d -             60   1.3e-15   58.3   0.3   1   1   5.8e-20   1.4e-15   58.3   0.3    47    99     7    60     2    60 0.90 No apical meristem (NAM) protein
NAM                  PF02365.20   122 cds.evm.model.10.443 -             60   3.3e-19   69.9   0.1   1   1   1.6e-23   3.7e-19   69.8   0.1     1    49    10    58    10    60 0.97 No apical meristem (NAM) protein
DUF5993              PF19455.4     50 cds.evm.model.07.241 -             60     0.019   15.5   0.4   1   1   1.1e-06     0.025   15.1   0.4     1    27     1    27     1    32 0.83 Family of unknown function (DUF5993)
Mito_carr            PF00153.32    96 cds.evm.model.04.1617 -             60   1.9e-08   34.3   0.0   1   1   8.6e-13     2e-08   34.2   0.0     7    42     4    39     2    52 0.86 Mitochondrial carrier protein
p450                 PF00067.27   462 cds.evm.model.04.2082 -             60   4.4e-07   29.4   0.0   1   1   4.4e-11   5.2e-07   29.2   0.0    22    70     8    56     2    59 0.92 Cytochrome P450
NIR_SIR_ferr         PF03460.22    69 cds.evm.model.04.2082 -             60      0.14   12.3   0.1   1   2   4.1e-05      0.48   10.6   0.0    27    43    10    25     4    25 0.88 Nitrite/Sulfite reductase ferredoxin-like half domain
NIR_SIR_ferr         PF03460.22    69 cds.evm.model.04.2082 -             60      0.14   12.3   0.1   2   2      0.14   1.7e+03   -0.8   0.0    44    47    40    43    26    51 0.59 Nitrite/Sulfite reductase ferredoxin-like half domain
CASP_dom             PF04535.17   151 cds.evm.model.09.1113 -             60   0.00013   22.1   1.3   1   1   5.6e-09   0.00013   22.1   1.3     5    35    26    56    22    60 0.88 Casparian strip membrane protein domain
DUF3700              PF12481.13   228 cds.evm.model.07.1315.1.5bd9b13c -             60   5.2e-08   33.0   0.1   1   1   4.6e-12   5.5e-08   32.9   0.1     1    60     2    59     2    60 0.92 Aluminium induced protein
Inhibitor_Mig-6      PF11555.13    74 cds.evm.model.07.1315.1.5bd9b13c -             60     0.064   14.1   0.1   1   1   5.8e-06      0.07   13.9   0.1     5    28    10    32     7    59 0.71 EGFR receptor inhibitor Mig-6
DUF3700              PF12481.13   228 cds.evm.model.07.1315 -             60   5.2e-08   33.0   0.1   1   1   4.6e-12   5.5e-08   32.9   0.1     1    60     2    59     2    60 0.92 Aluminium induced protein
Inhibitor_Mig-6      PF11555.13    74 cds.evm.model.07.1315 -             60     0.064   14.1   0.1   1   1   5.8e-06      0.07   13.9   0.1     5    28    10    32     7    59 0.71 EGFR receptor inhibitor Mig-6
DUF3700              PF12481.13   228 cds.evm.model.07.1315.3.5bd9b13c -             60   5.2e-08   33.0   0.1   1   1   4.6e-12   5.5e-08   32.9   0.1     1    60     2    59     2    60 0.92 Aluminium induced protein
Inhibitor_Mig-6      PF11555.13    74 cds.evm.model.07.1315.3.5bd9b13c -             60     0.064   14.1   0.1   1   1   5.8e-06      0.07   13.9   0.1     5    28    10    32     7    59 0.71 EGFR receptor inhibitor Mig-6
DUF3700              PF12481.13   228 cds.evm.model.07.1315.5.5bd9b13c -             60   5.2e-08   33.0   0.1   1   1   4.6e-12   5.5e-08   32.9   0.1     1    60     2    59     2    60 0.92 Aluminium induced protein
Inhibitor_Mig-6      PF11555.13    74 cds.evm.model.07.1315.5.5bd9b13c -             60     0.064   14.1   0.1   1   1   5.8e-06      0.07   13.9   0.1     5    28    10    32     7    59 0.71 EGFR receptor inhibitor Mig-6
DUF3700              PF12481.13   228 cds.evm.model.07.1315.4.5bd9b13c -             60   5.2e-08   33.0   0.1   1   1   4.6e-12   5.5e-08   32.9   0.1     1    60     2    59     2    60 0.92 Aluminium induced protein
Inhibitor_Mig-6      PF11555.13    74 cds.evm.model.07.1315.4.5bd9b13c -             60     0.064   14.1   0.1   1   1   5.8e-06      0.07   13.9   0.1     5    28    10    32     7    59 0.71 EGFR receptor inhibitor Mig-6
DUF3700              PF12481.13   228 cds.evm.model.07.1315.2.5bd9b13c -             60   5.2e-08   33.0   0.1   1   1   4.6e-12   5.5e-08   32.9   0.1     1    60     2    59     2    60 0.92 Aluminium induced protein
Inhibitor_Mig-6      PF11555.13    74 cds.evm.model.07.1315.2.5bd9b13c -             60     0.064   14.1   0.1   1   1   5.8e-06      0.07   13.9   0.1     5    28    10    32     7    59 0.71 EGFR receptor inhibitor Mig-6
Bet_v_1              PF00407.25   151 cds.novel_model_958_5bd9a17a -             60   0.00016   22.0   0.0   1   1   7.9e-09   0.00019   21.8   0.0     1    51     1    54     1    59 0.82 Pathogenesis-related protein Bet v 1 family
DUF4820              PF16091.10   227 cds.evm.model.05.2022.1.5bd9b13b -             60       5.6    6.6  10.2   1   1   0.00025       5.8    6.6  10.2   143   209     3    57     1    60 0.32 Domain of unknown function (DUF4820)
DUF4820              PF16091.10   227 cds.evm.model.05.2022 -             60       5.6    6.6  10.2   1   1   0.00025       5.8    6.6  10.2   143   209     3    57     1    60 0.32 Domain of unknown function (DUF4820)
Ciart                PF15673.10   278 cds.evm.model.01.613 -             60     0.076   12.7   0.6   1   1   3.2e-06     0.075   12.8   0.6   210   253     8    52     4    60 0.77 Circadian-associated transcriptional repressor
MIP                  PF00230.25   222 cds.evm.model.01.613.1.5bd9b134 -             60   1.7e-09   38.2   3.0   1   1   7.3e-14   1.7e-09   38.2   3.0    12    70     4    60     1    60 0.88 Major intrinsic protein
ALOG_dom             PF04852.17   126 cds.evm.model.10.1339 -             60   1.2e-23   84.0   0.1   1   1   5.8e-28   1.4e-23   83.8   0.1    51    94    17    60    14    60 0.98 ALOG domain
Phage_holin_10       PF23987.1     52 cds.evm.model.01.2998 -             60     0.014   15.8   0.0   1   1   7.6e-07     0.018   15.4   0.0    15    31    23    39    20    45 0.88 Bacteriophage holin Pam3 gp28 family
WD40_Prp19           PF24814.1    281 cds.evm.model.ctgX30.6 -             60     0.007   15.8   0.0   1   1   2.2e-06    0.0075   15.7   0.0    63   108    10    55     2    59 0.73 Prp19 WD40 domain
WD40                 PF00400.38    39 cds.evm.model.ctgX30.6 -             60     0.012   16.6   0.2   1   2   3.8e-05      0.13   13.3   0.0    26    39    11    24     4    24 0.80 WD domain, G-beta repeat
WD40                 PF00400.38    39 cds.evm.model.ctgX30.6 -             60     0.012   16.6   0.2   2   2      0.23   7.7e+02    1.4   0.1    13    15    48    50    28    59 0.56 WD domain, G-beta repeat
WD40_WDHD1_1st       PF24817.1    291 cds.evm.model.ctgX30.6 -             60     0.013   15.1   0.1   1   1     4e-06     0.014   15.0   0.1   142   169    10    37     4    58 0.75 WDHD1 first WD40 domain
Beta-prop_EML_2      PF23414.1    266 cds.evm.model.ctgX30.6 -             60     0.032   14.0   0.0   1   1     1e-05     0.035   13.9   0.0    12    57    10    55     2    58 0.85 Echinoderm microtubule-associated protein second beta-propeller
WD40_MABP1-WDR62_2nd PF24782.1    341 cds.evm.model.ctgX30.6 -             60     0.059   12.7   0.0   1   1   1.7e-05     0.059   12.7   0.0    23    45    11    33     3    57 0.80 MABP1/WDR62 second WD40 domain
Beta-prop_IP5PC_F    PF23754.1    392 cds.evm.model.ctgX30.6 -             60     0.079   12.2   0.0   1   1   2.6e-05     0.089   12.0   0.0    76   120     9    55     2    58 0.83 IP5P C-F beta-propeller
Beta-prop_IFT140_1st PF23383.1    406 cds.evm.model.ctgX30.6 -             60     0.098   11.7   0.0   1   1   2.9e-05     0.098   11.7   0.0   289   318    10    40     3    58 0.78 IFT140 first beta-propeller
CYSTM                PF12734.12    37 cds.novel_model_3558_5bd9a17a -             60   3.5e-12   46.6  20.9   1   1   4.9e-16   1.2e-11   45.0  20.9     2    37    11    56    10    56 0.92 Cysteine-rich TM module stress tolerance
EF-hand_1            PF00036.38    29 cds.novel_model_6465_5bd9a17a -             60     0.012   15.5   0.3   1   1   2.1e-06     0.017   15.1   0.3     6    26     1    21     1    23 0.87 EF hand
EF-hand_7            PF13499.12    67 cds.novel_model_6465_5bd9a17a -             60     0.038   14.7   0.4   1   1   1.8e-05      0.14   12.9   0.3    46    65     1    20     1    22 0.87 EF-hand domain pair
EF-hand_6            PF13405.12    30 cds.novel_model_6465_5bd9a17a -             60      0.15   12.3   0.1   1   1   3.3e-05      0.26   11.5   0.1     9    25     4    20     2    25 0.86 EF-hand domain
LTP_2                PF14368.11   100 cds.novel_model_980_5bd9a17a -             60   7.2e-07   29.6   0.8   1   1   9.9e-11   7.8e-07   29.5   0.8    12    53    20    59    10    60 0.76 Probable lipid transfer
Tryp_alpha_amyl      PF00234.27    76 cds.novel_model_980_5bd9a17a -             60   9.3e-05   23.0   1.5   1   1   1.5e-08   0.00012   22.6   1.5     1    31    29    59    29    60 0.93 Protease inhibitor/seed storage/LTP family
KASH                 PF10541.14    58 cds.novel_model_980_5bd9a17a -             60     0.073   13.8   1.4   1   2   9.2e-06     0.073   13.8   1.4    17    54    11    45     7    46 0.88 Nuclear envelope localisation domain
KASH                 PF10541.14    58 cds.novel_model_980_5bd9a17a -             60     0.073   13.8   1.4   2   2       1.1   8.7e+03   -2.5   0.5    31    37    52    58    48    59 0.68 Nuclear envelope localisation domain
EF-hand_7            PF13499.12    67 cds.evm.model.10.961 -             60    0.0006   20.5   0.3   1   1   1.5e-07    0.0009   19.9   0.2     4    30    25    51    22    59 0.81 EF-hand domain pair
EF-hand_6            PF13405.12    30 cds.evm.model.10.961 -             60   0.00086   19.2   0.4   1   2      0.46   2.8e+03   -1.0   0.0     4     9    19    24    17    24 0.84 EF-hand domain
EF-hand_6            PF13405.12    30 cds.evm.model.10.961 -             60   0.00086   19.2   0.4   2   2   4.3e-07    0.0026   17.8   0.1     4    29    27    52    24    53 0.87 EF-hand domain
EF-hand_1            PF00036.38    29 cds.evm.model.10.961 -             60   0.00096   18.9   0.2   1   2       1.1   6.3e+03   -2.4   0.0     4     9    19    24    18    24 0.73 EF hand
EF-hand_1            PF00036.38    29 cds.evm.model.10.961 -             60   0.00096   18.9   0.2   2   2   3.3e-07     0.002   17.9   0.1     5    27    28    50    24    52 0.85 EF hand
EF-hand_5            PF13202.12    25 cds.evm.model.10.961 -             60    0.0053   16.6   0.0   1   1   1.7e-06    0.0099   15.7   0.0     3    21    27    45    25    51 0.87 EF hand
Melibiase_2          PF16499.11   284 cds.novel_model_3925_5bd9a17a -             60   1.5e-12   47.8   0.0   1   1   6.4e-17   1.5e-12   47.8   0.0   209   263     5    59     1    60 0.94 Alpha galactosidase A
HMA                  PF00403.32    62 cds.evm.model.04.1162 -             60     9e-09   36.0   0.6   1   1   5.5e-13   1.3e-08   35.5   0.6     3    32    32    60    30    60 0.93 Heavy-metal-associated domain
HMA                  PF00403.32    62 cds.evm.model.04.1162.1.5bd9b138 -             60     9e-09   36.0   0.6   1   1   5.5e-13   1.3e-08   35.5   0.6     3    32    32    60    30    60 0.93 Heavy-metal-associated domain
GST_N                PF02798.26    76 cds.evm.model.09.474 -             60   2.5e-14   53.7   0.1   1   1   6.9e-18   2.7e-14   53.6   0.1     2    60     4    60     3    60 0.96 Glutathione S-transferase, N-terminal domain
GST_N_3              PF13417.12    75 cds.evm.model.09.474 -             60   2.5e-11   44.1   0.0   1   1     7e-15   2.8e-11   44.0   0.0     1    53     7    60     7    60 0.98 Glutathione S-transferase, N-terminal domain
GST_N_2              PF13409.12    70 cds.evm.model.09.474 -             60   8.5e-09   36.3   0.0   1   1   2.4e-12   9.5e-09   36.1   0.0     2    51    13    59    12    60 0.90 Glutathione S-transferase, N-terminal domain
CLIC-like_N          PF22441.2     86 cds.evm.model.09.474 -             60    0.0032   18.0   0.0   1   1   8.4e-07    0.0033   18.0   0.0    19    62    13    57     5    60 0.85 CLIC-like N-terminal domain
Ecotin               PF03974.18   122 cds.evm.model.09.474 -             60     0.072   13.5   0.0   1   1   1.8e-05     0.072   13.5   0.0    55    90    24    59     2    60 0.91 Ecotin
Glutaredoxin         PF00462.30    60 cds.evm.model.09.474 -             60       0.1   13.2   0.0   1   1   2.7e-05      0.11   13.1   0.0     1    30     5    34     5    56 0.86 Glutaredoxin
VQ                   PF05678.19    28 cds.evm.model.04.1725 -             60    0.0037   17.1   0.1   1   1   2.3e-07    0.0055   16.6   0.1     3    17    46    60    44    60 0.95 VQ motif
Aldedh               PF00171.27   461 cds.evm.model.02.277 -             60   1.3e-09   37.5   0.0   1   1   5.8e-14   1.4e-09   37.4   0.0    57   114     1    59     1    60 0.96 Aldehyde dehydrogenase family
C2                   PF00168.36   104 cds.evm.model.02.2439 -             60   4.3e-05   24.0   0.0   1   1     2e-09   4.7e-05   23.9   0.0    35    85    10    59     4    60 0.81 C2 domain
Zn_ribbon_FGT1_2     PF23548.1     35 cds.evm.model.09.1088 -             60     0.056   13.4   0.2   1   1   3.4e-06      0.08   12.9   0.2    17    27    43    53    42    57 0.86 FORGETTER1 second zinc ribbon domain
Myb_DNA-binding      PF00249.37    46 cds.evm.model.01.597 -             60   0.00014   22.2   0.0   1   1     1e-08   0.00025   21.5   0.0     1    20    39    58    39    60 0.94 Myb-like DNA-binding domain
C2                   PF00168.36   104 cds.evm.model.05.296 -             60   2.8e-08   34.3   0.4   1   1   1.3e-12     3e-08   34.2   0.4     3    54     7    59     5    60 0.89 C2 domain
Transferase          PF02458.20   434 cds.evm.model.02.3216 -             60   1.5e-08   34.1   0.0   1   1     7e-13   1.7e-08   34.0   0.0    10    70     1    60     1    60 0.91 Transferase family
F-box-like           PF12937.12    47 cds.evm.model.06.296 -             60     0.018   15.2   0.0   1   1   1.9e-06     0.023   14.9   0.0     5    37    27    59    27    60 0.89 F-box-like
F-box                PF00646.38    43 cds.evm.model.06.296 -             60      0.12   12.7   0.0   1   1   1.3e-05      0.15   12.4   0.0     5    35    27    57    23    60 0.90 F-box domain
AAA_25               PF13481.12   195 cds.evm.model.01.901.1.5bd9b135 -             60   0.00034   20.7   0.0   1   1   3.2e-07   0.00042   20.4   0.0    30    54    28    52    22    54 0.92 AAA domain
PPV_E1_C             PF00519.23   289 cds.evm.model.01.901.1.5bd9b135 -             60    0.0046   16.5   0.0   1   1   3.5e-06    0.0046   16.5   0.0   108   147    20    59    10    60 0.89 Papillomavirus helicase
PhoH                 PF02562.22   205 cds.evm.model.01.901.1.5bd9b135 -             60     0.019   14.8   0.0   1   1   1.5e-05     0.019   14.8   0.0    16    40    28    52    13    57 0.82 PhoH-like protein
AAA_16               PF13191.12   167 cds.evm.model.01.901.1.5bd9b135 -             60     0.032   15.1   0.0   1   1   2.7e-05     0.036   15.0   0.0    23    41    28    48    19    58 0.74 AAA ATPase domain
ResIII               PF04851.21   164 cds.evm.model.01.901.1.5bd9b135 -             60     0.033   14.5   0.0   1   1   2.5e-05     0.033   14.5   0.0    18    46    26    54     5    58 0.78 Type III restriction enzyme, res subunit
nSTAND3              PF20720.3    155 cds.evm.model.01.901.1.5bd9b135 -             60      0.04   14.0   0.0   1   1   3.3e-05     0.043   13.9   0.0    16    39    30    53    21    58 0.87 Novel STAND NTPase 3
IPT                  PF01745.22   233 cds.evm.model.01.901.1.5bd9b135 -             60     0.047   13.5   0.0   1   1   3.8e-05      0.05   13.4   0.0     2    24    32    54    31    60 0.84 Isopentenyl transferase
Zeta_toxin           PF06414.18   199 cds.evm.model.01.901.1.5bd9b135 -             60     0.062   13.1   0.0   1   1   5.5e-05     0.073   12.9   0.0    10    33    25    48    19    56 0.79 Zeta toxin
AAA_22               PF13401.12   130 cds.evm.model.01.901.1.5bd9b135 -             60     0.095   13.4   0.0   1   1   8.3e-05      0.11   13.2   0.0     5    28    31    54    27    60 0.80 AAA domain
SLFN-g3_helicase     PF09848.15   354 cds.evm.model.01.901.1.5bd9b135 -             60       0.1   12.2   0.0   1   1   8.5e-05      0.11   12.1   0.0     2    23    32    53    31    58 0.89 Schlafen group 3, DNA/RNA helicase domain
ATPase               PF06745.19   231 cds.evm.model.01.901.1.5bd9b135 -             60      0.11   12.2   0.0   1   1   9.3e-05      0.12   12.1   0.0    12    37    24    49    17    53 0.85 KaiC
AAA_5                PF07728.20   139 cds.evm.model.01.901.1.5bd9b135 -             60      0.13   12.7   0.0   1   1   0.00011      0.15   12.5   0.0     2    25    34    56    33    60 0.88 AAA domain (dynein-related subfamily)
T2SSE                PF00437.26   269 cds.evm.model.01.901.1.5bd9b135 -             60      0.16   11.5   0.0   1   1   0.00013      0.17   11.4   0.0   129   147    29    48    17    59 0.75 Type II/IV secretion system protein
AAA_28               PF13521.12   164 cds.evm.model.01.901.1.5bd9b135 -             60      0.17   12.5   0.0   1   1   0.00015       0.2   12.3   0.0     2    22    34    54    33    60 0.88 AAA domain
CbiA                 PF01656.29   125 cds.evm.model.01.901.1.5bd9b135 -             60      0.19   12.1   0.1   1   1   0.00019      0.25   11.7   0.1     1    23    33    55    33    58 0.91 CobQ/CobB/MinD/ParA nucleotide binding domain
AAA_29               PF13555.12    61 cds.evm.model.01.901.1.5bd9b135 -             60       0.2   11.8   0.0   1   1   0.00016      0.22   11.7   0.0    21    38    29    47    20    58 0.78 P-loop containing region of AAA domain
RsgA_GTPase          PF03193.22   174 cds.evm.model.01.901.1.5bd9b135 -             60      0.21   11.8   0.0   1   1   0.00017      0.22   11.7   0.0   104   125    29    50    18    58 0.83 RsgA GTPase
zf-WRNIP1_ubi        PF18279.7     21 cds.evm.model.01.901.1.5bd9b135 -             60      0.23   12.6   4.1   1   1   0.00032      0.43   11.7   4.1     6    17     3    14     1    16 0.93 Werner helicase-interacting protein 1 ubiquitin-binding domain
AAA_25               PF13481.12   195 cds.evm.model.01.901 -             60   0.00034   20.7   0.0   1   1   3.2e-07   0.00042   20.4   0.0    30    54    28    52    22    54 0.92 AAA domain
PPV_E1_C             PF00519.23   289 cds.evm.model.01.901 -             60    0.0046   16.5   0.0   1   1   3.5e-06    0.0046   16.5   0.0   108   147    20    59    10    60 0.89 Papillomavirus helicase
PhoH                 PF02562.22   205 cds.evm.model.01.901 -             60     0.019   14.8   0.0   1   1   1.5e-05     0.019   14.8   0.0    16    40    28    52    13    57 0.82 PhoH-like protein
AAA_16               PF13191.12   167 cds.evm.model.01.901 -             60     0.032   15.1   0.0   1   1   2.7e-05     0.036   15.0   0.0    23    41    28    48    19    58 0.74 AAA ATPase domain
ResIII               PF04851.21   164 cds.evm.model.01.901 -             60     0.033   14.5   0.0   1   1   2.5e-05     0.033   14.5   0.0    18    46    26    54     5    58 0.78 Type III restriction enzyme, res subunit
nSTAND3              PF20720.3    155 cds.evm.model.01.901 -             60      0.04   14.0   0.0   1   1   3.3e-05     0.043   13.9   0.0    16    39    30    53    21    58 0.87 Novel STAND NTPase 3
IPT                  PF01745.22   233 cds.evm.model.01.901 -             60     0.047   13.5   0.0   1   1   3.8e-05      0.05   13.4   0.0     2    24    32    54    31    60 0.84 Isopentenyl transferase
Zeta_toxin           PF06414.18   199 cds.evm.model.01.901 -             60     0.062   13.1   0.0   1   1   5.5e-05     0.073   12.9   0.0    10    33    25    48    19    56 0.79 Zeta toxin
AAA_22               PF13401.12   130 cds.evm.model.01.901 -             60     0.095   13.4   0.0   1   1   8.3e-05      0.11   13.2   0.0     5    28    31    54    27    60 0.80 AAA domain
SLFN-g3_helicase     PF09848.15   354 cds.evm.model.01.901 -             60       0.1   12.2   0.0   1   1   8.5e-05      0.11   12.1   0.0     2    23    32    53    31    58 0.89 Schlafen group 3, DNA/RNA helicase domain
ATPase               PF06745.19   231 cds.evm.model.01.901 -             60      0.11   12.2   0.0   1   1   9.3e-05      0.12   12.1   0.0    12    37    24    49    17    53 0.85 KaiC
AAA_5                PF07728.20   139 cds.evm.model.01.901 -             60      0.13   12.7   0.0   1   1   0.00011      0.15   12.5   0.0     2    25    34    56    33    60 0.88 AAA domain (dynein-related subfamily)
T2SSE                PF00437.26   269 cds.evm.model.01.901 -             60      0.16   11.5   0.0   1   1   0.00013      0.17   11.4   0.0   129   147    29    48    17    59 0.75 Type II/IV secretion system protein
AAA_28               PF13521.12   164 cds.evm.model.01.901 -             60      0.17   12.5   0.0   1   1   0.00015       0.2   12.3   0.0     2    22    34    54    33    60 0.88 AAA domain
CbiA                 PF01656.29   125 cds.evm.model.01.901 -             60      0.19   12.1   0.1   1   1   0.00019      0.25   11.7   0.1     1    23    33    55    33    58 0.91 CobQ/CobB/MinD/ParA nucleotide binding domain
AAA_29               PF13555.12    61 cds.evm.model.01.901 -             60       0.2   11.8   0.0   1   1   0.00016      0.22   11.7   0.0    21    38    29    47    20    58 0.78 P-loop containing region of AAA domain
RsgA_GTPase          PF03193.22   174 cds.evm.model.01.901 -             60      0.21   11.8   0.0   1   1   0.00017      0.22   11.7   0.0   104   125    29    50    18    58 0.83 RsgA GTPase
zf-WRNIP1_ubi        PF18279.7     21 cds.evm.model.01.901 -             60      0.23   12.6   4.1   1   1   0.00032      0.43   11.7   4.1     6    17     3    14     1    16 0.93 Werner helicase-interacting protein 1 ubiquitin-binding domain
Pkinase              PF00069.31   263 cds.evm.model.04.2121 -             60   0.00022   21.1   0.1   1   1   1.2e-08   0.00029   20.7   0.1     1    34    26    59    26    60 0.95 Protein kinase domain
Pertussis_S2S3       PF02918.20   109 cds.evm.model.01.2443 -             60      0.13   12.6   0.0   1   1   5.4e-06      0.13   12.6   0.0    26    68     4    46     1    56 0.87 Pertussis toxin, subunit 2 and 3, C-terminal domain
ArgoL1               PF08699.15    52 cds.evm.model.10.2236 -             60   6.4e-14   51.7   0.1   1   2     5e-18   1.2e-13   50.9   0.0    25    52     3    30     1    30 0.96 Argonaute linker 1 domain
ArgoL1               PF08699.15    52 cds.evm.model.10.2236 -             60   6.4e-14   51.7   0.1   2   2      0.23   5.4e+03   -2.5   0.0     5    18    41    52    39    57 0.57 Argonaute linker 1 domain
DAHP_synth_2         PF01474.22   438 cds.evm.model.05.664.1.5bd9b139 -             60   4.4e-25   88.5   0.0   1   1     2e-29   4.7e-25   88.3   0.0   105   164     1    60     1    60 0.99 Class-II DAHP synthetase family
WRKY                 PF03106.21    59 cds.novel_model_7350_5bd9a17a -             60   4.8e-15   55.9   3.5   1   2       0.3   3.6e+03   -1.3   0.1    12    16    12    16     3    24 0.62 WRKY DNA -binding domain
WRKY                 PF03106.21    59 cds.novel_model_7350_5bd9a17a -             60   4.8e-15   55.9   3.5   2   2     4e-19   4.8e-15   55.9   3.5     1    29    31    59    31    60 0.96 WRKY DNA -binding domain
eIF3g                PF12353.13   130 cds.novel_model_7350_5bd9a17a -             60      0.11   13.1   2.7   1   1     1e-05      0.12   13.0   2.7    19    61     4    46     2    56 0.89 Eukaryotic translation initiation factor 3 subunit G
NADPH_Ox             PF08414.16   101 cds.evm.model.06.1930 -             60   3.4e-14   53.4   0.1   1   1   1.6e-18   3.8e-14   53.2   0.1     5    57     5    58     3    60 0.94 Respiratory burst NADPH oxidase
NAD_binding_2        PF03446.21   161 cds.evm.model.10.1666 -             60   4.6e-12   46.6   0.0   1   1     1e-15   4.9e-12   46.5   0.0     1    41     9    49     9    57 0.93 NAD binding domain of 6-phosphogluconate dehydrogenase
3HCDH_N              PF02737.24   180 cds.evm.model.10.1666 -             60     0.012   15.9   0.0   1   1   2.7e-06     0.013   15.8   0.0     2    43    10    51     9    56 0.90 3-hydroxyacyl-CoA dehydrogenase, NAD binding domain
Shikimate_DH         PF01488.26   138 cds.evm.model.10.1666 -             60     0.028   14.9   0.0   1   1   6.5e-06     0.031   14.7   0.0    14    56     9    50     3    56 0.89 Shikimate / quinate 5-dehydrogenase
F420_oxidored        PF03807.23    94 cds.evm.model.10.1666 -             60     0.061   14.3   0.0   1   1   1.4e-05     0.067   14.2   0.0     1    45     9    51     9    56 0.85 NADP oxidoreductase coenzyme F420-dependent
2-Hacid_dh_C         PF02826.25   178 cds.evm.model.10.1666 -             60     0.062   13.1   0.0   1   1   1.5e-05     0.071   12.9   0.0    37    76     8    46     4    56 0.83 D-isomer specific 2-hydroxyacid dehydrogenase, NAD binding domain
Thaumatin            PF00314.22   209 cds.evm.model.04.1817.1.5bd9b139 -             60   5.2e-11   43.0   0.0   1   1   2.5e-15   5.9e-11   42.8   0.0     1    47    14    60    14    60 0.99 Thaumatin family
Thaumatin            PF00314.22   209 cds.evm.model.04.1817 -             60    0.0014   18.7   0.0   1   1   2.1e-07    0.0017   18.5   0.0     1    28    32    59    32    60 0.94 Thaumatin family
L_biotic_typeA       PF04604.19    50 cds.evm.model.04.1817 -             60     0.094   13.0   0.1   1   1   1.6e-05      0.13   12.5   0.1    22    47    18    43    16    44 0.80 Type-A lantibiotic
DUF2706              PF10913.13    59 cds.evm.model.04.1817 -             60      0.11   12.8   0.1   1   1   1.5e-05      0.12   12.6   0.1     8    32    10    34     6    52 0.91 Protein of unknown function (DUF2706)
MIP                  PF00230.25   222 cds.evm.model.04.1800 -             60   2.8e-06   27.7   0.1   1   1   1.3e-10   3.1e-06   27.5   0.1     1    33    27    59    27    60 0.93 Major intrinsic protein
hEGF                 PF12661.13    22 cds.evm.model.06.598.2.5bd9b13a -             60     0.072   14.0   2.0   1   2     3e-06     0.072   14.0   2.0    13    22    21    30     7    30 0.84 Human growth factor-like EGF
hEGF                 PF12661.13    22 cds.evm.model.06.598.2.5bd9b13a -             60     0.072   14.0   2.0   2   2      0.24   5.7e+03   -1.6   0.8     7    16    52    59    51    60 0.49 Human growth factor-like EGF
Hydrolase            PF00702.32   191 cds.evm.model.07.1401 -             60    0.0067   17.2   0.1   1   1   2.9e-07     0.007   17.2   0.1     2    26    15    39    14    58 0.77 haloacid dehalogenase-like hydrolase
Aldo_ket_red         PF00248.27   291 cds.evm.model.06.607 -             60    0.0012   18.3   0.0   1   1   5.9e-08    0.0014   18.2   0.0     1    37    23    60    23    60 0.93 Aldo/keto reductase family
S-AdoMet_synt_N      PF00438.25    99 cds.evm.model.06.1779 -             60   2.8e-30  105.1   0.3   1   1   2.6e-34   3.1e-30  105.0   0.3     2    58     4    60     3    60 0.98 S-adenosylmethionine synthetase, N-terminal domain
AdoMet_Synthase      PF01941.24   395 cds.evm.model.06.1779 -             60      0.16   11.2   0.0   1   1   1.3e-05      0.16   11.2   0.0    26    42    13    29     7    49 0.87 S-adenosylmethionine synthetase (AdoMet synthetase)
HRG                  PF16954.10    52 cds.evm.model.01.1398.1.5bd9b135.1.5bdae6e1 -             60     0.013   16.3   0.1   1   1   6.9e-07     0.016   15.9   0.1     9    43    23    55    20    56 0.92 Haem-transporter, endosomal/lysosomal, haem-responsive gene
F-box-like           PF12937.12    47 cds.evm.model.05.1249 -             60   0.00099   19.2   0.0   1   1   9.2e-08    0.0011   19.1   0.0     2    33    26    57    25    60 0.91 F-box-like
F-box                PF00646.38    43 cds.evm.model.05.1249 -             60    0.0017   18.6   0.0   1   1   1.7e-07     0.002   18.4   0.0     3    32    27    56    25    59 0.92 F-box domain
PP2                  PF14299.13   148 cds.evm.model.05.1249.1.5bd9b13a -             60   1.1e-09   38.8   0.0   1   1   4.5e-14   1.1e-09   38.8   0.0    31    70    22    59     6    60 0.93 Phloem protein 2
Methyltransf_2       PF00891.24   210 cds.evm.model.10.1597 -             60     6e-14   52.3   0.1   1   1   5.5e-18   6.5e-14   52.1   0.1   133   182     1    51     1    59 0.86 O-methyltransferase domain
Methyltransf_PK      PF05891.18   218 cds.evm.model.10.1597 -             60    0.0021   18.0   0.4   1   1     2e-07    0.0024   17.8   0.4   128   173     1    53     1    57 0.72 AdoMet dependent proline di-methyltransferase
NPR1_interact        PF15699.10   109 cds.evm.model.01.617 -             60   1.8e-07   32.1   3.1   1   2     0.098   7.8e+02    1.1   0.7    88    90    24    26     2    36 0.37 NPR1 interacting
NPR1_interact        PF15699.10   109 cds.evm.model.01.617 -             60   1.8e-07   32.1   3.1   2   2   2.2e-11   1.8e-07   32.1   3.1     1    26    34    59    28    60 0.93 NPR1 interacting
Zn_ribbon_NrdR       PF22811.2     42 cds.evm.model.01.617 -             60     0.015   15.6   0.2   1   1   2.8e-06     0.023   15.0   0.2    13    30     9    26     3    29 0.89 Transcriptional repressor NrdR-like, N-terminal domain
DUF6604              PF20253.3    251 cds.evm.model.01.617 -             60     0.064   13.1   0.4   1   1   8.6e-06     0.068   13.0   0.4   166   213    11    58     2    60 0.81 Family of unknown function (DUF6604)
MTHFR                PF02219.23   287 cds.evm.model.02.3283 -             60   1.3e-18   67.8   0.2   1   1   1.2e-22   1.4e-18   67.7   0.2    33    91     1    59     1    60 0.98 Methylenetetrahydrofolate reductase
DUF4567              PF15131.11    75 cds.evm.model.02.3283 -             60      0.22   12.1   0.0   1   1   2.2e-05      0.26   12.0   0.0    38    52    17    31     2    47 0.78 Domain of unknown function (DUF4567)
LRRNT_2              PF08263.17    41 cds.evm.model.08.718 -             60   1.5e-07   31.9   5.0   1   1   2.8e-11   3.3e-07   30.8   5.0     6    41    14    56    13    56 0.94 Leucine rich repeat N-terminal domain
RelB_leu_zip         PF16180.10    84 cds.evm.model.08.718 -             60     0.046   14.1   0.0   1   1   4.1e-06     0.048   14.0   0.0    20    56     8    43     3    54 0.83 RelB leucine zipper
HMG-CoA_red          PF00368.23   368 cds.novel_model_1686_5bd9a17a.2.5bd9b136 -             60   4.1e-18   65.9   1.7   1   1   1.8e-22   4.2e-18   65.9   1.7   242   295     3    59     1    60 0.91 Hydroxymethylglutaryl-coenzyme A reductase
NTP_transferase      PF00483.29   245 cds.evm.model.02.345.2.5bd9b134 -             60   1.6e-16   61.0   0.1   1   1   2.8e-20   1.7e-16   61.0   0.1     1    59     2    59     2    60 0.96 Nucleotidyl transferase
NTP_transf_3         PF12804.13   160 cds.evm.model.02.345.2.5bd9b134 -             60   3.1e-09   37.6   0.0   1   1   5.5e-13   3.3e-09   37.5   0.0     1    49     3    56     3    60 0.90 MobA-like NTP transferase domain
IspD                 PF01128.25   221 cds.evm.model.02.345.2.5bd9b134 -             60     0.004   17.3   0.0   1   1   7.4e-07    0.0044   17.2   0.0     2    54     2    56     1    59 0.85 2-C-methyl-D-erythritol 4-phosphate cytidylyltransferase
CTP_transf_3         PF02348.25   217 cds.evm.model.02.345.2.5bd9b134 -             60    0.0054   16.9   0.1   1   1     1e-06    0.0062   16.7   0.1    16    46    23    52    21    56 0.91 Cytidylyltransferase
NTP_transferase      PF00483.29   245 cds.evm.model.02.345.1.5bd9b134 -             60   1.6e-16   61.0   0.1   1   1   2.8e-20   1.7e-16   61.0   0.1     1    59     2    59     2    60 0.96 Nucleotidyl transferase
NTP_transf_3         PF12804.13   160 cds.evm.model.02.345.1.5bd9b134 -             60   3.1e-09   37.6   0.0   1   1   5.5e-13   3.3e-09   37.5   0.0     1    49     3    56     3    60 0.90 MobA-like NTP transferase domain
IspD                 PF01128.25   221 cds.evm.model.02.345.1.5bd9b134 -             60     0.004   17.3   0.0   1   1   7.4e-07    0.0044   17.2   0.0     2    54     2    56     1    59 0.85 2-C-methyl-D-erythritol 4-phosphate cytidylyltransferase
CTP_transf_3         PF02348.25   217 cds.evm.model.02.345.1.5bd9b134 -             60    0.0054   16.9   0.1   1   1     1e-06    0.0062   16.7   0.1    16    46    23    52    21    56 0.91 Cytidylyltransferase
NTP_transferase      PF00483.29   245 cds.evm.model.02.345 -             60   1.6e-16   61.0   0.1   1   1   2.8e-20   1.7e-16   61.0   0.1     1    59     2    59     2    60 0.96 Nucleotidyl transferase
NTP_transf_3         PF12804.13   160 cds.evm.model.02.345 -             60   3.1e-09   37.6   0.0   1   1   5.5e-13   3.3e-09   37.5   0.0     1    49     3    56     3    60 0.90 MobA-like NTP transferase domain
IspD                 PF01128.25   221 cds.evm.model.02.345 -             60     0.004   17.3   0.0   1   1   7.4e-07    0.0044   17.2   0.0     2    54     2    56     1    59 0.85 2-C-methyl-D-erythritol 4-phosphate cytidylyltransferase
CTP_transf_3         PF02348.25   217 cds.evm.model.02.345 -             60    0.0054   16.9   0.1   1   1     1e-06    0.0062   16.7   0.1    16    46    23    52    21    56 0.91 Cytidylyltransferase
LPAM_2               PF13627.11    23 cds.evm.model.01.497 -             60       1.7    9.0   6.3   1   1   8.9e-05       2.1    8.7   6.3     1    14     6    19     6    19 0.96 Prokaryotic lipoprotein-attachment site
DUF4714              PF15833.10   149 cds.evm.model.03.546 -             60     0.029   14.9   0.0   1   1   1.4e-06     0.034   14.7   0.0    11    59     8    56     3    59 0.91 Domain of unknown function (DUF4714)
DUF3774              PF12609.13    80 cds.novel_model_6215_5bd9a17a -             60   7.9e-19   68.9   0.5   1   1     2e-22   9.5e-19   68.6   0.5     1    44    10    53    10    59 0.92 Wound-induced protein
A_deamin             PF02137.24   329 cds.novel_model_6215_5bd9a17a -             60     0.027   14.3   0.1   1   1   5.7e-06     0.027   14.3   0.1   274   308    24    58    11    60 0.91 Adenosine-deaminase (editase) domain
DUF3757              PF12582.13   125 cds.novel_model_6215_5bd9a17a -             60     0.048   14.3   0.1   1   1     1e-05      0.05   14.3   0.1    11    57    10    56     4    60 0.88 Protein of unknown function (DUF3757)
Myb_DNA-binding      PF00249.37    46 cds.novel_model_6215_5bd9a17a -             60      0.13   12.8   0.2   1   2   4.7e-05      0.23   12.0   0.0    13    41    17    46    16    48 0.92 Myb-like DNA-binding domain
Myb_DNA-binding      PF00249.37    46 cds.novel_model_6215_5bd9a17a -             60      0.13   12.8   0.2   2   2       2.4   1.2e+04   -3.1   0.0    24    30    50    56    50    58 0.71 Myb-like DNA-binding domain
DUF2639              PF11121.13    38 cds.novel_model_6215_5bd9a17a -             60      0.24   11.8   0.8   1   1    0.0028        14    6.2   0.8     4    18     5    26     3    52 0.62 Protein of unknown function (DUF2639)
zf-CCCH_4            PF18044.7     22 cds.evm.model.07.1834 -             60     0.028   14.6   1.7   1   2    0.0096   1.1e+02    3.0   0.0     9    14    18    23    14    24 0.82 CCCH-type zinc finger
zf-CCCH_4            PF18044.7     22 cds.evm.model.07.1834 -             60     0.028   14.6   1.7   2   2   4.8e-05      0.57   10.4   0.5     5    16    28    39    28    39 0.94 CCCH-type zinc finger
IlvGEDA_leader       PF08046.16    32 cds.evm.model.07.1834 -             60      0.84    9.7   4.2   1   1   0.00014       1.6    8.8   4.2     8    23     3    19     1    23 0.80 IlvGEDA operon leader peptide
MFMR                 PF07777.16    96 cds.evm.model.02.2081.2.5bd9b136 -             60   1.9e-15   57.5   0.7   1   1   9.2e-20   2.2e-15   57.4   0.7     1    55     1    60     1    60 0.93 G-box binding protein MFMR
MFMR                 PF07777.16    96 cds.evm.model.02.2081 -             60   1.9e-15   57.5   0.7   1   1   9.2e-20   2.2e-15   57.4   0.7     1    55     1    60     1    60 0.93 G-box binding protein MFMR
MFMR                 PF07777.16    96 cds.evm.model.02.2081.4.5bd9b136 -             60   1.9e-15   57.5   0.7   1   1   9.2e-20   2.2e-15   57.4   0.7     1    55     1    60     1    60 0.93 G-box binding protein MFMR
MFMR                 PF07777.16    96 cds.evm.model.02.2081.1.5bd9b136 -             60   1.9e-15   57.5   0.7   1   1   9.2e-20   2.2e-15   57.4   0.7     1    55     1    60     1    60 0.93 G-box binding protein MFMR
MFMR                 PF07777.16    96 cds.evm.model.02.2081.3.5bd9b136 -             60   1.9e-15   57.5   0.7   1   1   9.2e-20   2.2e-15   57.4   0.7     1    55     1    60     1    60 0.93 G-box binding protein MFMR
DUF3302              PF11742.13    77 cds.novel_model_1965_5bd9a17a.1.5bd9b136 -             60      0.13   12.9   0.1   1   1   1.2e-05      0.14   12.7   0.1    15    55     8    48     1    60 0.67 Protein of unknown function (DUF3302)
ALN                  PF17696.6     68 cds.novel_model_1965_5bd9a17a.1.5bd9b136 -             60      0.53   10.9   2.1   1   1   6.7e-05      0.79   10.3   2.1    46    66    39    59    24    60 0.80 Another-regulin-like
DUF3302              PF11742.13    77 cds.novel_model_1963_5bd9a17a.4.5bd9b136 -             60      0.13   12.9   0.1   1   1   1.2e-05      0.14   12.7   0.1    15    55     8    48     1    60 0.67 Protein of unknown function (DUF3302)
ALN                  PF17696.6     68 cds.novel_model_1963_5bd9a17a.4.5bd9b136 -             60      0.53   10.9   2.1   1   1   6.7e-05      0.79   10.3   2.1    46    66    39    59    24    60 0.80 Another-regulin-like
DUF3302              PF11742.13    77 cds.novel_model_1964_5bd9a17a.2.5bd9b136 -             60      0.13   12.9   0.1   1   1   1.2e-05      0.14   12.7   0.1    15    55     8    48     1    60 0.67 Protein of unknown function (DUF3302)
ALN                  PF17696.6     68 cds.novel_model_1964_5bd9a17a.2.5bd9b136 -             60      0.53   10.9   2.1   1   1   6.7e-05      0.79   10.3   2.1    46    66    39    59    24    60 0.80 Another-regulin-like
DUF3302              PF11742.13    77 cds.novel_model_1967_5bd9a17a.5.5bd9b136 -             60      0.13   12.9   0.1   1   1   1.2e-05      0.14   12.7   0.1    15    55     8    48     1    60 0.67 Protein of unknown function (DUF3302)
ALN                  PF17696.6     68 cds.novel_model_1967_5bd9a17a.5.5bd9b136 -             60      0.53   10.9   2.1   1   1   6.7e-05      0.79   10.3   2.1    46    66    39    59    24    60 0.80 Another-regulin-like
Tetraspanin          PF00335.26   225 cds.evm.model.02.969 -             60   4.3e-09   36.7   2.2   1   1   1.9e-13   4.6e-09   36.7   2.2     3    65     6    60     4    60 0.94 Tetraspanin family
PK_Tyr_Ser-Thr       PF07714.23   258 cds.novel_model_3527_5bd9a17a -             60   4.3e-08   33.2   0.0   1   1   5.4e-12   4.3e-08   33.2   0.0    59   104    12    56     4    60 0.86 Protein tyrosine and serine/threonine kinase
Pkinase              PF00069.31   263 cds.novel_model_3527_5bd9a17a -             60   1.2e-06   28.5   0.0   1   1   1.5e-10   1.2e-06   28.5   0.0    49    97     3    53     1    60 0.85 Protein kinase domain
Albumin_I_a          PF16720.10    48 cds.novel_model_3527_5bd9a17a -             60       0.2   12.0   0.1   1   1   3.6e-05      0.28   11.5   0.1    24    39    13    28     5    33 0.77 Albumin I chain a
TMEM171              PF15471.11   320 cds.evm.model.09.375 -             60       0.2   11.0   0.1   1   1   8.9e-06      0.21   10.9   0.1    11    42     9    40     4    56 0.77 Transmembrane protein family 171
bCoV_NS7A            PF08779.16   107 cds.evm.model.03.1436 -             60      0.31   11.7   1.2   1   1   1.7e-05      0.41   11.3   1.2    79   103     5    29     2    33 0.85 Betacoronavirus NS7A protein
UQ_con               PF00179.31   140 cds.evm.model.05.2000.4.5bd9b13b -             60   3.2e-15   56.4   0.0   1   1   1.4e-19   3.4e-15   56.2   0.0     1    57     5    60     5    60 0.98 Ubiquitin-conjugating enzyme
UQ_con               PF00179.31   140 cds.evm.model.05.2000.1.5bd9b13b -             60   2.1e-27   95.8   1.0   1   1   3.8e-31   2.3e-27   95.7   1.0    27    86     1    60     1    60 0.99 Ubiquitin-conjugating enzyme
RWD                  PF05773.27   112 cds.evm.model.05.2000.1.5bd9b13b -             60    0.0023   18.5   0.0   1   1   3.8e-07    0.0023   18.5   0.0    51    74    21    44     3    59 0.83 RWD domain
UBC_like             PF23009.1     85 cds.evm.model.05.2000.1.5bd9b13b -             60      0.19   12.1   0.0   1   1   4.6e-05      0.27   11.6   0.0    25    46    23    44    19    54 0.87 Ubiquitin conjugating domain-like
Prok-E2_B            PF14461.11   135 cds.evm.model.05.2000.1.5bd9b13b -             60      0.22   11.9   0.1   1   1     4e-05      0.24   11.8   0.1    34    78    16    57     5    58 0.89 Prokaryotic E2 family B
UQ_con               PF00179.31   140 cds.evm.model.05.2000.3.5bd9b13b -             60   3.2e-15   56.4   0.0   1   1   1.4e-19   3.4e-15   56.2   0.0     1    57     5    60     5    60 0.98 Ubiquitin-conjugating enzyme
UQ_con               PF00179.31   140 cds.evm.model.05.2000.6.5bd9b13b -             60   3.2e-15   56.4   0.0   1   1   1.4e-19   3.4e-15   56.2   0.0     1    57     5    60     5    60 0.98 Ubiquitin-conjugating enzyme
UQ_con               PF00179.31   140 cds.evm.model.05.2000.2.5bd9b13b -             60   1.4e-14   54.3   0.0   1   1   6.4e-19   1.5e-14   54.2   0.0     1    59     5    60     5    60 0.92 Ubiquitin-conjugating enzyme
UQ_con               PF00179.31   140 cds.evm.model.05.2000.5.5bd9b13b -             60   3.2e-15   56.4   0.0   1   1   1.4e-19   3.4e-15   56.2   0.0     1    57     5    60     5    60 0.98 Ubiquitin-conjugating enzyme
Bet_v_1              PF00407.25   151 cds.evm.model.07.394 -             60   5.7e-09   36.4   0.0   1   1   2.5e-13     6e-09   36.4   0.0     1    59     1    59     1    60 0.95 Pathogenesis-related protein Bet v 1 family
Patatin              PF01734.27   191 cds.evm.model.02.709 -             60    0.0018   18.9   0.2   1   1   1.5e-07    0.0018   18.9   0.2     8    50     1    54     1    60 0.88 Patatin-like phospholipase
TPR_19               PF14559.12    68 cds.evm.model.02.709 -             60     0.088   13.5   0.2   1   1   8.9e-06      0.11   13.3   0.2     9    29     8    28     7    39 0.90 Tetratricopeptide repeat
Patatin              PF01734.27   191 cds.evm.model.02.709.1.5bd9b134 -             60    0.0018   18.9   0.2   1   1   1.5e-07    0.0018   18.9   0.2     8    50     1    54     1    60 0.88 Patatin-like phospholipase
TPR_19               PF14559.12    68 cds.evm.model.02.709.1.5bd9b134 -             60     0.088   13.5   0.2   1   1   8.9e-06      0.11   13.3   0.2     9    29     8    28     7    39 0.90 Tetratricopeptide repeat
Patatin              PF01734.27   191 cds.evm.model.02.709.2.5bd9b134 -             60    0.0018   18.9   0.2   1   1   1.5e-07    0.0018   18.9   0.2     8    50     1    54     1    60 0.88 Patatin-like phospholipase
TPR_19               PF14559.12    68 cds.evm.model.02.709.2.5bd9b134 -             60     0.088   13.5   0.2   1   1   8.9e-06      0.11   13.3   0.2     9    29     8    28     7    39 0.90 Tetratricopeptide repeat
ADH_N                PF08240.17   104 cds.evm.model.01.102 -             60   0.00088   19.9   0.0   1   1   4.8e-08    0.0011   19.5   0.0     1    33    29    60    29    60 0.86 Alcohol dehydrogenase GroES-like domain
MAP65_ASE1           PF03999.17   477 cds.evm.model.04.544 -             60   5.9e-08   32.3   0.1   1   1     1e-11   6.1e-08   32.2   0.1    10    66     2    58     1    60 0.96 Microtubule associated protein (MAP65/ASE1 family)
DUF4472              PF14739.11   107 cds.evm.model.04.544 -             60     0.025   15.6   1.0   1   1   4.8e-06     0.028   15.4   1.0    26    73     6    54     2    58 0.84 Domain of unknown function (DUF4472)
DUF7711              PF24821.1    197 cds.evm.model.04.544 -             60     0.079   13.0   0.3   1   1   1.3e-05      0.08   13.0   0.3   117   158    13    54     1    57 0.84 Domain of unknown function (DUF7711)
DUF5595              PF18077.6     73 cds.evm.model.04.544 -             60      0.08   13.4   1.2   1   1   1.7e-05       0.1   13.0   1.2    27    73     7    52     6    52 0.90 Domain of unknown function (DUF5595)
PK_Tyr_Ser-Thr       PF07714.23   258 cds.novel_model_2861_5bd9a17a.2.5bd9b137 -             60     1e-07   31.9   0.0   1   1   8.8e-12     1e-07   31.9   0.0    54   107     1    57     1    60 0.82 Protein tyrosine and serine/threonine kinase
Pkinase              PF00069.31   263 cds.novel_model_2861_5bd9a17a.2.5bd9b137 -             60     8e-05   22.5   0.0   1   1   6.7e-09     8e-05   22.5   0.0    52    90     2    40     1    59 0.88 Protein kinase domain
Actin                PF00022.25   410 cds.evm.model.05.2138.4.5bd9b13b -             60   1.6e-16   60.3   0.0   1   1   7.4e-21   1.8e-16   60.2   0.0    43    97     6    60     2    60 0.95 Actin
Actin                PF00022.25   410 cds.evm.model.05.2138 -             60   1.9e-13   50.2   0.1   1   1   8.3e-18     2e-13   50.1   0.1     2    51     5    59     4    60 0.93 Actin
Actin                PF00022.25   410 cds.evm.model.05.2138.1.5bd9b13b -             60   1.9e-13   50.2   0.1   1   1   8.3e-18     2e-13   50.1   0.1     2    51     5    59     4    60 0.93 Actin
Actin                PF00022.25   410 cds.evm.model.05.2138.2.5bd9b13b -             60   1.9e-13   50.2   0.1   1   1   8.3e-18     2e-13   50.1   0.1     2    51     5    59     4    60 0.93 Actin
Actin                PF00022.25   410 cds.evm.model.05.2138.3.5bd9b13b -             60   1.6e-16   60.3   0.0   1   1   7.4e-21   1.8e-16   60.2   0.0    43    97     6    60     2    60 0.95 Actin
Methyltransf_7       PF03492.21   335 cds.evm.model.08.1182 -             60   3.7e-25   89.2   0.3   1   1   1.6e-29   3.8e-25   89.1   0.3    89   145     4    59     1    60 0.94 SAM dependent carboxyl methyltransferase
EF-hand_1            PF00036.38    29 cds.evm.model.08.1509 -             60   2.9e-06   26.8   0.4   1   1   1.1e-09     5e-06   26.1   0.4     2    29    23    50    22    50 0.94 EF hand
EF-hand_7            PF13499.12    67 cds.evm.model.08.1509 -             60   7.6e-06   26.6   0.2   1   1   1.7e-09   8.1e-06   26.5   0.2    36    66    18    47     1    48 0.78 EF-hand domain pair
EF_EFCAB10_C         PF24548.1     60 cds.evm.model.08.1509 -             60   4.9e-05   23.3   0.0   1   1   1.4e-08   6.7e-05   22.9   0.0     4    35    24    55    22    59 0.91 EFCAB10, C-terminal EF-hand
EF-hand_8            PF13833.12    54 cds.evm.model.08.1509 -             60   0.00011   22.2   0.3   1   1   3.2e-08   0.00015   21.8   0.3    26    52    22    48     1    49 0.91 EF-hand domain pair
EF-hand_6            PF13405.12    30 cds.evm.model.08.1509 -             60   0.00038   20.3   0.0   1   1   1.5e-07   0.00072   19.5   0.0     4    30    25    51    22    51 0.93 EF-hand domain
PMR5N                PF14416.11    55 cds.evm.model.10.1316 -             60   2.4e-17   63.4   2.9   1   1   1.2e-21   2.9e-17   63.1   2.9     2    44    19    60    18    60 0.98 PMR5 N terminal Domain
DUF2427              PF10348.14   105 cds.evm.model.04.698 -             60    0.0036   17.4   0.4   1   1   3.4e-07     0.004   17.3   0.4    43    83     4    45     2    57 0.80 Domain of unknown function (DUF2427)
DUF2700              PF10912.13   146 cds.evm.model.04.698 -             60    0.0082   16.6   0.1   1   1   7.1e-07    0.0085   16.5   0.1    60    94     9    43     3    58 0.82 Protein of unknown function (DUF2700)
Mlo                  PF03094.20   483 cds.evm.model.04.1438 -             60   1.4e-08   33.9   0.1   1   1   3.5e-12   2.1e-08   33.4   0.1     1    31    30    60    30    60 0.97 Mlo family
DUF5453              PF17534.7    186 cds.evm.model.04.1438 -             60    0.0071   16.7   0.3   1   1   1.4e-06    0.0082   16.5   0.3    90   150     4    59     2    60 0.86 Family of unknown function (DUF5453)
DPM3                 PF08285.16    90 cds.evm.model.04.1438 -             60     0.036   14.7   1.3   1   1   6.8e-06     0.041   14.5   1.3     6    57     2    54     1    58 0.82 Dolichol-phosphate mannosyltransferase subunit 3 (DPM3)
Vut_1                PF02592.20   152 cds.evm.model.04.1438 -             60     0.076   13.8   2.3   1   1   1.4e-05     0.083   13.6   2.3    32    78     3    49     1    53 0.76 Putative vitamin uptake transporter
Hydrophob_seed       PF14547.11    85 cds.evm.model.05.1618 -             60   3.4e-14   53.3   3.7   1   1   4.8e-18   3.8e-14   53.2   3.7     2    52    10    60     9    60 0.94 Hydrophobic seed protein
Tryp_alpha_amyl      PF00234.27    76 cds.evm.model.05.1618 -             60   1.8e-08   34.9   0.6   1   1   2.6e-12     2e-08   34.7   0.6     1    45    10    60    10    60 0.97 Protease inhibitor/seed storage/LTP family
LTP_2                PF14368.11   100 cds.evm.model.05.1618 -             60   4.4e-06   27.1   0.6   1   1   5.8e-10   4.6e-06   27.1   0.6    15    68     4    59     1    60 0.89 Probable lipid transfer
DIOX_N               PF14226.12   117 cds.evm.model.09.1612 -             60   3.6e-06   28.0   0.0   1   1   1.7e-10   3.9e-06   27.9   0.0    56   109     1    47     1    56 0.83 non-haem dioxygenase in morphine synthesis N-terminal
SRF-TF               PF00319.23    48 cds.novel_model_2713_5bd9a17a -             60     1e-26   92.5   0.1   1   1   1.5e-30   1.2e-26   92.3   0.1     1    48    10    57    10    57 0.99 SRF-type transcription factor (DNA-binding and dimerisation domain)
Proteasome_A_N       PF10584.14    23 cds.novel_model_2713_5bd9a17a -             60     0.034   14.2   0.0   1   2      0.48   3.8e+03   -1.9   0.0     7     9    20    22    17    23 0.74 Proteasome subunit A N-terminal signature
Proteasome_A_N       PF10584.14    23 cds.novel_model_2713_5bd9a17a -             60     0.034   14.2   0.0   2   2   1.1e-05     0.088   12.9   0.0     3    16    43    56    42    56 0.90 Proteasome subunit A N-terminal signature
DUF4116              PF13475.11    49 cds.novel_model_2713_5bd9a17a -             60     0.081   12.9   0.0   1   1   1.3e-05       0.1   12.6   0.0    22    45    36    59    24    60 0.83 Domain of unknown function (DUF4116)
VIT1                 PF01988.24   214 cds.evm.model.07.1680 -             60   1.3e-06   28.8   0.9   1   1   7.1e-11   1.7e-06   28.4   0.9     1    25    35    59    35    60 0.95 VIT family
FMN_red              PF03358.20   152 cds.evm.model.02.2833.3.5bd9b136 -             60   1.4e-06   28.3   0.0   1   1   1.4e-10   1.6e-06   28.1   0.0    67   110    16    60    11    60 0.95 NADPH-dependent FMN reductase
Flavodoxin_2         PF02525.22   198 cds.evm.model.02.2833.3.5bd9b136 -             60     0.016   15.3   0.0   1   1   1.3e-06     0.016   15.3   0.0    69   102    12    44     2    59 0.87 Flavodoxin-like fold
Flavodoxin_1         PF00258.30   143 cds.evm.model.02.2833.1.5bd9b136 -             60   1.9e-06   28.5   0.0   1   1   1.8e-10   2.1e-06   28.3   0.0     1    44     7    49     7    55 0.82 Flavodoxin
L_lac_phage_MSP      PF06488.17   218 cds.evm.model.02.2833.1.5bd9b136 -             60      0.18   11.5   0.0   1   1   1.6e-05      0.19   11.5   0.0    67    95    23    52     9    56 0.82 Phage tail tube protein
FMN_red              PF03358.20   152 cds.evm.model.02.2833.3.5bd9b136.1.5bdae6e3 -             60   1.4e-06   28.3   0.0   1   1   1.4e-10   1.6e-06   28.1   0.0    67   110    16    60    11    60 0.95 NADPH-dependent FMN reductase
Flavodoxin_2         PF02525.22   198 cds.evm.model.02.2833.3.5bd9b136.1.5bdae6e3 -             60     0.016   15.3   0.0   1   1   1.3e-06     0.016   15.3   0.0    69   102    12    44     2    59 0.87 Flavodoxin-like fold
Flavodoxin_1         PF00258.30   143 cds.evm.model.02.2833 -             60     0.012   16.1   0.0   1   1   1.1e-06     0.014   16.0   0.0     6    44     1    38     1    46 0.80 Flavodoxin
L_lac_phage_MSP      PF06488.17   218 cds.evm.model.02.2833 -             60      0.21   11.3   0.0   1   1     2e-05      0.24   11.1   0.0    68    95    13    41     4    45 0.82 Phage tail tube protein
Flavodoxin_1         PF00258.30   143 cds.evm.model.02.2833.2.5bd9b136 -             60     0.012   16.1   0.0   1   1   1.1e-06     0.014   16.0   0.0     6    44     1    38     1    46 0.80 Flavodoxin
L_lac_phage_MSP      PF06488.17   218 cds.evm.model.02.2833.2.5bd9b136 -             60      0.21   11.3   0.0   1   1     2e-05      0.24   11.1   0.0    68    95    13    41     4    45 0.82 Phage tail tube protein
Transferase          PF02458.20   434 cds.evm.model.02.482 -             60     0.013   14.6   0.0   1   1     6e-07     0.014   14.4   0.0     6    47     9    51     6    58 0.90 Transferase family
Extensin_2           PF04554.18    57 cds.novel_model_1779_5bd9a17a -             60   6.2e-05   23.4  21.7   1   1   3.2e-09   7.7e-05   23.1  21.7    31    57    33    58    23    60 0.58 Extensin-like region
Extensin_2           PF04554.18    57 cds.novel_model_1783_5bd9a17a.4.5bd9b136 -             60   6.2e-05   23.4  21.7   1   1   3.2e-09   7.7e-05   23.1  21.7    31    57    33    58    23    60 0.58 Extensin-like region
Extensin_2           PF04554.18    57 cds.novel_model_1780_5bd9a17a.3.5bd9b136 -             60   6.2e-05   23.4  21.7   1   1   3.2e-09   7.7e-05   23.1  21.7    31    57    33    58    23    60 0.58 Extensin-like region
Extensin_2           PF04554.18    57 cds.novel_model_1781_5bd9a17a.2.5bd9b136 -             60   6.2e-05   23.4  21.7   1   1   3.2e-09   7.7e-05   23.1  21.7    31    57    33    58    23    60 0.58 Extensin-like region
Extensin_2           PF04554.18    57 cds.novel_model_1782_5bd9a17a.1.5bd9b136 -             60   6.2e-05   23.4  21.7   1   1   3.2e-09   7.7e-05   23.1  21.7    31    57    33    58    23    60 0.58 Extensin-like region
Thioredoxin           PF00085.26   103 cds.evm.model.09.1052 -             60   4.7e-07   30.1   0.1   1   1   9.3e-11   5.5e-07   29.9   0.1    10    34    32    59    22    60 0.73 Thioredoxin
Thioredoxin_7         PF13899.12    83 cds.evm.model.09.1052 -             60    0.0013   19.2   0.0   1   1   2.7e-07    0.0016   18.9   0.0     3    33    29    59    27    60 0.90 Thioredoxin-like
PfEMP1_CIDRalpha1_dom PF21807.2     59 cds.evm.model.09.1052 -             60     0.022   15.1   0.2   1   1   4.6e-06     0.027   14.8   0.2    28    48    23    43    11    47 0.83 PfEMP1 protein, CIDRalpha1 domain
Redoxin               PF08534.16   148 cds.evm.model.09.1052 -             60     0.081   13.1   0.0   1   1   1.4e-05     0.084   13.0   0.0    20    45    35    59    15    60 0.76 Redoxin
DIOX_N               PF14226.12   117 cds.evm.model.02.2396 -             60   2.2e-09   38.4   0.0   1   1     2e-13   2.4e-09   38.3   0.0     3    51    12    58    10    60 0.89 non-haem dioxygenase in morphine synthesis N-terminal
F-box-like           PF12937.12    47 cds.evm.model.02.2396 -             60    0.0049   17.0   0.0   1   2   8.3e-07    0.0099   16.0   0.0     8    31     8    35     6    39 0.84 F-box-like
F-box-like           PF12937.12    47 cds.evm.model.02.2396 -             60    0.0049   17.0   0.0   2   2      0.44   5.2e+03   -2.3   0.0    39    45    48    54    44    56 0.65 F-box-like
Phage_zn_bind_8      PF24623.1     57 cds.evm.model.10.919 -             60       1.4    9.1   8.4   1   1    0.0019        46    4.2   8.4    16    42     9    33     7    55 0.77 Putative DNA-binding phage zinc finger domain
Glyco_hydro_32N      PF00251.26   307 cds.evm.model.01.1191 -             60   3.4e-19   69.9   1.1   1   1   1.5e-23   3.7e-19   69.8   1.1    12    63     4    55     1    59 0.94 Glycosyl hydrolases family 32 N-terminal domain
U-box                PF04564.21    73 cds.evm.model.10.264 -             60   5.2e-16   58.9   0.1   1   1   1.3e-19     6e-16   58.8   0.1     1    50     6    56     6    59 0.93 U-box domain
zf-Nse               PF11789.14    57 cds.evm.model.10.264 -             60   1.1e-05   25.6   0.1   1   1   3.5e-09   1.7e-05   25.0   0.1    13    53    11    50     2    52 0.88 Zinc-finger of the MIZ type in Nse subunit
zf-RING_UBOX         PF13445.12    39 cds.evm.model.10.264 -             60   4.2e-05   23.8   0.0   1   2     3e-08   0.00014   22.1   0.0     1    39    12    49    12    49 0.79 RING-type zinc-finger
zf-RING_UBOX         PF13445.12    39 cds.evm.model.10.264 -             60   4.2e-05   23.8   0.0   2   2      0.14   6.9e+02    0.8   0.0     1     7    48    54    48    57 0.85 RING-type zinc-finger
zf-NOSIP             PF15906.11    75 cds.evm.model.10.264 -             60    0.0021   18.5   0.3   1   2   4.1e-06     0.019   15.4   0.0    39    72     8    41     2    44 0.89 Zinc-finger of nitric oxide synthase-interacting protein
zf-NOSIP             PF15906.11    75 cds.evm.model.10.264 -             60    0.0021   18.5   0.3   2   2     0.077   3.6e+02    1.7   0.2    41    50    46    55    42    58 0.86 Zinc-finger of nitric oxide synthase-interacting protein
zf-C3HC4_4           PF15227.12    42 cds.evm.model.10.264 -             60    0.0042   17.6   0.1   1   1   1.1e-06    0.0053   17.2   0.1     1    40    12    49    12    51 0.91 zinc finger of C3HC4-type, RING
peroxidase           PF00141.28   237 cds.evm.model.06.2072.1.5bd9b13b -             60   1.2e-07   32.2   0.0   1   1   5.1e-12   1.2e-07   32.2   0.0    29    65    21    60     5    60 0.89 Peroxidase
peroxidase           PF00141.28   237 cds.evm.model.06.2072.2.5bd9b13b -             60   5.8e-14   52.8   0.0   1   1   2.6e-18   6.2e-14   52.7   0.0   141   197     1    59     1    60 0.86 Peroxidase
INT_rpt              PF14882.11    55 cds.evm.model.06.2072 -             60      0.16   12.6   0.1   1   1   8.7e-06      0.21   12.3   0.1    31    53    34    56    25    57 0.93 Integrase repeat unit
INT_rpt              PF14882.11    55 cds.evm.model.06.2072.1.5bdae6e2 -             60      0.16   12.6   0.1   1   1   8.7e-06      0.21   12.3   0.1    31    53    34    56    25    57 0.93 Integrase repeat unit
PGG                  PF13962.11   116 cds.novel_model_1216_5bd9a17a -             60   2.8e-14   53.3   0.0   1   1   1.3e-18     3e-14   53.2   0.0     2    44     4    45     3    56 0.83 Domain of unknown function
Serpin               PF00079.25   370 cds.evm.model.01.2791 -             60   3.1e-10   40.2   0.1   1   1   1.4e-14   3.3e-10   40.1   0.1     2    51     9    59     8    60 0.95 Serpin (serine protease inhibitor)
Epimerase            PF01370.27   240 cds.novel_model_617_5bd9a17a.4.5bd9b134 -             60   3.3e-06   27.1   0.0   1   1   1.2e-09     4e-06   26.8   0.0     1    22    35    56    35    60 0.91 NAD dependent epimerase/dehydratase family
GDP_Man_Dehyd        PF16363.11   332 cds.novel_model_617_5bd9a17a.4.5bd9b134 -             60     3e-05   24.0   0.0   1   1     1e-08   3.6e-05   23.8   0.0     1    21    36    56    36    60 0.90 GDP-mannose 4,6 dehydratase
3Beta_HSD            PF01073.25   280 cds.novel_model_617_5bd9a17a.4.5bd9b134 -             60   0.00043   19.8   0.0   1   1   1.5e-07    0.0005   19.6   0.0     1    24    36    58    36    60 0.88 3-beta hydroxysteroid dehydrogenase/isomerase family
NAD_binding_4        PF07993.18   258 cds.novel_model_617_5bd9a17a.4.5bd9b134 -             60    0.0024   17.4   0.0   1   1   8.4e-07    0.0028   17.2   0.0     1    22    37    58    37    60 0.91 Male sterility protein
Polysacc_synt_2      PF02719.21   293 cds.novel_model_617_5bd9a17a.4.5bd9b134 -             60     0.026   14.1   0.0   1   1   8.6e-06     0.029   13.9   0.0     1    25    35    59    35    60 0.91 Polysaccharide biosynthesis protein
RmlD_sub_bind        PF04321.23   287 cds.novel_model_617_5bd9a17a.4.5bd9b134 -             60     0.056   12.9   0.0   1   1     2e-05     0.068   12.6   0.0     1    24    33    56    33    60 0.90 RmlD substrate binding domain
KR                   PF08659.16   180 cds.novel_model_617_5bd9a17a.4.5bd9b134 -             60      0.17   12.2   0.0   1   1   6.1e-05      0.21   11.9   0.0     3    25    35    57    34    60 0.88 KR domain
Epimerase            PF01370.27   240 cds.novel_model_614_5bd9a17a -             60   3.3e-06   27.1   0.0   1   1   1.2e-09     4e-06   26.8   0.0     1    22    35    56    35    60 0.91 NAD dependent epimerase/dehydratase family
GDP_Man_Dehyd        PF16363.11   332 cds.novel_model_614_5bd9a17a -             60     3e-05   24.0   0.0   1   1     1e-08   3.6e-05   23.8   0.0     1    21    36    56    36    60 0.90 GDP-mannose 4,6 dehydratase
3Beta_HSD            PF01073.25   280 cds.novel_model_614_5bd9a17a -             60   0.00043   19.8   0.0   1   1   1.5e-07    0.0005   19.6   0.0     1    24    36    58    36    60 0.88 3-beta hydroxysteroid dehydrogenase/isomerase family
NAD_binding_4        PF07993.18   258 cds.novel_model_614_5bd9a17a -             60    0.0024   17.4   0.0   1   1   8.4e-07    0.0028   17.2   0.0     1    22    37    58    37    60 0.91 Male sterility protein
Polysacc_synt_2      PF02719.21   293 cds.novel_model_614_5bd9a17a -             60     0.026   14.1   0.0   1   1   8.6e-06     0.029   13.9   0.0     1    25    35    59    35    60 0.91 Polysaccharide biosynthesis protein
RmlD_sub_bind        PF04321.23   287 cds.novel_model_614_5bd9a17a -             60     0.056   12.9   0.0   1   1     2e-05     0.068   12.6   0.0     1    24    33    56    33    60 0.90 RmlD substrate binding domain
KR                   PF08659.16   180 cds.novel_model_614_5bd9a17a -             60      0.17   12.2   0.0   1   1   6.1e-05      0.21   11.9   0.0     3    25    35    57    34    60 0.88 KR domain
Epimerase            PF01370.27   240 cds.novel_model_616_5bd9a17a.5.5bd9b134 -             60   3.3e-06   27.1   0.0   1   1   1.2e-09     4e-06   26.8   0.0     1    22    35    56    35    60 0.91 NAD dependent epimerase/dehydratase family
GDP_Man_Dehyd        PF16363.11   332 cds.novel_model_616_5bd9a17a.5.5bd9b134 -             60     3e-05   24.0   0.0   1   1     1e-08   3.6e-05   23.8   0.0     1    21    36    56    36    60 0.90 GDP-mannose 4,6 dehydratase
3Beta_HSD            PF01073.25   280 cds.novel_model_616_5bd9a17a.5.5bd9b134 -             60   0.00043   19.8   0.0   1   1   1.5e-07    0.0005   19.6   0.0     1    24    36    58    36    60 0.88 3-beta hydroxysteroid dehydrogenase/isomerase family
NAD_binding_4        PF07993.18   258 cds.novel_model_616_5bd9a17a.5.5bd9b134 -             60    0.0024   17.4   0.0   1   1   8.4e-07    0.0028   17.2   0.0     1    22    37    58    37    60 0.91 Male sterility protein
Polysacc_synt_2      PF02719.21   293 cds.novel_model_616_5bd9a17a.5.5bd9b134 -             60     0.026   14.1   0.0   1   1   8.6e-06     0.029   13.9   0.0     1    25    35    59    35    60 0.91 Polysaccharide biosynthesis protein
RmlD_sub_bind        PF04321.23   287 cds.novel_model_616_5bd9a17a.5.5bd9b134 -             60     0.056   12.9   0.0   1   1     2e-05     0.068   12.6   0.0     1    24    33    56    33    60 0.90 RmlD substrate binding domain
KR                   PF08659.16   180 cds.novel_model_616_5bd9a17a.5.5bd9b134 -             60      0.17   12.2   0.0   1   1   6.1e-05      0.21   11.9   0.0     3    25    35    57    34    60 0.88 KR domain
Epimerase            PF01370.27   240 cds.novel_model_620_5bd9a17a.6.5bd9b134 -             60   3.3e-06   27.1   0.0   1   1   1.2e-09     4e-06   26.8   0.0     1    22    35    56    35    60 0.91 NAD dependent epimerase/dehydratase family
GDP_Man_Dehyd        PF16363.11   332 cds.novel_model_620_5bd9a17a.6.5bd9b134 -             60     3e-05   24.0   0.0   1   1     1e-08   3.6e-05   23.8   0.0     1    21    36    56    36    60 0.90 GDP-mannose 4,6 dehydratase
3Beta_HSD            PF01073.25   280 cds.novel_model_620_5bd9a17a.6.5bd9b134 -             60   0.00043   19.8   0.0   1   1   1.5e-07    0.0005   19.6   0.0     1    24    36    58    36    60 0.88 3-beta hydroxysteroid dehydrogenase/isomerase family
NAD_binding_4        PF07993.18   258 cds.novel_model_620_5bd9a17a.6.5bd9b134 -             60    0.0024   17.4   0.0   1   1   8.4e-07    0.0028   17.2   0.0     1    22    37    58    37    60 0.91 Male sterility protein
Polysacc_synt_2      PF02719.21   293 cds.novel_model_620_5bd9a17a.6.5bd9b134 -             60     0.026   14.1   0.0   1   1   8.6e-06     0.029   13.9   0.0     1    25    35    59    35    60 0.91 Polysaccharide biosynthesis protein
RmlD_sub_bind        PF04321.23   287 cds.novel_model_620_5bd9a17a.6.5bd9b134 -             60     0.056   12.9   0.0   1   1     2e-05     0.068   12.6   0.0     1    24    33    56    33    60 0.90 RmlD substrate binding domain
KR                   PF08659.16   180 cds.novel_model_620_5bd9a17a.6.5bd9b134 -             60      0.17   12.2   0.0   1   1   6.1e-05      0.21   11.9   0.0     3    25    35    57    34    60 0.88 KR domain
Epimerase            PF01370.27   240 cds.novel_model_619_5bd9a17a.2.5bd9b134 -             60   3.3e-06   27.1   0.0   1   1   1.2e-09     4e-06   26.8   0.0     1    22    35    56    35    60 0.91 NAD dependent epimerase/dehydratase family
GDP_Man_Dehyd        PF16363.11   332 cds.novel_model_619_5bd9a17a.2.5bd9b134 -             60     3e-05   24.0   0.0   1   1     1e-08   3.6e-05   23.8   0.0     1    21    36    56    36    60 0.90 GDP-mannose 4,6 dehydratase
3Beta_HSD            PF01073.25   280 cds.novel_model_619_5bd9a17a.2.5bd9b134 -             60   0.00043   19.8   0.0   1   1   1.5e-07    0.0005   19.6   0.0     1    24    36    58    36    60 0.88 3-beta hydroxysteroid dehydrogenase/isomerase family
NAD_binding_4        PF07993.18   258 cds.novel_model_619_5bd9a17a.2.5bd9b134 -             60    0.0024   17.4   0.0   1   1   8.4e-07    0.0028   17.2   0.0     1    22    37    58    37    60 0.91 Male sterility protein
Polysacc_synt_2      PF02719.21   293 cds.novel_model_619_5bd9a17a.2.5bd9b134 -             60     0.026   14.1   0.0   1   1   8.6e-06     0.029   13.9   0.0     1    25    35    59    35    60 0.91 Polysaccharide biosynthesis protein
RmlD_sub_bind        PF04321.23   287 cds.novel_model_619_5bd9a17a.2.5bd9b134 -             60     0.056   12.9   0.0   1   1     2e-05     0.068   12.6   0.0     1    24    33    56    33    60 0.90 RmlD substrate binding domain
KR                   PF08659.16   180 cds.novel_model_619_5bd9a17a.2.5bd9b134 -             60      0.17   12.2   0.0   1   1   6.1e-05      0.21   11.9   0.0     3    25    35    57    34    60 0.88 KR domain
Epimerase            PF01370.27   240 cds.novel_model_615_5bd9a17a.1.5bd9b134 -             60   3.3e-06   27.1   0.0   1   1   1.2e-09     4e-06   26.8   0.0     1    22    35    56    35    60 0.91 NAD dependent epimerase/dehydratase family
GDP_Man_Dehyd        PF16363.11   332 cds.novel_model_615_5bd9a17a.1.5bd9b134 -             60     3e-05   24.0   0.0   1   1     1e-08   3.6e-05   23.8   0.0     1    21    36    56    36    60 0.90 GDP-mannose 4,6 dehydratase
3Beta_HSD            PF01073.25   280 cds.novel_model_615_5bd9a17a.1.5bd9b134 -             60   0.00043   19.8   0.0   1   1   1.5e-07    0.0005   19.6   0.0     1    24    36    58    36    60 0.88 3-beta hydroxysteroid dehydrogenase/isomerase family
NAD_binding_4        PF07993.18   258 cds.novel_model_615_5bd9a17a.1.5bd9b134 -             60    0.0024   17.4   0.0   1   1   8.4e-07    0.0028   17.2   0.0     1    22    37    58    37    60 0.91 Male sterility protein
Polysacc_synt_2      PF02719.21   293 cds.novel_model_615_5bd9a17a.1.5bd9b134 -             60     0.026   14.1   0.0   1   1   8.6e-06     0.029   13.9   0.0     1    25    35    59    35    60 0.91 Polysaccharide biosynthesis protein
RmlD_sub_bind        PF04321.23   287 cds.novel_model_615_5bd9a17a.1.5bd9b134 -             60     0.056   12.9   0.0   1   1     2e-05     0.068   12.6   0.0     1    24    33    56    33    60 0.90 RmlD substrate binding domain
KR                   PF08659.16   180 cds.novel_model_615_5bd9a17a.1.5bd9b134 -             60      0.17   12.2   0.0   1   1   6.1e-05      0.21   11.9   0.0     3    25    35    57    34    60 0.88 KR domain
Epimerase            PF01370.27   240 cds.novel_model_618_5bd9a17a.3.5bd9b134 -             60   3.3e-06   27.1   0.0   1   1   1.2e-09     4e-06   26.8   0.0     1    22    35    56    35    60 0.91 NAD dependent epimerase/dehydratase family
GDP_Man_Dehyd        PF16363.11   332 cds.novel_model_618_5bd9a17a.3.5bd9b134 -             60     3e-05   24.0   0.0   1   1     1e-08   3.6e-05   23.8   0.0     1    21    36    56    36    60 0.90 GDP-mannose 4,6 dehydratase
3Beta_HSD            PF01073.25   280 cds.novel_model_618_5bd9a17a.3.5bd9b134 -             60   0.00043   19.8   0.0   1   1   1.5e-07    0.0005   19.6   0.0     1    24    36    58    36    60 0.88 3-beta hydroxysteroid dehydrogenase/isomerase family
NAD_binding_4        PF07993.18   258 cds.novel_model_618_5bd9a17a.3.5bd9b134 -             60    0.0024   17.4   0.0   1   1   8.4e-07    0.0028   17.2   0.0     1    22    37    58    37    60 0.91 Male sterility protein
Polysacc_synt_2      PF02719.21   293 cds.novel_model_618_5bd9a17a.3.5bd9b134 -             60     0.026   14.1   0.0   1   1   8.6e-06     0.029   13.9   0.0     1    25    35    59    35    60 0.91 Polysaccharide biosynthesis protein
RmlD_sub_bind        PF04321.23   287 cds.novel_model_618_5bd9a17a.3.5bd9b134 -             60     0.056   12.9   0.0   1   1     2e-05     0.068   12.6   0.0     1    24    33    56    33    60 0.90 RmlD substrate binding domain
KR                   PF08659.16   180 cds.novel_model_618_5bd9a17a.3.5bd9b134 -             60      0.17   12.2   0.0   1   1   6.1e-05      0.21   11.9   0.0     3    25    35    57    34    60 0.88 KR domain
Bet_v_1              PF00407.25   151 cds.evm.model.10.806 -             60   2.7e-16   60.2   0.4   1   1   2.4e-20   2.9e-16   60.1   0.4     2    53     9    60     8    60 0.97 Pathogenesis-related protein Bet v 1 family
DUF4961              PF16328.10   312 cds.evm.model.10.806 -             60      0.14   12.0   0.0   1   1   1.3e-05      0.15   11.9   0.0   143   184     8    51     2    55 0.85 Domain of unknown function (DUF4961)
MIP                  PF00230.25   222 cds.evm.model.06.1746 -             60   4.6e-06   27.0   0.1   1   1   1.9e-10   4.6e-06   27.0   0.1     1    40    11    50    11    60 0.86 Major intrinsic protein
Glyco_hydro_1        PF00232.24   453 cds.evm.model.08.1310 -             60   0.00016   20.6   0.2   1   1   7.7e-09   0.00018   20.5   0.2     2    25    35    58    34    60 0.90 Glycosyl hydrolase family 1
Mito_carr            PF00153.32    96 cds.evm.model.08.1649 -             60   2.7e-07   30.6   0.0   1   1   1.1e-11   2.7e-07   30.6   0.0     8    42     5    39     2    54 0.87 Mitochondrial carrier protein
Glutaredoxin         PF00462.30    60 cds.evm.model.01.719 -             60   8.5e-08   32.7   0.0   1   1   1.6e-11   9.3e-08   32.5   0.0     1    39    16    54    16    60 0.87 Glutaredoxin
Glrx-like            PF05768.20    77 cds.evm.model.01.719 -             60    0.0037   17.9   0.0   1   1   7.4e-07    0.0044   17.7   0.0     2    35    16    47    15    59 0.71 Glutaredoxin-like domain (DUF836)
OTT_1508_deam        PF14441.12    64 cds.evm.model.01.719 -             60     0.092   13.1   0.0   1   1   1.6e-05     0.094   13.1   0.0    22    43    14    35     4    53 0.77 OTT_1508-like deaminase
Thioredoxin_2        PF13098.12   104 cds.evm.model.01.719 -             60      0.17   12.6   0.0   1   1   3.3e-05      0.19   12.4   0.0     7    39    14    48     9    58 0.82 Thioredoxin-like domain
Thionin              PF00321.22    46 cds.novel_model_6479_5bd9a17a -             60   1.9e-15   57.5   6.7   1   1   9.1e-20   2.2e-15   57.3   6.7     1    35    25    59    25    60 0.97 Plant thionin
Dimerisation         PF08100.17    93 cds.evm.model.05.51.2.5bd9b139 -             60   7.4e-07   29.3   0.2   1   1   3.7e-11   8.8e-07   29.1   0.2     2    38    17    53    16    59 0.91 Plant O-methyltransferase dimerisation domain
Dimerisation         PF08100.17    93 cds.evm.model.05.51  -             60   7.4e-07   29.3   0.2   1   1   3.7e-11   8.8e-07   29.1   0.2     2    38    17    53    16    59 0.91 Plant O-methyltransferase dimerisation domain
Dimerisation         PF08100.17    93 cds.evm.model.05.51.1.5bd9b139 -             60   7.4e-07   29.3   0.2   1   1   3.7e-11   8.8e-07   29.1   0.2     2    38    17    53    16    59 0.91 Plant O-methyltransferase dimerisation domain
Dimerisation         PF08100.17    93 cds.evm.model.05.51.2.5bd9b139.1.5bdae6d7 -             60   7.4e-07   29.3   0.2   1   1   3.7e-11   8.8e-07   29.1   0.2     2    38    17    53    16    59 0.91 Plant O-methyltransferase dimerisation domain
B12D                 PF06522.17    54 cds.evm.model.10.1702 -             60   2.3e-23   81.7   0.1   1   1   2.1e-27   2.5e-23   81.6   0.1     1    54     4    58     4    58 0.99 NADH-ubiquinone reductase complex 1 MLRQ subunit
DUF267               PF03268.19   360 cds.evm.model.10.1702 -             60      0.02   14.2   0.0   1   1   1.7e-06      0.02   14.2   0.0    64   110     4    50     3    60 0.78 Caenorhabditis protein of unknown function, DUF267
Transferase          PF02458.20   434 cds.evm.model.06.2064 -             60     0.002   17.3   0.1   1   1   8.2e-08     0.002   17.3   0.1     7    51    10    55     4    60 0.85 Transferase family
adh_short            PF00106.31   195 cds.evm.model.07.1736 -             60   7.7e-08   32.4   0.2   1   1     1e-11   8.3e-08   32.3   0.2     1    43    16    59    16    60 0.89 short chain dehydrogenase
adh_short_C2         PF13561.12   236 cds.evm.model.07.1736 -             60   0.00024   21.2   0.1   1   1   3.2e-08   0.00026   21.1   0.1     1    33    22    52    22    60 0.88 Enoyl-(Acyl carrier protein) reductase
KR                   PF08659.16   180 cds.evm.model.07.1736 -             60     0.026   14.8   0.3   1   1   3.7e-06      0.03   14.6   0.3     3    34    18    49    17    60 0.80 KR domain
LTP_2                PF14368.11   100 cds.evm.model.07.1104 -             60    0.0026   18.2   0.1   1   1   1.2e-07    0.0028   18.1   0.1    10    46    22    59    12    60 0.78 Probable lipid transfer
LTP_2                PF14368.11   100 cds.evm.model.07.1104.1.5bd9b13c -             60    0.0026   18.2   0.1   1   1   1.2e-07    0.0028   18.1   0.1    10    46    22    59    12    60 0.78 Probable lipid transfer
DUF4006              PF13179.11    64 cds.evm.model.01.2088 -             60    0.0058   16.9   0.0   1   1   5.7e-07    0.0068   16.7   0.0    17    60    14    57    10    59 0.87 Family of unknown function (DUF4006)
ARCH_RTEL1           PF23109.1    181 cds.evm.model.01.2088 -             60     0.083   13.3   0.1   1   1   6.9e-06     0.083   13.3   0.1   113   154    14    55     2    60 0.70 RTEL1 helicase, ARCH domain
Glyco_hydro_18       PF00704.34   317 cds.evm.model.08.723 -             60     0.046   13.8   0.0   1   1   2.2e-06     0.052   13.6   0.0    89   138    12    56     4    59 0.85 Glycosyl hydrolases family 18
SPO11_like           PF03533.19    43 cds.evm.model.06.916 -             60      0.19   12.2   1.3   1   2     1e-05      0.25   11.8   0.5    10    26     3    19     2    28 0.88 SPO11 homologue
SPO11_like           PF03533.19    43 cds.evm.model.06.916 -             60      0.19   12.2   1.3   2   2      0.35   8.2e+03   -2.6   0.0     6    11    39    43    38    47 0.66 SPO11 homologue
KNOX1                PF03790.18    43 cds.evm.model.10.1274 -             60     0.086   13.0   0.0   1   1   5.2e-06      0.12   12.5   0.0    26    37    31    42    30    46 0.94 KNOX1 domain
adh_short            PF00106.31   195 cds.evm.model.10.2239 -             60   7.3e-13   48.8   1.0   1   1   6.6e-17   7.8e-13   48.7   1.0   128   177    11    60     2    60 0.96 short chain dehydrogenase
adh_short_C2         PF13561.12   236 cds.evm.model.10.2239 -             60   8.6e-13   48.8   0.4   1   1   7.2e-17   8.6e-13   48.8   0.4   122   171    11    60     1    60 0.92 Enoyl-(Acyl carrier protein) reductase
Pyridoxal_deC        PF00282.25   375 cds.novel_model_6415_5bd9a17a.2.5bd9b13c -             60   1.2e-13   51.0   0.0   1   1   5.4e-18   1.3e-13   50.9   0.0   183   239     1    60     1    60 0.97 Pyridoxal-dependent decarboxylase conserved domain
Thiolase_N           PF00108.29   260 cds.evm.model.10.1026.1.5bd9b13d -             60   2.4e-19   70.1   0.0   1   1   1.1e-23   2.6e-19   70.0   0.0   141   200     1    60     1    60 0.99 Thiolase, N-terminal domain
Thiolase_N           PF00108.29   260 cds.evm.model.10.1026 -             60   6.8e-09   35.9   0.0   1   1   6.4e-13   7.6e-09   35.7   0.0     1    45    16    60    16    60 0.97 Thiolase, N-terminal domain
RecX_HTH2            PF02631.22    42 cds.evm.model.10.1026 -             60      0.16   12.6   0.0   1   1   1.8e-05      0.22   12.2   0.0    18    38    40    60    37    60 0.91 RecX, second three-helix domain
ATP-synt_Z           PF16594.10    53 cds.evm.model.07.1617 -             60      0.19   11.7   0.3   1   2     0.016   3.8e+02    1.1   0.3     5    21     9    27     5    32 0.52 Putative AtpZ or ATP-synthase-associated
ATP-synt_Z           PF16594.10    53 cds.evm.model.07.1617 -             60      0.19   11.7   0.3   2   2   7.9e-06      0.19   11.7   0.3     5    28    33    56    29    58 0.89 Putative AtpZ or ATP-synthase-associated
Kelch_1                  PF01344.31    46 cds.evm.model.01.951.1.5bd9b135 -             60   1.2e-14   53.9   0.0   1   1   5.6e-18   1.5e-14   53.6   0.0     1    45     4    49     4    50 0.98 Kelch motif
Kelch_2                  PF07646.21    48 cds.evm.model.01.951.1.5bd9b135 -             60   2.6e-07   30.7   0.1   1   1   1.6e-10   4.3e-07   30.0   0.1     2    47     5    49     4    50 0.87 Kelch motif
Kelch_6                  PF13964.12    50 cds.evm.model.01.951.1.5bd9b135 -             60   1.4e-06   28.4   0.1   1   1   7.7e-10     2e-06   28.0   0.0     1    47     4    50     4    54 0.92 Kelch motif
Kelch_3                  PF13415.12    48 cds.evm.model.01.951.1.5bd9b135 -             60   7.3e-06   26.4   0.1   1   2      0.17   4.5e+02    1.6   0.1    38    47     3    12     1    13 0.83 Galactose oxidase, central domain
Kelch_3                  PF13415.12    48 cds.evm.model.01.951.1.5bd9b135 -             60   7.3e-06   26.4   0.1   2   2   2.8e-08   7.3e-05   23.2   0.0     2    37    15    50    14    60 0.79 Galactose oxidase, central domain
Kelch_4                  PF13418.12    49 cds.evm.model.01.951.1.5bd9b135 -             60   0.00044   20.5   0.0   1   1     2e-07   0.00054   20.2   0.0     1    47     4    49     4    52 0.94 Galactose oxidase, central domain
Kelch_KLHDC2_KLHL20_DRC7 PF24681.1    221 cds.evm.model.01.951.1.5bd9b135 -             60   0.00092   18.9   0.0   1   1   3.7e-07   0.00097   18.9   0.0   153   196     4    48     1    59 0.70 KLHDC2/KLHL20/DRC7 Kelch-repeats domain
Kelch_5                  PF13854.12    42 cds.evm.model.01.951.1.5bd9b135 -             60    0.0014   18.7   0.1   1   1     1e-06    0.0027   17.8   0.1     3    40     3    47     3    49 0.73 Kelch motif
DUF5122                  PF17164.10    36 cds.evm.model.01.951.1.5bd9b135 -             60      0.03   14.9   0.1   1   1   1.6e-05     0.041   14.5   0.1     3    14    14    25    13    31 0.91 Domain of unknown function (DUF5122) beta-propeller
CoA_trans                PF01144.29   217 cds.evm.model.01.951.1.5bd9b135 -             60      0.19   11.4   0.0   1   1   7.3e-05      0.19   11.4   0.0    12    33    12    33     5    52 0.80 Coenzyme A transferase
F-box                PF00646.38    43 cds.evm.model.01.951 -             60   1.4e-06   28.4   0.0   1   1   2.1e-10   1.7e-06   28.1   0.0     2    42     6    46     5    47 0.94 F-box domain
F-box-like           PF12937.12    47 cds.evm.model.01.951 -             60     0.013   15.6   0.3   1   1   3.1e-06     0.024   14.8   0.3     3    42     7    46     5    48 0.75 F-box-like
PCP_red              PF08369.16    45 cds.evm.model.01.951 -             60      0.12   12.8   0.1   1   1   2.8e-05      0.22   12.0   0.1     5    20    13    28    10    30 0.89 Proto-chlorophyllide reductase 57 kD subunit
DUF2957              PF11170.13   344 cds.evm.model.01.635 -             60      0.11   11.9   0.0   1   1   5.4e-06      0.13   11.7   0.0    87   121    17    51    13    56 0.89 Protein of unknown function (DUF2957)
DUF2780              PF11075.13   176 cds.novel_model_1231_5bd9a17a.1.5bd9b135 -             60    0.0038   17.7   0.0   1   1   1.7e-07     0.004   17.6   0.0   102   149     2    53     1    57 0.87 Protein of unknown function VcgC/VcgE (DUF2780)
DUF2780              PF11075.13   176 cds.novel_model_1229_5bd9a17a -             60    0.0038   17.7   0.0   1   1   1.7e-07     0.004   17.6   0.0   102   149     2    53     1    57 0.87 Protein of unknown function VcgC/VcgE (DUF2780)
DUF2780              PF11075.13   176 cds.novel_model_1232_5bd9a17a.4.5bd9b135 -             60    0.0038   17.7   0.0   1   1   1.7e-07     0.004   17.6   0.0   102   149     2    53     1    57 0.87 Protein of unknown function VcgC/VcgE (DUF2780)
DUF2780              PF11075.13   176 cds.novel_model_1230_5bd9a17a.2.5bd9b135 -             60    0.0038   17.7   0.0   1   1   1.7e-07     0.004   17.6   0.0   102   149     2    53     1    57 0.87 Protein of unknown function VcgC/VcgE (DUF2780)
ADH_N                PF08240.17   104 cds.evm.model.10.2049 -             60     0.028   15.1   0.0   1   1   1.6e-06     0.037   14.7   0.0     2    20    41    59    40    60 0.92 Alcohol dehydrogenase GroES-like domain
ADH_N                PF08240.17   104 cds.evm.model.10.2049.1.5bd9b13e -             60     0.028   15.1   0.0   1   1   1.6e-06     0.037   14.7   0.0     2    20    41    59    40    60 0.92 Alcohol dehydrogenase GroES-like domain
GST_N                PF02798.26    76 cds.evm.model.01.740 -             60   1.7e-11   44.6   0.0   1   1   4.6e-15   1.8e-11   44.6   0.0     3    59     4    60     2    60 0.92 Glutathione S-transferase, N-terminal domain
GST_N_2              PF13409.12    70 cds.evm.model.01.740 -             60   5.1e-08   33.8   0.0   1   1   1.4e-11   5.6e-08   33.7   0.0     6    50    16    59    11    60 0.93 Glutathione S-transferase, N-terminal domain
GST_N_3              PF13417.12    75 cds.evm.model.01.740 -             60     4e-06   27.5   0.0   1   1   1.1e-09   4.4e-06   27.3   0.0     2    52     7    60     6    60 0.90 Glutathione S-transferase, N-terminal domain
CLIC-like_N          PF22441.2     86 cds.evm.model.01.740 -             60      0.17   12.5   0.0   1   1   4.4e-05      0.17   12.5   0.0    23    60    16    56     3    59 0.75 CLIC-like N-terminal domain
DUF6290              PF19807.5     72 cds.evm.model.01.740 -             60      0.18   12.4   0.0   1   1   4.6e-05      0.18   12.4   0.0    19    49     3    33     1    52 0.82 Family of unknown function (DUF6290)
Fimbrial_CS1         PF04449.17   133 cds.evm.model.01.740 -             60      0.24   11.9   0.0   1   1   6.1e-05      0.24   11.9   0.0    80   110     3    32     1    47 0.80 CS1 type fimbrial major subunit
GST_C                PF00043.30    93 cds.evm.model.01.740.1.5bd9b134 -             60   7.5e-05   23.3   0.0   1   1     1e-08   8.1e-05   23.2   0.0     3    50    10    60     8    60 0.89 Glutathione S-transferase, C-terminal domain
PHAT                 PF09246.16   110 cds.evm.model.01.740.1.5bd9b134 -             60     0.016   15.3   0.0   1   1   2.3e-06     0.018   15.1   0.0    29    68    18    57     4    59 0.88 PHAT
NanE                 PF04131.20   192 cds.evm.model.01.740.1.5bd9b134 -             60      0.19   11.3   0.0   1   1   2.5e-05       0.2   11.2   0.0   108   141    12    46     5    56 0.89 Putative N-acetylmannosamine-6-phosphate epimerase
ALOG_dom             PF04852.17   126 cds.novel_model_6579_5bd9a17a -             60   2.5e-11   44.2   0.8   1   1   1.3e-15   3.2e-11   43.9   0.8     3    35    26    60    24    60 0.87 ALOG domain
PADRE                PF14009.12   184 cds.evm.model.08.1098 -             60     1e-11   46.0   0.1   1   1   4.6e-16   1.1e-11   45.9   0.1     1    68     1    60     1    60 0.90 PADRE domain
ADH_N                PF08240.17   104 cds.evm.model.04.1133 -             60   0.00057   20.5   0.1   1   1   3.3e-08   0.00079   20.0   0.1     1    25    33    56    33    60 0.88 Alcohol dehydrogenase GroES-like domain
ADH_N                PF08240.17   104 cds.evm.model.04.1133.2.5bd9b138 -             60   9.3e-16   58.4   2.6   1   1     4e-20   9.6e-16   58.3   2.6    31    81     3    57     1    60 0.93 Alcohol dehydrogenase GroES-like domain
ADH_N                PF08240.17   104 cds.evm.model.04.1133.1.5bd9b138 -             60   9.3e-16   58.4   2.6   1   1     4e-20   9.6e-16   58.3   2.6    31    81     3    57     1    60 0.93 Alcohol dehydrogenase GroES-like domain
Myb_DNA-binding      PF00249.37    46 cds.evm.model.02.2019 -             60   8.3e-07   29.4   0.1   1   1   1.3e-10   1.6e-06   28.5   0.1     4    37    20    57    18    60 0.84 Myb-like DNA-binding domain
Myb_DNA-binding_2    PF23082.1     70 cds.evm.model.02.2019 -             60     0.003   18.0   0.0   1   1   3.2e-07    0.0038   17.7   0.0     4    44    20    59    17    60 0.92 Myb-like DNA-binding domain
QLQ                  PF08880.16    35 cds.evm.model.01.1731.1.5bd9b136 -             60    0.0076   16.3   0.0   1   1   4.2e-07      0.01   15.9   0.0     2    17    22    37    21    40 0.94 QLQ
QLQ                  PF08880.16    35 cds.evm.model.01.1731 -             60    0.0076   16.3   0.0   1   1   4.2e-07      0.01   15.9   0.0     2    17    22    37    21    40 0.94 QLQ
LRRNT_2              PF08263.17    41 cds.evm.model.08.299 -             60   2.2e-07   31.4   0.2   1   1   1.3e-11   3.2e-07   30.9   0.2     6    33    33    60    31    60 0.97 Leucine rich repeat N-terminal domain
Tetraspanin          PF00335.26   225 cds.evm.model.05.1934 -             60   9.2e-08   32.4   5.0   1   1   8.2e-12   9.7e-08   32.3   5.0     2    65     5    60     4    60 0.95 Tetraspanin family
SLATT_5              PF18160.6    192 cds.evm.model.05.1934 -             60      0.15   11.7   0.8   1   1   1.4e-05      0.17   11.6   0.8    32    81    10    57     5    59 0.90 SMODS and SLOG-associating 2TM effector domain family 5
DUF740               PF05340.17   624 cds.evm.model.05.1931 -             60    0.0036   16.5   5.8   1   1   6.1e-07    0.0036   16.5   5.8    12    46    11    46     4    60 0.67 Protein of unknown function (DUF740)
DUF2688              PF10892.13    56 cds.evm.model.05.1931 -             60       2.8    7.9   7.9   1   2   1.6e-05     0.096   12.6   1.9    12    41    12    41     9    44 0.90 Protein of unknown function (DUF2688)
DUF2688              PF10892.13    56 cds.evm.model.05.1931 -             60       2.8    7.9   7.9   2   2      0.47   2.8e+03   -1.7   0.3    12    18    46    52    42    57 0.54 Protein of unknown function (DUF2688)
zf-B_box             PF00643.29    42 cds.evm.model.05.1931 -             60         3    8.5  11.0   1   2     0.011        63    4.2   0.1     2    13     9    20     8    23 0.79 B-box zinc finger
zf-B_box             PF00643.29    42 cds.evm.model.05.1931 -             60         3    8.5  11.0   2   2    0.0015       9.2    6.9   6.7     3    30    23    52    21    55 0.83 B-box zinc finger
Zn_ribbon_HMPTM      PF23545.1     45 cds.evm.model.05.1931 -             60         8    6.5  12.0   1   3      0.48   2.8e+03   -1.7   0.3    23    36     6    16     3    17 0.58 HMPTM N-terminal zinc ribbon domain
Zn_ribbon_HMPTM      PF23545.1     45 cds.evm.model.05.1931 -             60         8    6.5  12.0   2   3   0.00053       3.1    7.8   0.5     7    14    24    31    19    35 0.85 HMPTM N-terminal zinc ribbon domain
Zn_ribbon_HMPTM      PF23545.1     45 cds.evm.model.05.1931 -             60         8    6.5  12.0   3   3     0.001         6    6.9   0.5     7    14    36    43    32    47 0.83 HMPTM N-terminal zinc ribbon domain
Glyco_hydro_19       PF00182.24   232 cds.evm.model.07.367 -             60   6.1e-10   39.7   0.1   1   1   2.6e-14   6.1e-10   39.7   0.1    91   141     6    58     1    60 0.85 Chitinase class I
CAP                  PF00188.32   117 cds.evm.model.06.956 -             60    0.0006   21.0   0.2   1   1   3.2e-08   0.00077   20.7   0.2     1    27    34    60    34    60 0.96 Cysteine-rich secretory protein family
PC-Esterase          PF13839.12   284 cds.evm.model.02.930.3.5bd9b134 -             60   3.2e-17   63.8   0.0   1   1   4.4e-21   3.5e-17   63.7   0.0     9    70     1    60     1    60 0.94 GDSL/SGNH-like Acyl-Esterase family found in Pmr5 and Cas1p
NXPE4_C              PF24536.1    220 cds.evm.model.02.930.3.5bd9b134 -             60      0.11   12.4   0.0   1   1   1.4e-05      0.11   12.4   0.0    15    70     3    59     1    60 0.73 NXPE family member 4-like, C-terminal domain
SPA                  PF08616.15   113 cds.evm.model.02.930.3.5bd9b134 -             60      0.14   12.5   0.0   1   1   1.8e-05      0.14   12.5   0.0    22    62     4    45     1    55 0.84 Stabilization of polarity axis
PC-Esterase          PF13839.12   284 cds.evm.model.02.930.2.5bd9b134 -             60   3.2e-17   63.8   0.0   1   1   4.4e-21   3.5e-17   63.7   0.0     9    70     1    60     1    60 0.94 GDSL/SGNH-like Acyl-Esterase family found in Pmr5 and Cas1p
NXPE4_C              PF24536.1    220 cds.evm.model.02.930.2.5bd9b134 -             60      0.11   12.4   0.0   1   1   1.4e-05      0.11   12.4   0.0    15    70     3    59     1    60 0.73 NXPE family member 4-like, C-terminal domain
SPA                  PF08616.15   113 cds.evm.model.02.930.2.5bd9b134 -             60      0.14   12.5   0.0   1   1   1.8e-05      0.14   12.5   0.0    22    62     4    45     1    55 0.84 Stabilization of polarity axis
PC-Esterase          PF13839.12   284 cds.evm.model.02.930.1.5bd9b134 -             60   3.2e-17   63.8   0.0   1   1   4.4e-21   3.5e-17   63.7   0.0     9    70     1    60     1    60 0.94 GDSL/SGNH-like Acyl-Esterase family found in Pmr5 and Cas1p
NXPE4_C              PF24536.1    220 cds.evm.model.02.930.1.5bd9b134 -             60      0.11   12.4   0.0   1   1   1.4e-05      0.11   12.4   0.0    15    70     3    59     1    60 0.73 NXPE family member 4-like, C-terminal domain
SPA                  PF08616.15   113 cds.evm.model.02.930.1.5bd9b134 -             60      0.14   12.5   0.0   1   1   1.8e-05      0.14   12.5   0.0    22    62     4    45     1    55 0.84 Stabilization of polarity axis
peroxidase           PF00141.28   237 cds.novel_model_1130_5bd9a17a -             60   3.2e-13   50.4   0.0   1   1   1.4e-17   3.2e-13   50.4   0.0     3    44    13    57    11    60 0.85 Peroxidase
peroxidase           PF00141.28   237 cds.novel_model_1131_5bd9a17a.1.5bd9b135 -             60   3.2e-13   50.4   0.0   1   1   1.4e-17   3.2e-13   50.4   0.0     3    44    13    57    11    60 0.85 Peroxidase
REF                  PF05755.17   206 cds.novel_model_2841_5bd9a17a -             60   3.3e-23   83.0   0.1   1   1   4.6e-27   3.7e-23   82.9   0.1     5    55    10    60     6    60 0.96 Rubber elongation factor protein (REF)
TMP_C                PF24165.1     36 cds.novel_model_2841_5bd9a17a -             60      0.17   12.3   0.0   1   1   4.1e-05      0.32   11.4   0.0     8    21    34    47    31    50 0.93 Tape measure protein C-terminal
UBA                  PF00627.37    37 cds.novel_model_2841_5bd9a17a -             60      0.22   11.8   0.0   1   1   4.3e-05      0.34   11.2   0.0     8    24    11    27    10    31 0.91 UBA/TS-N domain
REF                  PF05755.17   206 cds.novel_model_2842_5bd9a17a.2.5bd9b137 -             60     1e-21   78.2   0.3   1   1   1.3e-25   1.1e-21   78.1   0.3   142   199     3    60     1    60 0.97 Rubber elongation factor protein (REF)
DUF3182              PF11379.13   354 cds.novel_model_2842_5bd9a17a.2.5bd9b137 -             60     0.071   12.4   0.0   1   1   9.8e-06     0.078   12.3   0.0    89   122    18    51     9    53 0.90 Protein of unknown function (DUF3182)
Hydrolase_4          PF12146.14   239 cds.novel_model_2842_5bd9a17a.2.5bd9b137 -             60      0.15   11.7   0.0   1   1   2.1e-05      0.17   11.5   0.0    16    37    31    52    17    52 0.92 Serine aminopeptidase, S33
REF                  PF05755.17   206 cds.novel_model_2843_5bd9a17a.1.5bd9b137 -             60     1e-21   78.2   0.3   1   1   1.3e-25   1.1e-21   78.1   0.3   142   199     3    60     1    60 0.97 Rubber elongation factor protein (REF)
DUF3182              PF11379.13   354 cds.novel_model_2843_5bd9a17a.1.5bd9b137 -             60     0.071   12.4   0.0   1   1   9.8e-06     0.078   12.3   0.0    89   122    18    51     9    53 0.90 Protein of unknown function (DUF3182)
Hydrolase_4          PF12146.14   239 cds.novel_model_2843_5bd9a17a.1.5bd9b137 -             60      0.15   11.7   0.0   1   1   2.1e-05      0.17   11.5   0.0    16    37    31    52    17    52 0.92 Serine aminopeptidase, S33
COBRA                PF04833.20   169 cds.evm.model.08.524 -             60   5.5e-21   75.6   0.2   1   1   2.4e-25   5.8e-21   75.5   0.2    36    96     1    59     1    60 0.97 COBRA-like protein
FMN_red              PF03358.20   152 cds.evm.model.02.1177 -             60   4.4e-06   26.7   0.0   1   1     2e-10   4.7e-06   26.6   0.0     1    47    10    58    10    60 0.91 NADPH-dependent FMN reductase
Pkinase              PF00069.31   263 cds.evm.model.01.2121.1.5bd9b136 -             60   2.3e-10   40.7   0.0   1   1   1.9e-14   2.3e-10   40.7   0.0   103   145    16    60     5    60 0.87 Protein kinase domain
PK_Tyr_Ser-Thr       PF07714.23   258 cds.evm.model.01.2121.1.5bd9b136 -             60   1.7e-08   34.5   0.0   1   1   1.4e-12   1.7e-08   34.5   0.0    97   149     6    60     1    60 0.89 Protein tyrosine and serine/threonine kinase
GH18_BT1044-like     PF16141.11   325 cds.novel_model_6505_5bd9a17a -             60     0.079   12.6   0.0   1   1   3.3e-06     0.079   12.6   0.0   283   320    21    58     6    60 0.83 Glycoside hydrolase family 18, BT1044-like
bZIP_1               PF00170.26    64 cds.evm.model.06.47  -             60   7.4e-10   39.2   8.7   1   1   1.6e-13   9.5e-10   38.8   8.7     4    45    17    58    15    60 0.90 bZIP transcription factor
bZIP_2               PF07716.20    54 cds.evm.model.06.47  -             60   1.2e-08   35.3   8.3   1   1   2.6e-12   1.5e-08   34.9   8.3     3    45    16    59    15    60 0.92 Basic region leucine zipper
bZIP_Maf             PF03131.22    92 cds.evm.model.06.47  -             60   0.00076   20.3   7.4   1   1   1.4e-07   0.00086   20.2   7.4    16    71     4    59     2    60 0.83 bZIP Maf transcription factor
Ribosomal_L35p       PF01632.24    61 cds.evm.model.06.47  -             60     0.044   14.6   1.2   1   1   1.1e-05     0.063   14.1   1.2    28    58    20    50    15    52 0.91 Ribosomal protein L35
HLH                  PF00010.31    53 cds.evm.model.03.448 -             60   8.1e-07   29.2   0.1   1   1     4e-11   9.4e-07   28.9   0.1     5    49    16    60    12    60 0.95 Helix-loop-helix DNA-binding domain
Zn_ribbon_GRF        PF06839.17    45 cds.novel_model_1796_5bd9a17a.3.5bd9b136 -             60     0.008   16.7   1.7   1   2     0.016   3.9e+02    1.6   2.7    10    32    12    33     1    36 0.70 GRF zinc finger
Zn_ribbon_GRF        PF06839.17    45 cds.novel_model_1796_5bd9a17a.3.5bd9b136 -             60     0.008   16.7   1.7   2   2   3.4e-07     0.008   16.7   1.7     2    32    26    56    25    60 0.89 GRF zinc finger
Reprolysin           PF01421.25   200 cds.novel_model_1793_5bd9a17a.1.5bd9b136 -             60       1.2    9.5   4.3   1   1   5.2e-05       1.2    9.4   4.3   152   179    16    43     3    49 0.87 Reprolysin (M12B) family zinc metalloprotease
Zn_ribbon_GRF        PF06839.17    45 cds.novel_model_1797_5bd9a17a.5.5bd9b136 -             60     0.008   16.7   1.7   1   2     0.016   3.9e+02    1.6   2.7    10    32    12    33     1    36 0.70 GRF zinc finger
Zn_ribbon_GRF        PF06839.17    45 cds.novel_model_1797_5bd9a17a.5.5bd9b136 -             60     0.008   16.7   1.7   2   2   3.4e-07     0.008   16.7   1.7     2    32    26    56    25    60 0.89 GRF zinc finger
DUF6927              PF21992.2     74 cds.novel_model_1794_5bd9a17a.4.5bd9b136 -             60      0.15   12.5   0.0   1   1   7.3e-06      0.17   12.2   0.0    33    74     8    50     6    50 0.79 Domain of unknown function (DUF6927)
Reprolysin           PF01421.25   200 cds.novel_model_1792_5bd9a17a -             60       1.6    9.1   4.9   1   1   6.3e-05       1.5    9.2   4.9   152   180    16    44     3    58 0.88 Reprolysin (M12B) family zinc metalloprotease
Bet_v_1              PF00407.25   151 cds.evm.model.10.814 -             60   1.1e-16   61.5   0.0   1   1     5e-21   1.2e-16   61.4   0.0     4    57     7    60     4    60 0.97 Pathogenesis-related protein Bet v 1 family
Zn_ribbon_19         PF14369.11    35 cds.evm.model.06.1439 -             60   3.2e-06   27.6   8.1   1   1   7.2e-10   5.7e-06   26.8   8.1     1    28    35    60    35    60 0.87 zinc-ribbon
LacY_symp            PF01306.25   413 cds.evm.model.06.1439 -             60     0.059   12.5   1.9   1   1   7.6e-06     0.061   12.5   1.9    12    58     3    49     1    55 0.89 LacY proton/sugar symporter
zf-LITAF-like        PF10601.14    70 cds.evm.model.06.1439 -             60       5.4    7.6  13.7   1   2   0.00017       1.3    9.6   5.5    30    67     5    47     1    50 0.80 LITAF-like zinc ribbon domain
zf-LITAF-like        PF10601.14    70 cds.evm.model.06.1439 -             60       5.4    7.6  13.7   2   2     0.029   2.3e+02    2.4   2.3     4    12    52    60    49    60 0.76 LITAF-like zinc ribbon domain
Syndecan             PF01034.25    64 cds.evm.model.10.1928 -             60     0.062   13.7   0.1   1   1   3.3e-06     0.078   13.4   0.1    20    56    10    46     7    56 0.83 Syndecan domain
POR                  PF01558.23   173 cds.evm.model.04.11  -             60      0.19   12.3   0.0   1   1   8.5e-06       0.2   12.2   0.0   125   170     8    54     3    57 0.90 Pyruvate ferredoxin/flavodoxin oxidoreductase
p450                 PF00067.27   462 cds.evm.model.03.1602.1.5bd9b138 -             60   5.2e-19   68.7   0.0   1   1   2.4e-23   5.6e-19   68.6   0.0   270   329     1    60     1    60 0.99 Cytochrome P450
BrxC_BrxD            PF10923.14   414 cds.evm.model.09.1616 -             60      0.27   10.5   0.2   1   1   1.3e-05      0.32   10.3   0.2    50    66     4    20     2    29 0.86 BREX system ATP-binding protein BrxC/D
zf-B_box             PF00643.29    42 cds.evm.model.02.2530 -             60   7.9e-06   26.3   0.1   1   1     8e-10   9.5e-06   26.1   0.1    15    39     7    37     4    40 0.91 B-box zinc finger
ANCHR-like_BBOX      PF22586.1     39 cds.evm.model.02.2530 -             60     0.043   14.3   0.2   1   1   4.6e-06     0.055   14.0   0.2    11    37     8    35     5    37 0.84 ANCHR-like B-box zinc-binding domain
Urb2                 PF10441.14   209 cds.evm.model.10.501 -             60     0.049   13.9   0.7   1   1   2.4e-06     0.057   13.7   0.7    13    62     6    52     3    59 0.85 Urb2/Npa2 family
AAA                  PF00004.35   131 cds.novel_model_7444_5bd9a17a -             60   3.4e-08   34.4   0.0   1   1   1.5e-12   3.6e-08   34.3   0.0    73   127     4    60     1    60 0.90 ATPase family associated with various cellular activities (AAA)
DUF4446              PF14584.11   150 cds.evm.model.04.1039 -             60     0.047   14.1   0.1   1   1   2.2e-06     0.051   14.0   0.1    17    65     7    55     3    58 0.90 Protein of unknown function (DUF4446)
LOR                  PF04525.18   187 cds.evm.model.09.173 -             60   2.1e-07   31.1   0.0   1   1   9.7e-12   2.3e-07   31.0   0.0     2    42    20    60    19    60 0.96 LURP-one-related
FAD_binding_4        PF01565.28   139 cds.evm.model.05.1213 -             60   0.00021   21.4   0.0   1   1     1e-08   0.00024   21.2   0.0     1    40    13    52    13    57 0.91 FAD binding domain
AKAP7_NLS            PF10469.15   208 cds.evm.model.02.2875 -             60     9e-05   22.8   0.0   1   1   3.8e-09   9.1e-05   22.8   0.0    67   109    13    55     6    60 0.85 AKAP7 2'5' RNA ligase-like domain
PK_Tyr_Ser-Thr       PF07714.23   258 cds.novel_model_4986_5bd9a17a.1.5bd9b13a -             60   4.6e-06   26.5   0.0   1   1   3.8e-10   4.6e-06   26.5   0.0   178   207     2    30     1    56 0.82 Protein tyrosine and serine/threonine kinase
Pkinase              PF00069.31   263 cds.novel_model_4986_5bd9a17a.1.5bd9b13a -             60   0.00021   21.2   0.0   1   1   1.8e-08   0.00021   21.2   0.0   172   211     3    36     1    58 0.75 Protein kinase domain
Cu-oxidase_3         PF07732.21   119 cds.evm.model.04.1919 -             60     0.085   13.3   0.0   1   1   4.6e-06      0.11   13.0   0.0     1    25    37    60    37    60 0.94 Multicopper oxidase
Nudix_hydro          PF18290.7     80 cds.evm.model.08.90  -             60   1.3e-19   70.4   0.2   1   1   6.4e-24   1.5e-19   70.2   0.2    36    80    16    60    10    60 0.96 Nudix hydrolase domain
Cu_bind_like         PF02298.23    84 cds.novel_model_1493_5bd9a17a -             60   6.9e-08   32.8   0.6   1   1   1.1e-11   8.7e-08   32.4   0.6     1    31    31    59    31    60 0.90 Plastocyanin-like domain
TraW_N               PF12477.13    30 cds.novel_model_1493_5bd9a17a -             60     0.069   13.6   2.6   1   1   1.5e-05      0.12   12.9   2.6     2    19     5    22     4    26 0.93 Sex factor F TraW protein N terminal
Phage_OMP            PF24653.1    122 cds.novel_model_1493_5bd9a17a -             60     0.077   13.6   2.4   1   1   1.1e-05     0.084   13.5   2.4     4    44     3    43     1    52 0.82 Cyanophage outer membrane protein like beta barrel domain
Cyt-b5               PF00173.33    74 cds.evm.model.04.2266 -             60   5.9e-22   77.9   0.1   1   1   2.9e-26   6.9e-22   77.6   0.1     1    52     9    60     9    60 0.97 Cytochrome b5-like Heme/Steroid binding domain
OAD_gamma            PF04277.18    76 cds.evm.model.02.2370 -             60      0.19   12.8   0.1   1   1   9.9e-06      0.24   12.5   0.1    13    41    21    49    15    58 0.88 Oxaloacetate decarboxylase, gamma chain
EamA                 PF00892.26   136 cds.evm.model.02.624 -             60     0.027   15.0   0.3   1   1   1.2e-06     0.028   14.9   0.3     6    54    10    59     5    60 0.85 EamA-like transporter family
ATG101               PF07855.17   158 cds.evm.model.10.496 -             60      0.19   12.0   0.2   1   1   9.1e-06      0.22   11.8   0.2    14    58    11    48     8    59 0.81 Autophagy-related protein 101
Usp                  PF00582.32   141 cds.evm.model.06.1878 -             60   4.2e-07   31.0   0.0   1   1     2e-11   4.7e-07   30.8   0.0     3    49     9    57     8    60 0.93 Universal stress protein family
UPF0154              PF03672.18    60 cds.evm.model.05.1918 -             60      0.26   11.6   0.0   1   1   1.8e-05      0.44   10.9   0.0     2    21    10    29     9    37 0.87 Uncharacterised protein family (UPF0154)
zf-UDP               PF14569.12    78 cds.evm.model.04.2375 -             60   3.3e-19   69.1  11.7   1   2   2.1e-22   9.9e-19   67.6   7.1    11    55     8    49     2    53 0.94 Zinc-binding RING-finger
zf-UDP               PF14569.12    78 cds.evm.model.04.2375 -             60   3.3e-19   69.1  11.7   2   2   0.00035       1.6    9.2   0.1    62    76    43    57    43    59 0.88 Zinc-binding RING-finger
Prok-RING_1          PF14446.12    54 cds.evm.model.04.2375 -             60      0.03   14.6   6.3   1   1   8.4e-06      0.04   14.3   6.3     5    38     6    42     3    55 0.82 Prokaryotic RING finger family 1
Prok-RING_4          PF14447.12    46 cds.evm.model.04.2375 -             60     0.055   13.8   6.7   1   2     0.052   2.5e+02    2.1   0.0    30    40     5    15     2    20 0.75 Prokaryotic RING finger family 4
Prok-RING_4          PF14447.12    46 cds.evm.model.04.2375 -             60     0.055   13.8   6.7   2   2   8.2e-05      0.39   11.0   6.9     1    34     8    48     8    58 0.69 Prokaryotic RING finger family 4
zf-RING_4            PF14570.12    48 cds.evm.model.04.2375 -             60      0.16   12.2   8.1   1   1   4.5e-05      0.22   11.8   8.1     1    41     8    48     8    50 0.82 RING/Ubox like zinc-binding domain
FYVE_2               PF02318.22   118 cds.evm.model.04.2375 -             60      0.17   12.5   2.3   1   1   3.9e-05      0.18   12.3   2.3    55    91     6    44     1    48 0.87 FYVE-type zinc finger
Solute_trans_a       PF03619.22   267 cds.evm.model.06.1812 -             60   1.8e-16   60.7   4.6   1   1   2.5e-20     2e-16   60.5   4.6     2    52    10    60     9    60 0.97 Organic solute transporter Ostalpha
DPM3                 PF08285.16    90 cds.evm.model.06.1812 -             60     0.033   14.8   1.6   1   1   4.4e-06     0.035   14.7   1.1     7    48    18    59    12    60 0.92 Dolichol-phosphate mannosyltransferase subunit 3 (DPM3)
B12D                 PF06522.17    54 cds.evm.model.06.1812 -             60     0.077   12.8   0.2   1   2   9.7e-06     0.077   12.8   0.2    10    32    14    36    12    39 0.90 NADH-ubiquinone reductase complex 1 MLRQ subunit
B12D                 PF06522.17    54 cds.evm.model.06.1812 -             60     0.077   12.8   0.2   2   2      0.51   4.1e+03   -2.4   0.2     7    14    51    58    50    59 0.76 NADH-ubiquinone reductase complex 1 MLRQ subunit
Auxin_repressed      PF05564.17   117 cds.evm.model.02.1986 -             60   3.3e-09   37.7   0.0   1   1   1.5e-13   3.5e-09   37.7   0.0     1    35     8    41     8    58 0.79 Dormancy/auxin associated protein
DUF3270              PF11674.13    86 cds.evm.model.02.264 -             60      0.27   11.8   3.1   1   1   1.3e-05      0.32   11.6   3.1    46    80    11    45     5    51 0.85 Protein of unknown function (DUF3270)
Pkinase              PF00069.31   263 cds.novel_model_245_5bd9a17a.2.5bd9b134 -             60   3.2e-06   27.1   0.0   1   1   2.7e-10   3.2e-06   27.1   0.0    81   132     2    59     1    60 0.70 Protein kinase domain
PK_Tyr_Ser-Thr       PF07714.23   258 cds.novel_model_245_5bd9a17a.2.5bd9b134 -             60   1.5e-05   24.8   0.0   1   1   1.3e-09   1.6e-05   24.7   0.0    83   136     1    59     1    60 0.90 Protein tyrosine and serine/threonine kinase
PK_Tyr_Ser-Thr       PF07714.23   258 cds.novel_model_243_5bd9a17a.1.5bd9b134 -             60      0.08   12.6   0.1   1   1   4.8e-06      0.11   12.1   0.1     3    23    36    56    34    60 0.81 Protein tyrosine and serine/threonine kinase
Pkinase              PF00069.31   263 cds.novel_model_244_5bd9a17a.3.5bd9b134 -             60   3.2e-06   27.1   0.0   1   1   2.7e-10   3.2e-06   27.1   0.0    81   132     2    59     1    60 0.70 Protein kinase domain
PK_Tyr_Ser-Thr       PF07714.23   258 cds.novel_model_244_5bd9a17a.3.5bd9b134 -             60   1.5e-05   24.8   0.0   1   1   1.3e-09   1.6e-05   24.7   0.0    83   136     1    59     1    60 0.90 Protein tyrosine and serine/threonine kinase
C2                   PF00168.36   104 cds.evm.model.05.303 -             60   2.8e-08   34.3   0.4   1   1   1.3e-12     3e-08   34.2   0.4     3    54     7    59     5    60 0.89 C2 domain
CRPA                 PF05745.16   150 cds.evm.model.09.165 -             60     0.048   14.1   0.0   1   1   2.4e-06     0.058   13.8   0.0    72   117     6    58     4    60 0.73 Chlamydia 15 kDa cysteine-rich outer membrane protein (CRPA)
DAGK_acc             PF00609.24   158 cds.novel_model_2986_5bd9a17a -             60    0.0069   17.1   0.2   1   1   5.2e-07     0.012   16.3   0.2     1    15    46    60    46    60 0.94 Diacylglycerol kinase accessory domain
Glyco_hydro_9        PF00759.25   444 cds.evm.model.05.816 -             60   3.5e-05   23.7   0.1   1   1   1.7e-09   3.9e-05   23.5   0.1     1    29    31    60    31    60 0.92 Glycosyl hydrolase family 9
PRA1                 PF03208.24   143 cds.evm.model.09.702 -             60   2.8e-14   53.3   1.5   1   1   1.4e-18   3.4e-14   53.0   1.5     2    43    18    60    17    60 0.96 PRA1 family protein
C2                   PF00168.36   104 cds.evm.model.06.1022 -             60   4.2e-10   40.2   0.1   1   1   3.7e-14   4.4e-10   40.1   0.1     3    54     6    59     4    60 0.92 C2 domain
TagH_SH3-like        PF22269.2     62 cds.evm.model.06.1022 -             60     0.051   14.1   0.1   1   1   4.5e-06     0.054   14.1   0.1    24    47    24    47     7    59 0.82 Teichoic acid transporter subunit TagH, SH3-like domain
Homeodomain          PF00046.35    57 cds.evm.model.02.2891 -             60   1.3e-06   28.5   0.0   1   1   5.4e-11   1.3e-06   28.5   0.0     3    37    16    50    14    60 0.87 Homeodomain
XET_C                PF06955.19    47 cds.novel_model_6118_5bd9a17a -             60   9.3e-23   80.2   0.7   1   1   4.9e-27   1.2e-22   79.9   0.7     2    47    15    59    14    59 0.97 Xyloglucan endo-transglycosylase (XET) C-terminus
Myb_DNA-binding      PF00249.37    46 cds.evm.model.02.453 -             60   1.5e-06   28.6   0.1   1   1   2.3e-10   1.8e-06   28.3   0.1     3    34    24    59    22    60 0.93 Myb-like DNA-binding domain
Myb_DNA-binding_2    PF23082.1     70 cds.evm.model.02.453 -             60    0.0057   17.1   0.0   1   1   8.5e-07    0.0067   16.9   0.0     2    37    23    58    22    60 0.93 Myb-like DNA-binding domain
Porin_5              PF16930.11   535 cds.evm.model.02.453 -             60      0.11   11.4   0.0   1   1   1.4e-05      0.11   11.4   0.0   288   324     5    41     1    53 0.90 Putative porin
O-FucT               PF10250.15   326 cds.evm.model.09.1251 -             60      0.19   11.7   0.1   1   1   8.2e-06      0.19   11.6   0.1   280   321     3    44     1    49 0.91 GDP-fucose protein O-fucosyltransferase
VQ                   PF05678.19    28 cds.evm.model.01.1269 -             60   1.2e-12   47.4   0.0   1   1   9.5e-17   2.3e-12   46.6   0.0     1    26    16    41    16    43 0.92 VQ motif
MFS_1                PF07690.21   347 cds.novel_model_138_5bd9a17a -             60   1.1e-05   24.9   4.7   1   1   4.9e-10   1.2e-05   24.9   4.7    48   100     2    59     1    60 0.87 Major Facilitator Superfamily
T_hemolysin          PF12261.14   174 cds.evm.model.07.546 -             60     0.087   13.0   0.0   1   1   4.2e-06     0.099   12.8   0.0    55    91    14    48     9    56 0.83 Thermostable hemolysin
DUF599               PF04654.17   211 cds.evm.model.04.399 -             60   1.1e-07   31.9   3.2   1   1   4.8e-12   1.1e-07   31.8   3.2    62   121     1    60     1    60 0.98 Protein of unknown function, DUF599
DUP                  PF00674.24   102 cds.evm.model.07.271 -             60     0.028   15.0   0.2   1   1   1.3e-06     0.032   14.8   0.2     6    55     9    57     2    58 0.72 DUP family
TIR                  PF01582.25   179 cds.evm.model.06.519 -             60   8.9e-13   48.8   0.0   1   1   1.3e-16     1e-12   48.6   0.0     3    53    11    60    10    60 0.98 TIR domain
TIR_2                PF13676.11   122 cds.evm.model.06.519 -             60   1.8e-05   25.6   0.0   1   1   2.5e-09     2e-05   25.4   0.0     1    48    12    60    12    60 0.93 TIR domain
GSCFA                PF08885.17   237 cds.evm.model.06.519 -             60      0.14   12.3   0.0   1   1   1.8e-05      0.14   12.3   0.0     5    44     1    41     1    57 0.79 GSCFA family
TIR                  PF01582.25   179 cds.evm.model.06.519.1.5bd9b13a -             60   4.4e-17   62.8   0.1   1   1   6.2e-21   7.3e-17   62.1   0.1    36   101     2    60     1    60 0.95 TIR domain
TIR_2                PF13676.11   122 cds.evm.model.06.519.1.5bd9b13a -             60   1.7e-06   28.9   0.0   1   1   1.4e-10   1.7e-06   28.9   0.0    31    89     3    53     1    60 0.84 TIR domain
DUF1262              PF06880.16   100 cds.evm.model.10.840 -             60   3.1e-12   47.1   0.0   1   1   1.6e-16   3.7e-12   46.8   0.0     1    40    23    60    23    60 0.98 Protein of unknown function (DUF1262)
zf-B_box             PF00643.29    42 cds.evm.model.10.1548 -             60   1.1e-06   29.0   3.3   1   2   2.9e-10   1.1e-06   29.0   3.3     4    39     2    42     1    45 0.90 B-box zinc finger
zf-B_box             PF00643.29    42 cds.evm.model.10.1548 -             60   1.1e-06   29.0   3.3   2   2     0.069   2.7e+02    2.2   0.5    24    30    44    50    42    53 0.62 B-box zinc finger
ANCHR-like_BBOX      PF22586.1     39 cds.evm.model.10.1548 -             60       0.2   12.2   8.1   1   2   1.7e-05     0.069   13.7   2.8     2    30     4    32     3    42 0.90 ANCHR-like B-box zinc-binding domain
ANCHR-like_BBOX      PF22586.1     39 cds.evm.model.10.1548 -             60       0.2   12.2   8.1   2   2     0.072   2.8e+02    2.1   0.2    20    28    45    53    41    58 0.65 ANCHR-like B-box zinc-binding domain
DUF2321              PF10083.14   157 cds.evm.model.10.1548 -             60      0.23   11.4   2.5   1   1   7.1e-05      0.28   11.2   2.5    28    81    14    57     1    59 0.71 Uncharacterized protein conserved in bacteria (DUF2321)
zf-Sec23_Sec24       PF04810.20    39 cds.evm.model.10.1548 -             60      0.35   11.3   4.9   1   2    0.0026        10    6.6   1.8     4    26     4    26     2    28 0.93 Sec23/Sec24 zinc finger
zf-Sec23_Sec24       PF04810.20    39 cds.evm.model.10.1548 -             60      0.35   11.3   4.9   2   2    0.0042        17    5.9   0.1    19    34    39    54    34    57 0.82 Sec23/Sec24 zinc finger
FtrD-like            PF10080.14   101 cds.evm.model.10.1548 -             60      0.45   11.1   6.2   1   2   5.3e-05      0.21   12.1   2.7    35    64     2    33     1    39 0.86 Membrane iron-sulfur containing protein FtrD-like
FtrD-like            PF10080.14   101 cds.evm.model.10.1548 -             60      0.45   11.1   6.2   2   2      0.16   6.2e+02    1.0   0.0    50    59    42    51    32    59 0.73 Membrane iron-sulfur containing protein FtrD-like
KDM6_GATAL           PF21326.3     59 cds.evm.model.10.1548 -             60       2.1    8.7   7.0   1   2       1.3   5.1e+03   -2.1   0.3    11    15     3     7     2     9 0.56 KDM6, GATA-like
KDM6_GATAL           PF21326.3     59 cds.evm.model.10.1548 -             60       2.1    8.7   7.0   2   2   2.8e-05      0.11   12.8   1.5     5    40    16    49    11    53 0.86 KDM6, GATA-like
UQ_con               PF00179.31   140 cds.evm.model.09.75  -             60   1.1e-10   41.6   0.0   1   1   5.2e-15   1.2e-10   41.5   0.0     1    52     9    59     9    60 0.96 Ubiquitin-conjugating enzyme
New_glue             PF21827.1     94 cds.evm.model.08.1614 -             60     0.036   14.2   3.3   1   1   3.7e-06     0.044   13.9   3.3     2    39     3    58     1    60 0.59 New glue protein family
DEC-1_N              PF04625.18   403 cds.evm.model.08.1614 -             60       2.1    7.7   9.4   1   1   0.00017         2    7.7   9.4   101   143    10    54     2    60 0.71 DEC-1 protein, N-terminal region
Phosphoesterase      PF04185.19   356 cds.evm.model.06.1143.1.5bd9b13b -             60   2.7e-10   40.4   0.0   1   1   2.4e-14   2.9e-10   40.2   0.0   122   176    13    60     7    60 0.95 Phosphoesterase family
DUF5338              PF17273.7     69 cds.evm.model.06.1143.1.5bd9b13b -             60      0.12   12.9   0.0   1   2      0.48   5.7e+03   -2.1   0.0    57    65     7    15     4    17 0.76 Family of unknown function (DUF5338)
DUF5338              PF17273.7     69 cds.evm.model.06.1143.1.5bd9b13b -             60      0.12   12.9   0.0   2   2   2.1e-05      0.25   11.9   0.0    31    50    40    59    36    60 0.89 Family of unknown function (DUF5338)
Phosphoesterase      PF04185.19   356 cds.evm.model.06.1143 -             60   2.2e-08   34.0   0.0   1   1   2.1e-12   2.5e-08   33.9   0.0     1    28    27    55    27    59 0.93 Phosphoesterase family
DUF2701              PF10857.13    63 cds.evm.model.06.1143 -             60      0.11   12.9   0.2   1   1   1.1e-05      0.14   12.6   0.2    11    47     6    43     1    47 0.77 Protein of unknown function (DUF2701)
peroxidase           PF00141.28   237 cds.evm.model.06.2076 -             60   0.00056   20.2   0.0   1   1   2.4e-08   0.00056   20.2   0.0    30    60    27    60     4    60 0.89 Peroxidase
Myb_DNA-binding      PF00249.37    46 cds.evm.model.04.1578 -             60   2.8e-10   40.5   1.6   1   1   1.8e-12   2.1e-08   34.5   1.6     1    46    14    51    14    51 0.94 Myb-like DNA-binding domain
Myb_DNA-bind_6       PF13921.12    60 cds.evm.model.04.1578 -             60   4.9e-07   30.2   0.5   1   2   4.4e-05      0.52   10.9   0.0    44    60     9    25     7    25 0.90 Myb-like DNA-binding domain
Myb_DNA-bind_6       PF13921.12    60 cds.evm.model.04.1578 -             60   4.9e-07   30.2   0.5   2   2   6.6e-09   7.8e-05   23.2   0.4     1    52    17    60    17    60 0.91 Myb-like DNA-binding domain
Transferase          PF02458.20   434 cds.evm.model.04.395 -             60   4.4e-08   32.6   0.1   1   1   2.1e-12   4.9e-08   32.4   0.1     2    51     4    55     3    59 0.91 Transferase family
DUF677               PF05055.17   336 cds.novel_model_71_5bda875f -             60       3.1    7.0   7.3   1   1   0.00028       3.4    6.9   7.3   178   227     3    52     1    56 0.87 Protein of unknown function (DUF677)
DUF2749              PF10907.13    72 cds.novel_model_71_5bda875f -             60       4.9    7.6   5.6   1   1   0.00029       3.4    8.1   4.5    10    48     7    41     3    46 0.74 Protein of unknown function (DUF2749)
GST_N                PF02798.26    76 cds.evm.model.06.1715 -             60   1.3e-10   41.8   0.1   1   1   1.8e-14   1.4e-10   41.7   0.1     3    60     5    60     3    60 0.95 Glutathione S-transferase, N-terminal domain
GST_N_2              PF13409.12    70 cds.evm.model.06.1715 -             60   1.4e-07   32.4   0.0   1   1     2e-11   1.6e-07   32.2   0.0     2    51    13    59    12    60 0.91 Glutathione S-transferase, N-terminal domain
GST_N_3              PF13417.12    75 cds.evm.model.06.1715 -             60   5.6e-07   30.2   0.0   1   1   7.6e-11     6e-07   30.1   0.0     6    53    12    60     7    60 0.88 Glutathione S-transferase, N-terminal domain
VIT1                 PF01988.24   214 cds.evm.model.08.1516 -             60     0.014   15.6   0.1   1   1   7.5e-07     0.018   15.3   0.1     1    17    44    60    44    60 0.94 VIT family
TrAA12               PF22807.2    463 cds.novel_model_1827_5bd9a17a.4.5bd9b136 -             60       0.3    9.7   5.7   1   1   2.4e-05      0.28    9.8   5.7   385   412    31    58    10    60 0.43 TrAA12-like
Chorion_3            PF05387.16   277 cds.novel_model_1827_5bd9a17a.4.5bd9b136 -             60       9.4    6.0   6.2   1   1   0.00086        10    5.8   6.2     6    40    12    50     7    59 0.51 Chorion family 3
TrAA12               PF22807.2    463 cds.novel_model_1820_5bd9a17a.1.5bd9b136 -             60      0.14   10.8   4.4   1   1   5.5e-06      0.13   10.9   4.4   397   421    34    58    10    60 0.44 TrAA12-like
DUF3452              PF11934.13   135 cds.evm.model.08.1060 -             60     0.054   13.5   0.1   1   1   2.3e-06     0.056   13.5   0.1    68   119     6    59     3    60 0.69 Domain of unknown function (DUF3452)
pXO2-34              PF17362.7     79 cds.evm.model.05.1692 -             60      0.19   12.3   0.0   1   1     9e-06      0.21   12.1   0.0     3    45    14    58    12    59 0.86 Family of unknown function
AlkZ-like            PF06224.18   329 cds.evm.model.09.600 -             60     0.013   15.6   0.1   1   1   1.3e-06     0.015   15.3   0.1    22    52    12    40    10    46 0.91 DNA glycosylase AlkZ-like
YBL028C_N            PF10338.15    44 cds.evm.model.09.600 -             60     0.078   13.6   7.1   1   1   8.9e-06      0.11   13.2   7.1     1    21     1    21     1    40 0.89 YBL028C ribosome biogenesis factor, N-terminal domain
GPR15L               PF15854.10    77 cds.evm.model.03.979 -             60      0.12   13.1   0.1   1   1   5.5e-06      0.13   12.9   0.1     6    42     8    45     4    59 0.74 G-protein coupled receptor ligand 15
FMO-like             PF00743.25   532 cds.evm.model.01.850 -             60   2.6e-08   33.2   0.1   1   1   1.8e-11   2.8e-08   33.1   0.1     2    42     3    43     2    52 0.92 Flavin-binding monooxygenase-like
NAD_binding_8        PF13450.12    68 cds.evm.model.01.850 -             60   8.8e-07   29.5   0.0   1   1   5.6e-10   8.8e-07   29.5   0.0     1    36     7    42     7    59 0.89 NAD(P)-binding Rossmann-like domain
Thi4                 PF01946.23   235 cds.evm.model.01.850 -             60   8.4e-06   25.6   0.1   1   1   5.3e-09   8.4e-06   25.6   0.1    18    58     3    41     1    54 0.87 Thi4 family
MurD-like_N          PF21799.2     88 cds.evm.model.01.850 -             60   0.00061   20.4   0.0   1   1   4.1e-07   0.00065   20.3   0.0     1    37     3    39     3    52 0.89 Mur ligase MurD-like, N-terminal domain
FAD_oxidored         PF12831.13   416 cds.evm.model.01.850 -             60    0.0011   18.7   0.0   1   1   7.4e-07    0.0012   18.6   0.0     1    44     4    47     4    57 0.93 FAD dependent oxidoreductase
HI0933_like          PF03486.20   244 cds.evm.model.01.850 -             60    0.0018   18.1   0.0   1   1   1.2e-06    0.0019   18.1   0.0     2    36     4    38     3    50 0.93 HI0933-like protein Rossmann domain
Amino_oxidase        PF01593.30   443 cds.evm.model.01.850 -             60    0.0077   15.9   0.0   1   1   5.3e-06    0.0084   15.8   0.0     2    32    13    42    12    48 0.91 Flavin containing amine oxidoreductase
DAO                  PF01266.30   353 cds.evm.model.01.850 -             60     0.015   15.3   0.0   1   1   9.2e-06     0.015   15.3   0.0     1    35     4    38     4    55 0.89 FAD dependent oxidoreductase
Pyr_redox_2          PF07992.20   291 cds.evm.model.01.850 -             60     0.027   14.3   0.0   1   1   1.8e-05     0.029   14.2   0.0     1    47     3    46     3    55 0.77 Pyridine nucleotide-disulphide oxidoreductase
Shikimate_DH         PF01488.26   138 cds.evm.model.01.850 -             60      0.03   14.8   0.0   1   1   2.3e-05     0.036   14.5   0.0    13    44     3    34     1    37 0.89 Shikimate / quinate 5-dehydrogenase
FAD_binding_3        PF01494.25   349 cds.evm.model.01.850 -             60     0.047   13.3   0.2   1   1   3.6e-05     0.057   13.0   0.2     3    34     4    35     3    40 0.92 FAD binding domain
FAD_binding_2        PF00890.30   414 cds.evm.model.01.850 -             60     0.071   12.7   0.1   1   1   4.9e-05     0.077   12.6   0.1     1    36     4    39     4    45 0.90 FAD binding domain
NAD_binding_9        PF13454.12   155 cds.evm.model.01.850 -             60     0.087   13.2   0.0   1   1   5.7e-05      0.09   13.1   0.0     1    44     6    44     6    57 0.78 FAD-NAD(P)-binding
GKRP_SIS_N           PF22645.1    113 cds.evm.model.01.850 -             60      0.21   11.7   0.1   1   1   0.00015      0.24   11.6   0.1    18    44     4    32     1    41 0.83 Glucokinase regulatory protein N-terminal SIS domain
ThiF                 PF00899.27   238 cds.evm.model.01.850 -             60      0.23   11.0   0.1   1   1   0.00018      0.28   10.7   0.1    22    48     4    30     2    32 0.91 ThiF family
Jacalin              PF01419.22   136 cds.evm.model.01.2956 -             60   1.3e-13   51.9   0.9   1   1   5.9e-18   1.4e-13   51.8   0.9     2    57     7    60     6    60 0.96 Jacalin-like lectin domain
DHquinase_I          PF01487.21   230 cds.evm.model.06.1391 -             60   1.2e-07   32.5   0.0   1   1     1e-11   1.2e-07   32.4   0.0     1    38    14    52    14    60 0.88 Type I 3-dehydroquinase
SspO                 PF08175.17    48 cds.evm.model.06.1391 -             60    0.0047   17.3   0.1   1   1   4.3e-07    0.0051   17.2   0.1     5    21    22    38    18    55 0.87 Small acid-soluble spore protein O family
Calmodulin_bind      PF07887.16   147 cds.evm.model.06.1889 -             60   9.8e-05   22.9   0.2   1   1     5e-09   0.00012   22.6   0.2     1    30    31    60    31    60 0.96 Calmodulin binding protein-like N-terminal domain
bHLH-TF_ACT-like_plant PF22754.2     80 cds.evm.model.05.1097 -             60     0.084   13.3   0.1   1   1   4.4e-06       0.1   13.0   0.1     9    38    31    60    26    60 0.90 Plant bHLH transcription factor, ACT-like domain
Transferase          PF02458.20   434 cds.novel_model_334_5bd9a17a -             60   5.2e-08   32.4   0.1   1   1   2.2e-12   5.3e-08   32.3   0.1     2    47     9    56     8    60 0.93 Transferase family
Xan_ur_permease      PF00860.26   389 cds.novel_model_2984_5bd9a17a.6.5bd9b137 -             60   3.1e-06   26.6   0.8   1   1   1.5e-10   3.5e-06   26.4   0.8    89   144     1    56     1    59 0.95 Permease family
Xan_ur_permease      PF00860.26   389 cds.novel_model_2983_5bd9a17a.5.5bd9b137 -             60   3.1e-06   26.6   0.8   1   1   1.5e-10   3.5e-06   26.4   0.8    89   144     1    56     1    59 0.95 Permease family
C2                   PF00168.36   104 cds.evm.model.07.742 -             60   4.5e-13   49.7   0.1   1   1     2e-17   4.7e-13   49.6   0.1     1    56     6    58     6    60 0.91 C2 domain
C2                   PF00168.36   104 cds.evm.model.07.742.1.5bd9b13c -             60   6.3e-11   42.8   0.1   1   1   2.8e-15   6.7e-11   42.7   0.1     1    58     6    59     6    60 0.88 C2 domain
Prefoldin            PF02996.22   120 cds.evm.model.06.345 -             60    0.0092   16.3   0.5   1   1   3.2e-06     0.011   16.1   0.5     4    45    15    56    14    59 0.85 Prefoldin subunit
Spc24                PF08286.16   109 cds.evm.model.06.345 -             60     0.018   15.6   0.6   1   1   5.6e-06     0.019   15.6   0.6    13    46    16    49    11    60 0.80 Spc24 subunit of Ndc80
DUF1192              PF06698.16    58 cds.evm.model.06.345 -             60     0.038   14.5   0.1   1   1   1.5e-05      0.05   14.1   0.1    21    47    15    41    12    49 0.87 Protein of unknown function (DUF1192)
SPO22                PF08631.16   274 cds.evm.model.06.345 -             60     0.056   13.3   0.2   1   1   1.6e-05     0.056   13.3   0.2   196   240     7    51     1    57 0.85 Meiosis protein SPO22/ZIP4 like
DUF1843              PF08898.15    52 cds.evm.model.06.345 -             60      0.06   14.3   0.1   1   1   2.3e-05     0.078   14.0   0.1    34    52    17    35     2    35 0.83 Domain of unknown function (DUF1843)
Rx_N                 PF18052.6     93 cds.evm.model.06.345 -             60     0.065   13.7   0.1   1   1   1.9e-05     0.066   13.7   0.1    14    53    10    49     5    60 0.80 Rx N-terminal domain
DivIC                PF04977.20    80 cds.evm.model.06.345 -             60      0.13   12.5   0.7   1   1   5.2e-05      0.18   12.0   0.7    26    57    16    40    12    45 0.59 Septum formation initiator
Transferase          PF02458.20   434 cds.evm.model.01.61  -             60   2.1e-10   40.2   0.0   1   1   8.9e-15   2.1e-10   40.2   0.0   141   193     2    58     1    60 0.81 Transferase family
Arf                  PF00025.27   174 cds.novel_model_678_5bd9a17a.2.5bd9b134 -             60     4e-22   78.9   0.2   1   1   1.7e-25   4.4e-22   78.8   0.2     1    57     5    60     5    60 0.96 ADP-ribosylation factor family
6PF2K                PF01591.24   223 cds.novel_model_678_5bd9a17a.2.5bd9b134 -             60    0.0015   18.3   0.1   1   1   5.6e-07    0.0015   18.3   0.1     9    50    13    54     6    60 0.83 6-phosphofructo-2-kinase
SRPRB                PF09439.16   178 cds.novel_model_678_5bd9a17a.2.5bd9b134 -             60     0.005   16.6   0.1   1   1   2.1e-06    0.0055   16.5   0.1     2    35    16    49    15    60 0.80 Signal recognition particle receptor beta subunit
G-alpha              PF00503.26   333 cds.novel_model_678_5bd9a17a.2.5bd9b134 -             60     0.022   14.3   0.0   1   1   8.2e-06     0.022   14.3   0.0    18    43    14    39     7    59 0.87 G-protein alpha subunit
Roc                  PF08477.19   119 cds.novel_model_678_5bd9a17a.2.5bd9b134 -             60     0.027   15.1   0.1   1   1   1.2e-05     0.031   14.9   0.1     1    40    19    57    19    60 0.87 Ras of Complex, Roc, domain of DAPkinase
AAA_7                PF12775.13   181 cds.novel_model_678_5bd9a17a.2.5bd9b134 -             60     0.067   13.1   0.1   1   1   2.7e-05     0.072   13.0   0.1    23    55     7    40     4    58 0.79 P-loop containing dynein motor region
T2SSE                PF00437.26   269 cds.novel_model_678_5bd9a17a.2.5bd9b134 -             60     0.092   12.2   0.1   1   1   3.5e-05     0.092   12.2   0.1   118   155     5    43     1    59 0.72 Type II/IV secretion system protein
SRP54                PF00448.28   196 cds.novel_model_678_5bd9a17a.2.5bd9b134 -             60      0.11   12.5   0.1   1   1   4.9e-05      0.13   12.3   0.1     3    21    19    37    17    44 0.90 SRP54-type protein, GTPase domain
AAA_33               PF13671.12   143 cds.novel_model_678_5bd9a17a.2.5bd9b134 -             60       0.2   12.4   0.0   1   1   9.3e-05      0.25   12.0   0.0     2    18    20    36    20    46 0.88 AAA domain
Arf                  PF00025.27   174 cds.novel_model_677_5bd9a17a.1.5bd9b134 -             60     4e-22   78.9   0.2   1   1   1.7e-25   4.4e-22   78.8   0.2     1    57     5    60     5    60 0.96 ADP-ribosylation factor family
6PF2K                PF01591.24   223 cds.novel_model_677_5bd9a17a.1.5bd9b134 -             60    0.0015   18.3   0.1   1   1   5.6e-07    0.0015   18.3   0.1     9    50    13    54     6    60 0.83 6-phosphofructo-2-kinase
SRPRB                PF09439.16   178 cds.novel_model_677_5bd9a17a.1.5bd9b134 -             60     0.005   16.6   0.1   1   1   2.1e-06    0.0055   16.5   0.1     2    35    16    49    15    60 0.80 Signal recognition particle receptor beta subunit
G-alpha              PF00503.26   333 cds.novel_model_677_5bd9a17a.1.5bd9b134 -             60     0.022   14.3   0.0   1   1   8.2e-06     0.022   14.3   0.0    18    43    14    39     7    59 0.87 G-protein alpha subunit
Roc                  PF08477.19   119 cds.novel_model_677_5bd9a17a.1.5bd9b134 -             60     0.027   15.1   0.1   1   1   1.2e-05     0.031   14.9   0.1     1    40    19    57    19    60 0.87 Ras of Complex, Roc, domain of DAPkinase
AAA_7                PF12775.13   181 cds.novel_model_677_5bd9a17a.1.5bd9b134 -             60     0.067   13.1   0.1   1   1   2.7e-05     0.072   13.0   0.1    23    55     7    40     4    58 0.79 P-loop containing dynein motor region
T2SSE                PF00437.26   269 cds.novel_model_677_5bd9a17a.1.5bd9b134 -             60     0.092   12.2   0.1   1   1   3.5e-05     0.092   12.2   0.1   118   155     5    43     1    59 0.72 Type II/IV secretion system protein
SRP54                PF00448.28   196 cds.novel_model_677_5bd9a17a.1.5bd9b134 -             60      0.11   12.5   0.1   1   1   4.9e-05      0.13   12.3   0.1     3    21    19    37    17    44 0.90 SRP54-type protein, GTPase domain
AAA_33               PF13671.12   143 cds.novel_model_677_5bd9a17a.1.5bd9b134 -             60       0.2   12.4   0.0   1   1   9.3e-05      0.25   12.0   0.0     2    18    20    36    20    46 0.88 AAA domain
Arf                  PF00025.27   174 cds.novel_model_676_5bd9a17a -             60     4e-22   78.9   0.2   1   1   1.7e-25   4.4e-22   78.8   0.2     1    57     5    60     5    60 0.96 ADP-ribosylation factor family
6PF2K                PF01591.24   223 cds.novel_model_676_5bd9a17a -             60    0.0015   18.3   0.1   1   1   5.6e-07    0.0015   18.3   0.1     9    50    13    54     6    60 0.83 6-phosphofructo-2-kinase
SRPRB                PF09439.16   178 cds.novel_model_676_5bd9a17a -             60     0.005   16.6   0.1   1   1   2.1e-06    0.0055   16.5   0.1     2    35    16    49    15    60 0.80 Signal recognition particle receptor beta subunit
G-alpha              PF00503.26   333 cds.novel_model_676_5bd9a17a -             60     0.022   14.3   0.0   1   1   8.2e-06     0.022   14.3   0.0    18    43    14    39     7    59 0.87 G-protein alpha subunit
Roc                  PF08477.19   119 cds.novel_model_676_5bd9a17a -             60     0.027   15.1   0.1   1   1   1.2e-05     0.031   14.9   0.1     1    40    19    57    19    60 0.87 Ras of Complex, Roc, domain of DAPkinase
AAA_7                PF12775.13   181 cds.novel_model_676_5bd9a17a -             60     0.067   13.1   0.1   1   1   2.7e-05     0.072   13.0   0.1    23    55     7    40     4    58 0.79 P-loop containing dynein motor region
T2SSE                PF00437.26   269 cds.novel_model_676_5bd9a17a -             60     0.092   12.2   0.1   1   1   3.5e-05     0.092   12.2   0.1   118   155     5    43     1    59 0.72 Type II/IV secretion system protein
SRP54                PF00448.28   196 cds.novel_model_676_5bd9a17a -             60      0.11   12.5   0.1   1   1   4.9e-05      0.13   12.3   0.1     3    21    19    37    17    44 0.90 SRP54-type protein, GTPase domain
AAA_33               PF13671.12   143 cds.novel_model_676_5bd9a17a -             60       0.2   12.4   0.0   1   1   9.3e-05      0.25   12.0   0.0     2    18    20    36    20    46 0.88 AAA domain
Sugar_tr             PF00083.30   452 cds.evm.model.01.187.1.5bd9b134 -             60    0.0047   16.2   0.1   1   1   2.2e-07    0.0052   16.1   0.1     1    59     7    56     7    59 0.77 Sugar (and other) transporter
Sugar_tr             PF00083.30   452 cds.evm.model.01.187 -             60    0.0047   16.2   0.1   1   1   2.2e-07    0.0052   16.1   0.1     1    59     7    56     7    59 0.77 Sugar (and other) transporter
Thaumatin            PF00314.22   209 cds.evm.model.01.2631 -             60   0.00038   20.6   0.0   1   1   1.8e-08   0.00043   20.4   0.0     1    28    33    60    33    60 0.95 Thaumatin family
Thaumatin            PF00314.22   209 cds.evm.model.01.2631.1.5bdae6e4 -             60     4e-13   49.9   3.9   1   1   1.7e-17   4.1e-13   49.9   3.9   110   159     3    59     1    60 0.83 Thaumatin family
CYSTM                PF12734.12    37 cds.novel_model_4536_5bd9a17a -             60   1.8e-13   50.8  13.9   1   1   8.9e-18   2.1e-13   50.5  13.9     4    37    25    58     8    58 0.96 Cysteine-rich TM module stress tolerance
DUF5619              PF18505.6     85 cds.evm.model.07.541 -             60     0.071   13.5   0.1   1   1   3.6e-06     0.087   13.2   0.1    37    71    23    54    18    58 0.86 Domain of unknown function (DUF5619)
Sod_Cu               PF00080.25   133 cds.evm.model.06.1891 -             60   2.8e-13   50.8   0.6   1   1   1.4e-17   3.2e-13   50.6   0.6     1    49    14    60    14    60 0.94 Copper/zinc superoxide dismutase (SODC)
Defensin_big         PF14862.11    55 cds.evm.model.02.52  -             60    0.0096   16.4   0.1   1   1   1.1e-06     0.013   16.0   0.1     7    43    11    47     6    51 0.90 Big defensin
DUF6049              PF19516.4    708 cds.evm.model.02.52  -             60     0.096   11.7   0.2   1   1     8e-06     0.096   11.7   0.2     3    35     3    35     1    54 0.81 Family of unknown function (DUF6049)
GINT1_N              PF24793.1    304 cds.evm.model.02.2171 -             60   1.4e-23   83.7   0.5   1   1   6.4e-28   1.5e-23   83.7   0.5    27    75    12    60     5    60 0.96 Glucosamine inositolphosphorylceramide transferase 1, N-terminal
SH3_Rv0428c          PF24551.1     55 cds.evm.model.04.157 -             60      0.01   16.3   0.0   1   1   1.2e-06     0.014   15.8   0.0     8    37    24    51    23    55 0.86 Probable histone acetyltransferase Rv0428c SH3 domain
DUF3951              PF13131.11    52 cds.evm.model.04.157 -             60      0.52   11.0   4.5   1   1   5.7e-05      0.68   10.6   4.5     8    27     3    22     1    25 0.92 Protein of unknown function (DUF3951)
Cellulose_synt       PF03552.20   722 cds.novel_model_2676_5bd9a17a.1.5bd9b137 -             60   7.8e-23   81.3   0.1   1   1   3.5e-27   8.3e-23   81.2   0.1   591   652     1    60     1    60 0.97 Cellulose synthase
Cellulose_synt       PF03552.20   722 cds.novel_model_2675_5bd9a17a -             60   1.4e-24   87.0   0.1   1   1   6.4e-29   1.5e-24   86.9   0.1   362   420     2    60     1    60 0.98 Cellulose synthase
Cytidylate_kin2      PF13189.12   176 cds.evm.model.09.802 -             60      0.16   12.5   0.1   1   1   7.8e-06      0.18   12.3   0.1     7    42    21    56    19    59 0.88 Cytidylate kinase-like family
ALOG_dom             PF04852.17   126 cds.evm.model.09.1193 -             60   0.00012   22.6   0.3   1   1   6.9e-09   0.00016   22.2   0.3     6    25    43    60    31    60 0.83 ALOG domain
GDP_Man_Dehyd        PF16363.11   332 cds.evm.model.02.3190 -             60   2.2e-05   24.4   0.0   1   1   6.8e-09   2.3e-05   24.4   0.0     2    43    16    57    15    60 0.92 GDP-mannose 4,6 dehydratase
Epimerase            PF01370.27   240 cds.evm.model.02.3190 -             60   4.9e-05   23.2   0.0   1   1   1.5e-08   4.9e-05   23.2   0.0     1    42    14    55    14    60 0.89 NAD dependent epimerase/dehydratase family
NmrA                 PF05368.19   236 cds.evm.model.02.3190 -             60    0.0044   16.9   0.0   1   1   1.4e-06    0.0047   16.8   0.0     1    41    14    54    14    59 0.87 NmrA-like family
NAD_binding_10       PF13460.12   184 cds.evm.model.02.3190 -             60     0.014   15.7   0.0   1   1   4.5e-06     0.015   15.5   0.0     1    32    18    48    18    58 0.90 NAD(P)H-binding
3Beta_HSD            PF01073.25   280 cds.evm.model.02.3190 -             60     0.086   12.2   0.0   1   1   2.5e-05     0.086   12.2   0.0     2    22    16    36    15    57 0.82 3-beta hydroxysteroid dehydrogenase/isomerase family
adh_short            PF00106.31   195 cds.evm.model.02.3190 -             60      0.18   11.6   0.0   1   1   5.5e-05      0.19   11.6   0.0     1    38    12    49    12    59 0.88 short chain dehydrogenase
NAD_binding_4        PF07993.18   258 cds.evm.model.02.3190 -             60      0.25   10.8   0.0   1   1   7.5e-05      0.26   10.8   0.0     1    23    16    38    16    53 0.87 Male sterility protein
Gln-synt_N           PF03951.24    82 cds.evm.model.05.1082.3.5bd9b13a -             60   5.7e-06   26.2   0.0   1   1   2.4e-10   5.7e-06   26.2   0.0    29    68    22    59     2    60 0.75 Glutamine synthetase, beta-Grasp domain
EAR                  PF07897.16    36 cds.evm.model.02.834.1.5bd9b134 -             60     0.087   12.9   3.9   1   2       0.2   4.8e+03   -2.3   0.0    15    23    25    33    25    36 0.73 Ethylene-responsive binding factor-associated repression
EAR                  PF07897.16    36 cds.evm.model.02.834.1.5bd9b134 -             60     0.087   12.9   3.9   2   2     6e-06      0.14   12.2   3.2     4    16    47    59    45    60 0.84 Ethylene-responsive binding factor-associated repression
EAR                  PF07897.16    36 cds.evm.model.02.834 -             60     0.087   12.9   3.9   1   2       0.2   4.8e+03   -2.3   0.0    15    23    25    33    25    36 0.73 Ethylene-responsive binding factor-associated repression
EAR                  PF07897.16    36 cds.evm.model.02.834 -             60     0.087   12.9   3.9   2   2     6e-06      0.14   12.2   3.2     4    16    47    59    45    60 0.84 Ethylene-responsive binding factor-associated repression
TB2_DP1_HVA22        PF03134.24    77 cds.evm.model.04.2191 -             60   1.6e-09   37.9   0.2   1   1   1.7e-13     2e-09   37.6   0.2    46    76     3    33     1    34 0.94 TB2/DP1, HVA22 family
Cmr1_like_C          PF21452.2    116 cds.evm.model.04.2191 -             60     0.052   14.1   0.1   1   1   4.8e-06     0.057   13.9   0.1    13    41    13    45     7    55 0.82 Cmr1-like, C-terminal
CX9C                 PF16860.10    44 cds.evm.model.08.671 -             60      0.07   13.4   0.0   1   1   4.1e-06     0.097   13.0   0.0    19    41    30    52    30    54 0.93 CHCH-CHCH-like Cx9C, IMS import disulfide relay-system,
EF-hand_1            PF00036.38    29 cds.evm.model.01.2279 -             60   9.8e-09   34.6   0.1   1   3   1.9e-11   5.6e-08   32.2   0.0     2    28    12    38    11    39 0.93 EF hand
EF-hand_1            PF00036.38    29 cds.evm.model.01.2279 -             60   9.8e-09   34.6   0.1   2   3       0.5   1.5e+03   -0.4   0.0    15    26    41    52    41    55 0.77 EF hand
EF-hand_1            PF00036.38    29 cds.evm.model.01.2279 -             60   9.8e-09   34.6   0.1   3   3         1     3e+03   -1.4   0.1    10    14    56    60    47    60 0.76 EF hand
EF-hand_6            PF13405.12    30 cds.evm.model.01.2279 -             60   2.6e-08   33.3   0.0   1   2   2.7e-11   8.1e-08   31.7   0.0     2    30    12    40    11    44 0.92 EF-hand domain
EF-hand_6            PF13405.12    30 cds.evm.model.01.2279 -             60   2.6e-08   33.3   0.0   2   2      0.68     2e+03   -0.5   0.0    15    27    41    53    40    59 0.76 EF-hand domain
EF-hand_5            PF13202.12    25 cds.evm.model.01.2279 -             60   8.1e-08   31.8   0.0   1   3   2.7e-11   8.1e-08   31.8   0.0     2    25    13    36    12    36 0.90 EF hand
EF-hand_5            PF13202.12    25 cds.evm.model.01.2279 -             60   8.1e-08   31.8   0.0   2   3       1.4   4.3e+03   -2.1   0.0    14    20    41    47    41    47 0.84 EF hand
EF-hand_5            PF13202.12    25 cds.evm.model.01.2279 -             60   8.1e-08   31.8   0.0   3   3      0.82   2.4e+03   -1.3   1.3     9    13    56    60    56    60 0.82 EF hand
EF-hand_7            PF13499.12    67 cds.evm.model.01.2279 -             60   1.3e-07   32.2   0.0   1   1     5e-11   1.5e-07   32.0   0.0     4    54    12    60     9    60 0.92 EF-hand domain pair
EF-hand_8            PF13833.12    54 cds.evm.model.01.2279 -             60   1.5e-06   28.3   0.5   1   2   2.4e-05     0.071   13.3   0.1    30    47    15    32    12    37 0.84 EF-hand domain pair
EF-hand_8            PF13833.12    54 cds.evm.model.01.2279 -             60   1.5e-06   28.3   0.5   2   2   5.3e-07    0.0016   18.5   0.0     1    39    23    60    23    60 0.90 EF-hand domain pair
Caleosin             PF05042.19   170 cds.evm.model.01.2279 -             60   0.00098   19.5   0.0   1   1   3.3e-07     0.001   19.4   0.0     5    39    11    45     7    55 0.83 Caleosin related protein
FANCI_HD2            PF14680.12   230 cds.evm.model.01.2279 -             60     0.074   12.7   0.0   1   1   2.5e-05     0.076   12.7   0.0    72   108    10    47     1    51 0.88 FANCI helical domain 2
EF-hand_9            PF14658.12    66 cds.evm.model.01.2279 -             60      0.16   12.8   0.0   1   1   6.1e-05      0.18   12.7   0.0     1    30    13    42    13    58 0.86 EF-hand domain
PC-Esterase          PF13839.12   284 cds.evm.model.10.1642 -             60   5.3e-17   63.1   0.1   1   1   7.6e-21     6e-17   62.9   0.1     1    38    22    59    22    60 0.97 GDSL/SGNH-like Acyl-Esterase family found in Pmr5 and Cas1p
PMR5N                PF14416.11    55 cds.evm.model.10.1642 -             60   3.5e-07   30.8   1.1   1   1   6.4e-11     5e-07   30.3   1.1    35    55     1    21     1    21 0.96 PMR5 N terminal Domain
NXPE4_C              PF24536.1    220 cds.evm.model.10.1642 -             60      0.15   12.0   0.0   1   1   2.2e-05      0.17   11.8   0.0     1    37    15    54    15    59 0.86 NXPE family member 4-like, C-terminal domain
p450                 PF00067.27   462 cds.evm.model.08.326 -             60    0.0033   16.6   0.1   1   1   1.9e-07    0.0045   16.2   0.1     1    31    32    60    32    60 0.95 Cytochrome P450
Raffinose_syn        PF05691.18   750 cds.evm.model.03.1774 -             60   3.1e-08   32.3   0.1   1   1   1.4e-12   3.3e-08   32.2   0.1     1    63     7    60     7    60 0.95 Raffinose synthase or seed imbibition protein Sip1
HMA                  PF00403.32    62 cds.evm.model.01.1042 -             60   1.7e-07   31.9   2.1   1   1   8.5e-12     2e-07   31.7   1.6     3    31    32    59    30    60 0.91 Heavy-metal-associated domain
Organ_specific       PF10950.13   117 cds.evm.model.02.1246 -             60   8.5e-07   30.1   0.1   1   1   8.1e-11   9.6e-07   29.9   0.1     3    25    29    51    26    59 0.85 Organ specific protein
WLS-like_TM          PF06664.17   247 cds.evm.model.02.1246 -             60     0.073   12.8   0.0   1   1   6.1e-06     0.073   12.8   0.0   113   147     2    36     1    53 0.81 Wntless-like, transmembrane domain
SASA                 PF03629.24   226 cds.evm.model.01.1686 -             60   2.6e-12   47.2   0.0   1   1   1.2e-16   2.8e-12   47.1   0.0    13    62     1    59     1    60 0.93 Carbohydrate esterase, sialic acid-specific acetylesterase
HMA                  PF00403.32    62 cds.evm.model.02.2208 -             60   4.5e-05   24.1   0.3   1   1   4.8e-09   5.7e-05   23.8   0.3     2    24     7    28     5    32 0.87 Heavy-metal-associated domain
Fer2_BFD             PF04324.20    50 cds.evm.model.02.2208 -             60     0.012   16.3   0.2   1   1   1.9e-06     0.023   15.4   0.2    31    48     7    24     4    26 0.91 BFD-like [2Fe-2S] binding domain
Terpene_synth_C      PF03936.21   241 cds.novel_model_6189_5bd9a17a -             60   1.9e-13   50.7   0.1   1   1   1.7e-17     2e-13   50.6   0.1   127   185     1    59     1    60 0.96 Terpene synthase family, metal binding domain
Terpene_syn_C_2      PF19086.5    199 cds.novel_model_6189_5bd9a17a -             60   1.1e-11   45.2   0.0   1   1   9.9e-16   1.2e-11   45.2   0.0    86   143     1    59     1    60 0.95 Terpene synthase family 2, C-terminal metal binding
NAM                  PF02365.20   122 cds.evm.model.04.673 -             60   3.9e-17   63.3   0.1   1   1   3.6e-21   4.2e-17   63.1   0.1     1    49    10    58    10    60 0.96 No apical meristem (NAM) protein
zf-P11               PF03854.20    50 cds.evm.model.04.673 -             60     0.024   14.7   0.0   1   1   2.6e-06      0.03   14.4   0.0    20    30    24    34    18    42 0.83 P-11 zinc finger
adh_short            PF00106.31   195 cds.evm.model.03.203 -             60   1.2e-08   35.0   0.6   1   1   2.2e-12   1.3e-08   34.9   0.6     1    46    13    58    13    60 0.95 short chain dehydrogenase
KR                   PF08659.16   180 cds.evm.model.03.203 -             60   0.00086   19.7   1.7   1   1   1.5e-07   0.00092   19.6   1.7     3    46    15    57    13    60 0.80 KR domain
SDR                  PF23441.1    258 cds.evm.model.03.203 -             60    0.0049   16.7   0.3   1   1   9.7e-07    0.0058   16.4   0.3     9    54    14    58     6    59 0.86 SDR-like rossmann domain
Dak1                 PF02733.22   313 cds.evm.model.03.203 -             60     0.094   12.0   2.3   1   1   2.3e-05      0.14   11.5   2.3    27    60    10    43     4    45 0.79 Dak1 domain
DUF538               PF04398.17   112 cds.evm.model.02.2836 -             60   0.00022   22.1   0.0   1   1   2.1e-08   0.00025   21.9   0.0     2    26    32    56    31    60 0.90 Protein of unknown function, DUF538
Se_S_carrier         PF11823.13    69 cds.evm.model.02.2836 -             60      0.07   13.0   0.0   1   1   7.5e-06      0.09   12.7   0.0     3    30    19    46    17    47 0.93 Putative Se/S carrier protein-like
Rv3627c_N            PF23714.1     58 cds.novel_model_3668_5bd9a17a -             60      0.35   11.2   6.9   1   1   2.9e-05       0.7   10.3   6.9    20    56    14    45     7    47 0.61 Carboxypeptidase Rv3627c-like, N-terminal domain
Actin                PF00022.25   410 cds.evm.model.04.1329.1.5bd9b138 -             60     2e-20   73.2   0.0   1   1   9.3e-25   2.2e-20   73.0   0.0   106   160     6    60     2    60 0.96 Actin
Actin                PF00022.25   410 cds.evm.model.04.1329 -             60     2e-13   50.1   0.1   1   1   8.6e-18   2.1e-13   50.1   0.1     2    51     5    59     4    60 0.93 Actin
Pirin                PF02678.22   108 cds.evm.model.07.659.1.5bd9b13b -             60   7.1e-06   26.4   0.2   1   1   4.5e-10   1.1e-05   25.8   0.2    82   108     1    26     1    26 0.96 Pirin
14-3-3               PF00244.26   223 cds.evm.model.02.2779 -             60      0.14   12.1   0.0   1   1   6.3e-06      0.15   12.0   0.0    64   110     4    50     1    56 0.81 14-3-3 protein
Amidase              PF01425.26   445 cds.evm.model.01.1013 -             60   5.4e-05   22.8   0.0   1   1   2.6e-09   6.1e-05   22.6   0.0    84   125    14    59    11    60 0.81 Amidase
GRP                  PF07172.16    90 cds.evm.model.10.1632 -             60    0.0059   17.6   0.0   1   1   2.8e-07    0.0067   17.4   0.0     1    47     1    47     1    55 0.88 Glycine rich protein family
Metallothio_2        PF01439.23    81 cds.evm.model.06.1498 -             60   1.8e-16   61.2  13.5   1   1   7.9e-21   1.9e-16   61.1  13.5     1    56     1    55     1    60 0.90 Metallothionein
adh_short            PF00106.31   195 cds.evm.model.10.200 -             60     9e-09   35.5   0.4   1   1   2.5e-12   9.8e-09   35.3   0.4     1    43    17    59    17    60 0.93 short chain dehydrogenase
adh_short_C2         PF13561.12   236 cds.evm.model.10.200 -             60   5.3e-05   23.3   0.2   1   1   1.7e-08   6.6e-05   23.0   0.2     2    38    24    58    23    60 0.88 Enoyl-(Acyl carrier protein) reductase
KR                   PF08659.16   180 cds.evm.model.10.200 -             60    0.0013   19.1   0.1   1   1   3.5e-07    0.0014   19.0   0.1     3    29    19    45    17    59 0.90 KR domain
3HCDH_N              PF02737.24   180 cds.evm.model.10.200 -             60    0.0077   16.5   0.3   1   1     2e-06    0.0081   16.5   0.3     6    40    24    58    17    60 0.79 3-hydroxyacyl-CoA dehydrogenase, NAD binding domain
AdoHcyase_NAD        PF00670.27   162 cds.evm.model.10.200 -             60      0.05   14.1   0.1   1   1   1.4e-05     0.054   14.0   0.1    20    55    13    49     2    53 0.82 S-adenosyl-L-homocysteine hydrolase, NAD binding domain
THF_DHG_CYH_C        PF02882.25   160 cds.evm.model.10.200 -             60     0.066   12.9   0.0   1   1   1.7e-05     0.066   12.9   0.0    22    70     2    50     1    59 0.89 Tetrahydrofolate dehydrogenase/cyclohydrolase, NAD(P)-binding domain
DIOX_N               PF14226.12   117 cds.evm.model.07.310 -             60   4.7e-15   56.7   0.2   1   1   6.6e-19   5.2e-15   56.5   0.2    13    64     3    54     2    60 0.93 non-haem dioxygenase in morphine synthesis N-terminal
DUF3921              PF13060.11    58 cds.evm.model.07.310 -             60      0.07   13.6   0.1   1   1   5.4e-05      0.42   11.1   0.1    12    49    10    48     7    54 0.74 Protein of unknown function (DUF3921)
PAC2                 PF09754.15   215 cds.evm.model.07.310 -             60      0.23   11.6   0.0   1   1     3e-05      0.24   11.6   0.0    84   129     5    47     1    59 0.70 PAC2 family
Cellulose_synt       PF03552.20   722 cds.evm.model.05.1197 -             60   9.6e-29  100.8   3.4   1   1   4.3e-33     1e-28  100.7   3.4    52   111     1    60     1    60 0.99 Cellulose synthase
Dimerisation         PF08100.17    93 cds.evm.model.10.1599 -             60     6e-13   48.8   0.1   1   1   2.8e-17   6.7e-13   48.7   0.1     6    51    13    58     9    60 0.93 Plant O-methyltransferase dimerisation domain
SPX                  PF03105.24   340 cds.evm.model.07.7   -             60   1.6e-15   58.4   2.4   1   1   1.4e-19   1.7e-15   58.3   2.4     1    54     2    55     2    59 0.74 SPX domain
Cytochrom_c3_2       PF14537.11    79 cds.evm.model.07.7   -             60     0.027   15.3   0.4   1   1   2.7e-06     0.032   15.1   0.4    42    73    27    58    17    59 0.83 Cytochrome c3
NAM                  PF02365.20   122 cds.evm.model.06.280.1.5bd9b13a -             60    0.0022   18.8   0.1   1   1   1.3e-07    0.0031   18.4   0.1   102   121     1    22     1    23 0.92 No apical meristem (NAM) protein
NAM                  PF02365.20   122 cds.evm.model.06.280 -             60   2.1e-15   57.7   0.0   1   1     1e-19   2.4e-15   57.5   0.0     1    49    10    59    10    60 0.90 No apical meristem (NAM) protein
EF-hand_7            PF13499.12    67 cds.evm.model.10.1866 -             60     9e-12   45.6   0.0   1   1   3.6e-15   9.6e-12   45.5   0.0     5    58     8    59     4    60 0.92 EF-hand domain pair
EF-hand_5            PF13202.12    25 cds.evm.model.10.1866 -             60   6.9e-10   38.3   0.1   1   3   2.8e-10   7.3e-07   28.8   0.0     4    25    10    31     8    31 0.92 EF hand
EF-hand_5            PF13202.12    25 cds.evm.model.10.1866 -             60   6.9e-10   38.3   0.1   2   3       1.6   4.2e+03   -2.1   0.0    14    20    36    42    36    42 0.83 EF hand
EF-hand_5            PF13202.12    25 cds.evm.model.10.1866 -             60   6.9e-10   38.3   0.1   3   3    0.0019       5.1    7.1   0.0     3    14    45    56    43    59 0.83 EF hand
EF-hand_1            PF00036.38    29 cds.evm.model.10.1866 -             60   9.1e-10   37.8   0.0   1   2   2.2e-09   5.9e-06   25.9   0.0     3    26     8    31     6    34 0.90 EF hand
EF-hand_1            PF00036.38    29 cds.evm.model.10.1866 -             60   9.1e-10   37.8   0.0   2   2   0.00021      0.55   10.3   0.0     1    17    42    58    42    60 0.86 EF hand
EF-hand_6            PF13405.12    30 cds.evm.model.10.1866 -             60   3.3e-09   36.1   0.1   1   2   4.7e-10   1.3e-06   28.0   0.0     2    29     7    34     6    35 0.89 EF-hand domain
EF-hand_6            PF13405.12    30 cds.evm.model.10.1866 -             60   3.3e-09   36.1   0.1   2   2    0.0054        14    6.1   0.1     5    17    46    58    42    60 0.78 EF-hand domain
EF-hand_8            PF13833.12    54 cds.evm.model.10.1866 -             60   7.4e-07   29.2   0.3   1   2   6.6e-05      0.17   12.0   0.1    27    43     7    23     1    27 0.82 EF-hand domain pair
EF-hand_8            PF13833.12    54 cds.evm.model.10.1866 -             60   7.4e-07   29.2   0.3   2   2   1.5e-06    0.0039   17.3   0.0     8    42    25    58    22    60 0.81 EF-hand domain pair
Dockerin_1           PF00404.24    57 cds.evm.model.10.1866 -             60   0.00058   20.4   0.1   1   2    0.0002      0.54   10.9   0.0    34    50    12    28     3    35 0.84 Dockerin type I domain
Dockerin_1           PF00404.24    57 cds.evm.model.10.1866 -             60   0.00058   20.4   0.1   2   2   5.8e-05      0.15   12.6   0.1     2    42    14    56    13    57 0.78 Dockerin type I domain
Excalibur            PF05901.16    36 cds.evm.model.10.1866 -             60     0.043   14.6   0.2   1   2     0.038     1e+02    3.8   0.0    23    32     9    20     4    21 0.77 Excalibur calcium-binding domain
Excalibur            PF05901.16    36 cds.evm.model.10.1866 -             60     0.043   14.6   0.2   2   2   0.00097       2.6    8.9   0.0    19    32    43    56    36    57 0.76 Excalibur calcium-binding domain
Put_DNA-bind_N       PF06971.19    49 cds.evm.model.10.1866 -             60     0.073   13.6   0.0   1   1   4.1e-05      0.11   13.0   0.0    10    38     4    32     1    33 0.90 Putative DNA-binding protein N-terminus
AIF-1                PF21008.3    140 cds.evm.model.10.1866 -             60      0.17   12.5   0.0   1   1   6.7e-05      0.18   12.5   0.0    38    83     2    47     1    57 0.84 Allograft inflammatory factor 1
Zn_ribbon_PaaD       PF23451.1     53 cds.evm.model.09.872 -             60    0.0072   16.3   0.1   1   1   7.6e-07    0.0091   16.0   0.1    11    26    45    60    36    60 0.87 PaaD zinc beta ribbon domain
Zn_ribbon_Dof        PF02701.20    59 cds.evm.model.09.872 -             60     0.027   15.0   0.6   1   2      0.95   1.1e+04   -3.0   0.1    18    27     9    18     8    19 0.72 Dof domain, zinc finger
Zn_ribbon_Dof        PF02701.20    59 cds.evm.model.09.872 -             60     0.027   15.0   0.6   2   2   2.3e-06     0.027   15.0   0.6     2    15    47    60    46    60 0.90 Dof domain, zinc finger
Raffinose_syn        PF05691.18   750 cds.evm.model.03.1769 -             60   3.1e-08   32.3   0.1   1   1   1.4e-12   3.3e-08   32.2   0.1     1    63     7    60     7    60 0.95 Raffinose synthase or seed imbibition protein Sip1
DUF2157              PF09925.14   146 cds.novel_model_1393_5bd9a17a.2.5bd9b135 -             60     0.096   12.8   0.0   1   1   4.5e-06      0.11   12.6   0.0    28    59    10    41     2    47 0.77 Predicted membrane protein (DUF2157)
peroxidase           PF00141.28   237 cds.novel_model_1392_5bd9a17a.1.5bd9b135 -             60   2.9e-12   47.3   1.6   1   1   1.3e-16     3e-12   47.2   1.6   170   228     1    60     1    60 0.89 Peroxidase
DUF2157              PF09925.14   146 cds.novel_model_1391_5bd9a17a -             60     0.096   12.8   0.0   1   1   4.5e-06      0.11   12.6   0.0    28    59    10    41     2    47 0.77 Predicted membrane protein (DUF2157)
peroxidase           PF00141.28   237 cds.novel_model_1394_5bd9a17a.3.5bd9b135 -             60   8.1e-07   29.5   0.0   1   1   7.4e-11   8.8e-07   29.3   0.0    92   141     8    60     3    60 0.89 Peroxidase
DUF6396              PF19933.4    108 cds.novel_model_1394_5bd9a17a.3.5bd9b135 -             60     0.052   14.1   0.0   1   1   5.1e-06      0.06   13.9   0.0    68   103    21    58    11    59 0.78 Domain of unknown function (DUF6396)
Chitin_bind_1        PF00187.25    38 cds.evm.model.02.3250 -             60   2.5e-08   34.4  21.7   1   1   1.3e-12   3.2e-08   34.1  21.7     7    38    25    57    20    57 0.88 Chitin recognition protein
Mem_trans            PF03547.23   343 cds.evm.model.01.1743.1.5bd9b136 -             60   7.4e-10   38.3   0.3   1   1   3.4e-14     8e-10   38.2   0.3     2    50    10    60     9    60 0.95 Membrane transport protein
Mem_trans            PF03547.23   343 cds.evm.model.01.1743 -             60   7.4e-10   38.3   0.3   1   1   3.4e-14     8e-10   38.2   0.3     2    50    10    60     9    60 0.95 Membrane transport protein
SEO_N                PF14576.11   287 cds.evm.model.03.366 -             60   2.8e-06   27.1   0.3   1   1   1.4e-10   3.3e-06   26.9   0.3     1    33    28    60    28    60 0.98 Sieve element occlusion N-terminus
PCC                  PF03479.20   117 cds.evm.model.05.1095.2.5bd9b13a -             60   4.8e-11   43.4   0.0   1   1   2.3e-15   5.5e-11   43.2   0.0    16    75     2    57     1    59 0.86 Plants and Prokaryotes Conserved (PCC) domain
zf-LSD1              PF06943.17    25 cds.evm.model.02.57.1.5bd9b133 -             60   1.2e-10   41.4   8.4   1   1   1.7e-14   2.1e-10   40.7   8.4     1    25     7    31     7    31 0.97 LSD1 zinc finger
Zn_ribbon_FGT1_1     PF23547.1     35 cds.evm.model.02.57.1.5bd9b133 -             60    0.0023   17.9   5.4   1   1   6.9e-07    0.0082   16.1   5.5     3    27     5    29     3    35 0.93 FORGETTER1 first zinc ribbon domain
zf-LSD1              PF06943.17    25 cds.evm.model.02.57  -             60   1.2e-10   41.4   8.4   1   1   1.7e-14   2.1e-10   40.7   8.4     1    25     7    31     7    31 0.97 LSD1 zinc finger
Zn_ribbon_FGT1_1     PF23547.1     35 cds.evm.model.02.57  -             60    0.0023   17.9   5.4   1   1   6.9e-07    0.0082   16.1   5.5     3    27     5    29     3    35 0.93 FORGETTER1 first zinc ribbon domain
Peptidase_C14        PF00656.27   233 cds.evm.model.02.57.2.5bd9b133 -             60   6.8e-09   36.1   0.1   1   1     3e-13   7.2e-09   36.0   0.1    51   110     1    59     1    60 0.88 Caspase domain
TPP_enzyme_N         PF02776.23   119 cds.evm.model.09.1150 -             60   0.00028   21.0   0.0   1   1   1.4e-08   0.00033   20.8   0.0     2    37    24    59    23    60 0.94 Thiamine pyrophosphate enzyme, N-terminal TPP binding domain
HMA                  PF00403.32    62 cds.evm.model.03.1555.2.5bdae6e0 -             60    0.0021   18.8   0.2   1   1   1.1e-07    0.0026   18.5   0.2    25    49     4    28     2    42 0.80 Heavy-metal-associated domain
HMA                  PF00403.32    62 cds.evm.model.03.1555 -             60    0.0014   19.4   0.4   1   1     8e-08    0.0019   18.9   0.4     6    21    41    56    37    58 0.85 Heavy-metal-associated domain
HMA                  PF00403.32    62 cds.evm.model.03.1555.1.5bdae6e0 -             60    0.0021   18.8   0.2   1   1   1.1e-07    0.0026   18.5   0.2    25    49     4    28     2    42 0.80 Heavy-metal-associated domain
DUF740               PF05340.17   624 cds.novel_model_2094_5bd9a17a -             60      0.01   15.0   0.3   1   1   4.5e-07     0.011   14.9   0.3     8    40    23    56    16    60 0.77 Protein of unknown function (DUF740)
Mt_ATP-synt_B        PF05405.19   163 cds.evm.model.07.51  -             60     0.029   14.4   0.0   1   1   1.4e-06     0.032   14.3   0.0    15    67     6    58     5    59 0.96 Mitochondrial ATP synthase B chain precursor (ATP-synt_B)
DUF5301              PF17225.8     97 cds.novel_model_1421_5bd9a17a.1.5bd9b135 -             60    0.0047   17.9   0.7   1   1   2.1e-07     0.005   17.8   0.7    39    92     2    55     1    58 0.83 Domain of unknown function (DUF5300)
DUF5301              PF17225.8     97 cds.novel_model_1422_5bd9a17a.2.5bd9b135 -             60    0.0047   17.9   0.7   1   1   2.1e-07     0.005   17.8   0.7    39    92     2    55     1    58 0.83 Domain of unknown function (DUF5300)
DUF5301              PF17225.8     97 cds.novel_model_1420_5bd9a17a -             60    0.0047   17.9   0.7   1   1   2.1e-07     0.005   17.8   0.7    39    92     2    55     1    58 0.83 Domain of unknown function (DUF5300)
AAA_lid_3            PF17862.7     45 cds.evm.model.01.2384 -             60     0.071   13.1   0.1   1   1   4.7e-06      0.11   12.5   0.1     2    15    45    58    44    59 0.90 AAA+ lid domain
NAM                  PF02365.20   122 cds.evm.model.02.1696 -             60   4.8e-15   56.5   0.1   1   1   2.3e-19   5.6e-15   56.3   0.1     1    45    16    60    16    60 0.98 No apical meristem (NAM) protein
Glyco_transf_28      PF03033.26   139 cds.novel_model_3657_5bd9a17a -             60     0.014   15.8   0.0   1   1   9.2e-07     0.022   15.2   0.0    10    37    32    59    30    60 0.94 Glycosyltransferase family 28 N-terminal domain
Croc_4               PF17691.6    132 cds.evm.model.08.1448 -             60     0.036   14.4   0.1   1   1   1.6e-06     0.038   14.3   0.1    79   102    13    36     3    49 0.87 Contingent replication of cDNA 4
HB_ELP1              PF23936.1    171 cds.evm.model.06.1356 -             60     0.064   13.2   0.3   1   1   5.6e-06     0.066   13.2   0.3    56   106     6    60     1    60 0.74 ELP1 three-helix bundle
Mdv1                 PF11542.13    49 cds.evm.model.06.1356 -             60      0.17   12.4   0.1   1   1   2.5e-05       0.3   11.6   0.1     9    24    42    57    36    59 0.77 Mitochondrial division protein 1
Tetraspanin          PF00335.26   225 cds.evm.model.08.1044 -             60   2.3e-09   37.6   1.2   1   1     1e-13   2.5e-09   37.5   1.2     2    64     6    60     5    60 0.95 Tetraspanin family
ubiquitin            PF00240.29    72 cds.evm.model.03.986 -             60   1.9e-26   92.0   0.1   1   1   8.5e-30     2e-26   91.9   0.1     1    58     3    60     3    60 0.99 Ubiquitin family
Rad60-SLD            PF11976.14    72 cds.evm.model.03.986 -             60   2.4e-14   53.3   0.2   1   1   1.1e-17   2.5e-14   53.2   0.2     1    60     1    59     1    60 0.98 Ubiquitin-2 like Rad60 SUMO-like
Ubiquitin_2          PF14560.12    86 cds.evm.model.03.986 -             60    0.0005   20.9   0.0   1   1   2.4e-07   0.00057   20.7   0.0    13    51    10    48     1    60 0.79 Ubiquitin-like domain
TBK1_ULD             PF18396.7     88 cds.evm.model.03.986 -             60    0.0056   16.9   0.0   1   1   2.4e-06    0.0058   16.9   0.0    19    52    17    50     2    59 0.88 TANK binding kinase 1 ubiquitin-like domain
Rad60-SLD_2          PF13881.12   111 cds.evm.model.03.986 -             60     0.023   15.2   0.1   1   1     2e-05     0.048   14.2   0.1    11    69     9    59     1    60 0.76 Ubiquitin-2 like Rad60 SUMO-like
OTU1_UBXL            PF21403.3     51 cds.evm.model.03.986 -             60     0.025   15.5   0.1   1   1   1.5e-05     0.037   15.0   0.1     6    38     6    39     1    45 0.80 OTU1, UBXL domain
Dsc3_N               PF10302.15   102 cds.evm.model.03.986 -             60      0.03   15.2   0.0   1   1   1.5e-05     0.035   15.0   0.0    14    63    13    58     4    59 0.84 DSC E3 ubiquitin ligase complex subunit 3, ubiquitin-like domain
HATPase_c            PF02518.31   111 cds.evm.model.03.986 -             60     0.063   14.1   0.1   1   1   2.9e-05     0.069   14.0   0.1    23    61     9    49     3    58 0.77 Histidine kinase-, DNA gyrase B-, and HSP90-like ATPase
Plexin_RBD           PF20170.4    113 cds.evm.model.03.986 -             60     0.077   13.4   0.2   1   1   4.2e-05       0.1   13.1   0.2    26    50     8    32     1    37 0.84 Plexin cytoplasmic RhoGTPase-binding domain
Ubiquitin_4          PF18036.7     89 cds.evm.model.03.986 -             60      0.22   12.0   0.3   1   2   0.00025      0.59   10.6   0.3     1    33     1    33     1    43 0.92 Ubiquitin-like domain
Ubiquitin_4          PF18036.7     89 cds.evm.model.03.986 -             60      0.22   12.0   0.3   2   2      0.71   1.7e+03   -0.5   0.0    57    69    42    54    38    59 0.73 Ubiquitin-like domain
ubiquitin            PF00240.29    72 cds.evm.model.03.986.3.5bd9b138 -             60   1.9e-26   92.0   0.1   1   1   8.5e-30     2e-26   91.9   0.1     1    58     3    60     3    60 0.99 Ubiquitin family
Rad60-SLD            PF11976.14    72 cds.evm.model.03.986.3.5bd9b138 -             60   2.4e-14   53.3   0.2   1   1   1.1e-17   2.5e-14   53.2   0.2     1    60     1    59     1    60 0.98 Ubiquitin-2 like Rad60 SUMO-like
Ubiquitin_2          PF14560.12    86 cds.evm.model.03.986.3.5bd9b138 -             60    0.0005   20.9   0.0   1   1   2.4e-07   0.00057   20.7   0.0    13    51    10    48     1    60 0.79 Ubiquitin-like domain
TBK1_ULD             PF18396.7     88 cds.evm.model.03.986.3.5bd9b138 -             60    0.0056   16.9   0.0   1   1   2.4e-06    0.0058   16.9   0.0    19    52    17    50     2    59 0.88 TANK binding kinase 1 ubiquitin-like domain
Rad60-SLD_2          PF13881.12   111 cds.evm.model.03.986.3.5bd9b138 -             60     0.023   15.2   0.1   1   1     2e-05     0.048   14.2   0.1    11    69     9    59     1    60 0.76 Ubiquitin-2 like Rad60 SUMO-like
OTU1_UBXL            PF21403.3     51 cds.evm.model.03.986.3.5bd9b138 -             60     0.025   15.5   0.1   1   1   1.5e-05     0.037   15.0   0.1     6    38     6    39     1    45 0.80 OTU1, UBXL domain
Dsc3_N               PF10302.15   102 cds.evm.model.03.986.3.5bd9b138 -             60      0.03   15.2   0.0   1   1   1.5e-05     0.035   15.0   0.0    14    63    13    58     4    59 0.84 DSC E3 ubiquitin ligase complex subunit 3, ubiquitin-like domain
HATPase_c            PF02518.31   111 cds.evm.model.03.986.3.5bd9b138 -             60     0.063   14.1   0.1   1   1   2.9e-05     0.069   14.0   0.1    23    61     9    49     3    58 0.77 Histidine kinase-, DNA gyrase B-, and HSP90-like ATPase
Plexin_RBD           PF20170.4    113 cds.evm.model.03.986.3.5bd9b138 -             60     0.077   13.4   0.2   1   1   4.2e-05       0.1   13.1   0.2    26    50     8    32     1    37 0.84 Plexin cytoplasmic RhoGTPase-binding domain
Ubiquitin_4          PF18036.7     89 cds.evm.model.03.986.3.5bd9b138 -             60      0.22   12.0   0.3   1   2   0.00025      0.59   10.6   0.3     1    33     1    33     1    43 0.92 Ubiquitin-like domain
Ubiquitin_4          PF18036.7     89 cds.evm.model.03.986.3.5bd9b138 -             60      0.22   12.0   0.3   2   2      0.71   1.7e+03   -0.5   0.0    57    69    42    54    38    59 0.73 Ubiquitin-like domain
ubiquitin            PF00240.29    72 cds.evm.model.03.986.2.5bd9b138 -             60   1.9e-26   92.0   0.1   1   1   8.5e-30     2e-26   91.9   0.1     1    58     3    60     3    60 0.99 Ubiquitin family
Rad60-SLD            PF11976.14    72 cds.evm.model.03.986.2.5bd9b138 -             60   2.4e-14   53.3   0.2   1   1   1.1e-17   2.5e-14   53.2   0.2     1    60     1    59     1    60 0.98 Ubiquitin-2 like Rad60 SUMO-like
Ubiquitin_2          PF14560.12    86 cds.evm.model.03.986.2.5bd9b138 -             60    0.0005   20.9   0.0   1   1   2.4e-07   0.00057   20.7   0.0    13    51    10    48     1    60 0.79 Ubiquitin-like domain
TBK1_ULD             PF18396.7     88 cds.evm.model.03.986.2.5bd9b138 -             60    0.0056   16.9   0.0   1   1   2.4e-06    0.0058   16.9   0.0    19    52    17    50     2    59 0.88 TANK binding kinase 1 ubiquitin-like domain
Rad60-SLD_2          PF13881.12   111 cds.evm.model.03.986.2.5bd9b138 -             60     0.023   15.2   0.1   1   1     2e-05     0.048   14.2   0.1    11    69     9    59     1    60 0.76 Ubiquitin-2 like Rad60 SUMO-like
OTU1_UBXL            PF21403.3     51 cds.evm.model.03.986.2.5bd9b138 -             60     0.025   15.5   0.1   1   1   1.5e-05     0.037   15.0   0.1     6    38     6    39     1    45 0.80 OTU1, UBXL domain
Dsc3_N               PF10302.15   102 cds.evm.model.03.986.2.5bd9b138 -             60      0.03   15.2   0.0   1   1   1.5e-05     0.035   15.0   0.0    14    63    13    58     4    59 0.84 DSC E3 ubiquitin ligase complex subunit 3, ubiquitin-like domain
HATPase_c            PF02518.31   111 cds.evm.model.03.986.2.5bd9b138 -             60     0.063   14.1   0.1   1   1   2.9e-05     0.069   14.0   0.1    23    61     9    49     3    58 0.77 Histidine kinase-, DNA gyrase B-, and HSP90-like ATPase
Plexin_RBD           PF20170.4    113 cds.evm.model.03.986.2.5bd9b138 -             60     0.077   13.4   0.2   1   1   4.2e-05       0.1   13.1   0.2    26    50     8    32     1    37 0.84 Plexin cytoplasmic RhoGTPase-binding domain
Ubiquitin_4          PF18036.7     89 cds.evm.model.03.986.2.5bd9b138 -             60      0.22   12.0   0.3   1   2   0.00025      0.59   10.6   0.3     1    33     1    33     1    43 0.92 Ubiquitin-like domain
Ubiquitin_4          PF18036.7     89 cds.evm.model.03.986.2.5bd9b138 -             60      0.22   12.0   0.3   2   2      0.71   1.7e+03   -0.5   0.0    57    69    42    54    38    59 0.73 Ubiquitin-like domain
ubiquitin            PF00240.29    72 cds.evm.model.03.986.1.5bd9b138 -             60   1.9e-26   92.0   0.1   1   1   8.5e-30     2e-26   91.9   0.1     1    58     3    60     3    60 0.99 Ubiquitin family
Rad60-SLD            PF11976.14    72 cds.evm.model.03.986.1.5bd9b138 -             60   2.4e-14   53.3   0.2   1   1   1.1e-17   2.5e-14   53.2   0.2     1    60     1    59     1    60 0.98 Ubiquitin-2 like Rad60 SUMO-like
Ubiquitin_2          PF14560.12    86 cds.evm.model.03.986.1.5bd9b138 -             60    0.0005   20.9   0.0   1   1   2.4e-07   0.00057   20.7   0.0    13    51    10    48     1    60 0.79 Ubiquitin-like domain
TBK1_ULD             PF18396.7     88 cds.evm.model.03.986.1.5bd9b138 -             60    0.0056   16.9   0.0   1   1   2.4e-06    0.0058   16.9   0.0    19    52    17    50     2    59 0.88 TANK binding kinase 1 ubiquitin-like domain
Rad60-SLD_2          PF13881.12   111 cds.evm.model.03.986.1.5bd9b138 -             60     0.023   15.2   0.1   1   1     2e-05     0.048   14.2   0.1    11    69     9    59     1    60 0.76 Ubiquitin-2 like Rad60 SUMO-like
OTU1_UBXL            PF21403.3     51 cds.evm.model.03.986.1.5bd9b138 -             60     0.025   15.5   0.1   1   1   1.5e-05     0.037   15.0   0.1     6    38     6    39     1    45 0.80 OTU1, UBXL domain
Dsc3_N               PF10302.15   102 cds.evm.model.03.986.1.5bd9b138 -             60      0.03   15.2   0.0   1   1   1.5e-05     0.035   15.0   0.0    14    63    13    58     4    59 0.84 DSC E3 ubiquitin ligase complex subunit 3, ubiquitin-like domain
HATPase_c            PF02518.31   111 cds.evm.model.03.986.1.5bd9b138 -             60     0.063   14.1   0.1   1   1   2.9e-05     0.069   14.0   0.1    23    61     9    49     3    58 0.77 Histidine kinase-, DNA gyrase B-, and HSP90-like ATPase
Plexin_RBD           PF20170.4    113 cds.evm.model.03.986.1.5bd9b138 -             60     0.077   13.4   0.2   1   1   4.2e-05       0.1   13.1   0.2    26    50     8    32     1    37 0.84 Plexin cytoplasmic RhoGTPase-binding domain
Ubiquitin_4          PF18036.7     89 cds.evm.model.03.986.1.5bd9b138 -             60      0.22   12.0   0.3   1   2   0.00025      0.59   10.6   0.3     1    33     1    33     1    43 0.92 Ubiquitin-like domain
Ubiquitin_4          PF18036.7     89 cds.evm.model.03.986.1.5bd9b138 -             60      0.22   12.0   0.3   2   2      0.71   1.7e+03   -0.5   0.0    57    69    42    54    38    59 0.73 Ubiquitin-like domain
Birna_RdRp_C         PF20489.3    106 cds.evm.model.04.590 -             60      0.15   13.0   0.2   1   1   7.1e-06      0.17   12.8   0.2     5    45     5    45     3    58 0.87 Birnavirus RNA dependent RNA polymerase (VP1), C-terminal
EF-hand_6            PF13405.12    30 cds.evm.model.05.1145 -             60   8.3e-08   31.7   0.2   1   1   2.4e-11   1.1e-07   31.3   0.2     1    26    35    60    35    60 0.96 EF-hand domain
EF-hand_1            PF00036.38    29 cds.evm.model.05.1145 -             60   4.7e-07   29.3   0.1   1   1   1.3e-10     6e-07   29.0   0.1     2    26    36    60    35    60 0.94 EF hand
EF-hand_7            PF13499.12    67 cds.evm.model.05.1145 -             60   6.6e-05   23.6   0.1   1   1   1.7e-08     8e-05   23.3   0.1     3    28    35    60    33    60 0.93 EF-hand domain pair
EF-hand_5            PF13202.12    25 cds.evm.model.05.1145 -             60    0.0032   17.3   0.2   1   1     9e-07    0.0043   16.9   0.2     2    23    37    58    36    60 0.89 EF hand
Int_EF-hand          PF22350.2     37 cds.evm.model.05.1145 -             60     0.015   15.9   0.0   1   1   6.1e-06     0.029   14.9   0.0    23    36    43    56    39    57 0.92 Internalin, EF-hand domain
Transferase          PF02458.20   434 cds.evm.model.04.393 -             60   2.1e-08   33.7   0.1   1   1   9.2e-13   2.2e-08   33.6   0.1     1    52     1    54     1    59 0.91 Transferase family
DAO                  PF01266.30   353 cds.novel_model_3404_5bd9a17a -             60   1.3e-08   35.2   2.1   1   1   9.4e-12   1.3e-08   35.1   2.1     1    48     4    49     4    58 0.84 FAD dependent oxidoreductase
FAD_binding_3        PF01494.25   349 cds.novel_model_3404_5bd9a17a -             60   3.8e-08   33.3   0.6   1   1     3e-11   4.2e-08   33.2   0.6     3    58     4    59     3    60 0.94 FAD binding domain
NAD_binding_8        PF13450.12    68 cds.novel_model_3404_5bd9a17a -             60   1.2e-07   32.2   0.4   1   1   9.6e-11   1.3e-07   32.1   0.4     1    31     7    37     7    55 0.91 NAD(P)-binding Rossmann-like domain
FAD_binding_2        PF00890.30   414 cds.novel_model_3404_5bd9a17a -             60   4.9e-07   29.7   2.2   1   1   3.7e-10   5.2e-07   29.6   2.2     1    36     4    39     4    49 0.92 FAD binding domain
Pyr_redox_3          PF13738.12   305 cds.novel_model_3404_5bd9a17a -             60   3.6e-06   26.8   0.3   1   1   2.5e-09   3.6e-06   26.8   0.3     1    31     6    35     6    52 0.88 Pyridine nucleotide-disulphide oxidoreductase
Thi4                 PF01946.23   235 cds.novel_model_3404_5bd9a17a -             60   3.3e-05   23.6   0.5   1   1   2.4e-08   3.4e-05   23.6   0.5    18    50     3    34     1    48 0.89 Thi4 family
Pyr_redox_2          PF07992.20   291 cds.novel_model_3404_5bd9a17a -             60   5.2e-05   23.2   0.8   1   1   3.7e-08   5.2e-05   23.2   0.8     2    34     4    36     3    53 0.80 Pyridine nucleotide-disulphide oxidoreductase
FAD_oxidored         PF12831.13   416 cds.novel_model_3404_5bd9a17a -             60   7.9e-05   22.5   2.8   1   1   5.7e-08   7.9e-05   22.5   2.8     1    32     4    35     4    54 0.90 FAD dependent oxidoreductase
Lycopene_cycl        PF05834.18   380 cds.novel_model_3404_5bd9a17a -             60   0.00019   21.0   0.8   1   1   1.3e-07   0.00019   21.0   0.8     1    39     4    40     4    54 0.92 Lycopene cyclase protein
HI0933_like          PF03486.20   244 cds.novel_model_3404_5bd9a17a -             60   0.00026   20.9   1.3   1   1   2.1e-07    0.0003   20.7   1.3     2    34     4    36     3    42 0.93 HI0933-like protein Rossmann domain
GIDA                 PF01134.28   391 cds.novel_model_3404_5bd9a17a -             60   0.00034   20.2   2.3   1   1   2.5e-07   0.00035   20.1   2.3     1    29     4    32     4    47 0.87 Glucose inhibited division protein A
Pyr_redox            PF00070.33    82 cds.novel_model_3404_5bd9a17a -             60     0.001   19.9   1.5   1   1   8.8e-07    0.0012   19.7   1.5     2    35     5    38     4    45 0.92 Pyridine nucleotide-disulphide oxidoreductase
Trp_halogenase       PF04820.20   458 cds.novel_model_3404_5bd9a17a -             60     0.011   15.0   0.8   1   1   7.9e-06     0.011   15.0   0.8     1    33     4    32     4    60 0.78 Tryptophan halogenase
Amino_oxidase        PF01593.30   443 cds.novel_model_3404_5bd9a17a -             60     0.025   14.2   0.6   1   1   2.1e-05     0.029   14.0   0.6     1    25    12    36    12    39 0.94 Flavin containing amine oxidoreductase
AlaDh_PNT_C          PF01262.27   214 cds.novel_model_3404_5bd9a17a -             60     0.026   14.3   2.3   1   1     2e-05     0.028   14.2   2.3    30    60     4    34     2    47 0.90 Alanine dehydrogenase/PNT, C-terminal domain
Lys_Orn_oxgnase      PF13434.12   339 cds.novel_model_3404_5bd9a17a -             60      0.19   11.2   0.0   1   1   0.00015      0.21   11.0   0.0     3    37     3    36     1    39 0.90 L-lysine 6-monooxygenase/L-ornithine 5-monooxygenase
ThiF                 PF00899.27   238 cds.novel_model_3404_5bd9a17a -             60      0.27   10.7   1.1   1   1   0.00025      0.35   10.4   1.1    23    49     5    31     3    32 0.93 ThiF family
Zn_ribbon_Dof        PF02701.20    59 cds.evm.model.09.557 -             60   8.9e-11   42.2   5.6   1   2       1.1   5.2e+03   -1.9   0.3    22    22    28    28    20    38 0.58 Dof domain, zinc finger
Zn_ribbon_Dof        PF02701.20    59 cds.evm.model.09.557 -             60   8.9e-11   42.2   5.6   2   2   1.9e-14   8.9e-11   42.2   5.6     3    26    37    60    34    60 0.94 Dof domain, zinc finger
RUBY_RBDX            PF21349.2     30 cds.evm.model.09.557 -             60     0.014   15.2   1.3   1   1   4.2e-06      0.02   14.7   1.3    11    29    32    50    31    51 0.85 Rubrerythrin, rubredoxin-like domain
Zn_ribbon_PaaD       PF23451.1     53 cds.evm.model.09.557 -             60      0.02   14.9   0.6   1   1   6.3e-06      0.03   14.3   0.6     5    26    28    49    23    51 0.79 PaaD zinc beta ribbon domain
DUF6739              PF20524.3    691 cds.evm.model.09.557 -             60      0.48    8.8   1.3   1   1   9.8e-05      0.47    8.8   1.3   550   588     5    44     1    56 0.69 Family of unknown function (DUF6739)
PRC2_EED_ins         PF22038.1    146 cds.evm.model.09.557 -             60       0.9   10.0   8.9   1   1   0.00018      0.84   10.1   8.9    75    96    17    38     5    59 0.69 Polycomb protein EED insertion domain
ArgoN                PF16486.11   142 cds.evm.model.10.2244 -             60     3e-05   24.8   0.0   1   1   1.3e-09     3e-05   24.8   0.0    23    64     4    60     1    60 0.85 N-terminal domain of argonaute
EF-hand_1            PF00036.38    29 cds.evm.model.07.1501 -             60   1.8e-12   46.3   0.9   1   2   2.5e-10   4.7e-07   29.3   0.1     1    25     5    29     5    33 0.88 EF hand
EF-hand_1            PF00036.38    29 cds.evm.model.07.1501 -             60   1.8e-12   46.3   0.9   2   2     4e-06    0.0073   16.2   0.0     1    19    41    59    41    60 0.91 EF hand
EF-hand_7            PF13499.12    67 cds.evm.model.07.1501 -             60   7.1e-12   45.9   0.1   1   1   4.1e-15   7.5e-12   45.8   0.1     3    59     5    59     3    60 0.90 EF-hand domain pair
EF-hand_5            PF13202.12    25 cds.evm.model.07.1501 -             60   1.2e-11   43.9   0.8   1   2   7.2e-11   1.3e-07   31.1   0.1     4    22     9    27     5    30 0.91 EF hand
EF-hand_5            PF13202.12    25 cds.evm.model.07.1501 -             60   1.2e-11   43.9   0.8   2   2   0.00011       0.2   11.6   0.0     5    19    46    60    40    60 0.84 EF hand
EF-hand_6            PF13405.12    30 cds.evm.model.07.1501 -             60     4e-11   42.0   0.6   1   2   5.6e-11     1e-07   31.4   0.2     1    30     5    34     5    34 0.93 EF-hand domain
EF-hand_6            PF13405.12    30 cds.evm.model.07.1501 -             60     4e-11   42.0   0.6   2   2   0.00071       1.3    9.4   0.0     4    19    44    59    39    60 0.82 EF-hand domain
EF_EFCAB10_C         PF24548.1     60 cds.evm.model.07.1501 -             60   7.6e-06   25.9   0.0   1   1   4.8e-09   8.7e-06   25.7   0.0     3    46     6    49     4    53 0.90 EFCAB10, C-terminal EF-hand
EF-hand_8            PF13833.12    54 cds.evm.model.07.1501 -             60     2e-05   24.6   0.6   1   2   7.6e-07    0.0014   18.7   0.1    24    53     3    32     1    33 0.86 EF-hand domain pair
EF-hand_8            PF13833.12    54 cds.evm.model.07.1501 -             60     2e-05   24.6   0.6   2   2    0.0058        11    6.3   0.2    16    43    32    58    25    60 0.82 EF-hand domain pair
Dockerin_1           PF00404.24    57 cds.evm.model.07.1501 -             60    0.0007   20.1   0.3   1   2   0.00075       1.4    9.6   0.0    34    48    11    25     2    30 0.82 Dockerin type I domain
Dockerin_1           PF00404.24    57 cds.evm.model.07.1501 -             60    0.0007   20.1   0.3   2   2   0.00052      0.94   10.1   0.1    24    46    37    59    23    60 0.75 Dockerin type I domain
EF-hand_14           PF17959.7     90 cds.evm.model.07.1501 -             60    0.0051   17.5   0.0   1   1   3.2e-06    0.0058   17.3   0.0     5    47     9    51     6    57 0.93 EF-hand domain
AIF-1                PF21008.3    140 cds.evm.model.07.1501 -             60      0.01   16.5   0.0   1   1   6.1e-06     0.011   16.3   0.0    46    89     9    52     3    59 0.88 Allograft inflammatory factor 1
EF-hand_9            PF14658.12    66 cds.evm.model.07.1501 -             60     0.013   16.4   0.0   1   1   7.5e-06     0.014   16.2   0.0     2    54     8    58     7    60 0.92 EF-hand domain
Caleosin             PF05042.19   170 cds.evm.model.07.1501 -             60     0.047   14.0   0.0   1   2   4.3e-05     0.078   13.3   0.0     4    36     4    36     1    49 0.86 Caleosin related protein
Caleosin             PF05042.19   170 cds.evm.model.07.1501 -             60     0.047   14.0   0.0   2   2       1.6   2.9e+03   -1.6   0.0     6    21    42    57    38    59 0.73 Caleosin related protein
SurA_N_2             PF13623.11   145 cds.evm.model.07.1501 -             60      0.06   13.6   0.0   1   1   3.3e-05      0.06   13.6   0.0    93   124    20    51     4    60 0.88 SurA-like N-terminal domain
SurA_N_3             PF13624.11   162 cds.evm.model.07.1501 -             60     0.066   13.4   0.0   1   1   3.6e-05     0.066   13.4   0.0    89   122    18    51     3    60 0.86 SurA-like N-terminal domain
C2                   PF00168.36   104 cds.evm.model.09.264 -             60    0.0059   17.2   0.0   1   1   2.7e-07    0.0065   17.1   0.0     3    41    14    53    12    59 0.82 C2 domain
MtN3_slv             PF03083.21    87 cds.novel_model_1530_5bd9a17a.6.5bd9b135 -             60   1.3e-06   28.7   0.2   1   1   6.7e-11   1.6e-06   28.4   0.2    41    86     1    49     1    50 0.88 Sugar efflux transporter for intercellular exchange
MtN3_slv             PF03083.21    87 cds.novel_model_1525_5bd9a17a.2.5bd9b135 -             60   1.3e-06   28.7   0.2   1   1   6.7e-11   1.6e-06   28.4   0.2    41    86     1    49     1    50 0.88 Sugar efflux transporter for intercellular exchange
MtN3_slv             PF03083.21    87 cds.novel_model_1529_5bd9a17a.3.5bd9b135 -             60   1.3e-06   28.7   0.2   1   1   6.7e-11   1.6e-06   28.4   0.2    41    86     1    49     1    50 0.88 Sugar efflux transporter for intercellular exchange
MtN3_slv             PF03083.21    87 cds.novel_model_1532_5bd9a17a.8.5bd9b135 -             60   2.7e-06   27.7   0.1   1   1   1.3e-10   3.1e-06   27.5   0.1    42    86    13    60     7    60 0.88 Sugar efflux transporter for intercellular exchange
MtN3_slv             PF03083.21    87 cds.novel_model_1527_5bd9a17a.5.5bd9b135 -             60   1.3e-06   28.7   0.2   1   1   6.7e-11   1.6e-06   28.4   0.2    41    86     1    49     1    50 0.88 Sugar efflux transporter for intercellular exchange
MtN3_slv             PF03083.21    87 cds.novel_model_1524_5bd9a17a -             60   2.1e-12   47.3   0.8   1   1   9.7e-17   2.3e-12   47.1   0.8     2    54     7    59     6    60 0.97 Sugar efflux transporter for intercellular exchange
MtN3_slv             PF03083.21    87 cds.novel_model_1528_5bd9a17a.4.5bd9b135 -             60   1.3e-06   28.7   0.2   1   1   6.7e-11   1.6e-06   28.4   0.2    41    86     1    49     1    50 0.88 Sugar efflux transporter for intercellular exchange
MtN3_slv             PF03083.21    87 cds.novel_model_1531_5bd9a17a.7.5bd9b135 -             60   2.7e-06   27.7   0.1   1   1   1.3e-10   3.1e-06   27.5   0.1    42    86    13    60     7    60 0.88 Sugar efflux transporter for intercellular exchange
MtN3_slv             PF03083.21    87 cds.novel_model_1526_5bd9a17a.1.5bd9b135 -             60   1.3e-06   28.7   0.2   1   1   6.7e-11   1.6e-06   28.4   0.2    41    86     1    49     1    50 0.88 Sugar efflux transporter for intercellular exchange
Thaumatin            PF00314.22   209 cds.evm.model.09.298 -             60   0.00025   21.2   0.0   1   1   1.2e-08   0.00028   21.0   0.0     1    32    28    59    28    60 0.95 Thaumatin family
GST_N                PF02798.26    76 cds.evm.model.02.1973 -             60   2.1e-10   41.2   0.0   1   1   3.8e-14   2.3e-10   41.1   0.0     3    58     7    60     5    60 0.94 Glutathione S-transferase, N-terminal domain
GST_N_3              PF13417.12    75 cds.evm.model.02.1973 -             60   8.1e-09   36.1   0.0   1   1   1.5e-12   8.9e-09   35.9   0.0     1    50     9    59     9    60 0.94 Glutathione S-transferase, N-terminal domain
GST_N_2              PF13409.12    70 cds.evm.model.02.1973 -             60   1.5e-07   32.3   0.0   1   1     3e-11   1.8e-07   32.0   0.0     2    49    15    59    14    60 0.91 Glutathione S-transferase, N-terminal domain
PPO1_DWL             PF12142.13    52 cds.evm.model.02.1973 -             60     0.025   14.7   0.0   1   1   5.6e-06     0.034   14.3   0.0    23    43    18    38    10    44 0.88 Polyphenol oxidase middle domain
Pkinase              PF00069.31   263 cds.evm.model.06.1738 -             60    0.0012   18.7   0.1   1   1   1.8e-07    0.0014   18.5   0.1     1    33    28    60    28    60 0.96 Protein kinase domain
ABC1                 PF03109.22   244 cds.evm.model.06.1738 -             60     0.066   12.7   0.1   1   1   8.3e-06     0.066   12.7   0.1    38    61    34    58     5    60 0.87 ABC1 atypical kinase-like domain
PK_Tyr_Ser-Thr       PF07714.23   258 cds.evm.model.06.1738 -             60      0.27   10.9   0.0   1   1   3.8e-05       0.3   10.7   0.0     3    36    30    59    28    60 0.88 Protein tyrosine and serine/threonine kinase
DUF2706              PF10913.13    59 cds.evm.model.06.792 -             60      0.15   12.3   0.2   1   1   6.8e-06      0.16   12.2   0.2     2    44     1    43     1    55 0.77 Protein of unknown function (DUF2706)
Acid_phosphat_B      PF03767.20   230 cds.evm.model.07.259 -             60   2.8e-11   43.8   0.0   1   1   2.5e-15     3e-11   43.7   0.0    22    80     1    60     1    60 0.91 HAD superfamily, subfamily IIIB (Acid phosphatase)
DUF1870              PF08965.16   118 cds.evm.model.07.259 -             60      0.12   12.9   0.0   1   1   1.1e-05      0.14   12.8   0.0     3    47     2    43     1    56 0.81 Domain of unknown function (DUF1870)
DUF7521              PF24365.1     82 cds.novel_model_5508_5bd9a17a -             60    0.0048   17.6   1.0   1   1     5e-07     0.006   17.3   1.0     6    49     9    55     4    59 0.79 Family of unknown function (DUF7521)
HU-CCDC81_euk_1      PF14908.11    89 cds.novel_model_5508_5bd9a17a -             60      0.12   12.9   0.0   1   1   9.8e-06      0.12   12.9   0.0    33    64    20    51     4    56 0.86 CCDC81 eukaryotic HU domain 1
Pollen_Ole_e_1       PF01190.23    99 cds.evm.model.01.2997 -             60     1e-05   26.2   0.2   1   1     1e-09   1.2e-05   26.0   0.2     1    34    28    59    28    60 0.92 Pollen protein Ole e 1 like
7TM_GPCR_Srt         PF10321.15   313 cds.evm.model.01.2997 -             60      0.18   11.1   0.2   1   1   1.7e-05       0.2   11.0   0.2    68   110     3    52     1    56 0.78 Serpentine type 7TM GPCR chemoreceptor Srt
Calcipressin         PF04847.18   186 cds.evm.model.09.1539 -             60      0.18   12.0   0.4   1   1     8e-06      0.19   11.9   0.4    95   128     7    38     3    53 0.83 Calcipressin
Cyt-b5               PF00173.33    74 cds.evm.model.02.1680.2.5bd9b135 -             60   1.4e-20   73.4   0.1   1   1   6.8e-25   1.6e-20   73.3   0.1     1    51    10    60    10    60 0.98 Cytochrome b5-like Heme/Steroid binding domain
Cyt-b5               PF00173.33    74 cds.evm.model.02.1680.1.5bd9b135 -             60   1.4e-20   73.4   0.1   1   1   6.8e-25   1.6e-20   73.3   0.1     1    51    10    60    10    60 0.98 Cytochrome b5-like Heme/Steroid binding domain
Cyt-b5               PF00173.33    74 cds.evm.model.02.1680 -             60   1.4e-20   73.4   0.1   1   1   6.8e-25   1.6e-20   73.3   0.1     1    51    10    60    10    60 0.98 Cytochrome b5-like Heme/Steroid binding domain
LRAT                 PF04970.19   120 cds.evm.model.07.1367 -             60   7.7e-10   39.5   2.0   1   1   7.3e-14   8.7e-10   39.3   2.0     2    35    12    47    11    58 0.87 Lecithin retinol acyltransferase
NLPC_P60             PF00877.25   105 cds.evm.model.07.1367 -             60   0.00033   21.0   0.2   1   1   3.1e-08   0.00036   20.8   0.2    44    84     6    47     2    57 0.83 NlpC/P60 family
DUF4757              PF15949.10   167 cds.evm.model.10.1712 -             60     0.085   13.5   0.2   1   1   4.1e-06     0.098   13.3   0.2   121   164     3    46     2    49 0.80 Domain of unknown function (DUF4757)
NSUN5_fdxn-like      PF21148.2     78 cds.evm.model.01.2022 -             60     0.055   14.3   0.1   1   1   2.6e-06     0.061   14.1   0.1    42    74     8    41     1    43 0.87 NOL1/NOP2/Sun domain family member 5, ferredoxin-like domain
Fis1_TPR_C           PF14853.12    53 cds.evm.model.06.1559 -             60   0.00031   21.2   0.1   1   1   1.4e-07   0.00036   21.0   0.1    15    48    26    59    23    60 0.94 Fis1 C-terminal tetratricopeptide repeat
ANAPC3               PF12895.13    82 cds.evm.model.06.1559 -             60    0.0014   19.2   0.1   1   1   5.9e-07    0.0016   19.1   0.1     2    36    25    59    24    60 0.88 Anaphase-promoting complex, cyclosome, subunit 3
TPR_16               PF13432.12    65 cds.evm.model.06.1559 -             60    0.0028   18.5   0.1   1   1   1.3e-06    0.0033   18.2   0.1     5    43    20    58    19    60 0.94 Tetratricopeptide repeat
TPR_19               PF14559.12    68 cds.evm.model.06.1559 -             60      0.01   16.6   0.3   1   1   4.3e-06     0.011   16.4   0.3     2    38    23    59    22    60 0.86 Tetratricopeptide repeat
HrpB1_HrpK           PF09613.16   126 cds.evm.model.06.1559 -             60     0.024   14.7   0.0   1   1   9.1e-06     0.024   14.7   0.0    48    91    15    58     7    60 0.86 Bacterial type III secretion protein (HrpB1_HrpK)
TPR_17               PF13431.12    34 cds.evm.model.06.1559 -             60     0.027   15.1   0.2   1   1   1.7e-05     0.046   14.4   0.1     3    27    36    60    34    60 0.90 Tetratricopeptide repeat
TPR_14               PF13428.12    44 cds.evm.model.06.1559 -             60     0.064   14.4   0.1   1   1   3.5e-05     0.092   13.9   0.1    14    42    25    53    21    55 0.89 Tetratricopeptide repeat
Alkyl_sulf_dimr      PF14863.12   139 cds.evm.model.06.1559 -             60      0.13   13.0   0.0   1   1     5e-05      0.13   13.0   0.0    77   117    20    60     3    60 0.88 Alkyl sulfatase dimerisation
DUF2076              PF09849.14   265 cds.evm.model.06.1559 -             60      0.25   11.8   0.0   1   1   9.8e-05      0.26   11.7   0.0    26    55    29    58    17    59 0.88 Uncharacterized protein conserved in bacteria (DUF2076)
Bet_v_1              PF00407.25   151 cds.novel_model_7049_5bd9a17a -             60   9.4e-15   55.2   0.3   1   1   4.1e-19   9.8e-15   55.1   0.3     4    53     9    57     6    60 0.95 Pathogenesis-related protein Bet v 1 family
RRM_1                PF00076.28    70 cds.evm.model.02.3097 -             60   3.1e-13   49.8   0.0   1   1   4.5e-17   3.6e-13   49.6   0.0     1    55    13    60    13    60 0.98 RNA recognition motif
Lipocalin_2          PF08212.18   146 cds.evm.model.02.3097 -             60     0.082   13.2   0.0   1   1   1.1e-05     0.087   13.2   0.0     4    50     6    53     5    59 0.87 Lipocalin-like domain
RRM_PARP14_3         PF23085.1     82 cds.evm.model.02.3097 -             60      0.19   12.2   0.0   1   1   2.7e-05      0.22   12.0   0.0     5    55    14    58    11    60 0.88 PARP14, third RRM domain
ACBP                 PF00887.24    76 cds.evm.model.05.764 -             60   8.1e-21   74.4   0.1   1   1   7.4e-25   8.8e-21   74.2   0.1     1    57     4    60     4    60 0.98 Acyl CoA binding protein
T3SchapCesA          PF11439.13    95 cds.evm.model.05.764 -             60     0.073   13.6   0.1   1   1   8.3e-06     0.099   13.2   0.1    34    60     3    29     1    37 0.88 Type III secretion system filament chaperone CesA
ACBP                 PF00887.24    76 cds.evm.model.05.764.1.5bd9b139 -             60   5.3e-21   75.0   0.2   1   1   2.4e-25   5.7e-21   74.9   0.2     2    58     4    60     3    60 0.98 Acyl CoA binding protein
Myb_DNA-binding      PF00249.37    46 cds.evm.model.06.1745 -             60   2.7e-05   24.6   0.1   1   2   1.8e-07    0.0022   18.5   0.1    33    46    29    42    19    42 0.87 Myb-like DNA-binding domain
Myb_DNA-binding      PF00249.37    46 cds.evm.model.06.1745 -             60   2.7e-05   24.6   0.1   2   2    0.0042        50    4.5   0.0     1    12    48    59    48    60 0.88 Myb-like DNA-binding domain
Myb_DNA-bind_6       PF13921.12    60 cds.evm.model.06.1745 -             60   4.9e-05   23.8   0.0   1   1   4.7e-09   5.5e-05   23.6   0.0    28    58    24    57    14    59 0.87 Myb-like DNA-binding domain
OPA3                 PF07047.17   121 cds.evm.model.09.744 -             60   8.6e-19   68.0   1.2   1   1   3.9e-23   9.3e-19   67.9   1.2     1    54     6    59     6    60 0.98 Optic atrophy 3 protein (OPA3)
EAR                  PF07897.16    36 cds.evm.model.07.244 -             60     0.019   15.0   2.9   1   2      0.41   9.6e+03   -3.3   0.1    30    32    10    12     8    15 0.65 Ethylene-responsive binding factor-associated repression
EAR                  PF07897.16    36 cds.evm.model.07.244 -             60     0.019   15.0   2.9   2   2   7.8e-07     0.019   15.0   2.9     3    15    39    51    37    60 0.86 Ethylene-responsive binding factor-associated repression
LRRNT_2              PF08263.17    41 cds.evm.model.04.488 -             60    0.0055   17.3   0.6   1   2      0.16   3.7e+03   -1.3   0.1     7    16    15    24    13    27 0.76 Leucine rich repeat N-terminal domain
LRRNT_2              PF08263.17    41 cds.evm.model.04.488 -             60    0.0055   17.3   0.6   2   2   5.1e-07     0.012   16.2   0.0     2    18    43    59    42    60 0.90 Leucine rich repeat N-terminal domain
SQAPI                PF16845.11    83 cds.evm.model.06.473 -             60   0.00016   22.4   0.1   1   1   2.6e-08   0.00021   22.0   0.1     5    43    15    59    13    60 0.80 Aspartic acid proteinase inhibitor
Monellin             PF09200.16    43 cds.evm.model.06.473 -             60   0.00082   19.6   0.1   1   1   1.5e-07    0.0012   19.1   0.1     1    28     8    32     8    36 0.95 Monellin
Cystatin             PF00031.27    92 cds.evm.model.06.473 -             60    0.0034   18.0   0.0   1   1   4.8e-07    0.0038   17.8   0.0     8    49    12    60     5    60 0.76 Cystatin domain
Chitin_bind_1        PF00187.25    38 cds.evm.model.04.930 -             60   6.1e-11   42.8  14.8   1   1   7.3e-15   8.7e-11   42.3  14.8     1    30    30    59    30    60 0.97 Chitin recognition protein
Prokineticin         PF06607.17    97 cds.evm.model.04.930 -             60     0.014   16.0   1.7   1   1   1.5e-06     0.017   15.8   1.7     6    39    11    47     4    55 0.83 Prokineticin
DUF3774              PF12609.13    80 cds.evm.model.08.921 -             60   3.3e-19   70.1   0.9   1   1     3e-23   3.6e-19   70.0   0.9     1    51    10    55    10    60 0.90 Wound-induced protein
REV1_C               PF16727.10    91 cds.evm.model.08.921 -             60      0.11   13.3   0.2   1   1   1.1e-05      0.14   13.1   0.2    54    85    10    45     2    50 0.79 DNA repair protein REV1 C-terminal domain
Atypical_Card        PF18461.7     95 cds.evm.model.09.1341 -             60     0.094   13.1   0.0   1   1   4.4e-06      0.11   13.0   0.0    54    82    13    41     9    58 0.89 Atypical caspase recruitment domain
FYVE                 PF01363.27    67 cds.evm.model.02.2695 -             60     5e-09   36.5   5.1   1   1     3e-13   7.1e-09   36.0   5.1     2    28    33    59    32    60 0.97 FYVE zinc finger
GH18_BT1044-like     PF16141.11   325 cds.evm.model.07.1596 -             60     0.021   14.5   0.0   1   1   8.8e-07     0.021   14.5   0.0   277   320    14    58     4    60 0.78 Glycoside hydrolase family 18, BT1044-like
Ribosomal_L10        PF00466.25   100 cds.evm.model.08.1498 -             60   6.5e-05   23.3   0.1   1   1     7e-09   8.3e-05   23.0   0.1     2    33    26    57    25    60 0.93 Ribosomal protein L10
LSM14                PF12701.13    75 cds.evm.model.08.1498 -             60      0.06   13.8   0.0   1   1   5.5e-06     0.066   13.6   0.0    19    71     5    59     3    60 0.85 Scd6-like Sm domain
Chitin_bind_1        PF00187.25    38 cds.evm.model.04.1030 -             60   2.3e-06   28.1  12.9   1   1   1.5e-10   3.5e-06   27.5  12.9     1    30    31    60    31    60 0.99 Chitin recognition protein
Zn_ribbon_PaaD       PF23451.1     53 cds.evm.model.10.105 -             60     0.046   13.7   0.4   1   1   2.6e-06     0.062   13.3   0.4    17    29    32    44    28    50 0.89 PaaD zinc beta ribbon domain
U-box                PF04564.21    73 cds.evm.model.01.1427 -             60   4.1e-13   49.7   0.1   1   1   1.3e-16   4.6e-13   49.5   0.1     1    49    11    59    11    60 0.97 U-box domain
zf-Nse               PF11789.14    57 cds.evm.model.01.1427 -             60   0.00036   20.7   0.1   1   1   1.6e-07   0.00053   20.2   0.1    12    53    15    54     5    56 0.83 Zinc-finger of the MIZ type in Nse subunit
zf-RING_UBOX         PF13445.12    39 cds.evm.model.01.1427 -             60    0.0064   16.9   0.1   1   1   2.8e-06    0.0094   16.3   0.1     1    39    17    53    17    53 0.89 RING-type zinc-finger
zf-C3HC4_4           PF15227.12    42 cds.evm.model.01.1427 -             60     0.024   15.1   0.0   1   1   8.9e-06      0.03   14.8   0.0     1    40    17    53    17    55 0.93 zinc finger of C3HC4-type, RING
zf-RING_2            PF13639.12    44 cds.evm.model.01.1427 -             60     0.077   13.7   0.1   1   1   3.1e-05      0.11   13.2   0.1     3    41    17    53    15    54 0.82 Ring finger domain
zf-C3HC4_2           PF13923.12    40 cds.evm.model.01.1427 -             60      0.08   13.2   0.1   1   1   3.7e-05      0.13   12.5   0.1     1    38    16    53    16    54 0.82 Zinc finger, C3HC4 type (RING finger)
Sina_RING            PF21362.3     35 cds.evm.model.01.1427 -             60      0.12   12.9   0.4   1   2   0.00014      0.47   11.0   0.2     1    16    17    32    17    33 0.96 E3 ubiquitin-protein ligase sina/sinah, RING finger
Sina_RING            PF21362.3     35 cds.evm.model.01.1427 -             60      0.12   12.9   0.4   2   2      0.45   1.5e+03   -0.2   0.0    18    22    48    52    46    59 0.68 E3 ubiquitin-protein ligase sina/sinah, RING finger
CYSTM                PF12734.12    37 cds.evm.model.10.1145 -             60   1.4e-07   31.9   0.6   1   1   1.2e-11   2.8e-07   31.0   0.6     1    28    21    60    21    60 0.95 Cysteine-rich TM module stress tolerance
CYSTM                PF12734.12    37 cds.evm.model.10.1145.1.5bd9b13d -             60   1.4e-07   31.9   0.6   1   1   1.2e-11   2.8e-07   31.0   0.6     1    28    21    60    21    60 0.95 Cysteine-rich TM module stress tolerance
MIP                  PF00230.25   222 cds.evm.model.06.2008 -             60   1.5e-05   25.3   0.5   1   1   7.2e-10   1.7e-05   25.1   0.5     1    29    31    59    31    60 0.92 Major intrinsic protein
EamA                 PF00892.26   136 cds.evm.model.02.628 -             60     0.027   15.0   0.3   1   1   1.2e-06     0.028   14.9   0.3     6    54    10    59     5    60 0.85 EamA-like transporter family
SHMT                 PF00464.25   399 cds.evm.model.07.82  -             60   1.7e-16   60.2   0.0   1   1   7.8e-21   1.8e-16   60.1   0.0     2    49    13    60    12    60 0.97 Serine hydroxymethyltransferase
Serinc               PF03348.20   434 cds.evm.model.10.28.2.5bd9b13c -             60   4.7e-14   52.5   4.5   1   1   6.4e-18   5.1e-14   52.4   4.5   137   196     5    60     2    60 0.95 Serine incorporator (Serinc)
DUF1656              PF07869.17    56 cds.evm.model.10.28.2.5bd9b13c -             60     0.017   15.4   4.2   1   1   3.1e-06     0.025   15.0   4.2    10    53    14    57    12    59 0.93 Protein of unknown function (DUF1656)
TGF_beta_GS          PF08515.17    28 cds.evm.model.10.28.2.5bd9b13c -             60     0.033   14.1   0.3   1   1   6.7e-06     0.053   13.5   0.3     9    23     7    21     3    21 0.85 Transforming growth factor beta type I GS-motif
Serinc               PF03348.20   434 cds.evm.model.10.28  -             60   4.3e-06   26.3   4.5   1   1     4e-10   4.8e-06   26.2   4.5     1    51     8    56     8    60 0.82 Serine incorporator (Serinc)
Hexokinase_2         PF03727.22   242 cds.evm.model.10.28  -             60      0.31   10.7   3.5   1   1   2.7e-05      0.32   10.7   3.5   148   175    14    41     3    53 0.86 Hexokinase
Serinc               PF03348.20   434 cds.evm.model.10.28.1.5bd9b13c -             60   4.3e-06   26.3   4.5   1   1     4e-10   4.8e-06   26.2   4.5     1    51     8    56     8    60 0.82 Serine incorporator (Serinc)
Hexokinase_2         PF03727.22   242 cds.evm.model.10.28.1.5bd9b13c -             60      0.31   10.7   3.5   1   1   2.7e-05      0.32   10.7   3.5   148   175    14    41     3    53 0.86 Hexokinase
DUF1242              PF06842.17    35 cds.evm.model.01.513 -             60      0.96    9.8   6.2   1   1   5.6e-05       1.3    9.4   6.2     1    13    14    26    14    34 0.91 Protein of unknown function (DUF1242)
RSN1_TM              PF13967.11   156 cds.evm.model.02.2973 -             60   1.5e-07   31.6   0.0   1   1   6.5e-12   1.6e-07   31.5   0.0     2    48     7    53     6    59 0.83 Late exocytosis, associated with Golgi transport
SpoIIIAC             PF06686.16    56 cds.evm.model.02.2760 -             60      0.06   13.9   0.3   1   2     5e-06      0.06   13.9   0.3    18    51     7    39     5    44 0.92 Stage III sporulation protein AC/AD protein family
SpoIIIAC             PF06686.16    56 cds.evm.model.02.2760 -             60      0.06   13.9   0.3   2   2      0.15   1.8e+03   -0.4   0.2    31    38    49    56    41    59 0.53 Stage III sporulation protein AC/AD protein family
DUF3671              PF12420.13   223 cds.evm.model.02.2760 -             60       3.8    7.3   5.2   1   1   0.00036       4.3    7.1   5.2   154   206     7    56     3    59 0.81 Fam-L, Fam-M like protein
HAD_RAM2_N           PF23270.1    220 cds.evm.model.02.444 -             60     1e-08   35.5   0.1   1   1   4.3e-13     1e-08   35.5   0.1    16    59     7    50     2    60 0.91 Glycerol-3-phosphate acyltransferase RAM2-like, HAD-like domain
MIP                  PF00230.25   222 cds.evm.model.10.2181 -             60   4.8e-11   43.2   1.8   1   1     2e-15   4.8e-11   43.2   1.8    34    83    10    58     1    60 0.78 Major intrinsic protein
MAP70                PF07058.16   554 cds.evm.model.02.2759 -             60   7.1e-25   88.2   2.5   1   1   3.2e-29   7.6e-25   88.1   2.5    62   121     1    60     1    60 0.99 Microtubule-associated protein 70
PRC2_EED_ins         PF22038.1    146 cds.novel_model_4950_5bd9a17a -             60     0.024   15.1   3.8   1   1   1.1e-06     0.026   14.9   3.8    85   123     7    45     3    58 0.86 Polycomb protein EED insertion domain
PRC2_EED_ins         PF22038.1    146 cds.novel_model_4951_5bd9a17a.1.5bd9b13a -             60     0.024   15.1   3.8   1   1   1.1e-06     0.026   14.9   3.8    85   123     7    45     3    58 0.86 Polycomb protein EED insertion domain
TMIE                 PF16038.10    85 cds.evm.model.07.280 -             60    0.0013   18.8   0.4   1   1   5.6e-07    0.0015   18.7   0.4     5    44    14    56    10    59 0.65 TMIE protein
VirB3                PF05101.18    84 cds.evm.model.07.280 -             60     0.033   14.9   0.4   1   1   1.7e-05     0.044   14.5   0.4     4    41     4    42     2    45 0.84 Type IV secretory pathway, VirB3-like protein
Orthoreo_P10         PF07204.16    98 cds.evm.model.07.280 -             60     0.049   14.0   0.0   1   1   1.9e-05     0.051   13.9   0.0    34    75    12    54     2    58 0.81 Orthoreovirus membrane fusion protein p10
RCR                  PF12273.13   117 cds.evm.model.07.280 -             60     0.079   14.1   0.4   1   1   3.2e-05     0.085   14.0   0.4     2    33    21    55    20    60 0.56 Chitin synthesis regulation, resistance to Congo red
TM_ErbB1             PF21314.2     36 cds.evm.model.07.280 -             60      0.12   12.6   2.6   1   1   6.4e-05      0.17   12.0   2.6     4    30    25    51    23    54 0.90 Epidermal growth factor receptor transmembrane-juxtamembrane segment
DUF6479              PF20087.4    120 cds.evm.model.07.280 -             60      0.12   13.3   0.0   1   1   4.4e-05      0.12   13.3   0.0    20    52    22    55     5    60 0.79 Family of unknown function (DUF6479)
EphA2_TM             PF14575.11    74 cds.evm.model.07.280 -             60      0.13   13.4   0.3   1   1   6.4e-05      0.17   13.0   0.3     3    32    25    53    23    59 0.49 Ephrin type-A receptor 2 transmembrane domain
ASFV_J13L            PF05568.16   189 cds.evm.model.07.280 -             60      0.14   12.3   0.2   1   1   5.4e-05      0.14   12.3   0.2    33    59    24    50     8    57 0.67 African swine fever virus J13L protein
DUF3810              PF12725.13   311 cds.evm.model.07.280 -             60      0.33   10.7   0.4   1   1   0.00013      0.33   10.6   0.4     9    58     5    53     1    59 0.70 Protein of unknown function (DUF3810)
F-box_5              PF18511.6     42 cds.evm.model.10.1343 -             60   6.8e-09   35.5   0.5   1   1   1.6e-12   7.7e-09   35.4   0.5     4    41    14    51    11    52 0.95 F-box
F-box-like           PF12937.12    47 cds.evm.model.10.1343 -             60   1.3e-08   34.8   0.4   1   1   3.3e-12   1.6e-08   34.6   0.4     1    34    11    45    11    53 0.95 F-box-like
F-box                PF00646.38    43 cds.evm.model.10.1343 -             60   2.9e-05   24.2   2.8   1   1   9.9e-09   4.7e-05   23.5   2.8     1    34    11    45    11    50 0.93 F-box domain
F-box-like_2         PF13013.11   107 cds.evm.model.10.1343 -             60     0.084   13.3   0.1   1   1   5.6e-05      0.27   11.7   0.1    19    50     8    38     2    56 0.72 F-box-like domain
F-box_4              PF15966.10   116 cds.evm.model.10.1343 -             60     0.099   12.9   0.0   1   1   2.1e-05     0.099   12.9   0.0     4    38    10    45     7    58 0.86 F-box
zf-UDP               PF14569.12    78 cds.evm.model.03.120 -             60   3.3e-23   81.9   2.1   1   1   9.2e-27   3.6e-23   81.8   2.1     2    51    11    60    10    60 0.97 Zinc-binding RING-finger
Prok-RING_1          PF14446.12    54 cds.evm.model.03.120 -             60    0.0068   16.7   3.6   1   1   2.3e-06    0.0091   16.3   3.6     5    38    18    54    14    58 0.80 Prokaryotic RING finger family 1
FYVE_2               PF02318.22   118 cds.evm.model.03.120 -             60     0.017   15.7   0.1   1   1     5e-06      0.02   15.5   0.1    50    91    13    56     3    59 0.86 FYVE-type zinc finger
PHD                  PF00628.35    47 cds.evm.model.03.120 -             60     0.048   14.1   2.7   1   1   1.5e-05      0.06   13.8   2.7     1    33    20    56    20    60 0.89 PHD-finger
ANCHR-like_BBOX      PF22586.1     39 cds.evm.model.03.120 -             60      0.17   12.4   3.5   1   1   7.4e-05      0.29   11.6   3.5     2    32    20    58    19    60 0.72 ANCHR-like B-box zinc-binding domain
zf-Tnp_2             PF13842.12    60 cds.evm.model.03.120 -             60      0.46   11.5   3.9   1   2      0.38   1.5e+03    0.2   0.0    30    45     9    25     4    28 0.69 DDE_Tnp_1-like zinc finger
zf-Tnp_2             PF13842.12    60 cds.evm.model.03.120 -             60      0.46   11.5   3.9   2   2   0.00025      0.99   10.4   4.0    19    56    20    52    10    54 0.70 DDE_Tnp_1-like zinc finger
PFO_beta_C           PF12367.13    66 cds.evm.model.03.125 -             60      0.11   12.9   0.0   1   1   1.1e-05      0.13   12.7   0.0    25    57    10    41     2    46 0.78 Pyruvate ferredoxin oxidoreductase beta subunit C terminal
AbfS_sensor          PF18225.7     65 cds.evm.model.03.125 -             60      0.21   11.9   0.0   1   2      0.59     7e+03   -2.6   0.0    39    44    14    19     8    25 0.53 Sensor histidine kinase (AbfS) sensor domain
AbfS_sensor          PF18225.7     65 cds.evm.model.03.125 -             60      0.21   11.9   0.0   2   2   3.3e-05       0.4   11.0   0.0    21    44    37    60    34    60 0.89 Sensor histidine kinase (AbfS) sensor domain
Cu_bind_like         PF02298.23    84 cds.evm.model.10.1517 -             60   1.7e-05   25.1   0.4   1   2      0.35   8.4e+03   -2.8   0.0    62    71    18    26    13    31 0.56 Plastocyanin-like domain
Cu_bind_like         PF02298.23    84 cds.evm.model.10.1517 -             60   1.7e-05   25.1   0.4   2   2   1.2e-09     3e-05   24.3   0.3     1    28    34    59    34    60 0.88 Plastocyanin-like domain
Aldolase_II          PF00596.26   183 cds.evm.model.02.2295 -             60   0.00051   20.4   0.0   1   1   2.8e-08   0.00068   20.0   0.0     3    31    30    58    28    59 0.89 Class II Aldolase and Adducin N-terminal domain
Dimerisation         PF08100.17    93 cds.evm.model.10.1598 -             60   4.6e-13   49.2   0.1   1   1   2.2e-17   5.3e-13   49.0   0.1     3    51     5    54     3    59 0.90 Plant O-methyltransferase dimerisation domain
ATG5_HBR             PF20637.2     59 cds.evm.model.05.1701 -             60     0.046   13.9   0.0   1   1   2.7e-06     0.064   13.5   0.0    23    47    21    45    12    46 0.87 Autophagy protein ATG5, alpha-helical bundle region
GASA                 PF02704.19    60 cds.novel_model_6041_5bd9a17a -             60    0.0084   16.6   4.4   1   1   4.7e-07     0.011   16.2   4.4     1    20    40    59    40    60 0.95 Gibberellin regulated protein
TCTP                 PF00838.24   164 cds.novel_model_6033_5bd9a17a -             60   9.9e-20   71.8   0.0   1   1   4.4e-24     1e-19   71.8   0.0     1    56     1    58     1    60 0.95 Translationally controlled tumour protein
Peptidase_C13        PF01650.23   258 cds.novel_model_5115_5bd9a17a.1.5bd9b13a -             60   3.9e-21   76.1   0.1   1   1   1.7e-25   4.2e-21   76.0   0.1   126   184     1    60     1    60 0.98 Peptidase C13 family
DUF6440              PF20037.4     53 cds.evm.model.09.1450 -             60     0.045   13.9   0.1   1   1   2.5e-06      0.06   13.5   0.1    19    52    11    46     2    47 0.82 Family of unknown function (DUF6440)
Transferase          PF02458.20   434 cds.novel_model_5764_5bd9a17a -             60   1.1e-11   44.5   0.0   1   1   9.3e-16   1.1e-11   44.5   0.0   132   176    14    58     2    60 0.91 Transferase family
TRI-like_N           PF22664.1    157 cds.novel_model_5764_5bd9a17a -             60      0.12   12.5   0.0   1   1   1.1e-05      0.13   12.4   0.0   119   154    16    52     4    55 0.84 Trichothecene 3-O-acetyltransferase-like N-terminal domain
adh_short            PF00106.31   195 cds.evm.model.03.473 -             60     1e-07   32.0   0.1   1   1   2.3e-11   1.1e-07   31.9   0.1     5    57     6    58     4    60 0.89 short chain dehydrogenase
SAM_MT               PF04445.19   230 cds.evm.model.03.473 -             60    0.0012   18.7   0.1   1   1   2.5e-07    0.0012   18.7   0.1    72   122     3    54     1    59 0.89 Putative SAM-dependent methyltransferase
KR                   PF08659.16   180 cds.evm.model.03.473 -             60    0.0015   18.9   0.0   1   1   3.3e-07    0.0016   18.8   0.0     5    60     6    59     3    60 0.74 KR domain
adh_short_C2         PF13561.12   236 cds.evm.model.03.473 -             60    0.0077   16.2   0.1   1   1   1.6e-06    0.0077   16.2   0.1     6    44    11    49     8    60 0.73 Enoyl-(Acyl carrier protein) reductase
DNA_pol_lambd_f      PF10391.15    51 cds.evm.model.03.473 -             60      0.27   11.5   0.1   1   1   8.1e-05      0.39   11.0   0.1     3    23     7    27     5    29 0.89 Fingers domain of DNA polymerase lambda
mTERF                PF02536.19   314 cds.evm.model.08.337 -             60     0.012   14.9   0.0   1   1   6.7e-07     0.016   14.5   0.0   197   245    10    59     2    60 0.81 mTERF
SPARK                PF19160.5    162 cds.evm.model.09.1321 -             60   3.3e-09   37.7   1.8   1   1   1.6e-13   3.8e-09   37.5   1.8     2    44    22    60    21    60 0.88 SPARK
LEA_3a               PF03242.18    98 cds.evm.model.07.420 -             60    0.0011   19.8   0.0   1   1     1e-07    0.0012   19.7   0.0     1    52     3    54     3    60 0.73 Late embryogenesis abundant protein (LEA_3a subfamily)
Trypan_PARP          PF05887.16   134 cds.evm.model.07.420 -             60      0.14   12.5   0.0   1   1   1.2e-05      0.15   12.4   0.0     8    42    13    47     4    59 0.80 Procyclic acidic repetitive protein (PARP)
Epimerase            PF01370.27   240 cds.evm.model.07.1079 -             60   0.00016   21.6   0.0   1   1   1.5e-08   0.00018   21.4   0.0     1    31    26    56    26    60 0.88 NAD dependent epimerase/dehydratase family
adh_short            PF00106.31   195 cds.evm.model.07.1079 -             60       0.2   11.5   0.0   1   1     2e-05      0.24   11.2   0.0     3    35    26    58    25    60 0.91 short chain dehydrogenase
Aldo_ket_red         PF00248.27   291 cds.evm.model.07.646 -             60   3.7e-05   23.3   0.0   1   1   1.8e-09   4.2e-05   23.2   0.0     5    44    17    57    15    60 0.79 Aldo/keto reductase family
#
# Program:         hmmscan
# Version:         3.4 (Aug 2023)
# Pipeline mode:   SCAN
# Query file:      genes_of_interest.pep
# Target file:     /project/def-desgagne/karencgs/trinotate_data/Pfam-A.hmm
# Option settings: hmmscan --domtblout results/Modules_4689_TrinotatePFAM.out --cpu 16 /project/def-desgagne/karencgs/trinotate_data/Pfam-A.hmm genes_of_interest.pep 
# Current dir:     /scratch/karencgs/Cannabis_sativa
# Date:            Thu Jul 10 16:36:58 2025
# [ok]
