Query_ID	Subject_ID	Pct_ID	Length	Mismatches	Gap_open	Query_start	Query_end	Subject_start	Subject_end	e-value	BitScore	Pct_positive_matches	Subject_FullName
cds.evm.model.02.983	GEML5_ARATH	59.574	47	13	2	15	60	15	56	2.57e-07	48.1	65.96	GEML5_ARATH GEM-like protein 5
cds.evm.model.01.262	CAMT_POPTM	88.333	60	7	0	1	60	1	60	1.27e-32	114	90.00	CAMT_POPTM Caffeoyl-CoA O-methyltransferase
cds.evm.model.05.1191	Y5133_ARATH	50.980	51	21	1	10	60	4	50	6.02e-09	53.1	74.51	Y5133_ARATH BTB/POZ domain-containing protein At5g41330
cds.novel_model_7212_5bd9a17a	HIP46_ARATH	40.984	61	35	1	1	60	1	61	1.46e-08	50.8	67.21	HIP46_ARATH Heavy metal-associated isoprenylated plant protein 46 {ECO:0000303|PubMed:21072340, ECO:0000303|PubMed:23368984}
cds.evm.model.06.1951	MPK3_ARATH	76.190	42	10	0	19	60	4	45	2.64e-18	79.0	92.86	MPK3_ARATH Mitogen-activated protein kinase 3 {ECO:0000303|PubMed:8282107}
cds.evm.model.06.119.1.5bd9b139	AROD5_ARATH	44.643	56	31	0	5	60	3	58	4.75e-09	53.1	66.07	AROD5_ARATH Arogenate dehydratase 5, chloroplastic {ECO:0000303|PubMed:17726025}
cds.evm.model.06.119	AROD5_ARATH	44.643	56	31	0	5	60	3	58	4.75e-09	53.1	66.07	AROD5_ARATH Arogenate dehydratase 5, chloroplastic {ECO:0000303|PubMed:17726025}
cds.evm.model.01.540	PLIP3_ARATH	81.034	58	11	0	3	60	263	320	1.22e-26	103	89.66	PLIP3_ARATH Phospholipase A1 PLIP3, chloroplastic {ECO:0000305}
cds.evm.model.01.276	ORYB_ORYSJ	57.143	42	17	1	18	58	15	56	1.33e-06	46.2	66.67	ORYB_ORYSJ Oryzain beta chain
cds.evm.model.01.276.1.5bd9b134	ORYB_ORYSJ	57.143	42	17	1	18	58	15	56	1.33e-06	46.2	66.67	ORYB_ORYSJ Oryzain beta chain
cds.evm.model.04.180	ML423_ARATH	45.098	51	27	1	8	58	5	54	2.02e-06	45.1	60.78	ML423_ARATH MLP-like protein 423
cds.evm.model.02.2416	MCTP7_ARATH	71.667	60	17	0	1	60	3	62	3.75e-26	102	91.67	MCTP7_ARATH Multiple C2 domain and transmembrane region protein 7 {ECO:0000305}
cds.evm.model.04.2441	ICI_LINUS	55.357	56	24	1	4	59	4	58	4.31e-16	67.8	76.79	ICI_LINUS Proteinase inhibitor
cds.evm.model.01.623.1.5bd9b134	METK5_VITVI	100.000	60	0	0	1	60	1	60	6.99e-37	129	100.00	METK5_VITVI S-adenosylmethionine synthase 5
cds.evm.model.01.623	METK5_VITVI	100.000	60	0	0	1	60	1	60	6.99e-37	129	100.00	METK5_VITVI S-adenosylmethionine synthase 5
cds.novel_model_4855_5bd9a17a	SRK_ARATH	36.842	57	35	1	3	59	279	334	4.02e-10	56.2	56.14	SRK_ARATH G-type lectin S-receptor-like serine/threonine-protein kinase SRK
cds.novel_model_4856_5bd9a17a.1.5bd9b13a	Y4119_ARATH	60.000	40	16	0	21	60	776	815	1.30e-10	57.8	75.00	Y4119_ARATH G-type lectin S-receptor-like serine/threonine-protein kinase At4g11900
cds.evm.model.04.1155	ASO_CUCMA	44.231	52	29	0	9	60	14	65	4.30e-09	53.5	65.38	ASO_CUCMA L-ascorbate oxidase
cds.novel_model_900_5bda875f	LYK5_ARATH	46.296	54	26	2	8	59	12	64	2.59e-07	48.5	61.11	LYK5_ARATH Protein LYK5
cds.evm.model.09.1425	TYDC2_PAPSO	74.545	55	14	0	6	60	13	67	5.56e-26	101	94.55	TYDC2_PAPSO Tyrosine/DOPA decarboxylase 2
cds.evm.model.10.2004	AL2B4_ARATH	62.745	51	19	0	10	60	413	463	3.56e-19	82.0	88.24	AL2B4_ARATH Aldehyde dehydrogenase family 2 member B4, mitochondrial
cds.novel_model_3512_5bd9a17a	TGA1_ARATH	56.250	64	22	3	1	58	1	64	2.81e-14	67.8	71.88	TGA1_ARATH Transcription factor TGA1
cds.evm.model.01.2954	JAL3_ARATH	70.909	55	16	0	1	55	9	63	3.06e-21	87.8	83.64	JAL3_ARATH Jacalin-related lectin 3
cds.evm.model.01.2954	JAL3_ARATH	63.043	46	16	1	15	59	448	493	1.56e-09	54.7	69.57	JAL3_ARATH Jacalin-related lectin 3
cds.evm.model.01.2954	JAL3_ARATH	43.137	51	29	0	9	59	244	294	2.72e-09	53.9	68.63	JAL3_ARATH Jacalin-related lectin 3
cds.evm.model.07.1706	ITH5_CUCMA	51.786	56	27	0	5	60	5	60	9.26e-15	64.3	67.86	ITH5_CUCMA Inhibitor of trypsin and hageman factor
cds.evm.model.10.1380	ERF4_TOBAC	68.333	60	19	0	1	60	1	60	3.14e-21	85.1	73.33	ERF4_TOBAC Ethylene-responsive transcription factor 4
cds.evm.model.02.398	HSPR2_ARATH	53.226	62	26	2	1	60	1	61	1.46e-12	63.2	74.19	HSPR2_ARATH Nematode resistance protein-like HSPRO2
cds.evm.model.01.3035	CEPR2_ARATH	54.762	42	18	1	19	60	22	62	4.76e-06	44.7	64.29	CEPR2_ARATH Receptor protein-tyrosine kinase CEPR2 {ECO:0000303|PubMed:25324386}
cds.evm.model.01.289	ORYB_ORYSJ	57.143	42	17	1	18	58	15	56	1.33e-06	46.2	66.67	ORYB_ORYSJ Oryzain beta chain
cds.evm.model.01.3066	APT5_ARATH	85.000	60	9	0	1	60	1	60	4.08e-33	114	96.67	APT5_ARATH Adenine phosphoribosyltransferase 5
cds.evm.model.10.1657	DCAM_NICSY	85.000	60	9	0	1	60	3	62	1.20e-27	104	90.00	DCAM_NICSY S-adenosylmethionine decarboxylase proenzyme
cds.evm.model.10.2043	SWT6B_ORYSJ	83.333	60	10	0	1	60	1	60	4.10e-30	108	90.00	SWT6B_ORYSJ Bidirectional sugar transporter SWEET6b
cds.evm.model.04.1733	ACA2_ARATH	83.333	60	9	1	1	60	1	59	5.89e-29	109	91.67	ACA2_ARATH Calcium-transporting ATPase 2, plasma membrane-type
cds.evm.model.04.642	ACA5_ORYSJ	85.714	56	8	0	1	56	458	513	6.93e-26	101	89.29	ACA5_ORYSJ Calcium-transporting ATPase 5, plasma membrane-type {ECO:0000305}
cds.evm.model.02.3191	NRMP1_POPTR	76.271	59	12	2	3	60	1	58	6.95e-22	89.7	86.44	NRMP1_POPTR Metal transporter Nramp1 {ECO:0000303|PubMed:20623158, ECO:0000303|PubMed:35700212}
cds.evm.model.09.191	WRK24_ORYSJ	45.000	60	29	2	2	59	82	139	7.31e-06	44.3	55.00	WRK24_ORYSJ WRKY transcription factor WRKY24 {ECO:0000303|PubMed:15047897}
cds.evm.model.08.1962	PBL16_ARATH	69.841	63	15	2	1	60	1	62	7.45e-18	78.2	77.78	PBL16_ARATH Probable serine/threonine-protein kinase PBL16 {ECO:0000305}
cds.evm.model.08.1483	ANX1_GOSHI	69.492	59	18	0	2	60	1	59	1.04e-22	90.5	74.58	ANX1_GOSHI Annexin Gh1 {ECO:0000303|PubMed:12787021, ECO:0000303|PubMed:16331990, ECO:0000303|PubMed:18441010}
cds.evm.model.10.1333	HIP28_ARATH	71.667	60	17	0	1	60	10	69	2.88e-25	93.6	86.67	HIP28_ARATH Heavy metal-associated isoprenylated plant protein 28 {ECO:0000303|PubMed:21072340, ECO:0000303|PubMed:23368984}
cds.evm.model.05.49	DMR6_ARATH	50.847	59	29	0	1	59	1	59	6.18e-15	69.7	72.88	DMR6_ARATH Protein DOWNY MILDEW RESISTANCE 6 {ECO:0000303|PubMed:15986928}
cds.evm.model.06.743.3.5bd9b13a	RHL1_LOTJA	89.831	59	6	0	2	60	171	229	2.91e-31	114	98.31	RHL1_LOTJA bHLH transcription factor RHL1 {ECO:0000303|PubMed:19675148}
cds.evm.model.06.743.1.5bd9b13a	RHL1_LOTJA	89.831	59	6	0	2	60	171	229	2.91e-31	114	98.31	RHL1_LOTJA bHLH transcription factor RHL1 {ECO:0000303|PubMed:19675148}
cds.evm.model.06.743.2.5bd9b13a	RHL1_LOTJA	89.831	59	6	0	2	60	171	229	2.91e-31	114	98.31	RHL1_LOTJA bHLH transcription factor RHL1 {ECO:0000303|PubMed:19675148}
cds.evm.model.07.908.1.5bd9b13c.1.5bdae6da	YCN8_SCHPO	46.774	62	29	2	1	60	371	430	1.09e-09	55.1	67.74	YCN8_SCHPO Uncharacterized solute carrier family 35 member C320.08
cds.evm.model.07.908	S35F1_MOUSE	64.151	53	19	0	8	60	125	177	1.19e-17	77.4	88.68	S35F1_MOUSE Solute carrier family 35 member F1
cds.evm.model.03.882	TP1A_MALDO	58.730	63	23	1	1	60	2	64	3.60e-16	72.0	68.25	TP1A_MALDO Thaumatin-like protein 1a
cds.evm.model.04.779.1.5bd9b137	GUN25_ARATH	91.667	60	3	2	1	60	1	58	3.11e-28	107	91.67	GUN25_ARATH Endoglucanase 25
cds.evm.model.04.779	GUN25_ARATH	91.667	60	3	2	1	60	1	58	3.11e-28	107	91.67	GUN25_ARATH Endoglucanase 25
cds.evm.model.02.2522	RHM1_ARATH	95.000	60	3	0	1	60	1	60	1.48e-32	120	96.67	RHM1_ARATH Trifunctional UDP-glucose 4,6-dehydratase/UDP-4-keto-6-deoxy-D-glucose 3,5-epimerase/UDP-4-keto-L-rhamnose-reductase RHM1 {ECO:0000305|PubMed:17190829}
cds.evm.model.07.1259	PER47_ARATH	49.057	53	23	2	8	60	10	58	1.26e-07	49.3	69.81	PER47_ARATH Peroxidase 47
cds.evm.model.08.1924	ICMTB_ARATH	58.333	60	24	1	1	60	1	59	1.66e-15	69.3	75.00	ICMTB_ARATH Protein-S-isoprenylcysteine O-methyltransferase B {ECO:0000303|PubMed:12472689}
cds.evm.model.04.2316	GSTX3_TOBAC	70.000	60	18	0	1	60	1	60	3.40e-24	92.4	81.67	GSTX3_TOBAC Probable glutathione S-transferase
cds.novel_model_451_5bd9a17a.1.5bd9b134	EPH2_SIRGR	86.667	60	8	0	1	60	1	60	2.56e-32	115	95.00	EPH2_SIRGR Epoxide hydrolase 2 {ECO:0000303|PubMed:27821754}
cds.novel_model_450_5bd9a17a	EPH2_SIRGR	86.667	60	8	0	1	60	1	60	2.56e-32	115	95.00	EPH2_SIRGR Epoxide hydrolase 2 {ECO:0000303|PubMed:27821754}
cds.evm.model.06.1626	C86A1_ARATH	61.290	62	22	1	1	60	1	62	3.41e-17	76.3	75.81	C86A1_ARATH Cytochrome P450 86A1
cds.evm.model.10.1245.2.5bd9b13d	ARF2_ORYSJ	100.000	60	0	0	1	60	1	60	6.21e-36	121	100.00	ARF2_ORYSJ ADP-ribosylation factor 2
cds.evm.model.10.1245.5.5bd9b13d	ARF2_ORYSJ	100.000	60	0	0	1	60	1	60	6.21e-36	121	100.00	ARF2_ORYSJ ADP-ribosylation factor 2
cds.evm.model.10.1245.4.5bd9b13d	ARF2_ORYSJ	100.000	60	0	0	1	60	1	60	6.21e-36	121	100.00	ARF2_ORYSJ ADP-ribosylation factor 2
cds.evm.model.10.1245.1.5bd9b13d	ARF2_ORYSJ	100.000	60	0	0	1	60	1	60	6.21e-36	121	100.00	ARF2_ORYSJ ADP-ribosylation factor 2
cds.evm.model.10.1245	ARF2_ORYSJ	100.000	60	0	0	1	60	1	60	6.21e-36	121	100.00	ARF2_ORYSJ ADP-ribosylation factor 2
cds.evm.model.10.1245.6.5bd9b13d	ARF2_ORYSJ	100.000	60	0	0	1	60	1	60	6.21e-36	121	100.00	ARF2_ORYSJ ADP-ribosylation factor 2
cds.evm.model.10.1245.3.5bd9b13d	ARF2_ORYSJ	100.000	60	0	0	1	60	1	60	6.21e-36	121	100.00	ARF2_ORYSJ ADP-ribosylation factor 2
cds.novel_model_2091_5bd9a17a.1.5bd9b136	ASPR_CUCPE	56.604	53	20	1	8	60	11	60	5.94e-10	55.8	75.47	ASPR_CUCPE Aspartic proteinase
cds.novel_model_2090_5bd9a17a	ASPR_CUCPE	56.604	53	20	1	8	60	11	60	5.94e-10	55.8	75.47	ASPR_CUCPE Aspartic proteinase
cds.novel_model_2092_5bd9a17a.2.5bd9b136	APA1_ARATH	75.000	60	15	0	1	60	302	361	1.20e-25	100	90.00	APA1_ARATH Aspartic proteinase A1
cds.evm.model.07.958	Y4445_ARATH	65.854	41	11	2	8	46	28	67	1.62e-06	44.7	70.73	Y4445_ARATH Uncharacterized protein At4g14450, chloroplastic
cds.evm.model.09.272	TBL3_ARATH	64.407	59	21	0	2	60	67	125	1.72e-21	88.2	83.05	TBL3_ARATH Protein trichome birefringence-like 3
cds.evm.model.01.709	YUC10_ARATH	64.815	54	19	0	7	60	4	57	1.44e-18	80.1	79.63	YUC10_ARATH Probable indole-3-pyruvate monooxygenase YUCCA10
cds.evm.model.08.330	CESA7_ARATH	88.333	60	7	0	1	60	1	60	1.32e-33	123	95.00	CESA7_ARATH Cellulose synthase A catalytic subunit 7 [UDP-forming] {ECO:0000303|PubMed:11178255, ECO:0000303|PubMed:12805608}
cds.evm.model.01.1076	CCD8_ARATH	77.586	58	13	0	3	60	106	163	2.44e-27	105	89.66	CCD8_ARATH Carotenoid cleavage dioxygenase 8, chloroplastic {ECO:0000303|PubMed:15342640}
cds.evm.model.06.2001	FK132_ARATH	86.667	30	3	1	32	60	36	65	3.70e-09	53.5	90.00	FK132_ARATH F-box/kelch-repeat protein At5g60570
cds.evm.model.09.1185	ERF4_TOBAC	75.000	60	14	1	1	60	1	59	1.16e-23	91.3	81.67	ERF4_TOBAC Ethylene-responsive transcription factor 4
cds.evm.model.05.1861	PTR47_ARATH	81.356	59	11	0	2	60	147	205	6.75e-27	103	89.83	PTR47_ARATH Protein NRT1/ PTR FAMILY 7.2
cds.evm.model.10.1937	EST_HEVBR	71.930	57	16	0	4	60	30	86	3.61e-21	87.0	78.95	EST_HEVBR Esterase
cds.evm.model.07.755	GDL80_ARATH	64.583	48	17	0	9	56	21	68	7.32e-16	72.4	87.50	GDL80_ARATH GDSL esterase/lipase At5g37690
cds.evm.model.09.381	PIP12_MUSAC	90.000	60	5	1	1	60	1	59	9.61e-34	117	93.33	PIP12_MUSAC Aquaporin PIP1-2 {ECO:0000303|PubMed:23745761, ECO:0000303|PubMed:26307965}
cds.evm.model.04.1362	KIRO_ACTDE	43.137	51	29	0	5	55	5	55	2.95e-07	47.0	64.71	KIRO_ACTDE Kirola {ECO:0000303|PubMed:21309790}
cds.evm.model.02.2791	CYT5_ARATH	54.054	37	17	0	24	60	23	59	8.01e-08	48.1	72.97	CYT5_ARATH Cysteine proteinase inhibitor 5
cds.novel_model_5325_5bd9a17a.1.5bd9b13a	GUX1_ARATH	66.667	51	17	0	1	51	449	499	3.90e-19	82.0	84.31	GUX1_ARATH UDP-glucuronate:xylan alpha-glucuronosyltransferase 1
cds.novel_model_5324_5bd9a17a	GUX1_ARATH	66.667	51	17	0	1	51	449	499	3.90e-19	82.0	84.31	GUX1_ARATH UDP-glucuronate:xylan alpha-glucuronosyltransferase 1
cds.evm.model.07.527	LFG5_ARATH	61.765	68	17	2	2	60	5	72	8.67e-20	81.6	73.53	LFG5_ARATH BI1-like protein
cds.evm.model.06.109	AMYA_VIGMU	81.667	60	11	0	1	60	74	133	2.71e-29	109	90.00	AMYA_VIGMU Alpha-amylase
cds.evm.model.10.1011	B561G_ARATH	65.854	41	14	0	19	59	20	60	3.58e-14	67.8	87.80	B561G_ARATH Cytochrome b561 and DOMON domain-containing protein At2g04850
cds.evm.model.02.1330	ERF18_ARATH	71.667	60	17	0	1	60	1	60	3.04e-22	87.0	80.00	ERF18_ARATH Ethylene-responsive transcription factor ERF018
cds.evm.model.05.1033	LSI3_ORYSJ	70.000	60	18	0	1	60	1	60	1.39e-21	88.6	86.67	LSI3_ORYSJ Silicon efflux transporter LSI3 {ECO:0000303|PubMed:26283388}
cds.evm.model.04.312	C71BV_ARATH	56.364	55	24	0	5	59	6	60	5.43e-13	64.3	65.45	C71BV_ARATH Cytochrome P450 71B34
cds.evm.model.10.702	PDCB3_ARATH	58.333	60	24	1	1	60	1	59	9.08e-20	80.1	76.67	PDCB3_ARATH PLASMODESMATA CALLOSE-BINDING PROTEIN 3
cds.evm.model.09.1256	BBE15_ARATH	43.750	48	26	1	13	60	31	77	5.43e-07	47.4	68.75	BBE15_ARATH Monolignol oxidoreductase AtBBE-like 15 {ECO:0000303|PubMed:26037923}
cds.novel_model_2505_5bd9a17a	PAL1_SOYBN	77.586	58	10	1	3	60	11	65	1.21e-23	94.7	84.48	PAL1_SOYBN Phenylalanine ammonia-lyase 1
cds.evm.model.01.1387	VITH3_ARATH	75.000	48	9	1	16	60	4	51	8.13e-17	72.8	81.25	VITH3_ARATH Vacuolar iron transporter homolog 3 {ECO:0000305}
cds.evm.model.05.937.1.5bd9b13a	PRR3_JUNVI	48.077	52	27	0	9	60	2	53	4.69e-12	58.5	61.54	PRR3_JUNVI Pathogenesis-related protein
cds.evm.model.05.937	PRR3_JUNVI	48.077	52	27	0	9	60	2	53	4.69e-12	58.5	61.54	PRR3_JUNVI Pathogenesis-related protein
cds.evm.model.01.1336	PER12_ARATH	36.066	61	38	1	1	60	1	61	5.11e-06	44.7	59.02	PER12_ARATH Peroxidase 12
cds.evm.model.02.2541	Y5343_ARATH	58.824	51	17	1	1	51	1	47	8.02e-11	58.2	72.55	Y5343_ARATH Probable LRR receptor-like serine/threonine-protein kinase At1g53430
cds.evm.model.05.1113.2.5bd9b13a	TBB1_SOYBN	86.667	60	8	0	1	60	1	60	1.89e-33	120	93.33	TBB1_SOYBN Tubulin beta-1 chain
cds.evm.model.05.1113	TBB1_SOYBN	86.667	60	8	0	1	60	1	60	1.89e-33	120	93.33	TBB1_SOYBN Tubulin beta-1 chain
cds.evm.model.05.1113.1.5bd9b13a	TBB1_SOYBN	86.667	60	8	0	1	60	1	60	1.89e-33	120	93.33	TBB1_SOYBN Tubulin beta-1 chain
cds.evm.model.06.416	SUC4_ARATH	71.667	60	16	1	1	60	19	77	1.48e-20	85.9	78.33	SUC4_ARATH Sucrose transport protein SUC4 {ECO:0000303|PubMed:12529515, ECO:0000303|PubMed:21668536}
cds.evm.model.02.1712	AATP4_ARATH	51.923	52	25	0	7	58	8	59	4.61e-12	61.6	73.08	AATP4_ARATH AAA-ATPase At2g46620
cds.evm.model.03.1750	DTX42_ARATH	70.690	58	17	0	3	60	13	70	2.08e-11	60.1	81.03	DTX42_ARATH Protein DETOXIFICATION 42 {ECO:0000303|PubMed:11739388}
cds.novel_model_3092_5bd9a17a	MIF2_ARATH	65.625	64	18	2	1	60	1	64	3.12e-18	73.9	82.81	MIF2_ARATH Mini zinc finger protein 2
cds.evm.model.05.1253	HSP7N_ARATH	98.333	60	1	0	1	60	1	60	6.71e-36	129	100.00	HSP7N_ARATH Heat shock 70 kDa protein 18
cds.evm.model.02.727	TET6_ARATH	81.667	60	11	0	1	60	1	60	4.97e-26	98.6	90.00	TET6_ARATH Tetraspanin-6
cds.evm.model.06.1699.3.5bd9b13b	UBC4_SOLLC	98.333	60	1	0	1	60	30	89	5.10e-39	128	98.33	UBC4_SOLLC Ubiquitin-conjugating enzyme E2-17 kDa
cds.evm.model.06.1699.2.5bd9b13b	UBC4_SOLLC	98.333	60	1	0	1	60	1	60	2.02e-38	126	98.33	UBC4_SOLLC Ubiquitin-conjugating enzyme E2-17 kDa
cds.evm.model.06.1699.1.5bd9b13b	UBC4_SOLLC	98.333	60	1	0	1	60	1	60	2.02e-38	126	98.33	UBC4_SOLLC Ubiquitin-conjugating enzyme E2-17 kDa
cds.evm.model.06.1699	UBC4_SOLLC	98.333	60	1	0	1	60	1	60	2.02e-38	126	98.33	UBC4_SOLLC Ubiquitin-conjugating enzyme E2-17 kDa
cds.evm.model.06.1699.5.5bd9b13b	UBC4_SOLLC	98.333	60	1	0	1	60	30	89	5.10e-39	128	98.33	UBC4_SOLLC Ubiquitin-conjugating enzyme E2-17 kDa
cds.evm.model.06.1699.4.5bd9b13b	UBC4_SOLLC	98.333	60	1	0	1	60	1	60	2.02e-38	126	98.33	UBC4_SOLLC Ubiquitin-conjugating enzyme E2-17 kDa
cds.evm.model.10.451	PHO13_ARATH	64.615	65	18	2	1	60	1	65	8.60e-19	80.9	73.85	PHO13_ARATH Phosphate transporter PHO1 homolog 3
cds.evm.model.08.120	C71D9_SOYBN	63.636	55	20	0	1	55	72	126	7.38e-19	80.9	83.64	C71D9_SOYBN Cytochrome P450 71D9
cds.evm.model.01.2327	PHI1_TOBAC	55.357	56	24	1	6	60	3	58	1.04e-13	66.2	75.00	PHI1_TOBAC Protein PHOSPHATE-INDUCED 1 {ECO:0000303|PubMed:10189698}
cds.novel_model_6184_5bd9a17a	PER25_ARATH	65.574	61	20	1	1	60	199	259	2.13e-19	81.6	77.05	PER25_ARATH Peroxidase 25
cds.novel_model_4854_5bd9a17a.1.5bd9b13a	RIC4_ARATH	84.000	25	4	0	1	25	1	25	1.72e-07	47.8	96.00	RIC4_ARATH CRIB domain-containing protein RIC4
cds.novel_model_4853_5bd9a17a	RIC4_ARATH	84.000	25	4	0	1	25	1	25	2.28e-07	47.4	96.00	RIC4_ARATH CRIB domain-containing protein RIC4
cds.evm.model.01.69	PUN1_CAPFR	44.681	47	26	0	14	60	148	194	4.06e-08	50.4	63.83	PUN1_CAPFR Acyltransferase Pun1 {ECO:0000305}
cds.evm.model.01.177	XCP1_ARATH	54.098	61	25	2	1	59	1	60	5.35e-13	64.3	68.85	XCP1_ARATH Cysteine protease XCP1 {ECO:0000305}
cds.novel_model_945_5bd9a17a.1.5bd9b135	COMT2_OCIBA	55.102	49	18	1	10	58	6	50	2.46e-08	51.2	73.47	COMT2_OCIBA Caffeic acid 3-O-methyltransferase 2
cds.novel_model_944_5bd9a17a	COMT2_OCIBA	55.102	49	18	1	10	58	6	50	2.46e-08	51.2	73.47	COMT2_OCIBA Caffeic acid 3-O-methyltransferase 2
cds.evm.model.02.2340	AHL24_ARATH	59.722	72	17	2	1	60	59	130	2.60e-12	62.4	69.44	AHL24_ARATH AT-hook motif nuclear-localized protein 24 {ECO:0000312|EMBL:FAA00295.1}
cds.evm.model.02.2896	AB35G_ARATH	58.182	55	21	1	6	60	11	63	2.94e-14	68.2	81.82	AB35G_ARATH ABC transporter G family member 35
cds.evm.model.02.1197	PER4_VITVI	63.333	60	21	1	1	60	8	66	1.60e-17	76.6	83.33	PER4_VITVI Peroxidase 4 {ECO:0000250|UniProtKB:Q42578}
cds.evm.model.08.1667	CM2_ARATH	66.129	62	18	2	1	60	17	77	1.44e-18	78.6	80.65	CM2_ARATH Chorismate mutase 2 {ECO:0000303|Ref.2}
cds.evm.model.01.2925	EGS1_PETHY	63.095	84	4	1	4	60	3	86	3.48e-24	94.4	65.48	EGS1_PETHY Eugenol synthase 1 {ECO:0000303|PubMed:18208524}
cds.novel_model_861_5bd9a17a.1.5bd9b134	CHI2_PEA	91.667	60	5	0	1	60	182	241	2.29e-35	123	96.67	CHI2_PEA Endochitinase A2
cds.novel_model_862_5bd9a17a.2.5bd9b134	CHIB_POPTR	65.000	60	21	0	1	60	1	60	1.38e-20	84.7	73.33	CHIB_POPTR Acidic endochitinase WIN6.2B
cds.novel_model_860_5bd9a17a	CHIB_POPTR	65.000	60	21	0	1	60	1	60	1.38e-20	84.7	73.33	CHIB_POPTR Acidic endochitinase WIN6.2B
cds.evm.model.04.949	DCE5_ARATH	59.091	44	18	0	17	60	6	49	3.57e-12	62.0	81.82	DCE5_ARATH Glutamate decarboxylase 5
cds.evm.model.04.949.2.5bd9b137.1.5bdae6d9	DCE_SOLLC	88.333	60	7	0	1	60	104	163	5.74e-32	117	93.33	DCE_SOLLC Glutamate decarboxylase
cds.evm.model.04.949.2.5bd9b137	DCE_SOLLC	88.333	60	7	0	1	60	104	163	5.74e-32	117	93.33	DCE_SOLLC Glutamate decarboxylase
cds.evm.model.04.949.1.5bd9b137	DCE5_ARATH	59.091	44	18	0	17	60	6	49	3.57e-12	62.0	81.82	DCE5_ARATH Glutamate decarboxylase 5
cds.evm.model.04.949.2.5bd9b137.2.5bdae6d9	DCE_SOLLC	88.333	60	7	0	1	60	104	163	5.74e-32	117	93.33	DCE_SOLLC Glutamate decarboxylase
cds.evm.model.01.2364	SKP1B_ARATH	91.667	60	5	0	1	60	1	60	6.30e-34	115	95.00	SKP1B_ARATH SKP1-like protein 1B
cds.evm.model.01.2364.1.5bd9b136	SKP1B_ARATH	91.667	60	5	0	1	60	1	60	6.30e-34	115	95.00	SKP1B_ARATH SKP1-like protein 1B
cds.evm.model.10.1017	NSP5_ARATH	50.000	60	30	0	1	60	1	60	1.44e-16	73.9	68.33	NSP5_ARATH Thiohydroximate-O-sulfate sulfur/sulfate-lyase (nitrile-forming) NSP5 {ECO:0000305}
cds.evm.model.10.1017.1.5bd9b13d	NSP5_ARATH	50.000	54	27	0	6	59	9	62	1.56e-14	68.6	70.37	NSP5_ARATH Thiohydroximate-O-sulfate sulfur/sulfate-lyase (nitrile-forming) NSP5 {ECO:0000305}
cds.evm.model.10.2041	HAT5_ARATH	55.357	56	22	2	1	56	1	53	8.88e-11	57.8	69.64	HAT5_ARATH Homeobox-leucine zipper protein HAT5
cds.evm.model.03.157	C7A15_VITVI	66.667	60	20	0	1	60	1	60	1.74e-20	85.5	83.33	C7A15_VITVI Beta-amyrin 28-monooxygenase {ECO:0000305}
cds.evm.model.08.1662	PLPK1_ARATH	61.818	55	20	1	4	57	176	230	1.27e-10	57.8	78.18	PLPK1_ARATH Protein PELPK1 {ECO:0000305}
cds.evm.model.08.1662	PLPK1_ARATH	62.500	48	18	0	13	60	65	112	2.80e-09	53.9	83.33	PLPK1_ARATH Protein PELPK1 {ECO:0000305}
cds.evm.model.08.1662	PLPK1_ARATH	63.830	47	17	0	14	60	110	156	2.88e-09	53.9	80.85	PLPK1_ARATH Protein PELPK1 {ECO:0000305}
cds.evm.model.08.1662	PLPK1_ARATH	58.000	50	21	0	11	60	284	333	4.85e-09	53.1	78.00	PLPK1_ARATH Protein PELPK1 {ECO:0000305}
cds.evm.model.08.1662	PLPK1_ARATH	60.417	48	19	0	13	60	87	134	7.31e-09	52.8	83.33	PLPK1_ARATH Protein PELPK1 {ECO:0000305}
cds.evm.model.08.1662	PLPK1_ARATH	64.583	48	17	0	13	60	131	178	7.99e-09	52.8	77.08	PLPK1_ARATH Protein PELPK1 {ECO:0000305}
cds.evm.model.08.1662	PLPK1_ARATH	61.224	49	19	0	9	57	221	269	1.19e-08	52.0	77.55	PLPK1_ARATH Protein PELPK1 {ECO:0000305}
cds.evm.model.08.1662	PLPK1_ARATH	56.140	57	24	1	5	60	34	90	4.19e-08	50.4	73.68	PLPK1_ARATH Protein PELPK1 {ECO:0000305}
cds.evm.model.08.1662	PLPK1_ARATH	54.098	61	17	1	11	60	140	200	1.82e-07	48.9	65.57	PLPK1_ARATH Protein PELPK1 {ECO:0000305}
cds.evm.model.08.1662	PLPK1_ARATH	58.333	48	20	0	13	60	120	167	2.15e-07	48.5	79.17	PLPK1_ARATH Protein PELPK1 {ECO:0000305}
cds.evm.model.08.1662	PLPK1_ARATH	57.692	52	22	0	9	60	260	311	1.46e-06	46.2	71.15	PLPK1_ARATH Protein PELPK1 {ECO:0000305}
cds.evm.model.08.1662	PLPK1_ARATH	64.444	45	13	1	16	60	311	352	5.22e-06	44.7	80.00	PLPK1_ARATH Protein PELPK1 {ECO:0000305}
cds.evm.model.05.950	RBL2_ARATH	54.098	61	21	2	1	60	1	55	1.16e-12	63.2	67.21	RBL2_ARATH RHOMBOID-like protein 2 {ECO:0000303|PubMed:16223493, ECO:0000303|PubMed:17181860}
cds.evm.model.08.1706	ENT8_ARATH	63.333	60	22	0	1	60	1	60	4.54e-22	89.7	81.67	ENT8_ARATH Equilibrative nucleotide transporter 8
cds.evm.model.01.2733.1.5bd9b136	AAP2_ARATH	82.979	47	6	1	16	60	19	65	4.78e-19	81.6	85.11	AAP2_ARATH Amino acid permease 2
cds.evm.model.01.2733	AAP2_ARATH	82.979	47	6	1	16	60	19	65	4.78e-19	81.6	85.11	AAP2_ARATH Amino acid permease 2
cds.evm.model.01.2358	PER64_ARATH	53.571	56	26	0	5	60	3	58	1.20e-12	63.2	73.21	PER64_ARATH Peroxidase 64
cds.evm.model.10.1282	PER52_ARATH	56.140	57	23	1	6	60	26	82	1.05e-16	74.3	77.19	PER52_ARATH Peroxidase 52
cds.evm.model.01.2819	PMA4_NICPL	80.357	56	11	0	5	60	3	58	1.00e-25	100	94.64	PMA4_NICPL Plasma membrane ATPase 4
cds.evm.model.07.50	ACCH2_ARATH	61.364	44	17	0	3	46	1	44	8.35e-12	60.8	79.55	ACCH2_ARATH 1-aminocyclopropane-1-carboxylate oxidase homolog 2
cds.novel_model_5137_5bd9a17a.3.5bd9b13a	SRP_VITRI	60.656	61	23	1	1	60	1	61	2.40e-19	80.5	80.33	SRP_VITRI Stress-related protein
cds.novel_model_5135_5bd9a17a	SRP_VITRI	58.333	60	24	1	1	60	1	59	2.02e-17	75.5	78.33	SRP_VITRI Stress-related protein
cds.novel_model_5141_5bd9a17a.6.5bd9b13a	Y3550_ARATH	76.271	59	14	0	2	60	89	147	9.62e-18	76.3	94.92	Y3550_ARATH REF/SRPP-like protein At3g05500
cds.novel_model_5139_5bd9a17a.4.5bd9b13a	Y3550_ARATH	76.271	59	14	0	2	60	89	147	9.62e-18	76.3	94.92	Y3550_ARATH REF/SRPP-like protein At3g05500
cds.novel_model_5138_5bd9a17a.1.5bd9b13a	Y3550_ARATH	75.000	48	12	0	13	60	90	137	3.40e-11	58.9	93.75	Y3550_ARATH REF/SRPP-like protein At3g05500
cds.novel_model_5140_5bd9a17a.5.5bd9b13a	Y3550_ARATH	80.000	60	12	0	1	60	122	181	4.50e-27	100	93.33	Y3550_ARATH REF/SRPP-like protein At3g05500
cds.novel_model_5136_5bd9a17a.2.5bd9b13a	SRP_VITRI	60.000	60	24	0	1	60	1	60	4.51e-20	82.4	80.00	SRP_VITRI Stress-related protein
cds.evm.model.04.1962	CSPLN_ARALL	76.667	30	7	0	31	60	1	30	4.85e-08	49.3	90.00	CSPLN_ARALL CASP-like protein ARALYDRAFT_485429
cds.novel_model_6198_5bd9a17a	CSPL3_VITVI	68.750	48	15	0	13	60	11	58	2.43e-18	76.6	85.42	CSPL3_VITVI CASP-like protein 2D1
cds.evm.model.01.1496	CASP1_THECC	46.000	50	26	1	1	50	1	49	5.79e-08	49.7	70.00	CASP1_THECC Casparian strip membrane protein 1
cds.evm.model.09.852	CHX20_ARATH	72.881	59	16	0	2	60	8	66	3.94e-23	93.2	88.14	CHX20_ARATH Cation/H(+) antiporter 20
cds.evm.model.05.1251	C80BX_PAPSO	57.143	49	20	1	3	51	53	100	8.00e-12	61.2	73.47	C80BX_PAPSO (S)-N-methylcoclaurine 3'-hydroxylase-like protein {ECO:0000305}
cds.evm.model.08.1881	DIOXL_ARATH	60.714	56	22	0	3	58	4	59	5.55e-19	79.7	78.57	DIOXL_ARATH Extradiol ring-cleavage dioxygenase
cds.evm.model.10.817	MLP28_ARATH	51.786	56	27	0	5	60	19	74	4.35e-11	58.9	69.64	MLP28_ARATH MLP-like protein 28
cds.evm.model.10.817	MLP28_ARATH	51.786	56	27	0	5	60	181	236	9.40e-11	58.2	66.07	MLP28_ARATH MLP-like protein 28
cds.evm.model.07.1651	CAP13_ARATH	62.712	59	22	0	1	59	1	59	7.21e-21	86.3	79.66	CAP13_ARATH Putative clathrin assembly protein At1g25240
cds.evm.model.02.2085.1.5bd9b136	UBC5B_ORYSJ	89.231	65	2	1	1	60	1	65	3.01e-35	118	90.77	UBC5B_ORYSJ Ubiquitin-conjugating enzyme E2 5B
cds.evm.model.02.2085.2.5bd9b136	UBC5B_ORYSJ	96.667	60	2	0	1	60	1	60	9.57e-38	125	98.33	UBC5B_ORYSJ Ubiquitin-conjugating enzyme E2 5B
cds.evm.model.02.2085	UBC5B_ORYSJ	96.667	60	2	0	1	60	1	60	9.57e-38	125	98.33	UBC5B_ORYSJ Ubiquitin-conjugating enzyme E2 5B
cds.evm.model.06.1617	PTR31_ARATH	63.333	30	11	0	9	38	194	223	1.83e-06	45.8	73.33	PTR31_ARATH Protein NRT1/ PTR FAMILY 5.9
cds.evm.model.08.1808	JMT2_THECC	50.943	53	24	1	1	53	28	78	1.55e-10	57.4	73.58	JMT2_THECC Probable jasmonic acid carboxyl methyltransferase 2 {ECO:0000312|EMBL:EOY14825.1}
cds.evm.model.10.2015.2.5bd9b13e	GAUTF_ARATH	68.333	60	19	0	1	60	133	192	2.82e-22	90.9	81.67	GAUTF_ARATH Probable galacturonosyltransferase 15
cds.evm.model.07.1636	DCE5_ARATH	93.333	60	4	0	1	60	44	103	5.97e-34	122	98.33	DCE5_ARATH Glutamate decarboxylase 5
cds.evm.model.07.45	GGR2_CANSA	100.000	60	0	0	1	60	10	69	3.23e-37	127	100.00	GGR2_CANSA Heterodimeric geranylgeranyl pyrophosphate synthase small subunit 2, chloroplastic {ECO:0000303|PubMed:28355238}
cds.novel_model_5656_5bd9a17a	WRK53_ARATH	39.394	66	26	2	1	52	1	66	2.29e-06	45.8	57.58	WRK53_ARATH Probable WRKY transcription factor 53 {ECO:0000303|PubMed:17369373}
cds.evm.model.07.850	TS5FN_CANSA	94.340	53	3	0	8	60	44	96	2.21e-26	102	98.11	TS5FN_CANSA Myrcene synthase TPS5FN {ECO:0000303|PubMed:28355238}
cds.evm.model.07.1593	Y3028_ARATH	43.478	46	26	0	10	55	4	49	3.76e-06	45.1	63.04	Y3028_ARATH Uncharacterized acetyltransferase At3g50280
cds.evm.model.09.205	GCSH2_ARATH	78.689	61	12	1	1	60	1	61	2.77e-28	101	85.25	GCSH2_ARATH Glycine cleavage system H protein 2, mitochondrial
cds.evm.model.05.1611	14KD_DAUCA	32.955	88	31	1	1	60	1	88	7.78e-09	50.8	47.73	14KD_DAUCA 14 kDa proline-rich protein DC2.15
cds.evm.model.04.1168.3.5bd9b138	MLX56_MORAL	74.286	35	9	0	26	60	122	156	1.88e-12	62.8	85.71	MLX56_MORAL Mulatexin {ECO:0000303|PubMed:19476960}
cds.evm.model.04.1168.1.5bd9b138	MLX56_MORAL	74.286	35	9	0	26	60	122	156	1.88e-12	62.8	85.71	MLX56_MORAL Mulatexin {ECO:0000303|PubMed:19476960}
cds.evm.model.04.1168.2.5bd9b138	MLX56_MORAL	74.286	35	9	0	26	60	122	156	1.88e-12	62.8	85.71	MLX56_MORAL Mulatexin {ECO:0000303|PubMed:19476960}
cds.evm.model.04.1168.1.5bdae6db	MLX56_MORAL	74.286	35	9	0	26	60	122	156	1.88e-12	62.8	85.71	MLX56_MORAL Mulatexin {ECO:0000303|PubMed:19476960}
cds.evm.model.04.1168	MLX56_MORAL	74.286	35	9	0	26	60	122	156	1.88e-12	62.8	85.71	MLX56_MORAL Mulatexin {ECO:0000303|PubMed:19476960}
cds.novel_model_2129_5bd9a17a	ATL23_ARATH	53.333	60	27	1	1	60	28	86	9.61e-13	61.6	70.00	ATL23_ARATH E3 ubiquitin-protein ligase ATL23
cds.evm.model.05.1960	1A11_CUCPE	75.439	57	14	0	4	60	6	62	2.71e-23	93.6	80.70	1A11_CUCPE 1-aminocyclopropane-1-carboxylate synthase 1
cds.novel_model_7516_5bd9a17a	BEBT_TOBAC	80.000	60	12	0	1	60	169	228	3.28e-27	104	88.33	BEBT_TOBAC Benzyl alcohol O-benzoyltransferase
cds.novel_model_7517_5bd9a17a.1.5bd9b13e	BEBT1_PETHY	72.414	58	16	0	3	60	9	66	1.51e-22	91.3	81.03	BEBT1_PETHY Benzyl alcohol O-benzoyltransferase {ECO:0000303|PubMed:15286288}
cds.evm.model.04.1600	ANR1_ARATH	85.000	60	9	0	1	60	1	60	3.46e-31	110	96.67	ANR1_ARATH MADS-box transcription factor ANR1
cds.evm.model.10.1838	PER16_ARATH	48.276	58	30	0	3	60	1	58	2.82e-10	56.6	58.62	PER16_ARATH Peroxidase 16
cds.novel_model_7172_5bd9a17a	GPDL4_ARATH	61.017	59	23	0	1	59	448	506	4.81e-20	84.3	79.66	GPDL4_ARATH Glycerophosphodiester phosphodiesterase GDPDL4 {ECO:0000305}
cds.evm.model.07.392	PRU1_PRUAV	81.667	60	11	0	1	60	1	60	4.37e-29	103	88.33	PRU1_PRUAV Major allergen Pru av 1
cds.evm.model.01.453	HBL_TRETO	91.837	49	4	0	11	59	9	57	4.79e-25	93.2	97.96	HBL_TRETO Anaerobic nitrite reductase GLB1 {ECO:0000250|UniProtKB:O04986}
cds.evm.model.01.2739	BCP_PEA	73.770	61	14	2	1	60	18	77	2.17e-22	87.0	81.97	BCP_PEA Blue copper protein
cds.evm.model.09.1506	FBK17_ARATH	75.410	61	14	1	1	60	1	61	7.54e-23	91.7	86.89	FBK17_ARATH F-box/kelch-repeat protein At1g30090
cds.novel_model_6534_5bd9a17a	LAC8_ARATH	56.250	48	21	0	13	60	12	59	6.10e-11	58.5	77.08	LAC8_ARATH Laccase-8
cds.evm.model.10.1013	FLA2_ARATH	60.377	53	21	0	8	60	11	63	5.13e-13	64.3	73.58	FLA2_ARATH Fasciclin-like arabinogalactan protein 2
cds.evm.model.08.1342	ENL09_ARATH	47.297	74	23	1	3	60	95	168	1.15e-12	62.0	56.76	ENL09_ARATH Early nodulin-like protein 9 {ECO:0000303|PubMed:19897921}
cds.evm.model.02.36	Y3868_ARATH	47.170	53	27	1	8	59	5	57	1.15e-09	55.1	67.92	Y3868_ARATH Probable inactive receptor kinase At3g08680
cds.evm.model.01.796	M3OM2_PEA	50.000	46	23	0	15	60	9	54	2.58e-09	53.9	73.91	M3OM2_PEA (+)-6a-hydroxymaackiain 3-O-methyltransferase 2
cds.evm.model.07.391	BEV1G_BETPN	54.237	59	27	0	1	59	1	59	1.23e-17	74.3	79.66	BEV1G_BETPN Major pollen allergen Bet v 1-G
cds.evm.model.02.2927.1.5bd9b136	CHM1A_ARATH	88.333	60	7	0	1	60	1	60	1.92e-32	113	98.33	CHM1A_ARATH ESCRT-related protein CHMP1A {ECO:0000305}
cds.evm.model.02.2927	CHM1A_ARATH	88.333	60	7	0	1	60	1	60	1.92e-32	113	98.33	CHM1A_ARATH ESCRT-related protein CHMP1A {ECO:0000305}
cds.evm.model.10.2054	HFB4B_ORYSJ	68.000	50	16	0	11	60	32	81	1.38e-20	84.7	86.00	HFB4B_ORYSJ Heat stress transcription factor B-4b
cds.evm.model.05.42	SBT34_ARATH	55.932	59	26	0	1	59	34	92	1.32e-19	83.2	89.83	SBT34_ARATH Subtilisin-like protease SBT3.4 {ECO:0000303|PubMed:16193095}
cds.evm.model.04.1	WRK40_ARATH	56.757	37	16	0	22	58	33	69	3.71e-06	45.1	83.78	WRK40_ARATH Probable WRKY transcription factor 40 {ECO:0000303|Ref.1}
cds.evm.model.10.164	INV2_DAUCA	61.765	34	13	0	27	60	37	70	3.94e-07	47.8	70.59	INV2_DAUCA Beta-fructofuranosidase, insoluble isoenzyme 2
cds.evm.model.07.1506.6.5bd9b13c.1.5bdae6dc	SCRK2_SOLLC	90.909	55	3	1	6	60	4	56	2.24e-24	95.1	92.73	SCRK2_SOLLC Fructokinase-2
cds.evm.model.07.1506.1.5bd9b13c	SCRK2_SOLLC	90.909	55	3	1	6	60	4	56	2.24e-24	95.1	92.73	SCRK2_SOLLC Fructokinase-2
cds.evm.model.07.1506.6.5bd9b13c	SCRK2_SOLLC	90.909	55	3	1	6	60	4	56	2.24e-24	95.1	92.73	SCRK2_SOLLC Fructokinase-2
cds.evm.model.07.1506	SCRK2_SOLLC	90.909	55	3	1	6	60	4	56	2.24e-24	95.1	92.73	SCRK2_SOLLC Fructokinase-2
cds.evm.model.07.1506.3.5bd9b13c	SCRK2_SOLLC	90.909	55	3	1	6	60	4	56	2.24e-24	95.1	92.73	SCRK2_SOLLC Fructokinase-2
cds.evm.model.07.1506.2.5bd9b13c	SCRK2_SOLLC	90.909	55	3	1	6	60	4	56	2.24e-24	95.1	92.73	SCRK2_SOLLC Fructokinase-2
cds.evm.model.07.1506.5.5bd9b13c	SCRK8_ARATH	81.034	58	11	0	1	58	36	93	2.71e-27	100	89.66	SCRK8_ARATH Putative fructokinase-8
cds.evm.model.07.1506.4.5bd9b13c	SCRK2_SOLLC	90.909	55	3	1	6	60	4	56	2.24e-24	95.1	92.73	SCRK2_SOLLC Fructokinase-2
cds.evm.model.01.1577	ADH_MALDO	91.667	60	5	0	1	60	1	60	4.30e-34	121	98.33	ADH_MALDO Alcohol dehydrogenase
cds.novel_model_5713_5bd9a17a	SWET4_ORYSJ	66.667	60	20	0	1	60	1	60	2.02e-25	96.7	88.33	SWET4_ORYSJ Bidirectional sugar transporter SWEET4
cds.evm.model.07.1482	MYB20_ARATH	96.667	60	2	0	1	60	1	60	3.70e-41	137	100.00	MYB20_ARATH Transcription factor MYB20 {ECO:0000305}
cds.evm.model.06.922.2.5bdae6dd	UBC13_ARATH	91.667	60	5	0	1	60	58	117	2.03e-36	122	98.33	UBC13_ARATH Ubiquitin-conjugating enzyme E2 13
cds.evm.model.06.922.2.5bd9b13a.1.5bdae6dd	UBC7_ARATH	91.667	60	5	0	1	60	1	60	3.66e-27	98.6	96.67	UBC7_ARATH Ubiquitin-conjugating enzyme E2 7
cds.evm.model.06.922.1.5bd9b13a	UBC7_ARATH	91.667	60	5	0	1	60	1	60	3.66e-27	98.6	96.67	UBC7_ARATH Ubiquitin-conjugating enzyme E2 7
cds.evm.model.06.922	UBC7_ARATH	91.667	60	5	0	1	60	1	60	3.66e-27	98.6	96.67	UBC7_ARATH Ubiquitin-conjugating enzyme E2 7
cds.evm.model.06.922.2.5bd9b13a	UBC7_ARATH	91.667	60	5	0	1	60	1	60	3.66e-27	98.6	96.67	UBC7_ARATH Ubiquitin-conjugating enzyme E2 7
cds.evm.model.07.353	NAS_SOLLC	59.322	59	24	0	1	59	61	119	1.95e-20	84.3	84.75	NAS_SOLLC Nicotianamine synthase
cds.evm.model.09.912	GTO2_SCHPO	52.000	50	23	1	7	56	8	56	5.45e-09	53.1	62.00	GTO2_SCHPO Glutathione S-transferase omega-like 2
cds.evm.model.06.766	CYSKP_CAPAN	75.000	60	15	0	1	60	115	174	9.73e-24	94.0	86.67	CYSKP_CAPAN Cysteine synthase, chloroplastic/chromoplastic
cds.evm.model.07.1590	TYDC1_NARPS	66.667	60	16	1	1	60	1	56	1.25e-19	83.2	73.33	TYDC1_NARPS Tyrosine decarboxylase 1 {ECO:0000303|PubMed:29229969}
cds.evm.model.02.2004	MVD2_PANGI	86.667	60	8	0	1	60	1	60	7.01e-30	110	95.00	MVD2_PANGI Diphosphomevalonate decarboxylase 2 {ECO:0000305}
cds.evm.model.07.744.3.5bd9b13c	CAR4_ARATH	65.000	60	21	0	1	60	95	154	4.28e-25	93.6	88.33	CAR4_ARATH Protein C2-DOMAIN ABA-RELATED 4 {ECO:0000303|PubMed:25465408}
cds.evm.model.07.744.1.5bd9b13c	CAR4_ARATH	65.000	60	21	0	1	60	95	154	4.28e-25	93.6	88.33	CAR4_ARATH Protein C2-DOMAIN ABA-RELATED 4 {ECO:0000303|PubMed:25465408}
cds.evm.model.07.744	CAR1_ARATH	78.333	60	13	0	1	60	1	60	7.80e-27	97.8	86.67	CAR1_ARATH Protein C2-DOMAIN ABA-RELATED 1 {ECO:0000303|PubMed:25465408}
cds.evm.model.07.744.2.5bd9b13c	CAR1_ARATH	75.410	61	14	1	1	60	1	61	1.41e-24	92.0	85.25	CAR1_ARATH Protein C2-DOMAIN ABA-RELATED 1 {ECO:0000303|PubMed:25465408}
cds.evm.model.04.314	C71BD_ARATH	50.000	60	26	1	1	60	3	58	5.98e-13	64.3	68.33	C71BD_ARATH Cytochrome P450 71B13
cds.evm.model.08.948	WTR32_ARATH	73.333	60	16	0	1	60	9	68	9.30e-28	104	93.33	WTR32_ARATH WAT1-related protein At4g08300
cds.evm.model.04.425	OTU4_ARATH	60.784	51	20	0	10	60	159	209	2.17e-15	70.9	76.47	OTU4_ARATH OVARIAN TUMOR DOMAIN-containing deubiquitinating enzyme 4 {ECO:0000303|PubMed:24659992}
cds.evm.model.08.184	NCPR_CATRO	59.649	57	19	2	7	60	3	58	5.84e-11	58.5	77.19	NCPR_CATRO NADPH--cytochrome P450 reductase {ECO:0000255|HAMAP-Rule:MF_03212}
cds.evm.model.07.1064	CIPK7_ARATH	53.333	45	20	1	16	60	4	47	9.74e-06	43.9	64.44	CIPK7_ARATH CBL-interacting serine/threonine-protein kinase 7
cds.evm.model.05.102	CNGC3_ARATH	38.182	55	34	0	6	60	164	218	5.22e-06	44.7	61.82	CNGC3_ARATH Probable cyclic nucleotide-gated ion channel 3
cds.evm.model.10.117.1.5bd9b13c	PMT2_ARATH	76.786	56	13	0	3	58	4	59	2.57e-26	102	91.07	PMT2_ARATH Probable methyltransferase PMT2
cds.evm.model.10.117	PMT2_ARATH	76.786	56	13	0	3	58	4	59	2.57e-26	102	91.07	PMT2_ARATH Probable methyltransferase PMT2
cds.evm.model.10.1672	AVT6A_ARATH	56.897	58	23	1	3	60	4	59	5.98e-12	61.6	67.24	AVT6A_ARATH Amino acid transporter AVT6A {ECO:0000305}
cds.evm.model.09.659	LHWL1_ARATH	63.158	38	14	0	6	43	4	41	1.80e-12	62.8	78.95	LHWL1_ARATH Transcription factor EMB1444 {ECO:0000303|PubMed:12586866}
cds.evm.model.05.1671.3.5bd9b13a.1.5bdae6e1	TIP22_MAIZE	80.000	60	12	0	1	60	1	60	6.77e-24	92.4	88.33	TIP22_MAIZE Aquaporin TIP2-2
cds.evm.model.05.1671.2.5bd9b13a	TIP22_MAIZE	80.000	60	12	0	1	60	1	60	6.77e-24	92.4	88.33	TIP22_MAIZE Aquaporin TIP2-2
cds.evm.model.05.1671.1.5bd9b13a	TIP22_MAIZE	82.609	46	8	0	15	60	16	61	2.12e-17	75.5	95.65	TIP22_MAIZE Aquaporin TIP2-2
cds.evm.model.05.1671	TIP22_MAIZE	80.000	60	12	0	1	60	1	60	6.77e-24	92.4	88.33	TIP22_MAIZE Aquaporin TIP2-2
cds.evm.model.05.1671.3.5bd9b13a	TIP22_MAIZE	80.000	60	12	0	1	60	1	60	6.77e-24	92.4	88.33	TIP22_MAIZE Aquaporin TIP2-2
cds.evm.model.07.1659	ACFR3_ARATH	58.333	60	25	0	1	60	73	132	5.92e-20	81.6	80.00	ACFR3_ARATH Probable transmembrane ascorbate ferrireductase 3
cds.novel_model_830_5bd9a17a	ORR10_ORYSJ	80.000	60	12	0	1	60	78	137	5.32e-30	107	95.00	ORR10_ORYSJ Two-component response regulator ORR10 {ECO:0000305}
cds.evm.model.04.1795	PER64_ARATH	58.000	50	20	1	11	60	11	59	3.47e-10	56.2	68.00	PER64_ARATH Peroxidase 64
cds.evm.model.01.83	WRK15_ARATH	71.053	38	11	0	22	59	64	101	2.03e-08	51.6	78.95	WRK15_ARATH Probable WRKY transcription factor 15
cds.evm.model.01.557	BZP53_ARATH	64.407	59	18	1	1	56	1	59	2.42e-15	67.8	71.19	BZP53_ARATH bZIP transcription factor 53 {ECO:0000303|PubMed:11906833}
cds.novel_model_4406_5bd9a17a	Y5258_ARATH	75.439	57	14	0	4	60	6	62	2.00e-25	92.8	87.72	Y5258_ARATH Stress-response A/B barrel domain-containing protein At5g22580 {ECO:0000305}
cds.evm.model.09.539	PTR18_ARATH	48.333	60	27	1	1	60	1	56	7.92e-12	61.2	66.67	PTR18_ARATH Protein NRT1/ PTR FAMILY 3.1
cds.evm.model.09.217	TBL34_ARATH	70.000	60	18	0	1	60	261	320	4.45e-23	92.4	80.00	TBL34_ARATH Protein trichome birefringence-like 34
cds.evm.model.10.1073.1.5bd9b13d	FLA17_ARATH	51.562	64	21	2	1	60	1	58	4.36e-09	53.5	59.38	FLA17_ARATH Fasciclin-like arabinogalactan protein 17
cds.evm.model.10.1073	FLA17_ARATH	51.562	64	21	2	1	60	1	58	4.36e-09	53.5	59.38	FLA17_ARATH Fasciclin-like arabinogalactan protein 17
cds.evm.model.08.1665	PLPK2_ARATH	53.448	58	22	1	2	59	30	82	1.39e-09	52.8	70.69	PLPK2_ARATH Protein PELPK2 {ECO:0000305}
cds.evm.model.08.1665	PLPK2_ARATH	57.143	49	20	1	13	60	52	100	3.17e-06	44.3	75.51	PLPK2_ARATH Protein PELPK2 {ECO:0000305}
cds.evm.model.10.1449	CARDA_CYNCA	50.000	54	27	0	1	54	1	54	5.01e-09	53.1	66.67	CARDA_CYNCA Procardosin-A {ECO:0000303|PubMed:10497243, ECO:0000303|PubMed:8654427, ECO:0000303|PubMed:9692911}
cds.evm.model.04.136	PDLP7_ARATH	56.897	58	25	0	2	59	70	127	1.74e-14	68.2	70.69	PDLP7_ARATH Plasmodesmata-located protein 7
cds.evm.model.02.814.1.5bd9b134	PME2_CITSI	58.824	51	16	2	1	51	1	46	1.03e-10	58.2	68.63	PME2_CITSI Pectinesterase 2
cds.evm.model.02.814	PME2_CITSI	58.824	51	16	2	1	51	1	46	1.03e-10	58.2	68.63	PME2_CITSI Pectinesterase 2
cds.evm.model.02.2187	CSLA9_ARATH	56.667	60	26	0	1	60	1	60	2.23e-17	77.0	80.00	CSLA9_ARATH Glucomannan 4-beta-mannosyltransferase 9 {ECO:0000305}
cds.evm.model.04.1893	PLP2_ARATH	71.429	56	16	0	5	60	8	63	4.00e-21	87.0	87.50	PLP2_ARATH Patatin-like protein 2
cds.evm.model.02.756	WTR38_ARATH	57.692	52	22	0	1	52	131	182	6.43e-15	69.7	82.69	WTR38_ARATH WAT1-related protein At5g07050
cds.evm.model.06.2108	LERK2_ORYSJ	69.492	59	17	1	2	60	672	729	6.05e-25	98.6	91.53	LERK2_ORYSJ G-type lectin S-receptor-like serine/threonine-protein kinase LECRK2 {ECO:0000305}
cds.evm.model.04.408	ARR11_ARATH	89.362	47	5	0	14	60	8	54	4.64e-23	92.8	95.74	ARR11_ARATH Two-component response regulator ARR11
cds.evm.model.02.3160	TYRA2_ARATH	47.458	59	29	1	1	59	37	93	8.83e-13	63.5	71.19	TYRA2_ARATH Arogenate dehydrogenase 2, chloroplastic
cds.evm.model.09.919	P2A09_ARATH	45.833	48	25	1	1	48	1	47	9.93e-06	43.5	56.25	P2A09_ARATH Protein PHLOEM PROTEIN 2-LIKE A9
cds.evm.model.02.2478	CXE9_ARATH	51.724	58	27	1	4	60	9	66	1.07e-12	63.5	68.97	CXE9_ARATH Probable carboxylesterase 9
cds.evm.model.06.2019	UXT1_ARATH	93.220	59	4	0	1	59	1	59	4.03e-32	115	96.61	UXT1_ARATH UDP-xylose transporter 1 {ECO:0000312|EMBL:AKA88212.1}
cds.evm.model.07.1592	PAAS_ROSHC	63.333	60	17	1	1	60	1	55	2.79e-19	82.4	75.00	PAAS_ROSHC Phenylacetaldehyde synthase {ECO:0000303|PubMed:16766535}
cds.evm.model.09.243	PDC1_ARATH	63.934	61	21	1	1	60	1	61	4.59e-19	81.6	77.05	PDC1_ARATH Pyruvate decarboxylase 1
cds.evm.model.02.3196	WRK40_ARATH	69.811	53	14	1	10	60	30	82	6.60e-17	74.7	84.91	WRK40_ARATH Probable WRKY transcription factor 40 {ECO:0000303|Ref.1}
cds.evm.model.05.1623	PTR7_ARATH	62.963	54	19	1	8	60	3	56	5.54e-16	72.8	79.63	PTR7_ARATH Protein NRT1/ PTR FAMILY 6.3
cds.evm.model.04.632	HKT1_ARATH	58.333	60	25	0	1	60	221	280	7.12e-18	78.2	81.67	HKT1_ARATH Sodium transporter HKT1
cds.evm.model.07.714	GT121_ARATH	72.131	61	16	1	1	60	3	63	2.30e-24	95.9	95.08	GT121_ARATH Putative glutamine amidotransferase GAT1_2.1 {ECO:0000305}
cds.evm.model.08.1582	U85A3_ARATH	73.684	57	15	0	4	60	9	65	1.91e-26	102	85.96	U85A3_ARATH UDP-glycosyltransferase 85A3
cds.evm.model.08.1045	CX6B2_ARATH	88.136	59	7	0	2	60	3	61	5.39e-35	115	94.92	CX6B2_ARATH Cytochrome c oxidase subunit 6b-2
cds.evm.model.08.1796	BZP44_ARATH	65.574	61	19	1	2	60	13	73	2.72e-17	73.6	75.41	BZP44_ARATH bZIP transcription factor 44 {ECO:0000305}
cds.evm.model.10.1890	GTE8_ARATH	50.000	50	25	0	9	58	7	56	1.53e-08	52.0	64.00	GTE8_ARATH Transcription factor GTE8
cds.novel_model_3136_5bd9a17a.2.5bd9b137	PIP25_ARATH	71.667	60	16	1	1	60	1	59	1.32e-24	95.1	88.33	PIP25_ARATH Probable aquaporin PIP2-5
cds.novel_model_3134_5bd9a17a	PIP25_ARATH	71.667	60	16	1	1	60	1	59	1.32e-24	95.1	88.33	PIP25_ARATH Probable aquaporin PIP2-5
cds.novel_model_3137_5bd9a17a.3.5bd9b137	PIP25_ARATH	71.667	60	16	1	1	60	1	59	1.32e-24	95.1	88.33	PIP25_ARATH Probable aquaporin PIP2-5
cds.novel_model_3135_5bd9a17a.1.5bd9b137	PIP25_ARATH	71.667	60	16	1	1	60	1	59	1.32e-24	95.1	88.33	PIP25_ARATH Probable aquaporin PIP2-5
cds.evm.model.08.1959	GERS_RHISY	69.492	59	18	0	1	59	1	59	8.66e-23	92.4	76.27	GERS_RHISY Germanicol synthase {ECO:0000305|PubMed:17803686}
cds.evm.model.03.445	CBC2_ARATH	50.980	102	8	1	1	60	1	102	2.15e-24	95.9	55.88	CBC2_ARATH Serine/threonine-protein kinase 52 {ECO:0000303|PubMed:16429265}
cds.evm.model.10.2231	SILD_FORIN	75.510	49	12	0	12	60	146	194	2.85e-17	75.5	87.76	SILD_FORIN Secoisolariciresinol dehydrogenase
cds.evm.model.ctgX7.3	U91C1_ARATH	66.667	45	15	0	13	57	9	53	1.54e-16	74.3	84.44	U91C1_ARATH UDP-glycosyltransferase 91C1
cds.novel_model_4602_5bd9a17a	CAF1I_ARATH	57.895	57	24	0	4	60	8	64	3.94e-17	75.1	75.44	CAF1I_ARATH Probable CCR4-associated factor 1 homolog 9
cds.evm.model.02.1875	DRMH3_ARATH	74.194	62	14	2	1	60	1	62	4.37e-24	90.1	80.65	DRMH3_ARATH Dormancy-associated protein homolog 3 {ECO:0000305}
cds.evm.model.02.1875.3.5bd9b135	DRMH3_ARATH	74.194	62	14	2	1	60	1	62	4.37e-24	90.1	80.65	DRMH3_ARATH Dormancy-associated protein homolog 3 {ECO:0000305}
cds.evm.model.02.1875.1.5bd9b135	DRMH3_ARATH	74.194	62	14	2	1	60	1	62	4.37e-24	90.1	80.65	DRMH3_ARATH Dormancy-associated protein homolog 3 {ECO:0000305}
cds.evm.model.02.1875.3.5bd9b135.1.5bdae6e1	DRMH3_ARATH	74.194	62	14	2	1	60	1	62	4.37e-24	90.1	80.65	DRMH3_ARATH Dormancy-associated protein homolog 3 {ECO:0000305}
cds.evm.model.02.1875.2.5bd9b135	DRMH3_ARATH	75.000	64	12	2	1	60	1	64	1.30e-25	94.0	81.25	DRMH3_ARATH Dormancy-associated protein homolog 3 {ECO:0000305}
cds.evm.model.01.1622.1.5bd9b135	KCY3_ORYSJ	74.603	63	13	1	1	60	1	63	9.70e-24	91.3	79.37	KCY3_ORYSJ UMP-CMP kinase 3 {ECO:0000255|HAMAP-Rule:MF_03172}
cds.evm.model.01.1622	KCY3_ORYSJ	74.603	63	13	1	1	60	1	63	9.70e-24	91.3	79.37	KCY3_ORYSJ UMP-CMP kinase 3 {ECO:0000255|HAMAP-Rule:MF_03172}
cds.evm.model.05.1646.1.5bd9b13a	RHVI2_ROSHC	83.333	60	10	0	1	60	143	202	8.78e-28	106	90.00	RHVI2_ROSHC Acid beta-fructofuranosidase 2, vacuolar {ECO:0000305}
cds.evm.model.04.2173	CRR55_ARATH	44.444	54	29	1	7	59	4	57	3.77e-06	45.1	62.96	CRR55_ARATH Cysteine-rich repeat secretory protein 55
cds.evm.model.04.1181	MLX56_MORAL	71.429	35	10	0	26	60	122	156	4.42e-12	62.0	82.86	MLX56_MORAL Mulatexin {ECO:0000303|PubMed:19476960}
cds.novel_model_2506_5bd9a17a	PAL1_SOYBN	93.333	45	3	0	16	60	20	64	4.01e-23	93.2	97.78	PAL1_SOYBN Phenylalanine ammonia-lyase 1
cds.evm.model.07.1843	OMT3_HUMLU	93.333	60	4	0	1	60	139	198	2.25e-36	127	95.00	OMT3_HUMLU Probable O-methyltransferase 3 {ECO:0000303|PubMed:18223037}
cds.novel_model_3734_5bd9a17a	GLT1_ARATH	56.522	46	15	1	9	54	14	54	4.44e-10	55.5	71.74	GLT1_ARATH Germin-like protein subfamily T member 1
cds.evm.model.10.205.1.5bd9b13d	SILD_FORIN	56.667	60	25	1	1	60	96	154	1.36e-14	68.2	80.00	SILD_FORIN Secoisolariciresinol dehydrogenase
cds.evm.model.10.205	SILD_FORIN	63.793	58	21	0	3	60	7	64	6.91e-19	79.7	86.21	SILD_FORIN Secoisolariciresinol dehydrogenase
cds.evm.model.03.1018	IRX10_ARATH	60.000	60	18	1	1	60	3	56	1.25e-15	72.0	71.67	IRX10_ARATH Probable beta-1,4-xylosyltransferase IRX10
cds.evm.model.01.795	ASMT_ARATH	55.263	38	17	0	21	58	24	61	2.81e-08	51.2	78.95	ASMT_ARATH Acetylserotonin O-methyltransferase {ECO:0000305}
cds.evm.model.01.494	PER10_ARATH	54.386	57	26	0	3	59	246	302	5.06e-14	67.0	77.19	PER10_ARATH Peroxidase 10
cds.novel_model_295_5bd9a17a	P2C30_ARATH	81.667	60	11	0	1	60	249	308	1.40e-29	109	90.00	P2C30_ARATH Probable protein phosphatase 2C 30
cds.evm.model.04.184	AL2B4_ARATH	44.262	61	33	1	1	60	1	61	7.75e-06	44.3	62.30	AL2B4_ARATH Aldehyde dehydrogenase family 2 member B4, mitochondrial
cds.evm.model.03.778	FLA11_ARATH	54.348	46	19	1	15	60	15	58	9.78e-09	52.0	69.57	FLA11_ARATH Fasciclin-like arabinogalactan protein 11
cds.evm.model.06.1002.1.5bd9b13a	NADK1_ARATH	75.000	60	15	0	1	60	244	303	2.22e-27	105	91.67	NADK1_ARATH NAD(H) kinase 1
cds.evm.model.06.1002	NADK1_ARATH	57.407	54	22	1	8	60	14	67	1.82e-10	57.4	68.52	NADK1_ARATH NAD(H) kinase 1
cds.evm.model.06.2124	PERN_ARMRU	76.667	60	14	0	1	60	60	119	8.63e-26	98.6	80.00	PERN_ARMRU Peroxidase N
cds.evm.model.06.248	GGP3_ARATH	48.000	50	26	0	11	60	4	53	1.17e-11	60.1	70.00	GGP3_ARATH Gamma-glutamyl peptidase 3 {ECO:0000305}
cds.evm.model.04.770	RG1_RAUSE	61.702	47	18	0	14	60	79	125	1.12e-15	72.0	91.49	RG1_RAUSE Raucaffricine-O-beta-D-glucosidase {ECO:0000303|PubMed:10975500}
cds.evm.model.08.1715	CPC_CUCSA	66.667	36	12	0	25	60	2	37	8.79e-12	58.5	83.33	CPC_CUCSA Cucumber peeling cupredoxin
cds.novel_model_5576_5bd9a17a	DR206_PEA	44.000	50	22	1	11	60	5	48	2.60e-07	47.8	66.00	DR206_PEA Disease resistance response protein 206
cds.evm.model.08.301	DCAM_IPOBA	72.881	59	16	0	2	60	29	87	2.43e-24	95.5	89.83	DCAM_IPOBA S-adenosylmethionine decarboxylase proenzyme
cds.evm.model.10.36	4CL_VANPL	56.897	58	24	1	3	60	1	57	5.27e-17	75.9	75.86	4CL_VANPL 4-coumarate--CoA ligase {ECO:0000303|Ref.1}
cds.evm.model.10.36.1.5bd9b13c	4CL_VANPL	56.897	58	24	1	3	60	1	57	5.27e-17	75.9	75.86	4CL_VANPL 4-coumarate--CoA ligase {ECO:0000303|Ref.1}
cds.evm.model.07.450	FPF1_ARATH	56.667	60	21	1	1	60	1	55	5.70e-15	66.2	70.00	FPF1_ARATH Flowering-promoting factor 1
cds.evm.model.07.1595	TYDC1_NARPS	66.667	60	16	1	1	60	1	56	3.52e-19	82.0	73.33	TYDC1_NARPS Tyrosine decarboxylase 1 {ECO:0000303|PubMed:29229969}
cds.evm.model.08.29	AAP2_ARATH	81.579	38	7	0	22	59	45	82	1.79e-14	68.6	89.47	AAP2_ARATH Amino acid permease 2
cds.novel_model_3619_5bd9a17a	NLTP2_APIGA	68.571	35	11	0	26	60	1	35	8.11e-10	52.0	82.86	NLTP2_APIGA Non-specific lipid-transfer protein 2 {ECO:0000303|PubMed:23913675}
cds.evm.model.01.2517	ANR1_ARATH	94.118	51	3	0	10	60	1	51	6.96e-27	99.8	100.00	ANR1_ARATH MADS-box transcription factor ANR1
cds.evm.model.09.63	PRPX_HORVU	43.860	57	32	0	4	60	88	144	4.43e-09	52.8	59.65	PRPX_HORVU Pathogen-related protein
cds.evm.model.02.2470	SBT4E_ARATH	70.690	58	17	0	2	59	65	122	1.11e-19	83.6	81.03	SBT4E_ARATH Subtilisin-like protease SBT4.14 {ECO:0000303|PubMed:16193095}
cds.evm.model.04.2434	LHWL3_ARATH	74.074	27	6	1	27	52	17	43	1.79e-07	48.9	85.19	LHWL3_ARATH Transcription factor bHLH155
cds.evm.model.04.1907	PERP7_BRARR	75.000	60	15	0	1	60	32	91	2.38e-26	99.8	85.00	PERP7_BRARR Peroxidase P7
cds.evm.model.07.357	E13B_TOBAC	63.636	55	20	0	6	60	16	70	7.24e-19	80.5	83.64	E13B_TOBAC Glucan endo-1,3-beta-glucosidase, basic vacuolar isoform
cds.novel_model_1310_5bd9a17a	GDU3_ARATH	74.545	55	6	1	13	59	8	62	7.30e-21	82.0	76.36	GDU3_ARATH Protein GLUTAMINE DUMPER 3
cds.evm.model.10.390	CASP7_SOYBN	58.824	51	21	0	10	60	5	55	3.11e-15	68.6	84.31	CASP7_SOYBN CASP-like protein 7
cds.evm.model.09.462	LAC12_ARATH	80.702	57	11	0	2	58	91	147	1.77e-27	105	89.47	LAC12_ARATH Laccase-12
cds.evm.model.ctgX6.7	PER4_VITVI	66.667	60	20	0	1	60	1	60	8.93e-20	82.8	83.33	PER4_VITVI Peroxidase 4 {ECO:0000250|UniProtKB:Q42578}
cds.evm.model.02.2600	INV1_ARATH	83.333	60	10	0	1	60	71	130	4.00e-30	112	90.00	INV1_ARATH Beta-fructofuranosidase, insoluble isoenzyme CWINV1
cds.novel_model_6263_5bd9a17a	DIRL1_ARATH	51.282	39	19	0	22	60	22	60	7.70e-06	42.7	69.23	DIRL1_ARATH Putative lipid-transfer protein DIR1
cds.evm.model.01.1386	B1L_ARATH	40.580	69	22	2	1	56	1	63	2.58e-06	45.4	57.97	B1L_ARATH Protein BYPASS1-LIKE {ECO:0000303|PubMed:31297122, ECO:0000303|PubMed:32664862, ECO:0000303|PubMed:35249253}
cds.evm.model.03.331	CAHC_SPIOL	63.333	60	22	0	1	60	170	229	1.33e-20	84.7	78.33	CAHC_SPIOL Carbonic anhydrase, chloroplastic
cds.evm.model.10.1603	LBD41_ARATH	91.667	60	5	0	1	60	1	60	3.13e-36	124	96.67	LBD41_ARATH LOB domain-containing protein 41
cds.evm.model.06.1713.1.5bd9b13b	C4H1_PETHY	83.333	60	10	0	1	60	1	60	2.24e-29	110	95.00	C4H1_PETHY Trans-cinnamate 4-monooxygenase C4H1 {ECO:0000305}
cds.evm.model.06.1713	C4H1_PETHY	83.333	60	10	0	1	60	1	60	2.24e-29	110	95.00	C4H1_PETHY Trans-cinnamate 4-monooxygenase C4H1 {ECO:0000305}
cds.evm.model.04.317	C71BJ_ARATH	60.000	50	18	2	11	60	5	52	1.49e-11	60.5	72.00	C71BJ_ARATH Cytochrome P450 71B19
cds.evm.model.04.1982	U496A_ARATH	75.439	57	14	0	1	57	71	127	6.49e-23	91.7	87.72	U496A_ARATH UPF0496 protein At4g34320
cds.novel_model_6359_5bd9a17a	PERR_RAUSE	66.102	59	20	0	2	60	47	105	1.66e-19	82.0	76.27	PERR_RAUSE Perakine reductase
cds.evm.model.07.1375	UGT43_PUEML	53.061	49	23	0	12	60	5	53	4.13e-12	62.0	77.55	UGT43_PUEML UDP-glycosyltransferase 43 {ECO:0000303|PubMed:27066037}
cds.novel_model_7197_5bd9a17a	CXE15_ARATH	68.333	60	19	0	1	60	225	284	2.66e-23	92.0	81.67	CXE15_ARATH Carboxylesterase 15 {ECO:0000303|PubMed:14738307}
cds.evm.model.07.1670	SL11_ORYSJ	59.459	37	15	0	24	60	262	298	2.57e-08	51.2	75.68	SL11_ORYSJ E3 ubiquitin-protein ligase SPL11
cds.evm.model.02.1087	NBS_NARPS	45.763	59	32	0	2	60	1	59	1.76e-14	66.2	69.49	NBS_NARPS Norbelladine synthase {ECO:0000303|PubMed:30526483}
cds.evm.model.05.708	DTX48_ARATH	81.034	58	11	0	3	60	71	128	1.50e-25	100	96.55	DTX48_ARATH Protein DETOXIFICATION 48 {ECO:0000303|PubMed:11739388}
cds.evm.model.02.3080	SUT34_ARATH	48.333	60	20	2	1	60	1	49	6.15e-10	55.8	60.00	SUT34_ARATH Probable sulfate transporter 3.4
cds.evm.model.06.240	CFAT_PETHY	75.556	45	10	1	12	55	6	50	2.49e-09	53.9	88.89	CFAT_PETHY Coniferyl alcohol acyltransferase {ECO:0000303|PubMed:17241449}
cds.evm.model.04.1536	PCKA_CUCSA	48.485	66	28	2	1	60	1	66	2.35e-11	59.7	63.64	PCKA_CUCSA Phosphoenolpyruvate carboxykinase (ATP)
cds.evm.model.04.1536.2.5bd9b138	PCKA_CUCSA	95.000	60	3	0	1	60	216	275	7.48e-38	134	100.00	PCKA_CUCSA Phosphoenolpyruvate carboxykinase (ATP)
cds.evm.model.04.1536.1.5bd9b138	PCKA1_ARATH	94.231	52	3	0	9	60	273	324	2.70e-30	113	98.08	PCKA1_ARATH Phosphoenolpyruvate carboxykinase (ATP) 1 {ECO:0000303|PubMed:17283014}
cds.evm.model.04.1536.3.5bd9b138	PCKA_CUCSA	95.000	60	3	0	1	60	216	275	7.48e-38	134	100.00	PCKA_CUCSA Phosphoenolpyruvate carboxykinase (ATP)
cds.novel_model_1511_5bd9a17a	CEPR1_ARATH	76.271	59	14	0	1	59	275	333	4.22e-23	93.2	84.75	CEPR1_ARATH Receptor protein-tyrosine kinase CEPR1 {ECO:0000303|PubMed:25324386}
cds.novel_model_1511_5bd9a17a	CEPR1_ARATH	43.636	55	31	0	5	59	255	309	1.28e-06	46.2	58.18	CEPR1_ARATH Receptor protein-tyrosine kinase CEPR1 {ECO:0000303|PubMed:25324386}
cds.novel_model_1511_5bd9a17a	CEPR1_ARATH	38.983	59	36	0	1	59	467	525	3.69e-06	45.1	61.02	CEPR1_ARATH Receptor protein-tyrosine kinase CEPR1 {ECO:0000303|PubMed:25324386}
cds.novel_model_1511_5bd9a17a	CEPR1_ARATH	49.091	55	27	1	6	59	207	261	9.55e-06	43.9	60.00	CEPR1_ARATH Receptor protein-tyrosine kinase CEPR1 {ECO:0000303|PubMed:25324386}
cds.evm.model.08.1931	HQGT_RAUSE	48.333	60	26	2	1	60	10	64	2.16e-10	57.0	68.33	HQGT_RAUSE Hydroquinone glucosyltransferase
cds.novel_model_5890_5bd9a17a	U72E3_ARATH	52.083	48	23	0	13	60	5	52	1.58e-11	60.5	77.08	U72E3_ARATH UDP-glycosyltransferase 72E3 {ECO:0000303|PubMed:11042215}
cds.novel_model_5891_5bd9a17a.1.5bd9b13b	U72E3_ARATH	52.273	44	21	0	16	59	5	48	8.03e-10	55.5	77.27	U72E3_ARATH UDP-glycosyltransferase 72E3 {ECO:0000303|PubMed:11042215}
cds.evm.model.08.1275	WRK11_ARATH	51.667	60	22	1	1	60	1	53	1.25e-09	54.7	66.67	WRK11_ARATH Probable WRKY transcription factor 11
cds.evm.model.10.1553	Y2913_ARATH	48.889	45	23	0	16	60	11	55	1.29e-06	46.2	64.44	Y2913_ARATH G-type lectin S-receptor-like serine/threonine-protein kinase At2g19130
cds.evm.model.02.2367	BPS1_ARATH	60.000	60	24	0	1	60	1	60	8.85e-16	72.0	71.67	BPS1_ARATH Protein BPS1, chloroplastic {ECO:0000303|PubMed:15458645}
cds.evm.model.01.802	ASOL_TOBAC	67.391	46	14	1	15	60	12	56	1.36e-15	71.6	82.61	ASOL_TOBAC L-ascorbate oxidase homolog
cds.novel_model_5880_5bd9a17a	NET4A_ARATH	66.667	60	20	0	1	60	1	60	2.62e-19	82.4	78.33	NET4A_ARATH Protein NETWORKED 4A {ECO:0000303|PubMed:22840520}
cds.evm.model.09.280	SYK_SOLLC	46.552	58	31	0	3	60	37	94	1.53e-14	68.9	75.86	SYK_SOLLC Lysine--tRNA ligase
cds.evm.model.08.737	PER16_ARATH	57.447	47	18	1	14	60	10	54	4.11e-10	56.2	76.60	PER16_ARATH Peroxidase 16
cds.novel_model_5997_5bd9a17a	GBA2_MOUSE	43.103	58	33	0	1	58	693	750	2.94e-10	56.6	62.07	GBA2_MOUSE Non-lysosomal glucosylceramidase {ECO:0000305}
cds.evm.model.06.700	PKRA_DROME	50.000	56	27	1	1	55	1	56	7.38e-09	52.8	60.71	PKRA_DROME Protein krasavietz
cds.evm.model.06.700.1.5bd9b13a	PKRA_DROME	50.000	56	27	1	1	55	1	56	7.38e-09	52.8	60.71	PKRA_DROME Protein krasavietz
cds.evm.model.06.449	LRR1_ARATH	58.333	60	25	0	1	60	1	60	2.65e-16	72.0	71.67	LRR1_ARATH Leucine-rich repeat protein 1 {ECO:0000303|PubMed:19712067}
cds.novel_model_4735_5bd9a17a.1.5bd9b13a	NHL13_ARATH	53.968	63	18	3	1	60	1	55	4.16e-11	58.5	66.67	NHL13_ARATH NDR1/HIN1-like protein 13 {ECO:0000303|PubMed:26206852}
cds.novel_model_4734_5bd9a17a	NHL13_ARATH	53.968	63	18	3	1	60	1	55	4.16e-11	58.5	66.67	NHL13_ARATH NDR1/HIN1-like protein 13 {ECO:0000303|PubMed:26206852}
cds.evm.model.09.1555	E13B_WHEAT	59.322	59	24	0	2	60	389	447	1.88e-18	79.7	72.88	E13B_WHEAT Glucan endo-1,3-beta-glucosidase
cds.evm.model.08.918	VAP41_ARATH	84.314	51	8	0	10	60	90	140	1.32e-25	97.1	94.12	VAP41_ARATH Vesicle-associated protein 4-1
cds.evm.model.09.231	AMT21_ORYSJ	82.353	51	9	0	10	60	6	56	9.09e-23	92.0	92.16	AMT21_ORYSJ Ammonium transporter 2 member 1
cds.evm.model.02.956.2.5bd9b134.1.5bdae6dd	MAOP2_ARATH	84.848	33	5	0	28	60	372	404	3.06e-14	68.2	96.97	MAOP2_ARATH NADP-dependent malic enzyme 2
cds.evm.model.02.956.3.5bd9b134	MAOX_POPTR	90.000	60	6	0	1	60	1	60	2.08e-31	116	95.00	MAOX_POPTR NADP-dependent malic enzyme
cds.evm.model.02.956.2.5bd9b134	MAOP4_ARATH	88.333	60	7	0	1	60	259	318	8.25e-32	117	100.00	MAOP4_ARATH NADP-dependent malic enzyme 4, chloroplastic
cds.evm.model.02.956	MAOX_POPTR	90.000	60	6	0	1	60	1	60	2.08e-31	116	95.00	MAOX_POPTR NADP-dependent malic enzyme
cds.evm.model.02.956.1.5bd9b134	MAOX_POPTR	90.000	60	6	0	1	60	1	60	2.08e-31	116	95.00	MAOX_POPTR NADP-dependent malic enzyme
cds.evm.model.02.3038	PME1_FICPW	57.812	64	22	1	2	60	103	166	1.62e-18	80.1	75.00	PME1_FICPW Pectinesterase/pectinesterase inhibitor
cds.evm.model.10.823	MLP43_ARATH	45.763	59	32	0	2	60	5	63	7.88e-13	61.6	67.80	MLP43_ARATH MLP-like protein 43
cds.evm.model.01.372	AZF1_ARATH	52.000	75	20	4	1	60	1	74	2.21e-12	62.0	58.67	AZF1_ARATH Zinc finger protein AZF1
cds.evm.model.08.1211	HMA2_ORYSJ	73.810	42	11	0	19	60	9	50	8.50e-16	72.4	92.86	HMA2_ORYSJ Cadmium/zinc-transporting ATPase HMA2 {ECO:0000305}
cds.evm.model.03.206	LBD4_ARATH	73.239	71	7	1	2	60	12	82	3.93e-29	103	77.46	LBD4_ARATH LOB domain-containing protein 4
cds.evm.model.02.1891	BH013_ARATH	69.231	52	16	0	9	60	4	55	1.24e-17	77.8	86.54	BH013_ARATH Transcription factor bHLH13
cds.evm.model.10.848	NIK1_ARATH	61.702	47	17	1	15	60	16	62	7.75e-13	63.9	76.60	NIK1_ARATH Protein NSP-INTERACTING KINASE 1 {ECO:0000303|PubMed:15489295}
cds.evm.model.05.1913	MYC2_ARATH	85.714	35	4	1	1	34	1	35	4.90e-13	64.7	94.29	MYC2_ARATH Transcription factor MYC2
cds.evm.model.01.467	XLG2_ARATH	40.909	66	30	2	1	58	1	65	5.04e-06	44.7	51.52	XLG2_ARATH Extra-large guanine nucleotide-binding protein 2
cds.evm.model.04.238	CRK2_ARATH	43.636	55	30	1	7	60	13	67	2.03e-08	51.6	60.00	CRK2_ARATH Cysteine-rich receptor-like protein kinase 2
cds.evm.model.10.443.1.5bd9b13d	NAP1_SOLLC	85.185	54	8	0	7	60	56	109	2.77e-29	107	96.30	NAP1_SOLLC NAC domain-containing protein 1 {ECO:0000303|PubMed:29760199}
cds.evm.model.10.443	NAC29_ARATH	81.667	60	11	0	1	60	1	60	1.09e-30	110	88.33	NAC29_ARATH NAC transcription factor 29
cds.evm.model.04.1617	PUMP5_ARATH	70.690	58	11	2	1	57	1	53	5.49e-20	83.2	82.76	PUMP5_ARATH Mitochondrial uncoupling protein 5
cds.evm.model.06.1330	GL113_ARATH	63.333	60	22	0	1	60	1	60	4.97e-20	81.6	76.67	GL113_ARATH Germin-like protein subfamily 1 member 13
cds.evm.model.04.2082	C84A1_ARATH	78.333	60	13	0	1	60	53	112	3.05e-28	107	91.67	C84A1_ARATH Cytochrome P450 84A1
cds.evm.model.08.1974	TDC2_CAMAC	58.462	65	22	1	1	60	1	65	8.39e-19	80.9	73.85	TDC2_CAMAC Tryptophan decarboxylase TDC2 {ECO:0000305}
cds.evm.model.09.1113	CSPLC_RICCO	55.000	60	25	1	1	60	1	58	6.17e-11	57.8	63.33	CSPLC_RICCO CASP-like protein 1B1
cds.evm.model.02.2787	B561J_ARATH	55.000	40	18	0	21	60	21	60	1.63e-09	54.7	80.00	B561J_ARATH Cytochrome b561 and DOMON domain-containing protein At5g47530
cds.novel_model_958_5bd9a17a	NBS_NARPS	43.860	57	31	1	2	58	1	56	1.24e-08	50.8	63.16	NBS_NARPS Norbelladine synthase {ECO:0000303|PubMed:30526483}
cds.evm.model.01.613	NIP31_ORYSJ	64.151	53	17	2	10	60	19	71	1.50e-14	68.6	73.58	NIP31_ORYSJ Aquaporin NIP3-1
cds.evm.model.01.613.1.5bd9b134	NIP51_ARATH	93.220	59	4	0	2	60	79	137	6.73e-32	114	98.31	NIP51_ARATH Probable aquaporin NIP5-1
cds.evm.model.10.1339	LSH10_ARATH	95.455	44	2	0	17	60	63	106	3.52e-25	94.0	95.45	LSH10_ARATH Protein LIGHT-DEPENDENT SHORT HYPOCOTYLS 10
cds.evm.model.02.2723	GAUT4_ARATH	46.774	62	28	2	1	60	1	59	4.14e-09	53.5	62.90	GAUT4_ARATH Probable galacturonosyltransferase 4
cds.novel_model_6465_5bd9a17a	NCL2_ORYSJ	40.678	59	35	0	1	59	346	404	5.49e-09	53.1	64.41	NCL2_ORYSJ Sodium/calcium exchanger NCL2 {ECO:0000305}
cds.novel_model_3760_5bd9a17a.1.5bd9b138	PER35_ARATH	58.333	60	25	0	1	60	1	60	6.19e-19	80.5	78.33	PER35_ARATH Peroxidase 35
cds.novel_model_3759_5bd9a17a	PER35_ARATH	58.333	60	25	0	1	60	1	60	6.19e-19	80.5	78.33	PER35_ARATH Peroxidase 35
cds.novel_model_980_5bd9a17a	LTPG5_ARATH	48.276	58	27	3	5	60	2	58	5.15e-09	52.0	75.86	LTPG5_ARATH Non-specific lipid transfer protein GPI-anchored 5 {ECO:0000303|PubMed:23893219}
cds.novel_model_3925_5bd9a17a	AGAL_CYATE	91.525	59	5	0	1	59	240	298	1.00e-32	118	93.22	AGAL_CYATE Alpha-galactosidase
cds.evm.model.04.1162	HIP23_ARATH	69.231	65	15	1	1	60	1	65	1.71e-24	91.7	83.08	HIP23_ARATH Heavy metal-associated isoprenylated plant protein 23 {ECO:0000303|PubMed:21072340, ECO:0000303|PubMed:23368984}
cds.evm.model.04.1162.1.5bd9b138	HIP23_ARATH	69.231	65	15	1	1	60	1	65	1.71e-24	91.7	83.08	HIP23_ARATH Heavy metal-associated isoprenylated plant protein 23 {ECO:0000303|PubMed:21072340, ECO:0000303|PubMed:23368984}
cds.evm.model.09.474	GSTX6_SOYBN	74.138	58	15	0	3	60	6	63	1.51e-22	88.2	81.03	GSTX6_SOYBN Probable glutathione S-transferase
cds.evm.model.02.277	AL2C4_ARATH	63.793	58	21	0	3	60	89	146	5.62e-18	78.6	75.86	AL2C4_ARATH Aldehyde dehydrogenase family 2 member C4
cds.evm.model.04.530_evm.model.04.529	C71D8_SOYBN	63.889	36	10	1	27	59	28	63	7.78e-08	49.7	72.22	C71D8_SOYBN Cytochrome P450 71D8
cds.evm.model.09.1088	MBS2_ARATH	83.333	60	10	0	1	60	1	60	2.26e-29	102	88.33	MBS2_ARATH Protein METHYLENE BLUE SENSITIVITY 2 {ECO:0000303|PubMed:24151292}
cds.evm.model.01.597	MYB2_ORYSJ	54.545	44	19	1	17	60	1	43	7.37e-08	49.7	72.73	MYB2_ORYSJ Transcription factor MYB2 {ECO:0000305}
cds.evm.model.10.540	Y8948_DICDI	45.283	53	28	1	9	60	19	71	6.30e-06	44.3	58.49	Y8948_DICDI Putative methyltransferase DDB_G0268948
cds.evm.model.02.3216	HST_TOBAC	78.333	60	13	0	1	60	10	69	1.01e-27	105	90.00	HST_TOBAC Shikimate O-hydroxycinnamoyltransferase
cds.evm.model.06.296	FB119_ARATH	57.500	40	17	0	21	60	11	50	6.51e-08	50.1	70.00	FB119_ARATH F-box protein At2g27310
cds.evm.model.01.901.1.5bd9b135	IPT3_ARATH	54.688	64	24	2	2	60	7	70	9.64e-13	63.5	65.62	IPT3_ARATH Adenylate isopentenyltransferase 3, chloroplastic
cds.evm.model.01.901	IPT3_ARATH	54.688	64	24	2	2	60	7	70	9.64e-13	63.5	65.62	IPT3_ARATH Adenylate isopentenyltransferase 3, chloroplastic
cds.novel_model_233_5bd9a17a	XCP1_ARATH	57.377	61	23	2	1	59	1	60	7.65e-14	66.6	72.13	XCP1_ARATH Cysteine protease XCP1 {ECO:0000305}
cds.evm.model.04.2121	CDPKG_ARATH	79.310	58	12	0	2	59	84	141	1.29e-25	100	84.48	CDPKG_ARATH Calcium-dependent protein kinase 16
cds.evm.model.10.2236	MEL1_ORYSJ	64.912	57	20	0	3	59	377	433	8.11e-21	86.7	84.21	MEL1_ORYSJ Protein argonaute MEL1
cds.evm.model.08.196	XTH1_DIOKA	49.020	51	26	0	10	60	13	63	1.74e-11	59.7	72.55	XTH1_DIOKA Xyloglucan endotransglucosylase protein 1 {ECO:0000305}
cds.evm.model.02.783	PAL1_SOYBN	68.852	61	14	2	1	60	1	57	3.14e-18	79.3	73.77	PAL1_SOYBN Phenylalanine ammonia-lyase 1
cds.evm.model.08.1580	UGT2_GARJA	79.310	58	12	0	3	60	9	66	7.28e-29	108	91.38	UGT2_GARJA 7-deoxyloganetin glucosyltransferase
cds.evm.model.05.664	AROF_SOLLC	69.231	39	6	3	22	59	24	57	2.87e-06	45.4	71.79	AROF_SOLLC Phospho-2-dehydro-3-deoxyheptonate aldolase 1, chloroplastic
cds.evm.model.05.664.1.5bd9b139	AROG_ARATH	86.667	60	8	0	1	60	156	215	1.50e-31	116	95.00	AROG_ARATH Phospho-2-dehydro-3-deoxyheptonate aldolase 2, chloroplastic
cds.evm.model.02.595	PIP12_MUSAC	91.667	60	3	1	1	60	1	58	2.20e-34	119	96.67	PIP12_MUSAC Aquaporin PIP1-2 {ECO:0000303|PubMed:23745761, ECO:0000303|PubMed:26307965}
cds.evm.model.02.546	Y2048_ARATH	49.020	51	25	1	10	60	14	63	3.64e-06	45.1	62.75	Y2048_ARATH WEB family protein At2g40480
cds.evm.model.02.2125	PUB14_ARATH	51.786	56	27	0	1	56	1	56	3.31e-09	53.5	60.71	PUB14_ARATH U-box domain-containing protein 14
cds.novel_model_7350_5bd9a17a	WRK43_ARATH	67.925	53	17	0	7	59	6	58	3.24e-23	87.0	86.79	WRK43_ARATH Probable WRKY transcription factor 43
cds.evm.model.02.2253	AKT1_ARATH	70.000	50	12	2	13	60	7	55	8.32e-16	72.4	86.00	AKT1_ARATH Potassium channel AKT1
cds.evm.model.06.1930	RBOHJ_ARATH	56.364	55	24	0	4	58	109	163	5.64e-16	72.8	76.36	RBOHJ_ARATH Putative respiratory burst oxidase homolog protein J
cds.evm.model.07.1594	TYDC1_NARPS	67.308	52	17	0	9	60	4	55	4.26e-18	79.0	75.00	TYDC1_NARPS Tyrosine decarboxylase 1 {ECO:0000303|PubMed:29229969}
cds.evm.model.10.1666	6PGD1_SPIOL	90.000	60	3	1	1	60	1	57	1.62e-28	107	93.33	6PGD1_SPIOL 6-phosphogluconate dehydrogenase, decarboxylating 1
cds.evm.model.04.1817.1.5bd9b139	THLP1_ARATH	53.571	56	26	0	4	59	29	84	1.07e-12	62.8	62.50	THLP1_ARATH Thaumatin-like protein 1 {ECO:0000303|PubMed:15988566}
cds.evm.model.04.1817	THLP1_ARATH	49.057	53	25	1	10	60	15	67	1.73e-07	48.5	60.38	THLP1_ARATH Thaumatin-like protein 1 {ECO:0000303|PubMed:15988566}
cds.evm.model.10.1506	PER3_ARATH	47.458	59	27	1	6	60	3	61	5.19e-12	61.6	67.80	PER3_ARATH Peroxidase 3
cds.evm.model.02.3101	CSE_ARATH	79.245	53	8	1	8	60	21	70	4.27e-23	91.7	90.57	CSE_ARATH Caffeoylshikimate esterase
cds.evm.model.04.1906	PLP1_ORYSJ	66.667	42	14	0	19	60	28	69	6.15e-13	64.3	85.71	PLP1_ORYSJ Patatin-like protein 1
cds.evm.model.04.1800	PIP27_ARATH	69.355	62	14	1	4	60	2	63	3.23e-22	88.6	80.65	PIP27_ARATH Aquaporin PIP2-7 {ECO:0000303|PubMed:11806824}
cds.evm.model.08.735	PER16_ARATH	49.020	51	24	1	10	60	6	54	1.19e-08	52.0	70.59	PER16_ARATH Peroxidase 16
cds.evm.model.08.238	GDU3_ARATH	81.132	53	7	1	8	60	16	65	6.52e-23	87.4	83.02	GDU3_ARATH Protein GLUTAMINE DUMPER 3
cds.evm.model.06.607	AKR1_SOYBN	75.000	52	13	0	9	60	6	57	1.13e-20	85.5	84.62	AKR1_SOYBN Probable aldo-keto reductase 1
cds.evm.model.06.1779	METK2_SUASA	96.667	60	2	0	1	60	1	60	7.65e-36	126	100.00	METK2_SUASA S-adenosylmethionine synthase 2
cds.evm.model.01.1398.2.5bd9b135	WTR7_ARATH	70.732	41	12	0	20	60	5	45	1.28e-12	63.2	80.49	WTR7_ARATH WAT1-related protein At1g43650
cds.evm.model.01.1398	WTR7_ARATH	70.732	41	12	0	20	60	5	45	1.28e-12	63.2	80.49	WTR7_ARATH WAT1-related protein At1g43650
cds.evm.model.01.1398.1.5bd9b135.1.5bdae6e1	WTR7_ARATH	57.500	40	17	0	5	44	116	155	5.52e-08	50.1	77.50	WTR7_ARATH WAT1-related protein At1g43650
cds.evm.model.01.1398.1.5bd9b135	WTR7_ARATH	70.732	41	12	0	20	60	5	45	1.28e-12	63.2	80.49	WTR7_ARATH WAT1-related protein At1g43650
cds.evm.model.05.1249	P2A15_ARATH	63.043	46	17	0	14	59	10	55	1.28e-13	65.9	71.74	P2A15_ARATH F-box protein PP2-A15
cds.evm.model.05.1249.1.5bd9b13a	P2A12_ARATH	82.051	39	7	0	22	60	151	189	3.08e-19	80.9	94.87	P2A12_ARATH F-box protein PP2-A12
cds.evm.model.10.1597	OMT2_HUMLU	53.333	60	23	1	1	60	261	315	1.90e-18	79.3	78.33	OMT2_HUMLU Xanthohumol 4-O-methyltransferase {ECO:0000305}
cds.evm.model.06.1987	FLA11_ARATH	53.061	49	21	1	12	60	12	58	1.37e-06	46.2	65.31	FLA11_ARATH Fasciclin-like arabinogalactan protein 11
cds.evm.model.02.3283	MTHR1_MAIZE	86.441	59	8	0	1	59	38	96	1.69e-33	122	96.61	MTHR1_MAIZE Methylenetetrahydrofolate reductase (NADH) 1
cds.novel_model_1685_5bd9a17a.1.5bd9b136	HMGR1_CANSA	100.000	60	0	0	1	60	1	60	2.95e-35	127	100.00	HMGR1_CANSA 3-hydroxy-3-methylglutaryl coenzyme A reductase 1 {ECO:0000303|PubMed:28355238}
cds.novel_model_1686_5bd9a17a.2.5bd9b136	HMDH2_HEVBR	90.000	60	6	0	1	60	63	122	2.52e-34	118	98.33	HMDH2_HEVBR 3-hydroxy-3-methylglutaryl-coenzyme A reductase 2
cds.novel_model_1684_5bd9a17a	HMGR1_CANSA	100.000	60	0	0	1	60	1	60	2.95e-35	127	100.00	HMGR1_CANSA 3-hydroxy-3-methylglutaryl coenzyme A reductase 1 {ECO:0000303|PubMed:28355238}
cds.evm.model.01.1964	PRPX_HORVU	59.322	59	23	1	3	60	2	60	4.70e-15	68.9	71.19	PRPX_HORVU Pathogen-related protein
cds.evm.model.02.345.2.5bd9b134	GMPP1_ARATH	95.000	60	3	0	1	60	1	60	1.18e-32	117	96.67	GMPP1_ARATH Mannose-1-phosphate guanylyltransferase 1 {ECO:0000305|PubMed:10097187}
cds.evm.model.02.345.1.5bd9b134	GMPP1_ARATH	95.000	60	3	0	1	60	1	60	1.18e-32	117	96.67	GMPP1_ARATH Mannose-1-phosphate guanylyltransferase 1 {ECO:0000305|PubMed:10097187}
cds.evm.model.02.345	GMPP1_ARATH	95.000	60	3	0	1	60	1	60	1.18e-32	117	96.67	GMPP1_ARATH Mannose-1-phosphate guanylyltransferase 1 {ECO:0000305|PubMed:10097187}
cds.evm.model.03.546	GDL31_ARATH	71.154	52	14	1	9	60	5	55	1.40e-14	68.9	75.00	GDL31_ARATH GDSL esterase/lipase At1g74460
cds.evm.model.03.1052	GDL71_ARATH	48.438	64	19	3	1	58	1	56	4.79e-08	50.4	57.81	GDL71_ARATH GDSL esterase/lipase At5g03610
cds.evm.model.01.801	ASOL_TOBAC	54.545	55	25	0	6	60	1	55	2.33e-13	65.5	69.09	ASOL_TOBAC L-ascorbate oxidase homolog
cds.evm.model.01.2080	AZF3_ARATH	53.846	65	19	3	1	60	1	59	2.17e-12	61.2	63.08	AZF3_ARATH Zinc finger protein AZF3
cds.evm.model.07.1834	PER28_ARATH	42.373	59	32	2	1	59	1	57	9.09e-07	46.6	62.71	PER28_ARATH Peroxidase 28
cds.evm.model.02.2081.2.5bd9b136	GBF3_ARATH	66.000	50	15	1	13	60	6	55	3.22e-15	70.5	78.00	GBF3_ARATH G-box-binding factor 3
cds.evm.model.02.2081	GBF3_ARATH	66.000	50	15	1	13	60	6	55	3.22e-15	70.5	78.00	GBF3_ARATH G-box-binding factor 3
cds.evm.model.02.2081.4.5bd9b136	GBF3_ARATH	66.000	50	15	1	13	60	6	55	3.22e-15	70.5	78.00	GBF3_ARATH G-box-binding factor 3
cds.evm.model.02.2081.1.5bd9b136	GBF3_ARATH	66.000	50	15	1	13	60	6	55	3.22e-15	70.5	78.00	GBF3_ARATH G-box-binding factor 3
cds.evm.model.02.2081.3.5bd9b136	GBF3_ARATH	66.000	50	15	1	13	60	6	55	3.22e-15	70.5	78.00	GBF3_ARATH G-box-binding factor 3
cds.evm.model.02.969	TET2_ARATH	68.333	60	19	0	1	60	1	60	2.93e-16	72.8	85.00	TET2_ARATH Tetraspanin-2
cds.novel_model_3527_5bd9a17a	Y1743_ARATH	68.852	61	18	1	1	60	859	919	1.08e-25	100	83.61	Y1743_ARATH Probable LRR receptor-like serine/threonine-protein kinase At1g74360
cds.novel_model_5331_5bd9a17a	AHP3_ARATH	60.000	55	22	0	6	60	4	58	6.75e-19	77.4	85.45	AHP3_ARATH Histidine-containing phosphotransfer protein 3
cds.novel_model_5332_5bd9a17a.1.5bd9b13a	AHP3_ARATH	60.000	55	22	0	6	60	4	58	6.75e-19	77.4	85.45	AHP3_ARATH Histidine-containing phosphotransfer protein 3
cds.evm.model.05.2000.4.5bd9b13b	UBC5B_ORYSJ	96.667	60	2	0	1	60	1	60	9.57e-38	125	98.33	UBC5B_ORYSJ Ubiquitin-conjugating enzyme E2 5B
cds.evm.model.05.2000.1.5bd9b13b	UBC5A_ORYSJ	98.333	60	1	0	1	60	30	89	1.80e-38	126	98.33	UBC5A_ORYSJ Ubiquitin-conjugating enzyme E2 5A
cds.evm.model.05.2000.3.5bd9b13b	UBC5B_ORYSJ	96.667	60	2	0	1	60	1	60	9.57e-38	125	98.33	UBC5B_ORYSJ Ubiquitin-conjugating enzyme E2 5B
cds.evm.model.05.2000.6.5bd9b13b	UBC5B_ORYSJ	96.667	60	2	0	1	60	1	60	9.57e-38	125	98.33	UBC5B_ORYSJ Ubiquitin-conjugating enzyme E2 5B
cds.evm.model.05.2000.2.5bd9b13b	UBC5B_ORYSJ	93.548	62	2	1	1	60	1	62	7.86e-36	120	95.16	UBC5B_ORYSJ Ubiquitin-conjugating enzyme E2 5B
cds.evm.model.05.2000.5.5bd9b13b	UBC5B_ORYSJ	96.667	60	2	0	1	60	1	60	9.57e-38	125	98.33	UBC5B_ORYSJ Ubiquitin-conjugating enzyme E2 5B
cds.evm.model.07.394	PRU1_PRUAV	76.667	60	14	0	1	60	1	60	8.47e-28	100	83.33	PRU1_PRUAV Major allergen Pru av 1
cds.evm.model.02.709	PLP6_ARATH	80.000	60	12	0	1	60	118	177	3.74e-27	104	95.00	PLP6_ARATH Patatin-like protein 6
cds.evm.model.02.709.1.5bd9b134	PLP6_ARATH	80.000	60	12	0	1	60	118	177	3.74e-27	104	95.00	PLP6_ARATH Patatin-like protein 6
cds.evm.model.02.709.2.5bd9b134	PLP6_ARATH	80.000	60	12	0	1	60	118	177	3.74e-27	104	95.00	PLP6_ARATH Patatin-like protein 6
cds.evm.model.01.102	CADH_MAIZE	67.241	58	19	0	3	60	7	64	3.21e-24	95.1	82.76	CADH_MAIZE Probable cinnamyl alcohol dehydrogenase {ECO:0000303|PubMed:9675900, ECO:0000303|Ref.1}
cds.evm.model.05.1905	AHL21_ARATH	80.851	47	9	0	14	60	76	122	9.69e-21	84.7	91.49	AHL21_ARATH AT-hook motif nuclear-localized protein 21 {ECO:0000312|EMBL:FAA00292.1}
cds.evm.model.04.1259	Y232_RICCO	65.517	58	19	1	1	57	1	58	2.49e-15	71.2	74.14	Y232_RICCO Glycosyltransferase family 92 protein RCOM_0530710
cds.evm.model.04.544	MA658_ARATH	81.667	60	11	0	1	60	29	88	2.13e-27	105	90.00	MA658_ARATH 65-kDa microtubule-associated protein 8
cds.evm.model.01.1814	WOX4_ARATH	59.459	37	10	2	5	36	1	37	1.70e-06	45.8	72.97	WOX4_ARATH WUSCHEL-related homeobox 4
cds.novel_model_2860_5bd9a17a	PBS1_ARATH	51.613	62	28	1	1	60	1	62	1.54e-13	65.9	70.97	PBS1_ARATH Serine/threonine-protein kinase PBS1 {ECO:0000303|PubMed:11359614}
cds.novel_model_2863_5bd9a17a.3.5bd9b137	PBS1_ARATH	51.613	62	28	1	1	60	1	62	1.54e-13	65.9	70.97	PBS1_ARATH Serine/threonine-protein kinase PBS1 {ECO:0000303|PubMed:11359614}
cds.novel_model_2862_5bd9a17a.1.5bd9b137	PBS1_ARATH	51.613	62	28	1	1	60	1	62	1.54e-13	65.9	70.97	PBS1_ARATH Serine/threonine-protein kinase PBS1 {ECO:0000303|PubMed:11359614}
cds.novel_model_2861_5bd9a17a.2.5bd9b137	RK185_ORYSJ	91.667	60	5	0	1	60	127	186	5.77e-35	125	95.00	RK185_ORYSJ Receptor-like cytoplasmic kinase 185 {ECO:0000303|PubMed:19825577}
cds.evm.model.05.2138.4.5bd9b13b	ACT10_SOLTU	100.000	60	0	0	1	60	26	85	8.95e-40	131	100.00	ACT10_SOLTU Actin-85C
cds.evm.model.05.2138	ACT3_PEA	95.000	60	3	0	1	60	1	60	1.57e-34	122	98.33	ACT3_PEA Actin-3
cds.evm.model.05.2138.1.5bd9b13b	ACT3_PEA	95.000	60	3	0	1	60	1	60	1.57e-34	122	98.33	ACT3_PEA Actin-3
cds.evm.model.05.2138.2.5bd9b13b	ACT3_PEA	95.000	60	3	0	1	60	1	60	1.57e-34	122	98.33	ACT3_PEA Actin-3
cds.evm.model.05.2138.3.5bd9b13b	ACT10_SOLTU	100.000	60	0	0	1	60	26	85	8.95e-40	131	100.00	ACT10_SOLTU Actin-85C
cds.novel_model_2199_5bd9a17a	WTR5_ARATH	72.500	40	11	0	21	60	6	45	1.15e-14	68.9	92.50	WTR5_ARATH WAT1-related protein At1g21890
cds.evm.model.06.899	NRT21_ARATH	80.000	60	8	1	1	60	1	56	9.83e-24	94.7	83.33	NRT21_ARATH High-affinity nitrate transporter 2.1
cds.evm.model.02.2080	GDL61_ARATH	60.976	41	16	0	20	60	13	53	5.96e-11	58.5	73.17	GDL61_ARATH GDSL esterase/lipase At4g01130
cds.evm.model.08.1182	LAMT_CATRO	62.264	53	20	0	6	58	133	185	9.09e-20	83.2	86.79	LAMT_CATRO Loganic acid O-methyltransferase {ECO:0000303|PubMed:24104568, ECO:0000303|PubMed:29399933}
cds.evm.model.10.1540	CARP1_ARATH	76.596	47	11	0	14	60	19	65	1.82e-18	75.5	80.85	CARP1_ARATH Calcium-binding protein KRP1 {ECO:0000305}
cds.evm.model.10.1316	TBL39_ARATH	66.667	51	16	1	11	60	37	87	7.59e-19	80.5	82.35	TBL39_ARATH Protein trichome birefringence-like 39
cds.evm.model.03.790	PAL1_SOYBN	81.034	58	9	1	3	60	11	66	1.21e-24	97.4	87.93	PAL1_SOYBN Phenylalanine ammonia-lyase 1
cds.evm.model.04.698	NEP1_NEPGR	53.333	45	20	1	16	60	10	53	2.59e-07	48.5	73.33	NEP1_NEPGR Aspartic proteinase nepenthesin-1
cds.evm.model.04.1438	MLO10_ARATH	54.348	46	20	1	16	60	18	63	7.44e-07	47.0	67.39	MLO10_ARATH MLO-like protein 10
cds.evm.model.05.1618	ERLL2_ARATH	60.377	53	20	1	9	60	98	150	1.44e-14	66.6	79.25	ERLL2_ARATH pEARLI1-like lipid transfer protein 2
cds.evm.model.02.1329.1.5bd9b135	FLZ13_ARATH	53.333	60	25	1	4	60	3	62	3.76e-09	53.1	61.67	FLZ13_ARATH FCS-Like Zinc finger 13 {ECO:0000303|PubMed:24901469}
cds.evm.model.02.1329.2.5bd9b135	FLZ13_ARATH	53.333	60	25	1	4	60	3	62	3.76e-09	53.1	61.67	FLZ13_ARATH FCS-Like Zinc finger 13 {ECO:0000303|PubMed:24901469}
cds.evm.model.02.1329	FLZ13_ARATH	53.333	60	25	1	4	60	3	62	3.76e-09	53.1	61.67	FLZ13_ARATH FCS-Like Zinc finger 13 {ECO:0000303|PubMed:24901469}
cds.evm.model.09.1612	F7ODM_OCIBA	61.667	60	23	0	1	60	123	182	9.60e-22	88.6	81.67	F7ODM_OCIBA Oxoglutarate-dependent flavonoid 7-O-demethylase 1 {ECO:0000303|PubMed:25378691}
cds.evm.model.01.506	CXE7_ARATH	50.000	48	24	0	13	60	11	58	2.54e-08	51.2	66.67	CXE7_ARATH Probable carboxylesterase 7
cds.novel_model_2713_5bd9a17a	MADS3_ORYSJ	76.667	60	14	0	1	60	1	60	3.69e-29	105	95.00	MADS3_ORYSJ MADS-box transcription factor 3
cds.evm.model.07.1680	VIT2_ORYSJ	77.083	48	11	0	13	60	8	55	1.86e-18	78.2	87.50	VIT2_ORYSJ Vacuolar iron transporter 2 {ECO:0000305}
cds.evm.model.02.2833.3.5bd9b136	FQRL1_ARATH	80.000	60	12	0	1	60	52	111	1.15e-29	106	88.33	FQRL1_ARATH Probable NAD(P)H dehydrogenase (quinone) FQR1-like 1 {ECO:0000305}
cds.evm.model.02.2833.1.5bd9b136	FQR1_ARATH	84.746	59	9	0	1	59	1	59	2.00e-28	102	89.83	FQR1_ARATH NAD(P)H dehydrogenase (quinone) FQR1 {ECO:0000305}
cds.evm.model.02.2833.3.5bd9b136.1.5bdae6e3	FQRL1_ARATH	80.000	60	12	0	1	60	52	111	1.15e-29	106	88.33	FQRL1_ARATH Probable NAD(P)H dehydrogenase (quinone) FQR1-like 1 {ECO:0000305}
cds.evm.model.02.2833	FQRL1_ARATH	76.667	60	14	0	1	60	12	71	1.45e-25	95.5	85.00	FQRL1_ARATH Probable NAD(P)H dehydrogenase (quinone) FQR1-like 1 {ECO:0000305}
cds.evm.model.02.2833.2.5bd9b136	FQRL1_ARATH	76.667	60	14	0	1	60	12	71	1.45e-25	95.5	85.00	FQRL1_ARATH Probable NAD(P)H dehydrogenase (quinone) FQR1-like 1 {ECO:0000305}
cds.evm.model.04.1490	ATHB6_ARATH	54.688	64	25	2	1	60	2	65	2.12e-09	54.3	64.06	ATHB6_ARATH Homeobox-leucine zipper protein ATHB-6
cds.evm.model.09.1052	TRH21_ORYSJ	40.678	59	35	0	1	59	1	59	6.89e-10	53.9	57.63	TRH21_ORYSJ Thioredoxin H2-1
cds.evm.model.02.3044	PTR6_ARATH	73.333	60	16	0	1	60	49	108	1.08e-24	97.8	88.33	PTR6_ARATH Protein NRT1/ PTR FAMILY 1.2
cds.evm.model.10.180	CASP4_LOTJA	64.444	45	14	1	7	51	4	46	1.19e-09	53.9	75.56	CASP4_LOTJA Casparian strip membrane protein 4
cds.evm.model.02.2396	GAOXL_ARATH	52.941	51	23	1	7	57	2	51	5.23e-12	61.6	74.51	GAOXL_ARATH Gibberellin 20-oxidase-like protein {ECO:0000312|EMBL:BAB10331.1}
cds.evm.model.01.1191	INV2_DAUCA	64.000	50	18	0	6	55	78	127	2.78e-17	76.6	84.00	INV2_DAUCA Beta-fructofuranosidase, insoluble isoenzyme 2
cds.evm.model.10.264	PUB22_ARATH	72.881	59	15	1	2	60	3	60	9.31e-24	94.4	86.44	PUB22_ARATH E3 ubiquitin-protein ligase PUB22 {ECO:0000303|PubMed:11495788}
cds.evm.model.06.2072.1.5bd9b13b	RIP1_MEDTR	61.224	49	19	0	12	60	64	112	3.62e-14	67.4	77.55	RIP1_MEDTR Peroxidase RIP1 {ECO:0000303|PubMed:7696879}
cds.evm.model.06.2072.2.5bd9b13b	PER4_VITVI	75.000	60	15	0	1	60	187	246	1.52e-25	98.2	85.00	PER4_VITVI Peroxidase 4 {ECO:0000250|UniProtKB:Q42578}
cds.evm.model.06.2072	PER4_VITVI	52.632	57	23	1	4	60	3	55	2.98e-09	53.9	64.91	PER4_VITVI Peroxidase 4 {ECO:0000250|UniProtKB:Q42578}
cds.evm.model.06.2072.1.5bdae6e2	PER4_VITVI	52.632	57	23	1	4	60	3	55	2.98e-09	53.9	64.91	PER4_VITVI Peroxidase 4 {ECO:0000250|UniProtKB:Q42578}
cds.evm.model.04.2019	AEL1_ARATH	63.333	60	15	3	1	60	1	53	1.35e-15	68.9	73.33	AEL1_ARATH Protein AE7-like 1 {ECO:0000303|PubMed:23104832}
cds.evm.model.01.2791	SPZX_ARATH	60.000	60	24	0	1	60	1	60	1.53e-17	77.0	85.00	SPZX_ARATH Serpin-ZX
cds.novel_model_617_5bd9a17a.4.5bd9b134	UXS6_ARATH	84.211	57	8	1	5	60	2	58	1.06e-17	77.4	94.74	UXS6_ARATH UDP-glucuronic acid decarboxylase 6
cds.novel_model_614_5bd9a17a	UXS6_ARATH	84.211	57	8	1	5	60	2	58	1.06e-17	77.4	94.74	UXS6_ARATH UDP-glucuronic acid decarboxylase 6
cds.novel_model_616_5bd9a17a.5.5bd9b134	UXS6_ARATH	84.211	57	8	1	5	60	2	58	1.06e-17	77.4	94.74	UXS6_ARATH UDP-glucuronic acid decarboxylase 6
cds.novel_model_620_5bd9a17a.6.5bd9b134	UXS6_ARATH	84.211	57	8	1	5	60	2	58	1.06e-17	77.4	94.74	UXS6_ARATH UDP-glucuronic acid decarboxylase 6
cds.novel_model_619_5bd9a17a.2.5bd9b134	UXS6_ARATH	84.211	57	8	1	5	60	2	58	1.06e-17	77.4	94.74	UXS6_ARATH UDP-glucuronic acid decarboxylase 6
cds.novel_model_615_5bd9a17a.1.5bd9b134	UXS6_ARATH	84.211	57	8	1	5	60	2	58	1.06e-17	77.4	94.74	UXS6_ARATH UDP-glucuronic acid decarboxylase 6
cds.novel_model_618_5bd9a17a.3.5bd9b134	UXS6_ARATH	84.211	57	8	1	5	60	2	58	1.06e-17	77.4	94.74	UXS6_ARATH UDP-glucuronic acid decarboxylase 6
cds.evm.model.10.806	MLP43_ARATH	66.038	53	18	0	8	60	6	58	1.37e-18	76.6	79.25	MLP43_ARATH MLP-like protein 43
cds.evm.model.03.1706	HIPL1_ARATH	51.282	39	19	0	22	60	21	59	2.59e-07	48.5	66.67	HIPL1_ARATH HIPL1 protein
cds.evm.model.06.1746	TIP12_MUSAC	75.000	60	15	0	1	60	3	62	3.55e-24	93.2	88.33	TIP12_MUSAC Aquaporin TIP1-2 {ECO:0000303|PubMed:26307965, ECO:0000303|PubMed:29778840}
cds.evm.model.08.1310	VICHY_VICSN	45.000	60	27	1	7	60	5	64	2.12e-08	51.6	61.67	VICHY_VICSN Vicianin hydrolase {ECO:0000312|EMBL:ABD03937.1}
cds.evm.model.08.1649	PUMP5_ARATH	64.407	59	14	2	1	59	1	52	1.27e-15	71.2	67.80	PUMP5_ARATH Mitochondrial uncoupling protein 5
cds.evm.model.01.719	GRXS1_ARATH	66.667	54	18	0	7	60	4	57	3.49e-19	76.6	79.63	GRXS1_ARATH Monothiol glutaredoxin-S1
cds.evm.model.06.1806	GL11_ORYSJ	79.487	39	8	0	21	59	25	63	2.83e-15	69.3	89.74	GL11_ORYSJ Germin-like protein 1-1
cds.novel_model_6479_5bd9a17a	THN1A_URTFR	78.333	60	13	0	1	60	1	60	4.36e-29	102	91.67	THN1A_URTFR DELTA-urthionin-Uf1a {ECO:0000303|PubMed:35780839}
cds.evm.model.05.51.2.5bd9b139	COMT1_EUCGU	93.333	60	4	0	1	60	1	60	5.87e-31	113	98.33	COMT1_EUCGU Caffeic acid 3-O-methyltransferase
cds.evm.model.05.51	COMT1_EUCGU	93.333	60	4	0	1	60	1	60	5.87e-31	113	98.33	COMT1_EUCGU Caffeic acid 3-O-methyltransferase
cds.evm.model.05.51.1.5bd9b139	COMT1_EUCGU	93.333	60	4	0	1	60	1	60	5.87e-31	113	98.33	COMT1_EUCGU Caffeic acid 3-O-methyltransferase
cds.evm.model.05.51.2.5bd9b139.1.5bdae6d7	COMT1_EUCGU	93.333	60	4	0	1	60	1	60	5.87e-31	113	98.33	COMT1_EUCGU Caffeic acid 3-O-methyltransferase
cds.evm.model.07.1736	ADRC3_ARATH	65.574	61	20	1	1	60	1	61	4.90e-18	77.4	78.69	ADRC3_ARATH NADPH-dependent aldehyde reductase-like protein, chloroplastic {ECO:0000250|UniProtKB:Q9SQR2}
cds.evm.model.07.1104	LTG16_ARATH	60.606	33	13	0	28	60	22	54	1.95e-07	48.1	81.82	LTG16_ARATH Non-specific lipid transfer protein GPI-anchored 16 {ECO:0000303|PubMed:23893219}
cds.evm.model.07.1104.1.5bd9b13c	LTG16_ARATH	60.606	33	13	0	28	60	22	54	1.95e-07	48.1	81.82	LTG16_ARATH Non-specific lipid transfer protein GPI-anchored 16 {ECO:0000303|PubMed:23893219}
cds.evm.model.08.723	CCT15_ARATH	65.306	49	17	0	12	60	31	79	1.77e-16	74.3	85.71	CCT15_ARATH Cyclin-T1-5
cds.evm.model.10.1566	DGK6_ARATH	53.846	52	23	1	8	58	15	66	2.75e-11	59.7	78.85	DGK6_ARATH Diacylglycerol kinase 6
cds.evm.model.10.2239	SILD_FORIN	75.510	49	12	0	12	60	146	194	2.85e-17	75.5	87.76	SILD_FORIN Secoisolariciresinol dehydrogenase
cds.evm.model.10.857	PER11_ARATH	47.917	48	25	0	12	59	7	54	1.70e-06	45.8	60.42	PER11_ARATH Peroxidase 11
cds.novel_model_6413_5bd9a17a	DCE_PETHY	93.333	60	4	0	1	60	1	60	6.60e-33	120	96.67	DCE_PETHY Glutamate decarboxylase
cds.novel_model_6415_5bd9a17a.2.5bd9b13c	DCE_PETHY	93.333	60	4	0	1	60	190	249	3.88e-32	117	98.33	DCE_PETHY Glutamate decarboxylase
cds.novel_model_6416_5bd9a17a.3.5bd9b13c	DCE_PETHY	93.333	60	4	0	1	60	1	60	6.60e-33	120	96.67	DCE_PETHY Glutamate decarboxylase
cds.novel_model_6414_5bd9a17a.1.5bd9b13c	DCE_PETHY	93.333	60	4	0	1	60	1	60	6.60e-33	120	96.67	DCE_PETHY Glutamate decarboxylase
cds.evm.model.10.1026.1.5bd9b13d	ACCT2_ARATH	80.000	60	12	0	1	60	152	211	2.38e-31	114	90.00	ACCT2_ARATH Acetyl-CoA acetyltransferase 2 {ECO:0000305}
cds.evm.model.10.1026	ACCT2_ARATH	83.929	56	9	0	5	60	2	57	8.17e-24	94.4	91.07	ACCT2_ARATH Acetyl-CoA acetyltransferase 2 {ECO:0000305}
cds.evm.model.ctgX3.15.1.5bd9b13d	BH068_ARATH	52.381	63	17	4	1	52	1	61	1.45e-08	52.0	65.08	BH068_ARATH Transcription factor bHLH68
cds.evm.model.ctgX3.15	BH068_ARATH	52.381	63	17	4	1	52	1	61	1.45e-08	52.0	65.08	BH068_ARATH Transcription factor bHLH68
cds.evm.model.01.951.1.5bd9b135	SKI30_ARATH	85.000	60	9	0	1	60	153	212	2.47e-31	114	91.67	SKI30_ARATH F-box/kelch-repeat protein SKIP30
cds.evm.model.01.951	SKI30_ARATH	68.333	60	19	0	1	60	8	67	2.58e-21	87.0	83.33	SKI30_ARATH F-box/kelch-repeat protein SKIP30
cds.evm.model.01.635	AB21B_ARATH	69.767	43	10	1	21	60	57	99	5.08e-14	67.4	83.72	AB21B_ARATH ABC transporter B family member 21
cds.novel_model_1231_5bd9a17a.1.5bd9b135	IF415_TOBAC	86.667	60	8	0	1	60	1	60	1.03e-30	113	95.00	IF415_TOBAC Eukaryotic initiation factor 4A-15
cds.novel_model_1229_5bd9a17a	IF415_TOBAC	86.667	60	8	0	1	60	1	60	1.03e-30	113	95.00	IF415_TOBAC Eukaryotic initiation factor 4A-15
cds.novel_model_1233_5bd9a17a.3.5bd9b135	IF4A_MAIZE	97.826	46	1	0	15	60	201	246	4.63e-24	95.1	100.00	IF4A_MAIZE Eukaryotic initiation factor 4A
cds.novel_model_1232_5bd9a17a.4.5bd9b135	IF415_TOBAC	86.667	60	8	0	1	60	1	60	1.03e-30	113	95.00	IF415_TOBAC Eukaryotic initiation factor 4A-15
cds.novel_model_1230_5bd9a17a.2.5bd9b135	IF415_TOBAC	86.667	60	8	0	1	60	1	60	1.03e-30	113	95.00	IF415_TOBAC Eukaryotic initiation factor 4A-15
cds.evm.model.10.2049	ENOXC_FRAAN	71.667	60	17	0	1	60	1	60	2.13e-22	89.7	90.00	ENOXC_FRAAN 2-methylene-furan-3-one reductase
cds.evm.model.10.2049.1.5bd9b13e	ENOXC_FRAAN	71.667	60	17	0	1	60	1	60	2.13e-22	89.7	90.00	ENOXC_FRAAN 2-methylene-furan-3-one reductase
cds.evm.model.01.740	GSTF1_TOBAC	68.966	58	18	0	3	60	2	59	1.28e-24	93.6	82.76	GSTF1_TOBAC Glutathione S-transferase PARB {ECO:0000303|PubMed:1729717}
cds.evm.model.01.740.1.5bd9b134	GSTF_SILVU	72.881	59	16	0	2	60	103	161	3.31e-25	95.1	84.75	GSTF_SILVU Glutathione S-transferase
cds.novel_model_6579_5bd9a17a	G1L6_ORYSJ	96.000	25	1	0	36	60	78	102	2.32e-11	59.3	100.00	G1L6_ORYSJ Protein G1-like6 {ECO:0000303|PubMed:19901325}
cds.evm.model.08.1098	Y1648_ARATH	66.102	59	20	0	1	59	1	59	5.33e-22	87.0	84.75	Y1648_ARATH Uncharacterized protein At1g66480
cds.evm.model.04.1133	CADH1_ARACO	79.661	59	12	0	1	59	1	59	1.28e-29	109	89.83	CADH1_ARACO Probable cinnamyl alcohol dehydrogenase 1
cds.evm.model.04.1133.2.5bd9b138	CADH1_EUCGU	76.667	60	14	0	1	60	60	119	1.59e-27	103	86.67	CADH1_EUCGU Probable cinnamyl alcohol dehydrogenase 1
cds.evm.model.04.1133.1.5bd9b138	CADH1_EUCGU	76.667	60	14	0	1	60	60	119	1.59e-27	103	86.67	CADH1_EUCGU Probable cinnamyl alcohol dehydrogenase 1
cds.evm.model.02.2019	DIV_ANTMA	52.273	44	21	0	17	60	23	66	1.23e-09	54.7	72.73	DIV_ANTMA Transcription factor DIVARICATA
cds.evm.model.01.1731.1.5bd9b136	WOX8_ORYSJ	65.909	44	14	1	18	60	26	69	4.80e-14	66.6	86.36	WOX8_ORYSJ WUSCHEL-related homeobox 8
cds.evm.model.01.1731	WOX8_ORYSJ	65.909	44	14	1	18	60	26	69	4.80e-14	66.6	86.36	WOX8_ORYSJ WUSCHEL-related homeobox 8
cds.evm.model.08.299	Y4052_ARATH	51.923	52	24	1	9	60	16	66	1.74e-09	54.7	67.31	Y4052_ARATH Probable LRR receptor-like serine/threonine-protein kinase At4g30520
cds.evm.model.03.789	PAL1_PRUAV	71.186	59	17	0	2	60	11	69	8.36e-24	95.1	83.05	PAL1_PRUAV Phenylalanine ammonia-lyase 1
cds.evm.model.05.1934	TET3_ARATH	54.098	61	27	1	1	60	1	61	1.61e-16	73.6	81.97	TET3_ARATH Tetraspanin-3
cds.evm.model.08.305	GGP5_ARATH	62.000	50	19	0	11	60	2	51	1.22e-17	75.9	80.00	GGP5_ARATH Gamma-glutamyl peptidase 5 {ECO:0000305}
cds.evm.model.07.367	CTL2_ARATH	86.667	60	8	0	1	60	158	217	2.14e-32	116	93.33	CTL2_ARATH Chitinase-like protein 2
cds.evm.model.06.956	PR06_SOLLC	57.407	54	23	0	7	60	5	58	1.34e-15	68.9	77.78	PR06_SOLLC Pathogenesis-related leaf protein 6
cds.evm.model.02.930.5.5bd9b134	TBL33_ARATH	67.647	34	10	1	16	49	16	48	5.45e-09	53.1	82.35	TBL33_ARATH Protein trichome birefringence-like 33 {ECO:0000303|PubMed:20388664}
cds.evm.model.02.930.6.5bd9b134	TBL33_ARATH	67.647	34	10	1	16	49	16	48	5.45e-09	53.1	82.35	TBL33_ARATH Protein trichome birefringence-like 33 {ECO:0000303|PubMed:20388664}
cds.evm.model.02.930.3.5bd9b134	XOATA_ORYSJ	86.667	60	8	0	1	60	158	217	1.05e-30	113	90.00	XOATA_ORYSJ Probable xylan O-acetyltransferase 10 {ECO:0000303|PubMed:29569182}
cds.evm.model.02.930.2.5bd9b134	XOATA_ORYSJ	86.667	60	8	0	1	60	158	217	1.05e-30	113	90.00	XOATA_ORYSJ Probable xylan O-acetyltransferase 10 {ECO:0000303|PubMed:29569182}
cds.evm.model.02.930	TBL33_ARATH	67.647	34	10	1	16	49	16	48	5.45e-09	53.1	82.35	TBL33_ARATH Protein trichome birefringence-like 33 {ECO:0000303|PubMed:20388664}
cds.evm.model.02.930.4.5bd9b134	TBL33_ARATH	67.647	34	10	1	16	49	16	48	5.45e-09	53.1	82.35	TBL33_ARATH Protein trichome birefringence-like 33 {ECO:0000303|PubMed:20388664}
cds.evm.model.02.930.1.5bd9b134	XOATA_ORYSJ	86.667	60	8	0	1	60	158	217	1.05e-30	113	90.00	XOATA_ORYSJ Probable xylan O-acetyltransferase 10 {ECO:0000303|PubMed:29569182}
cds.evm.model.03.337	CSPLY_ARATH	64.444	45	13	3	17	60	3	45	1.98e-07	48.5	77.78	CSPLY_ARATH CASP-like protein 4A2
cds.novel_model_1130_5bd9a17a	PERE5_ARMRU	61.017	59	23	0	2	60	9	67	1.45e-20	84.7	79.66	PERE5_ARMRU Peroxidase E5
cds.novel_model_1131_5bd9a17a.1.5bd9b135	PERE5_ARMRU	61.017	59	23	0	2	60	9	67	1.45e-20	84.7	79.66	PERE5_ARMRU Peroxidase E5
cds.novel_model_2841_5bd9a17a	Y1736_ARATH	66.102	59	18	1	4	60	3	61	2.70e-18	77.4	72.88	Y1736_ARATH REF/SRPP-like protein At1g67360
cds.novel_model_2842_5bd9a17a.2.5bd9b137	Y1736_ARATH	49.123	57	29	0	4	60	145	201	1.53e-14	67.8	70.18	Y1736_ARATH REF/SRPP-like protein At1g67360
cds.novel_model_2843_5bd9a17a.1.5bd9b137	Y1736_ARATH	49.123	57	29	0	4	60	145	201	1.53e-14	67.8	70.18	Y1736_ARATH REF/SRPP-like protein At1g67360
cds.evm.model.08.524	COBL4_ARATH	71.667	60	17	0	1	60	79	138	1.26e-26	102	86.67	COBL4_ARATH COBRA-like protein 4
cds.evm.model.02.1177	NQR_SOLTU	66.667	54	16	1	7	60	4	55	1.22e-18	77.4	85.19	NQR_SOLTU NAD(P)H:quinone oxidoreductase
cds.evm.model.01.2121.1.5bd9b136	PBL8_ARATH	77.778	54	12	0	7	60	168	221	1.90e-23	93.6	88.89	PBL8_ARATH Probable serine/threonine-protein kinase PBL8 {ECO:0000305}
cds.novel_model_6505_5bd9a17a	TYDC1_NARPS	65.000	60	17	1	1	60	1	56	4.03e-19	81.6	71.67	TYDC1_NARPS Tyrosine decarboxylase 1 {ECO:0000303|PubMed:29229969}
cds.evm.model.06.47	TGA9_ARATH	90.385	52	5	0	9	60	169	220	8.34e-22	89.4	96.15	TGA9_ARATH Transcription factor TGA9 {ECO:0000303|PubMed:20805327}
cds.evm.model.03.448	BH162_ARATH	53.333	60	28	0	1	60	1	60	5.21e-12	60.1	65.00	BH162_ARATH Transcription factor bHLH162
cds.evm.model.10.814	MLP31_ARATH	52.542	59	28	0	2	60	17	75	3.23e-16	70.9	67.80	MLP31_ARATH MLP-like protein 31
cds.evm.model.04.11	MSR2_ARATH	64.151	53	17	2	1	52	1	52	1.03e-13	66.6	75.47	MSR2_ARATH Protein MANNAN SYNTHESIS-RELATED 2 {ECO:0000303|PubMed:22966747}
cds.evm.model.09.1211	HMA7_ARATH	44.615	65	31	1	1	60	1	65	6.55e-09	52.8	63.08	HMA7_ARATH Copper-transporting ATPase RAN1
cds.evm.model.01.626.2.5bd9b134	PTI1_SOLLC	50.000	60	29	1	1	60	1	59	2.35e-14	68.2	70.00	PTI1_SOLLC Pto-interacting protein 1
cds.evm.model.01.626	PTI1_SOLLC	50.000	60	29	1	1	60	1	59	2.35e-14	68.2	70.00	PTI1_SOLLC Pto-interacting protein 1
cds.evm.model.01.626.1.5bd9b134	PTI1_SOLLC	50.000	60	29	1	1	60	1	59	2.35e-14	68.2	70.00	PTI1_SOLLC Pto-interacting protein 1
cds.evm.model.01.626.3.5bd9b134	PTI1_SOLLC	50.000	60	29	1	1	60	1	59	2.35e-14	68.2	70.00	PTI1_SOLLC Pto-interacting protein 1
cds.evm.model.03.1602.1.5bd9b138	C93B2_GERHY	59.649	57	23	0	4	60	304	360	3.58e-19	82.0	85.96	C93B2_GERHY Cytochrome P450 93B2 {ECO:0000303|PubMed:10652133}
cds.evm.model.09.899	ORP3A_ARATH	75.000	60	15	0	1	60	1	60	1.11e-23	94.4	83.33	ORP3A_ARATH Oxysterol-binding protein-related protein 3A
cds.evm.model.02.2530	BBX22_ARATH	72.222	54	13	1	6	57	65	118	1.92e-20	84.3	79.63	BBX22_ARATH B-box zinc finger protein 22 {ECO:0000303|PubMed:19920209}
cds.evm.model.10.501	PER54_ARATH	53.571	56	25	1	5	60	5	59	1.13e-09	55.1	69.64	PER54_ARATH Peroxidase 54
cds.novel_model_6550_5bd9a17a	TAX1_ARATH	84.906	53	8	0	8	60	3	55	7.68e-15	64.7	90.57	TAX1_ARATH Signaling peptide TAXIMIN 1 {ECO:0000303|PubMed:26071531}
cds.evm.model.01.655	EXP17_ARATH	61.017	59	23	0	1	59	1	59	5.23e-18	77.0	72.88	EXP17_ARATH Putative expansin-A17
cds.novel_model_7444_5bd9a17a	AATP9_ARATH	85.455	55	8	0	6	60	335	389	1.04e-27	105	96.36	AATP9_ARATH AAA-ATPase At3g28580
cds.evm.model.09.173	LOR10_ARATH	64.286	42	15	0	19	60	1	42	5.08e-15	68.2	92.86	LOR10_ARATH Protein LURP-one-related 10
cds.evm.model.06.793	GL117_ARATH	63.636	55	18	1	8	60	5	59	2.21e-18	77.4	81.82	GL117_ARATH Germin-like protein subfamily 1 member 17
cds.evm.model.06.896	NRT21_ARATH	78.182	55	12	0	6	60	3	57	3.57e-23	93.2	87.27	NRT21_ARATH High-affinity nitrate transporter 2.1
cds.evm.model.10.1724	5MAT1_SALSN	36.538	52	29	1	9	60	7	54	1.63e-07	48.9	59.62	5MAT1_SALSN Malonyl-coenzyme:anthocyanin 5-O-glucoside-6'''-O-malonyltransferase {ECO:0000303|PubMed:11598135}
cds.evm.model.05.1213	CBDAS_CANSA	62.712	59	22	0	2	60	70	128	3.05e-19	82.0	76.27	CBDAS_CANSA Cannabidiolic acid synthase {ECO:0000303|PubMed:8663284}
cds.novel_model_4986_5bd9a17a.1.5bd9b13a	HPCA1_ARATH	56.667	60	25	1	1	60	805	863	7.79e-17	75.5	80.00	HPCA1_ARATH Leucine-rich repeat receptor protein kinase HPCA1 {ECO:0000305}
cds.evm.model.04.1919	ASOL_TOBAC	72.222	36	10	0	25	60	19	54	5.08e-13	64.7	83.33	ASOL_TOBAC L-ascorbate oxidase homolog
cds.evm.model.09.232	BAG4_ARATH	44.928	69	24	2	1	60	13	76	4.36e-10	55.8	59.42	BAG4_ARATH BAG family molecular chaperone regulator 4
cds.evm.model.08.90	NUD10_ARATH	80.952	42	8	0	19	60	57	98	1.35e-18	79.0	85.71	NUD10_ARATH Nudix hydrolase 10
cds.novel_model_1493_5bd9a17a	BCP_PEA	59.184	49	20	0	8	56	12	60	2.18e-12	61.2	73.47	BCP_PEA Blue copper protein
cds.novel_model_6153_5bd9a17a	PDR1_TOBAC	71.429	56	16	0	5	60	812	867	7.66e-23	92.4	85.71	PDR1_TOBAC Pleiotropic drug resistance protein 1
cds.evm.model.04.2266	CYB5_TOBAC	75.000	60	15	0	1	60	1	60	3.60e-28	100	86.67	CYB5_TOBAC Cytochrome b5
cds.evm.model.02.624	WTR14_ARATH	62.712	59	22	0	2	60	3	61	2.88e-19	81.6	76.27	WTR14_ARATH WAT1-related protein At2g39510
cds.evm.model.10.496	LRKS5_ARATH	51.020	49	24	0	12	60	8	56	5.04e-09	53.1	69.39	LRKS5_ARATH Probable L-type lectin-domain containing receptor kinase S.5
cds.evm.model.06.2104	LERK1_ORYSI	50.000	42	21	0	16	57	15	56	3.16e-07	48.1	66.67	LERK1_ORYSI G-type lectin S-receptor-like serine/threonine-protein kinase LECRK1 {ECO:0000305}
cds.evm.model.04.2375	CESA1_ARATH	62.222	45	14	1	8	49	39	83	3.33e-16	73.6	77.78	CESA1_ARATH Cellulose synthase A catalytic subunit 1 [UDP-forming] {ECO:0000303|PubMed:11178255}
cds.evm.model.06.1812	T1843_DICDI	54.000	50	23	0	11	60	3	52	1.14e-08	52.0	74.00	T1843_DICDI Transmembrane protein 184 homolog DDB_G0279555
cds.evm.model.02.1598	AB8B_ARATH	68.571	35	11	0	26	60	11	45	1.15e-10	57.8	85.71	AB8B_ARATH Putative ABC transporter B family member 8
cds.novel_model_4572_5bd9a17a	ZOX_PHAVU	40.816	49	29	0	11	59	4	52	1.41e-06	46.2	61.22	ZOX_PHAVU Zeatin O-xylosyltransferase {ECO:0000303|PubMed:10364407}
cds.evm.model.05.291	C71D9_SOYBN	42.308	52	29	1	1	51	1	52	1.39e-08	52.0	67.31	C71D9_SOYBN Cytochrome P450 71D9
cds.evm.model.07.1128	SUT32_ARATH	52.174	46	22	0	15	60	10	55	5.08e-11	58.9	67.39	SUT32_ARATH Sulfate transporter 3.2
cds.evm.model.02.1986	DRMH3_ARATH	71.930	57	14	2	6	60	5	61	1.73e-19	78.2	78.95	DRMH3_ARATH Dormancy-associated protein homolog 3 {ECO:0000305}
cds.novel_model_245_5bd9a17a.2.5bd9b134	PIX13_ARATH	88.333	60	7	0	1	60	171	230	7.77e-31	113	95.00	PIX13_ARATH Probable serine/threonine-protein kinase PIX13 {ECO:0000305}
cds.novel_model_243_5bd9a17a.1.5bd9b134	PBL4_ARATH	62.500	40	15	0	17	56	66	105	5.42e-12	61.6	80.00	PBL4_ARATH Probable serine/threonine-protein kinase PBL4 {ECO:0000305}
cds.novel_model_244_5bd9a17a.3.5bd9b134	PIX13_ARATH	88.333	60	7	0	1	60	171	230	7.77e-31	113	95.00	PIX13_ARATH Probable serine/threonine-protein kinase PIX13 {ECO:0000305}
cds.evm.model.07.144	KRP5_ORYSJ	68.889	45	12	1	1	43	1	45	1.01e-11	60.1	75.56	KRP5_ORYSJ Cyclin-dependent kinase inhibitor 5
cds.evm.model.09.165	PER4_VITVI	54.762	42	19	0	19	60	15	56	4.80e-07	47.4	66.67	PER4_VITVI Peroxidase 4 {ECO:0000250|UniProtKB:Q42578}
cds.novel_model_2986_5bd9a17a	DGK2_ARATH	63.333	60	22	0	1	60	446	505	6.52e-18	78.6	71.67	DGK2_ARATH Diacylglycerol kinase 2 {ECO:0000303|PubMed:14665624}
cds.evm.model.05.816	GUN23_ORYSJ	70.968	31	9	0	30	60	41	71	4.91e-08	50.4	80.65	GUN23_ORYSJ Endoglucanase 23
cds.evm.model.09.702	PR1B6_ARATH	55.000	40	17	1	20	59	42	80	3.70e-07	47.8	70.00	PR1B6_ARATH PRA1 family protein B6
cds.evm.model.06.1022	SRC2_ARATH	63.333	60	22	0	1	60	1	60	2.12e-19	81.6	78.33	SRC2_ARATH Protein SRC2 homolog {ECO:0000305}
cds.evm.model.02.2891	ATB15_ARATH	96.721	61	1	1	1	60	1	61	7.50e-34	123	96.72	ATB15_ARATH Homeobox-leucine zipper protein ATHB-15
cds.novel_model_6118_5bd9a17a	XTH22_ARATH	65.517	58	18	1	4	59	224	281	1.96e-21	86.7	81.03	XTH22_ARATH Xyloglucan endotransglucosylase/hydrolase protein 22
cds.evm.model.02.453	DIV_ANTMA	55.738	61	26	1	1	60	1	61	6.94e-13	63.9	73.77	DIV_ANTMA Transcription factor DIVARICATA
cds.evm.model.09.1251	BBE15_ARATH	47.458	59	28	2	3	59	25	82	1.76e-08	51.6	67.80	BBE15_ARATH Monolignol oxidoreductase AtBBE-like 15 {ECO:0000303|PubMed:26037923}
cds.novel_model_138_5bd9a17a	GLPT1_ARATH	84.746	59	9	0	2	60	118	176	3.38e-29	110	98.31	GLPT1_ARATH Putative glycerol-3-phosphate transporter 1
cds.evm.model.07.546	AHP5_ARATH	58.621	58	24	0	3	60	6	63	5.64e-17	72.4	75.86	AHP5_ARATH Histidine-containing phosphotransfer protein 5
cds.evm.model.07.271	GIP2_NICBE	47.692	65	28	2	1	60	1	64	5.79e-06	44.7	56.92	GIP2_NICBE Probable aspartic proteinase GIP2 {ECO:0000305}
cds.evm.model.06.519	RUN1_VITRO	62.000	50	19	0	11	60	28	77	1.50e-13	65.9	74.00	RUN1_VITRO Disease resistance protein RUN1 {ECO:0000305}
cds.evm.model.06.519.1.5bd9b13a	RUN1_VITRO	57.971	69	19	2	2	60	60	128	2.26e-16	73.9	66.67	RUN1_VITRO Disease resistance protein RUN1 {ECO:0000305}
cds.evm.model.05.1620	PTR7_ARATH	66.667	54	17	1	8	60	3	56	1.64e-17	77.4	83.33	PTR7_ARATH Protein NRT1/ PTR FAMILY 6.3
cds.evm.model.06.2107	LAC17_ARATH	55.738	61	15	3	1	60	1	50	5.43e-11	58.9	65.57	LAC17_ARATH Laccase-17
cds.evm.model.09.1445	ARFF_ARATH	87.097	62	6	1	1	60	1	62	1.29e-29	111	91.94	ARFF_ARATH Auxin response factor 6
cds.evm.model.02.2865	PER27_ARATH	43.548	62	25	2	1	60	1	54	1.53e-07	48.9	56.45	PER27_ARATH Peroxidase 27
cds.evm.model.10.1548	MIP1B_ARATH	60.000	50	20	0	4	53	31	80	4.46e-12	58.9	64.00	MIP1B_ARATH B-box domain protein 31 {ECO:0000303|PubMed:19920209}
cds.evm.model.09.75	UBC35_ARATH	100.000	60	0	0	1	60	1	60	8.61e-38	125	100.00	UBC35_ARATH Ubiquitin-conjugating enzyme E2 35
cds.novel_model_770_5bd9a17a	TI10A_ARATH	68.085	47	14	1	15	60	13	59	8.04e-12	60.5	74.47	TI10A_ARATH Protein TIFY 10A {ECO:0000303|PubMed:17499004}
cds.evm.model.06.1143.1.5bd9b13b	NPC2_ARATH	78.689	61	11	2	2	60	143	203	7.12e-25	98.2	88.52	NPC2_ARATH Non-specific phospholipase C2
cds.evm.model.06.1143	NPC2_ARATH	68.627	51	15	1	10	60	11	60	1.40e-17	77.4	86.27	NPC2_ARATH Non-specific phospholipase C2
cds.evm.model.06.2076	PER1_ARAHY	43.023	86	21	2	1	60	19	102	1.49e-13	65.9	56.98	PER1_ARAHY Cationic peroxidase 1
cds.evm.model.10.1703	COBL4_ARATH	88.372	43	5	0	16	58	17	59	5.98e-22	89.4	97.67	COBL4_ARATH COBRA-like protein 4
cds.evm.model.04.1578	RAX3_ARATH	77.465	71	5	1	1	60	1	71	3.42e-34	120	81.69	RAX3_ARATH Transcription factor RAX3
cds.evm.model.01.1661	DTX48_ARATH	49.254	67	27	2	1	60	1	67	2.34e-06	45.8	58.21	DTX48_ARATH Protein DETOXIFICATION 48 {ECO:0000303|PubMed:11739388}
cds.evm.model.04.395	L1AT_MELAZ	56.818	44	19	0	3	46	1	44	4.42e-11	58.9	84.09	L1AT_MELAZ Epi-neemfruitin B synthase L1AT {ECO:0000305|PubMed:36701471}
cds.novel_model_71_5bda875f	AGP23_ARATH	56.452	62	24	2	1	60	1	61	2.89e-08	47.8	67.74	AGP23_ARATH Arabinogalactan protein 23 {ECO:0000303|PubMed:12177459}
cds.evm.model.06.1715	GSTXA_TOBAC	74.138	58	15	0	3	60	4	61	3.30e-24	92.4	86.21	GSTXA_TOBAC Probable glutathione S-transferase parA
cds.evm.model.08.1516	VITH2_ARATH	67.500	40	7	1	21	60	11	44	7.51e-10	54.7	77.50	VITH2_ARATH Vacuolar iron transporter homolog 2 {ECO:0000305}
cds.evm.model.08.1060	GAE1_ARATH	86.667	60	5	1	1	60	1	57	1.47e-29	110	91.67	GAE1_ARATH UDP-glucuronate 4-epimerase 1
cds.evm.model.03.979	PER21_ARATH	66.667	36	11	1	25	60	24	58	2.73e-08	51.2	77.78	PER21_ARATH Peroxidase 21
cds.evm.model.01.850	FMO1_ARATH	52.632	57	24	2	5	60	13	67	8.86e-09	52.4	64.91	FMO1_ARATH Probable flavin-containing monooxygenase 1
cds.evm.model.01.2956	JAL3_ARATH	61.224	49	19	0	5	53	15	63	2.33e-15	71.2	81.63	JAL3_ARATH Jacalin-related lectin 3
cds.evm.model.01.2956	JAL3_ARATH	47.368	57	30	0	4	60	241	297	7.95e-11	58.2	66.67	JAL3_ARATH Jacalin-related lectin 3
cds.evm.model.01.2956	JAL3_ARATH	54.348	46	20	1	13	57	448	493	3.79e-07	47.8	65.22	JAL3_ARATH Jacalin-related lectin 3
cds.evm.model.02.322	EXPA4_ARATH	76.364	55	10	1	6	60	8	59	1.13e-21	86.7	83.64	EXPA4_ARATH Expansin-A4
cds.evm.model.06.1391	DHQSD_ARATH	43.333	60	34	0	1	60	84	143	1.32e-09	54.7	68.33	DHQSD_ARATH Bifunctional 3-dehydroquinate dehydratase/shikimate dehydrogenase, chloroplastic {ECO:0000303|PubMed:16784230}
cds.evm.model.05.1097	ACR8_ARATH	80.000	60	12	0	1	60	1	60	2.55e-26	101	90.00	ACR8_ARATH ACT domain-containing protein ACR8 {ECO:0000305}
cds.evm.model.07.1780	LOX1_HORVU	48.276	58	24	1	3	60	2	53	1.85e-09	54.3	63.79	LOX1_HORVU Linoleate 9S-lipoxygenase 1
cds.evm.model.06.1470	P2C25_ARATH	83.721	43	6	1	1	42	1	43	3.65e-14	67.8	90.70	P2C25_ARATH Probable protein phosphatase 2C 25
cds.novel_model_2981_5bd9a17a.1.5bd9b137	NAT6_ARATH	95.161	62	1	1	1	60	1	62	1.72e-33	122	95.16	NAT6_ARATH Nucleobase-ascorbate transporter 6
cds.novel_model_2982_5bd9a17a.4.5bd9b137	NAT6_ARATH	95.161	62	1	1	1	60	1	62	1.72e-33	122	95.16	NAT6_ARATH Nucleobase-ascorbate transporter 6
cds.novel_model_2980_5bd9a17a.2.5bd9b137	NAT6_ARATH	95.161	62	1	1	1	60	1	62	1.72e-33	122	95.16	NAT6_ARATH Nucleobase-ascorbate transporter 6
cds.novel_model_2978_5bd9a17a	NAT6_ARATH	95.161	62	1	1	1	60	1	62	1.72e-33	122	95.16	NAT6_ARATH Nucleobase-ascorbate transporter 6
cds.novel_model_2984_5bd9a17a.6.5bd9b137	NAT6_ARATH	83.333	60	10	0	1	60	134	193	4.64e-28	107	91.67	NAT6_ARATH Nucleobase-ascorbate transporter 6
cds.novel_model_2983_5bd9a17a.5.5bd9b137	NAT6_ARATH	83.333	60	10	0	1	60	134	193	4.64e-28	107	91.67	NAT6_ARATH Nucleobase-ascorbate transporter 6
cds.novel_model_2979_5bd9a17a.3.5bd9b137	NAT6_ARATH	95.161	62	1	1	1	60	1	62	1.72e-33	122	95.16	NAT6_ARATH Nucleobase-ascorbate transporter 6
cds.evm.model.02.1111	ALIS3_ARATH	78.333	60	13	0	1	60	1	60	1.29e-18	79.7	91.67	ALIS3_ARATH ALA-interacting subunit 3
cds.evm.model.08.606	PTR27_ARATH	84.746	59	9	0	2	60	6	64	2.81e-27	104	89.83	PTR27_ARATH Protein NRT1/ PTR FAMILY 6.2
cds.evm.model.07.742	CAR1_ARATH	71.667	60	17	0	1	60	1	60	1.99e-23	89.4	86.67	CAR1_ARATH Protein C2-DOMAIN ABA-RELATED 1 {ECO:0000303|PubMed:25465408}
cds.evm.model.07.742.1.5bd9b13c	CAR1_ARATH	68.852	61	18	1	1	60	1	61	3.53e-21	83.6	85.25	CAR1_ARATH Protein C2-DOMAIN ABA-RELATED 1 {ECO:0000303|PubMed:25465408}
cds.evm.model.06.345	FIT_ARATH	72.093	43	12	0	2	44	159	201	1.39e-11	60.5	86.05	FIT_ARATH Transcription factor FER-LIKE IRON DEFICIENCY-INDUCED TRANSCRIPTION FACTOR
cds.evm.model.10.2227	PLP2_ARATH	57.627	59	25	0	2	60	249	307	5.14e-19	81.3	79.66	PLP2_ARATH Patatin-like protein 2
cds.evm.model.07.35	PHT12_ARATH	83.051	59	10	0	1	59	1	59	3.95e-27	104	91.53	PHT12_ARATH Probable inorganic phosphate transporter 1-2
cds.evm.model.04.1205	TPPJ_ARATH	59.016	61	20	3	1	60	1	57	1.99e-13	65.5	72.13	TPPJ_ARATH Probable trehalose-phosphate phosphatase J
cds.evm.model.01.61	PUN1_CAPFR	41.379	58	32	1	2	59	156	211	1.49e-08	52.0	58.62	PUN1_CAPFR Acyltransferase Pun1 {ECO:0000305}
cds.evm.model.01.2503	FLP1_ORYSJ	58.621	58	16	2	1	58	1	50	1.53e-14	65.1	74.14	FLP1_ORYSJ Flowering-promoting factor 1-like protein 1
cds.novel_model_678_5bd9a17a.2.5bd9b134	ARF1_DAUCA	100.000	60	0	0	1	60	1	60	4.38e-36	121	100.00	ARF1_DAUCA ADP-ribosylation factor 1
cds.novel_model_677_5bd9a17a.1.5bd9b134	ARF1_DAUCA	100.000	60	0	0	1	60	1	60	4.38e-36	121	100.00	ARF1_DAUCA ADP-ribosylation factor 1
cds.novel_model_676_5bd9a17a	ARF1_DAUCA	100.000	60	0	0	1	60	1	60	4.38e-36	121	100.00	ARF1_DAUCA ADP-ribosylation factor 1
cds.evm.model.01.187.1.5bd9b134	MSSP3_ARATH	75.000	60	15	0	1	60	1	60	4.95e-24	95.9	90.00	MSSP3_ARATH Monosaccharide-sensing protein 3 {ECO:0000305}
cds.evm.model.01.187	MSSP3_ARATH	75.000	60	15	0	1	60	1	60	4.95e-24	95.9	90.00	MSSP3_ARATH Monosaccharide-sensing protein 3 {ECO:0000305}
cds.evm.model.05.1787	EXLB1_ARATH	56.863	51	21	1	11	60	8	58	7.65e-14	65.9	72.55	EXLB1_ARATH Expansin-like B1
cds.evm.model.01.2631	PR5K_ARATH	51.923	52	25	0	9	60	7	58	1.17e-11	60.5	65.38	PR5K_ARATH PR5-like receptor kinase {ECO:0000303|PubMed:8637920}
cds.evm.model.01.2631.1.5bdae6e4	TLP1_CASSA	56.364	55	22	2	6	60	142	194	7.88e-13	63.2	74.55	TLP1_CASSA Thaumatin-like protein 1
cds.novel_model_6937_5bd9a17a.4.5bd9b13d	SP1L1_ARATH	77.500	40	6	1	1	40	1	37	1.88e-10	54.7	77.50	SP1L1_ARATH Protein SPIRAL1-like 1
cds.novel_model_6934_5bd9a17a.3.5bd9b13d	SP1L1_ARATH	77.500	40	6	1	1	40	1	37	1.88e-10	54.7	77.50	SP1L1_ARATH Protein SPIRAL1-like 1
cds.novel_model_6933_5bd9a17a	SP1L1_ARATH	77.500	40	6	1	1	40	1	37	1.88e-10	54.7	77.50	SP1L1_ARATH Protein SPIRAL1-like 1
cds.novel_model_6936_5bd9a17a.1.5bd9b13d	SP1L1_ARATH	77.500	40	6	1	1	40	1	37	1.88e-10	54.7	77.50	SP1L1_ARATH Protein SPIRAL1-like 1
cds.novel_model_6935_5bd9a17a.2.5bd9b13d	SP1L1_ARATH	77.500	40	6	1	1	40	1	37	1.88e-10	54.7	77.50	SP1L1_ARATH Protein SPIRAL1-like 1
cds.evm.model.06.1891	SODC4_MAIZE	91.667	60	5	0	1	60	1	60	6.35e-32	110	93.33	SODC4_MAIZE Superoxide dismutase [Cu-Zn] 4A
cds.evm.model.03.1717	IRX9_ARATH	69.767	43	13	0	1	43	1	43	1.68e-16	73.9	86.05	IRX9_ARATH Beta-1,4-xylosyltransferase IRX9 {ECO:0000305}
cds.evm.model.02.2171	GINT1_ARATH	68.085	47	15	0	14	60	108	154	5.75e-18	78.6	82.98	GINT1_ARATH Glucosamine inositolphosphorylceramide transferase 1 {ECO:0000303|PubMed:29760197}
cds.evm.model.04.1932	GDL58_ARATH	70.909	55	16	0	6	60	20	74	5.31e-20	84.0	80.00	GDL58_ARATH GDSL esterase/lipase At3g50400
cds.evm.model.04.157	C98A2_SOYBN	75.000	60	14	1	1	60	1	59	9.06e-26	100	86.67	C98A2_SOYBN Cytochrome P450 98A2
cds.novel_model_2676_5bd9a17a.1.5bd9b137	CESA8_ARATH	90.000	60	6	0	1	60	850	909	1.29e-31	117	98.33	CESA8_ARATH Cellulose synthase A catalytic subunit 8 [UDP-forming] {ECO:0000303|PubMed:11178255}
cds.novel_model_2675_5bd9a17a	CESA8_ARATH	96.610	59	2	0	2	60	620	678	4.59e-33	121	100.00	CESA8_ARATH Cellulose synthase A catalytic subunit 8 [UDP-forming] {ECO:0000303|PubMed:11178255}
cds.evm.model.06.178	LOX18_SOLTU	50.000	52	24	2	9	60	1	50	5.02e-08	50.4	71.15	LOX18_SOLTU Probable linoleate 9S-lipoxygenase 8
cds.evm.model.02.3190	CCR2_MEDTR	81.132	53	10	0	7	59	10	62	3.03e-26	100	94.34	CCR2_MEDTR Cinnamoyl-CoA reductase 2 {ECO:0000303|PubMed:25217505}
cds.evm.model.05.1082.4.5bd9b13a	GLNA_NICPL	91.667	60	5	0	1	60	1	60	9.75e-32	114	96.67	GLNA_NICPL Glutamine synthetase
cds.evm.model.05.1082.2.5bd9b13a	GLNA_NICPL	91.667	60	5	0	1	60	1	60	9.75e-32	114	96.67	GLNA_NICPL Glutamine synthetase
cds.evm.model.05.1082.5.5bd9b13a	GLNA1_PHAVU	74.000	50	10	1	14	60	113	162	1.20e-20	85.5	84.00	GLNA1_PHAVU Glutamine synthetase PR-1
cds.evm.model.05.1082.6.5bd9b13a	GLNA1_PHAVU	74.000	50	10	1	14	60	113	162	1.20e-20	85.5	84.00	GLNA1_PHAVU Glutamine synthetase PR-1
cds.evm.model.05.1082	GLNA_NICPL	91.667	60	5	0	1	60	1	60	9.75e-32	114	96.67	GLNA_NICPL Glutamine synthetase
cds.evm.model.05.1082.1.5bd9b13a	GLNA_NICPL	91.667	60	5	0	1	60	1	60	9.75e-32	114	96.67	GLNA_NICPL Glutamine synthetase
cds.evm.model.05.1082.3.5bd9b13a	GLNA3_MAIZE	96.610	59	2	0	2	60	26	84	1.88e-33	119	96.61	GLNA3_MAIZE Glutamine synthetase root isozyme 3
cds.evm.model.04.2191	HA22E_ARATH	71.795	39	11	0	1	39	67	105	2.54e-13	62.0	79.49	HA22E_ARATH HVA22-like protein e
cds.evm.model.08.671	LTG14_ARATH	65.517	29	10	0	32	60	27	55	8.34e-07	46.6	79.31	LTG14_ARATH Non-specific lipid transfer protein GPI-anchored 14 {ECO:0000303|PubMed:23893219}
cds.evm.model.01.2279	CML37_ARATH	55.102	49	22	0	12	60	50	98	2.32e-09	53.1	65.31	CML37_ARATH Calcium-binding protein CML37 {ECO:0000303|Ref.5}
cds.evm.model.10.1642	TBL21_ARATH	68.333	60	19	0	1	60	218	277	3.39e-27	104	91.67	TBL21_ARATH Protein trichome birefringence-like 21
cds.evm.model.08.326	C71BB_ARATH	43.636	55	31	0	6	60	4	58	1.63e-10	57.4	65.45	C71BB_ARATH Cytochrome P450 71B11
cds.evm.model.09.507	PTR28_ARATH	73.913	46	12	0	15	60	16	61	8.54e-19	80.9	89.13	PTR28_ARATH Protein NRT1/ PTR FAMILY 5.6
cds.evm.model.03.1774	RFS2_ARATH	60.000	60	24	0	1	60	1	60	1.88e-18	80.1	78.33	RFS2_ARATH Probable galactinol--sucrose galactosyltransferase 2
cds.evm.model.01.1042	HIP26_ARATH	76.667	60	13	1	1	60	1	59	4.05e-26	95.5	90.00	HIP26_ARATH Heavy metal-associated isoprenylated plant protein 26 {ECO:0000303|PubMed:21072340, ECO:0000303|PubMed:23368984}
cds.novel_model_3563_5bd9a17a.1.5bd9b138	Y5566_ARATH	91.228	57	4	1	1	56	1	57	4.64e-31	107	94.74	Y5566_ARATH Uncharacterized protein At5g65660
cds.novel_model_3562_5bd9a17a	Y5566_ARATH	91.228	57	4	1	1	56	1	57	4.64e-31	107	94.74	Y5566_ARATH Uncharacterized protein At5g65660
cds.evm.model.01.1686	CAES_ARATH	50.000	60	29	1	1	60	33	91	2.85e-13	64.7	61.67	CAES_ARATH Probable carbohydrate esterase At4g34215
cds.evm.model.02.2208	CCH_ARATH	55.224	67	18	2	1	55	1	67	6.08e-15	66.2	65.67	CCH_ARATH Copper transport protein CCH
cds.evm.model.08.44	SBT1_SOYBN	55.932	59	25	1	1	59	1	58	4.16e-13	64.7	64.41	SBT1_SOYBN Subtilisin-like protease Glyma18g48580
cds.novel_model_6189_5bd9a17a	MTS1_HUMLU	68.966	58	18	0	1	58	411	468	6.65e-21	87.0	82.76	MTS1_HUMLU Probable monoterpene synthase MTS1, chloroplastic {ECO:0000305}
cds.evm.model.04.673	NAC48_ORYSJ	80.000	60	12	0	1	60	1	60	2.33e-28	105	86.67	NAC48_ORYSJ NAC domain-containing protein 48 {ECO:0000303|PubMed:15029955}
cds.evm.model.03.203	DECR2_ARATH	78.333	60	13	0	1	60	1	60	3.68e-26	99.4	90.00	DECR2_ARATH Peroxisomal 2,4-dienoyl-CoA reductase [(3E)-enoyl-CoA-producing] {ECO:0000305}
cds.evm.model.02.2655	C71BJ_ARATH	47.273	55	28	1	7	60	3	57	5.00e-11	58.9	72.73	C71BJ_ARATH Cytochrome P450 71B19
cds.evm.model.04.1329.1.5bd9b138	ACT_OXYRB	93.103	58	4	0	3	60	26	83	2.66e-33	111	94.83	ACT_OXYRB Actin
cds.evm.model.04.1329	ACT2_ORYSJ	100.000	60	0	0	1	60	1	60	3.19e-36	127	100.00	ACT2_ORYSJ Actin-2
cds.evm.model.07.659.1.5bd9b13b	PIRL_SOLLC	73.333	60	16	0	1	60	98	157	4.33e-25	96.3	80.00	PIRL_SOLLC Pirin-like protein
cds.evm.model.10.236	NHL2_ARATH	43.284	67	30	1	2	60	3	69	1.47e-10	57.0	61.19	NHL2_ARATH NDR1/HIN1-like protein 2 {ECO:0000303|Ref.1}
cds.evm.model.01.1013	AMI4G_ARATH	65.116	43	14	1	14	55	147	189	2.46e-13	65.5	86.05	AMI4G_ARATH Probable amidase At4g34880 {ECO:0000305}
cds.evm.model.06.1498	MT4A_ORYSJ	52.941	51	22	1	1	51	1	49	2.06e-10	53.5	64.71	MT4A_ORYSJ Metallothionein-like protein 4A
cds.evm.model.02.2132	SCP49_ARATH	50.000	60	23	3	7	60	4	62	1.43e-09	54.7	73.33	SCP49_ARATH Serine carboxypeptidase-like 49
cds.evm.model.10.200	SILD_FORIN	71.186	59	17	0	2	60	3	61	1.04e-21	87.0	88.14	SILD_FORIN Secoisolariciresinol dehydrogenase
cds.evm.model.04.2052	PER72_ARATH	64.516	62	20	1	1	60	1	62	1.82e-18	79.3	74.19	PER72_ARATH Peroxidase 72
cds.evm.model.07.310	G2OX1_PEA	64.000	50	18	0	11	60	41	90	9.55e-19	80.1	86.00	G2OX1_PEA Gibberellin 2-beta-dioxygenase 1
cds.evm.model.05.1197	CSLD1_ORYSJ	86.667	60	8	0	1	60	402	461	2.01e-33	122	98.33	CSLD1_ORYSJ Cellulose synthase-like protein D1
cds.evm.model.01.1499.4.5bd9b135	SCL1_ARATH	50.820	61	27	2	1	60	16	74	6.24e-09	52.8	65.57	SCL1_ARATH Scarecrow-like protein 1
cds.evm.model.01.1499	SCL1_ARATH	50.820	61	27	2	1	60	16	74	6.24e-09	52.8	65.57	SCL1_ARATH Scarecrow-like protein 1
cds.evm.model.01.1499.2.5bd9b135	SCL1_ARATH	50.820	61	27	2	1	60	16	74	6.24e-09	52.8	65.57	SCL1_ARATH Scarecrow-like protein 1
cds.evm.model.01.1499.1.5bd9b135	SCL1_ARATH	50.820	61	27	2	1	60	16	74	6.24e-09	52.8	65.57	SCL1_ARATH Scarecrow-like protein 1
cds.evm.model.01.1499.3.5bd9b135	SCL1_ARATH	50.820	61	27	2	1	60	16	74	6.24e-09	52.8	65.57	SCL1_ARATH Scarecrow-like protein 1
cds.evm.model.10.1599	OMT1_HUMLU	75.000	48	12	0	10	57	4	51	1.37e-18	79.7	85.42	OMT1_HUMLU Desmethylxanthohumol 6'-O-methyltransferase {ECO:0000305}
cds.evm.model.07.7	PHO13_ORYSJ	61.765	34	13	0	1	34	1	34	9.26e-11	58.2	88.24	PHO13_ORYSJ Phosphate transporter PHO1-3
cds.evm.model.06.280.1.5bd9b13a	NAC90_ARATH	75.410	61	11	2	1	60	115	172	1.44e-23	91.3	81.97	NAC90_ARATH NAC domain-containing protein 90
cds.evm.model.06.280	NAC37_ARATH	52.542	59	27	1	1	59	1	58	1.45e-14	68.6	74.58	NAC37_ARATH NAC domain-containing protein 37 {ECO:0000303|PubMed:15029955}
cds.evm.model.10.1866	POLC4_HESAR	45.614	57	31	0	4	60	24	80	8.86e-11	56.6	68.42	POLC4_HESAR Polcalcin Cup a 4 {ECO:0000305}
cds.evm.model.01.1281	AL3H1_ARATH	47.059	51	27	0	10	60	1	51	5.42e-09	53.1	68.63	AL3H1_ARATH Aldehyde dehydrogenase family 3 member H1
cds.evm.model.01.1281.1.5bd9b135	AL3H1_ARATH	47.059	51	27	0	10	60	1	51	5.42e-09	53.1	68.63	AL3H1_ARATH Aldehyde dehydrogenase family 3 member H1
cds.evm.model.09.872	DOF24_ARATH	40.000	100	20	2	1	60	1	100	3.93e-14	67.4	46.00	DOF24_ARATH Dof zinc finger protein DOF2.4 {ECO:0000303|PubMed:12475498}
cds.evm.model.03.1769	RFS2_ARATH	60.000	60	24	0	1	60	1	60	1.99e-18	79.7	78.33	RFS2_ARATH Probable galactinol--sucrose galactosyltransferase 2
cds.novel_model_1392_5bd9a17a.1.5bd9b135	PER1_SORBI	56.667	60	26	0	1	60	233	292	6.67e-18	77.8	76.67	PER1_SORBI Cationic peroxidase SPC4
cds.novel_model_1394_5bd9a17a.3.5bd9b135	PER12_ARATH	60.377	53	20	1	8	60	155	206	9.85e-13	63.5	71.70	PER12_ARATH Peroxidase 12
cds.evm.model.02.3250	CHI4_PHAVU	53.333	45	18	1	14	58	16	57	1.45e-08	51.6	64.44	CHI4_PHAVU Endochitinase PR4
cds.evm.model.01.2963	WAT1_ARATH	75.000	60	10	2	1	60	1	55	3.79e-21	87.0	80.00	WAT1_ARATH Protein WALLS ARE THIN 1
cds.evm.model.01.1743.1.5bd9b136	PILS1_ARATH	71.667	60	17	0	1	60	89	148	2.18e-20	85.5	83.33	PILS1_ARATH Protein PIN-LIKES 1 {ECO:0000303|PubMed:22504182}
cds.evm.model.01.1743	PILS1_ARATH	71.667	60	17	0	1	60	89	148	2.18e-20	85.5	83.33	PILS1_ARATH Protein PIN-LIKES 1 {ECO:0000303|PubMed:22504182}
cds.evm.model.02.1745	HQGT_RAUSE	55.738	61	21	3	1	60	1	56	2.05e-11	60.1	68.85	HQGT_RAUSE Hydroquinone glucosyltransferase
cds.evm.model.05.1095.2.5bd9b13a	AHL1_ARATH	95.000	60	3	0	1	60	185	244	9.98e-34	120	100.00	AHL1_ARATH AT-hook motif nuclear-localized protein 1 {ECO:0000303|PubMed:15604740}
cds.evm.model.02.57.1.5bd9b133	MCA2_ARATH	60.000	45	17	1	1	44	1	45	9.35e-10	55.1	73.33	MCA2_ARATH Metacaspase-2
cds.evm.model.02.57	MCA2_ARATH	60.000	45	17	1	1	44	1	45	9.35e-10	55.1	73.33	MCA2_ARATH Metacaspase-2
cds.evm.model.02.57.2.5bd9b133	MCA1_ARATH	80.000	60	12	0	1	60	140	199	3.30e-33	119	95.00	MCA1_ARATH Metacaspase-1
cds.evm.model.09.1150	PDC1_PEA	86.047	43	6	0	18	60	26	68	4.86e-19	81.6	90.70	PDC1_PEA Pyruvate decarboxylase 1
cds.evm.model.08.195	XTH25_ARATH	60.377	53	21	0	8	60	10	62	4.35e-15	69.7	73.58	XTH25_ARATH Probable xyloglucan endotransglucosylase/hydrolase protein 25
cds.evm.model.07.1171	APS3_ARATH	49.180	61	29	2	1	60	1	60	4.31e-07	47.8	62.30	APS3_ARATH ATP-sulfurylase 3, chloroplastic
cds.evm.model.04.502	TIF9_ARATH	52.632	57	25	1	1	55	1	57	1.22e-14	67.4	80.70	TIF9_ARATH Protein TIFY 9
cds.evm.model.03.1555.2.5bdae6e0	HIP5_ARATH	70.000	50	14	1	4	53	180	228	3.11e-12	62.4	82.00	HIP5_ARATH Heavy metal-associated isoprenylated plant protein 5 {ECO:0000303|PubMed:21072340, ECO:0000303|PubMed:23368984}
cds.evm.model.03.1555	HIP6_ARATH	48.387	62	17	3	1	60	1	49	4.46e-07	47.8	58.06	HIP6_ARATH Heavy metal-associated isoprenylated plant protein 6 {ECO:0000303|PubMed:21072340, ECO:0000303|PubMed:23368984}
cds.evm.model.03.1555.1.5bdae6e0	HIP5_ARATH	70.000	50	14	1	4	53	180	228	3.11e-12	62.4	82.00	HIP5_ARATH Heavy metal-associated isoprenylated plant protein 5 {ECO:0000303|PubMed:21072340, ECO:0000303|PubMed:23368984}
cds.evm.model.03.845	UGT1_BARVU	68.085	47	15	0	14	60	13	59	6.30e-19	81.3	91.49	UGT1_BARVU UDP-glycosyltransferase 1 {ECO:0000303|PubMed:23027665}
cds.evm.model.07.51	ACCH2_ARATH	77.778	27	6	0	21	47	18	44	1.18e-07	49.3	88.89	ACCH2_ARATH 1-aminocyclopropane-1-carboxylate oxidase homolog 2
cds.evm.model.02.629	WTR14_ARATH	68.627	51	16	0	10	60	3	53	4.70e-18	78.6	86.27	WTR14_ARATH WAT1-related protein At2g39510
cds.evm.model.01.2384	CCR12_ARATH	60.000	60	17	2	1	59	1	54	6.09e-15	70.1	70.00	CCR12_ARATH Serine/threonine-protein kinase-like protein At1g28390
cds.evm.model.02.1696	NAC43_ARATH	88.333	60	7	0	1	60	2	61	1.21e-30	112	93.33	NAC43_ARATH NAC domain-containing protein 43
cds.novel_model_3657_5bd9a17a	U91A1_ARATH	77.273	44	10	0	17	60	10	53	9.25e-20	83.6	90.91	U91A1_ARATH UDP-glycosyltransferase 91A1
cds.evm.model.08.1448	PSD3_ARATH	62.500	48	18	0	13	60	28	75	1.28e-12	63.5	70.83	PSD3_ARATH Phosphatidylserine decarboxylase proenzyme 3
cds.evm.model.08.1044	TET8_ARATH	66.667	60	20	0	1	60	1	60	1.98e-23	91.7	83.33	TET8_ARATH Tetraspanin-8
cds.evm.model.03.986	RL40_BRARP	100.000	60	0	0	1	60	1	60	6.68e-38	124	100.00	RL40_BRARP Ubiquitin-ribosomal protein eL40 fusion protein {ECO:0000305}
cds.evm.model.03.986.3.5bd9b138	RL40_BRARP	100.000	60	0	0	1	60	1	60	6.68e-38	124	100.00	RL40_BRARP Ubiquitin-ribosomal protein eL40 fusion protein {ECO:0000305}
cds.evm.model.03.986.2.5bd9b138	RL40_BRARP	100.000	60	0	0	1	60	1	60	6.68e-38	124	100.00	RL40_BRARP Ubiquitin-ribosomal protein eL40 fusion protein {ECO:0000305}
cds.evm.model.03.986.1.5bd9b138	RL40_BRARP	100.000	60	0	0	1	60	1	60	6.68e-38	124	100.00	RL40_BRARP Ubiquitin-ribosomal protein eL40 fusion protein {ECO:0000305}
cds.evm.model.05.1145	CML43_ARATH	81.395	43	8	0	18	60	11	53	7.14e-17	72.8	86.05	CML43_ARATH Probable calcium-binding protein CML43
cds.evm.model.04.393	L7AT_CITSI	47.458	59	29	2	1	57	1	59	2.43e-10	57.0	72.88	L7AT_CITSI Limonoid 7-O-acetyltransferse {ECO:0000303|PubMed:36701471}
cds.evm.model.08.523	COBRA_ARATH	66.667	54	18	0	7	60	6	59	3.56e-17	76.3	81.48	COBRA_ARATH Protein COBRA
cds.evm.model.09.746	F3GGT_ACTCC	75.926	54	13	0	7	60	6	59	1.30e-23	94.4	83.33	F3GGT_ACTCC Cyanidin 3-O-galactoside 2''-O-xylosyltransferase FGGT1 {ECO:0000305}
cds.novel_model_3404_5bd9a17a	MO3_ARATH	58.621	58	24	0	3	60	7	64	8.78e-18	77.8	86.21	MO3_ARATH Monooxygenase 3 {ECO:0000303|PubMed:10216258}
cds.novel_model_2306_5bd9a17a	SPSA_BETVU	85.000	60	1	1	1	60	1	52	1.33e-26	103	86.67	SPSA_BETVU Probable sucrose-phosphate synthase
cds.evm.model.09.557	DOF56_ARATH	91.667	24	2	0	37	60	72	95	2.42e-09	53.9	95.83	DOF56_ARATH Dof zinc finger protein DOF5.6 {ECO:0000303|PubMed:12475498}
cds.evm.model.10.2244	AGO1C_ORYSJ	62.500	40	15	0	21	60	177	216	3.37e-09	53.5	77.50	AGO1C_ORYSJ Protein argonaute 1C
cds.evm.model.07.1501	CML5_ARATH	80.000	60	12	0	1	60	61	120	5.18e-30	107	96.67	CML5_ARATH Calmodulin-like protein 5
cds.novel_model_1530_5bd9a17a.6.5bd9b135	SWET1_ARATH	79.310	58	12	0	1	58	46	103	7.13e-27	100	93.10	SWET1_ARATH Bidirectional sugar transporter SWEET1 {ECO:0000303|PubMed:21107422}
cds.novel_model_1525_5bd9a17a.2.5bd9b135	SWET1_ARATH	79.310	58	12	0	1	58	46	103	7.13e-27	100	93.10	SWET1_ARATH Bidirectional sugar transporter SWEET1 {ECO:0000303|PubMed:21107422}
cds.novel_model_1529_5bd9a17a.3.5bd9b135	SWET1_ARATH	79.310	58	12	0	1	58	46	103	7.13e-27	100	93.10	SWET1_ARATH Bidirectional sugar transporter SWEET1 {ECO:0000303|PubMed:21107422}
cds.novel_model_1532_5bd9a17a.8.5bd9b135	SWT1A_ORYSJ	81.579	38	7	0	23	60	58	95	2.05e-14	67.8	97.37	SWT1A_ORYSJ Bidirectional sugar transporter SWEET1a
cds.novel_model_1527_5bd9a17a.5.5bd9b135	SWET1_ARATH	79.310	58	12	0	1	58	46	103	7.13e-27	100	93.10	SWET1_ARATH Bidirectional sugar transporter SWEET1 {ECO:0000303|PubMed:21107422}
cds.novel_model_1524_5bd9a17a	SWET1_ARATH	86.667	60	8	0	1	60	1	60	6.57e-31	110	93.33	SWET1_ARATH Bidirectional sugar transporter SWEET1 {ECO:0000303|PubMed:21107422}
cds.novel_model_1528_5bd9a17a.4.5bd9b135	SWET1_ARATH	79.310	58	12	0	1	58	46	103	7.13e-27	100	93.10	SWET1_ARATH Bidirectional sugar transporter SWEET1 {ECO:0000303|PubMed:21107422}
cds.novel_model_1531_5bd9a17a.7.5bd9b135	SWT1A_ORYSJ	81.579	38	7	0	23	60	58	95	2.05e-14	67.8	97.37	SWT1A_ORYSJ Bidirectional sugar transporter SWEET1a
cds.novel_model_1526_5bd9a17a.1.5bd9b135	SWET1_ARATH	79.310	58	12	0	1	58	46	103	7.13e-27	100	93.10	SWET1_ARATH Bidirectional sugar transporter SWEET1 {ECO:0000303|PubMed:21107422}
cds.evm.model.09.298	TLPH_ORYSJ	72.973	37	10	0	23	59	30	66	1.56e-15	70.5	91.89	TLPH_ORYSJ Thaumatin-like protein
cds.evm.model.02.1973	GSTUN_ARATH	70.175	57	17	0	4	60	2	58	9.79e-25	94.0	89.47	GSTUN_ARATH Glutathione S-transferase U23
cds.evm.model.06.1738	CIPKB_ARATH	63.333	60	15	2	1	60	1	53	3.33e-16	73.6	75.00	CIPKB_ARATH CBL-interacting serine/threonine-protein kinase 11
cds.evm.model.05.834	BAG2_ARATH	67.500	40	11	1	21	60	15	52	1.24e-10	57.4	80.00	BAG2_ARATH BAG family molecular chaperone regulator 2
cds.evm.model.06.792	GL115_ARATH	66.667	60	19	1	1	60	1	59	5.31e-22	87.0	80.00	GL115_ARATH Germin-like protein subfamily 1 member 15
cds.evm.model.07.259	PPA1_SOLLC	34.483	58	37	1	3	60	50	106	1.03e-06	46.6	62.07	PPA1_SOLLC Acid phosphatase 1
cds.evm.model.01.2997	DFC_ARATH	48.387	62	30	1	1	60	1	62	1.78e-11	58.5	62.90	DFC_ARATH Protein DOWNSTREAM OF FLC
cds.evm.model.02.1680.2.5bd9b135	CYB5E_ARATH	68.966	58	18	0	3	60	2	59	1.02e-25	94.0	86.21	CYB5E_ARATH Cytochrome b5 isoform E {ECO:0000303|PubMed:19054355}
cds.evm.model.02.1680.1.5bd9b135	CYB5E_ARATH	68.966	58	18	0	3	60	2	59	1.02e-25	94.0	86.21	CYB5E_ARATH Cytochrome b5 isoform E {ECO:0000303|PubMed:19054355}
cds.evm.model.02.1680	CYB5E_ARATH	68.966	58	18	0	3	60	2	59	1.02e-25	94.0	86.21	CYB5E_ARATH Cytochrome b5 isoform E {ECO:0000303|PubMed:19054355}
cds.evm.model.07.1367	PSE1_ARATH	77.586	58	12	1	1	58	1	57	2.42e-26	99.0	87.93	PSE1_ARATH Protein LEAD-SENSITIVE 1 {ECO:0000303|PubMed:27335453}
cds.evm.model.07.1367.1.5bd9b13c	PSE1_ARATH	65.672	67	15	2	1	60	1	66	1.50e-22	89.0	74.63	PSE1_ARATH Protein LEAD-SENSITIVE 1 {ECO:0000303|PubMed:27335453}
cds.evm.model.02.3239	WAK1_ARATH	37.705	61	37	1	1	60	169	229	1.07e-06	46.6	55.74	WAK1_ARATH Wall-associated receptor kinase 1
cds.evm.model.03.1506	TFL1_ARATH	71.667	60	17	0	1	60	8	67	2.19e-26	97.1	88.33	TFL1_ARATH Protein TERMINAL FLOWER 1
cds.evm.model.06.1471	WAT1_ARATH	81.967	61	10	1	1	60	1	61	2.34e-24	95.9	85.25	WAT1_ARATH Protein WALLS ARE THIN 1
cds.evm.model.08.483	CB60E_ARATH	63.462	52	15	2	9	60	1	48	2.36e-12	62.8	82.69	CB60E_ARATH Calmodulin-binding protein 60 E {ECO:0000303|PubMed:11782485}
cds.evm.model.06.1559	NAA25_ARATH	85.000	60	9	0	1	60	64	123	1.47e-29	111	91.67	NAA25_ARATH N-terminal acetyltransferase B complex auxiliary subunit NAA25 {ECO:0000303|PubMed:25966763}
cds.novel_model_7049_5bd9a17a	MLP43_ARATH	60.000	60	23	1	1	59	1	60	7.97e-19	77.0	75.00	MLP43_ARATH MLP-like protein 43
cds.evm.model.02.3097	RSZ32_ARATH	90.000	60	6	0	1	60	1	60	5.40e-29	106	91.67	RSZ32_ARATH Serine/arginine-rich splicing factor RS2Z32
cds.evm.model.05.764	ACBP_RICCO	85.000	60	9	0	1	60	1	60	1.11e-33	112	93.33	ACBP_RICCO Acyl-CoA-binding protein
cds.evm.model.05.764.1.5bd9b139	ACBP_RICCO	85.246	61	8	1	1	60	1	61	2.88e-32	109	91.80	ACBP_RICCO Acyl-CoA-binding protein
cds.evm.model.07.227	AMT11_SOLLC	59.259	54	19	1	7	60	3	53	1.11e-12	63.5	72.22	AMT11_SOLLC Ammonium transporter 1 member 1
cds.evm.model.06.1745	MYB48_ARATH	100.000	32	0	0	29	60	43	74	5.07e-16	71.6	100.00	MYB48_ARATH Transcription factor MYB48
cds.evm.model.06.473	CYT_SOYBN	49.057	53	21	2	7	59	2	48	8.64e-08	46.2	64.15	CYT_SOYBN Cystatin
cds.evm.model.04.930	CHI4_SOLTU	64.706	34	12	0	27	60	17	50	2.76e-09	53.9	79.41	CHI4_SOLTU Endochitinase 4
cds.evm.model.02.2695	FAB1B_ARATH	69.091	55	17	0	5	59	8	62	7.14e-24	95.5	85.45	FAB1B_ARATH 1-phosphatidylinositol-3-phosphate 5-kinase FAB1B
cds.evm.model.07.1596	TYDC1_NARPS	66.667	60	16	1	1	60	1	56	8.08e-19	80.9	73.33	TYDC1_NARPS Tyrosine decarboxylase 1 {ECO:0000303|PubMed:29229969}
cds.evm.model.08.1498	MRT4_MOUSE	44.186	43	24	0	18	60	11	53	2.63e-06	45.4	69.77	MRT4_MOUSE mRNA turnover protein 4 homolog {ECO:0000250|UniProtKB:P33201}
cds.evm.model.04.1030	MLX56_MORAL	71.429	35	10	0	26	60	122	156	5.27e-12	61.6	82.86	MLX56_MORAL Mulatexin {ECO:0000303|PubMed:19476960}
cds.evm.model.01.1427	PUB27_ARATH	72.414	58	16	0	2	59	1	58	5.32e-26	100	86.21	PUB27_ARATH U-box domain-containing protein 27
cds.evm.model.10.1145	CSTM6_ARATH	68.889	45	11	1	16	60	21	62	8.26e-13	59.7	71.11	CSTM6_ARATH Protein CYSTEINE-RICH TRANSMEMBRANE MODULE 6 {ECO:0000303|PubMed:29272523}
cds.evm.model.10.1145.1.5bd9b13d	CSTM6_ARATH	68.889	45	11	1	16	60	21	62	8.26e-13	59.7	71.11	CSTM6_ARATH Protein CYSTEINE-RICH TRANSMEMBRANE MODULE 6 {ECO:0000303|PubMed:29272523}
cds.evm.model.06.2008	PIP27_MAIZE	81.967	61	10	1	1	60	1	61	8.66e-29	105	85.25	PIP27_MAIZE Aquaporin PIP2-7
cds.evm.model.02.628	WTR14_ARATH	62.712	59	22	0	2	60	3	61	2.88e-19	81.6	76.27	WTR14_ARATH WAT1-related protein At2g39510
cds.evm.model.07.82	GLYC4_ARATH	88.333	60	7	0	1	60	1	60	2.87e-30	112	93.33	GLYC4_ARATH Serine hydroxymethyltransferase 4 {ECO:0000303|PubMed:10806255}
cds.evm.model.10.28.2.5bd9b13c	SERC3_PONAB	38.889	54	22	2	13	55	167	220	8.33e-07	47.0	62.96	SERC3_PONAB Serine incorporator 3
cds.evm.model.01.513	PRB1_TOBAC	55.102	49	22	0	12	60	1	49	2.17e-11	58.5	67.35	PRB1_TOBAC Basic form of pathogenesis-related protein 1
cds.evm.model.02.109	MAN6_ARATH	75.862	29	7	0	32	60	42	70	1.41e-09	54.7	86.21	MAN6_ARATH Mannan endo-1,4-beta-mannosidase 6
cds.evm.model.09.1318	BBE28_ARATH	32.812	64	39	1	1	60	1	64	3.36e-06	45.1	60.94	BBE28_ARATH Berberine bridge enzyme-like 28 {ECO:0000303|PubMed:26037923}
cds.evm.model.02.2973	CSCL7_ARATH	80.000	60	12	0	1	60	1	60	1.44e-26	103	86.67	CSCL7_ARATH CSC1-like protein At1g11960
cds.evm.model.05.935	CRJ32_CRYJA	56.667	60	23	2	1	59	1	58	1.98e-15	70.1	70.00	CRJ32_CRYJA Pathogenesis-related thaumatin-like protein 3.2 {ECO:0000305}
cds.evm.model.06.976	GL119_ARATH	67.273	55	16	1	8	60	5	59	1.66e-18	77.8	80.00	GL119_ARATH Germin-like protein subfamily 1 member 19
cds.evm.model.02.444	GPAT7_ARATH	69.492	59	15	1	1	56	1	59	6.33e-19	81.3	83.05	GPAT7_ARATH Glycerol-3-phosphate acyltransferase 7
cds.evm.model.10.2181	NIP21_ORYSJ	83.333	60	10	0	1	60	64	123	2.48e-28	104	86.67	NIP21_ORYSJ Aquaporin NIP2-1 {ECO:0000305}
cds.evm.model.02.2759	MP703_ARATH	60.000	60	24	0	1	60	124	183	7.32e-18	78.2	80.00	MP703_ARATH Microtubule-associated protein 70-3
cds.novel_model_2989_5bd9a17a.1.5bd9b137	PSI1_ARATH	64.516	62	20	1	1	60	268	329	2.21e-19	82.4	80.65	PSI1_ARATH Protein PSK SIMULATOR 1 {ECO:0000303|PubMed:25062973}
cds.evm.model.10.325	PIOX_CAPAN	75.000	60	15	0	1	60	346	405	6.79e-25	98.2	83.33	PIOX_CAPAN Alpha-dioxygenase 1 {ECO:0000303|PubMed:11807143}
cds.evm.model.07.280	Y1154_ARATH	41.509	53	31	0	2	54	6	58	3.62e-09	53.5	73.58	Y1154_ARATH Probable serine/threonine-protein kinase At1g01540
cds.evm.model.10.1343	MAX2A_PETHY	60.377	53	21	0	8	60	2	54	3.66e-15	70.5	75.47	MAX2A_PETHY F-box/LRR-repeat MAX2 homolog A
cds.evm.model.03.120	CESA3_ARATH	75.000	60	15	0	1	60	1	60	7.17e-28	106	78.33	CESA3_ARATH Cellulose synthase A catalytic subunit 3 [UDP-forming] {ECO:0000303|PubMed:11178255, ECO:0000303|PubMed:12068120}
cds.evm.model.08.1663	PLPK1_ARATH	63.636	55	19	1	4	57	176	230	9.20e-11	58.2	80.00	PLPK1_ARATH Protein PELPK1 {ECO:0000305}
cds.evm.model.08.1663	PLPK1_ARATH	64.583	48	17	0	13	60	65	112	2.04e-09	54.3	85.42	PLPK1_ARATH Protein PELPK1 {ECO:0000305}
cds.evm.model.08.1663	PLPK1_ARATH	65.957	47	16	0	14	60	110	156	2.28e-09	54.3	82.98	PLPK1_ARATH Protein PELPK1 {ECO:0000305}
cds.evm.model.08.1663	PLPK1_ARATH	60.000	50	20	0	11	60	284	333	3.47e-09	53.5	80.00	PLPK1_ARATH Protein PELPK1 {ECO:0000305}
cds.evm.model.08.1663	PLPK1_ARATH	62.500	48	18	0	13	60	87	134	5.29e-09	53.1	85.42	PLPK1_ARATH Protein PELPK1 {ECO:0000305}
cds.evm.model.08.1663	PLPK1_ARATH	66.667	48	16	0	13	60	131	178	5.45e-09	53.1	79.17	PLPK1_ARATH Protein PELPK1 {ECO:0000305}
cds.evm.model.08.1663	PLPK1_ARATH	63.265	49	18	0	9	57	221	269	7.91e-09	52.8	79.59	PLPK1_ARATH Protein PELPK1 {ECO:0000305}
cds.evm.model.08.1663	PLPK1_ARATH	57.895	57	23	1	5	60	34	90	3.00e-08	50.8	75.44	PLPK1_ARATH Protein PELPK1 {ECO:0000305}
cds.evm.model.08.1663	PLPK1_ARATH	60.417	48	19	0	13	60	120	167	1.65e-07	48.9	81.25	PLPK1_ARATH Protein PELPK1 {ECO:0000305}
cds.evm.model.08.1663	PLPK1_ARATH	54.098	61	17	1	11	60	140	200	5.74e-07	47.4	65.57	PLPK1_ARATH Protein PELPK1 {ECO:0000305}
cds.evm.model.08.1663	PLPK1_ARATH	59.615	52	21	0	9	60	260	311	8.84e-07	47.0	73.08	PLPK1_ARATH Protein PELPK1 {ECO:0000305}
cds.evm.model.08.1663	PLPK1_ARATH	58.000	50	21	0	11	60	273	322	3.74e-06	45.1	72.00	PLPK1_ARATH Protein PELPK1 {ECO:0000305}
cds.evm.model.08.1663	PLPK1_ARATH	66.667	45	12	1	16	60	311	352	4.59e-06	44.7	80.00	PLPK1_ARATH Protein PELPK1 {ECO:0000305}
cds.evm.model.10.1517	UCC1_ARATH	44.068	59	33	0	1	59	1	59	5.24e-11	58.5	66.10	UCC1_ARATH Uclacyanin 1 {ECO:0000303|PubMed:9761472}
cds.evm.model.02.2304	CRPK1_ARATH	52.273	44	21	0	17	60	10	53	9.96e-10	55.1	75.00	CRPK1_ARATH Cold-responsive protein kinase 1 {ECO:0000303|PubMed:28344081}
cds.evm.model.02.2295	MTBC1_VITVI	81.356	59	11	0	2	60	3	61	1.86e-27	105	89.83	MTBC1_VITVI Probable bifunctional methylthioribulose-1-phosphate dehydratase/enolase-phosphatase E1 1 {ECO:0000255|HAMAP-Rule:MF_03118}
cds.evm.model.10.1598	OMT1_HUMLU	69.231	52	15	1	1	52	1	51	6.98e-16	72.4	84.62	OMT1_HUMLU Desmethylxanthohumol 6'-O-methyltransferase {ECO:0000305}
cds.novel_model_1244_5bd9a17a.1.5bd9b135	IAA27_ARATH	62.500	56	17	2	1	53	3	57	5.50e-14	67.0	76.79	IAA27_ARATH Auxin-responsive protein IAA27
cds.novel_model_1243_5bd9a17a	IAA27_ARATH	62.500	56	17	2	1	53	3	57	5.50e-14	67.0	76.79	IAA27_ARATH Auxin-responsive protein IAA27
cds.evm.model.06.1797	PIF3_ARATH	53.846	39	15	1	1	36	1	39	6.60e-07	47.4	74.36	PIF3_ARATH Transcription factor PIF3 {ECO:0000305}
cds.novel_model_6041_5bd9a17a	RSI1_SOLLC	58.333	60	22	1	1	60	1	57	6.28e-17	70.9	68.33	RSI1_SOLLC Protein RSI-1
cds.novel_model_6033_5bd9a17a	TCTP_HEVBR	93.333	60	4	0	1	60	1	60	1.30e-34	117	96.67	TCTP_HEVBR Translationally-controlled tumor protein homolog
cds.novel_model_5115_5bd9a17a.1.5bd9b13a	VPE_SOYBN	86.667	60	8	0	1	60	186	245	2.24e-32	118	100.00	VPE_SOYBN Vacuolar-processing enzyme
cds.novel_model_5764_5bd9a17a	SCT_ARATH	61.364	44	17	0	15	58	147	190	3.69e-13	65.1	75.00	SCT_ARATH Spermidine coumaroyl-CoA acyltransferase {ECO:0000303|PubMed:19168716}
cds.evm.model.03.473	TIC32_PEA	44.068	59	33	0	2	60	31	89	1.03e-09	55.1	71.19	TIC32_PEA Short-chain dehydrogenase TIC 32, chloroplastic {ECO:0000303|PubMed:15180984}
cds.evm.model.08.337	SL1_ARATH	50.820	61	29	1	1	60	77	137	2.88e-14	67.8	78.69	SL1_ARATH Protein SEEDLING LETHAL 1, chloroplastic {ECO:0000303|PubMed:33391315}
cds.evm.model.09.12	UBC24_ARATH	65.000	60	21	0	1	60	1	60	1.82e-12	62.8	88.33	UBC24_ARATH Probable ubiquitin-conjugating enzyme E2 24 {ECO:0000303|PubMed:16339806}
cds.evm.model.05.552	POLX_TOBAC	54.348	46	21	0	1	46	1075	1120	6.64e-08	50.1	60.87	POLX_TOBAC Retrovirus-related Pol polyprotein from transposon TNT 1-94
cds.evm.model.09.1089	CAAT2_ARATH	62.222	45	15	2	17	60	12	55	1.14e-08	52.4	75.56	CAAT2_ARATH Cationic amino acid transporter 2, vacuolar
cds.evm.model.07.1079	GME1_ORYSJ	89.831	59	6	0	2	60	8	66	3.72e-31	113	93.22	GME1_ORYSJ GDP-mannose 3,5-epimerase 1
cds.evm.model.07.646	A115_TOBAC	86.441	59	8	0	2	60	11	69	3.76e-32	115	93.22	A115_TOBAC Auxin-induced protein PCNT115
